signal_time,entry_time,exit_time,direction,signal_bar_index,entry_price,exit_price,stop_price,target_price,stop_ticks,gross_dollars,costs_dollars,net_dollars,r_multiple,exit_reason,session_date,regime_ratio,expected_ticks,prior_tr_ticks,year
2020-12-10 13:05:00-05:00,2020-12-10 13:10:00-05:00,2020-12-10 13:13:00-05:00,LONG,391,12393.5,12400.25,12386.5,12400.5,28,135.0,14.2,130.8,0.9342857142857144,TARGET,2020-12-10,2.3193277310924367,55.18840579710145,128.0,2020
2020-12-10 13:55:00-05:00,2020-12-10 14:00:00-05:00,2020-12-10 14:01:00-05:00,LONG,401,12390.25,12397.25,12383.0,12397.5,29,140.0,14.2,135.8,0.9365517241379311,TARGET,2020-12-10,1.5985991379310345,57.15942028985508,86.0,2020
2020-12-10 18:25:00-05:00,2020-12-10 18:30:00-05:00,2020-12-10 18:34:00-05:00,LONG,440,12403.25,12406.0,12400.25,12406.25,12,55.0,14.2,50.8,0.8466666666666666,TARGET,2020-12-11,1.2988980716253444,21.043478260869563,41.0,2020
2020-12-10 19:00:00-05:00,2020-12-10 19:05:00-05:00,2020-12-10 19:06:00-05:00,LONG,447,12409.5,12412.25,12406.5,12412.5,12,55.0,14.2,50.8,0.8466666666666666,TARGET,2020-12-11,2.003787878787879,22.956521739130434,46.0,2020
2020-12-13 18:40:00-05:00,2020-12-13 18:45:00-05:00,2020-12-13 18:48:00-05:00,SHORT,718,12410.75,12414.0,12413.75,12407.75,12,-65.0,14.2,-69.2,-1.1533333333333333,STOP,2020-12-14,1.4759358288770055,21.681159420289852,32.0,2020
2020-12-13 19:30:00-05:00,2020-12-13 19:35:00-05:00,2020-12-13 19:38:00-05:00,SHORT,728,12414.25,12417.5,12417.25,12411.25,12,-65.0,14.2,-69.2,-1.1533333333333333,STOP,2020-12-14,1.5,22.0,33.0,2020
2020-12-14 18:20:00-05:00,2020-12-14 18:25:00-05:00,2020-12-14 18:40:00-05:00,LONG,987,12484.0,12480.0,12480.25,12487.75,15,-80.0,14.2,-84.2,-1.1226666666666667,STOP,2020-12-15,1.6524926686217007,29.65217391304348,49.0,2020
2020-12-14 18:50:00-05:00,2020-12-14 18:55:00-05:00,2020-12-14 18:56:00-05:00,SHORT,993,12477.25,12480.5,12480.25,12474.25,12,-65.0,14.2,-69.2,-1.1533333333333333,STOP,2020-12-15,2.5799120234604107,19.768115942028984,51.0,2020
2020-12-15 18:25:00-05:00,2020-12-15 18:30:00-05:00,2020-12-15 18:31:00-05:00,SHORT,1261,12596.25,12593.5,12599.25,12593.25,12,55.0,14.2,50.8,0.8466666666666666,TARGET,2020-12-16,1.2617554858934168,18.492753623188403,35.0,2020
2020-12-15 21:05:00-05:00,2020-12-15 21:10:00-05:00,2020-12-15 21:13:00-05:00,LONG,1293,12596.25,12599.0,12593.25,12599.25,12,55.0,14.2,50.8,0.8466666666666666,TARGET,2020-12-16,1.9166666666666665,21.91304347826087,42.0,2020
2020-12-16 18:05:00-05:00,2020-12-16 18:10:00-05:00,2020-12-16 18:25:00-05:00,LONG,1530,12688.75,12685.0,12685.25,12692.25,14,-75.0,14.2,-79.2,-1.1314285714285715,STOP,2020-12-17,2.3896103896103895,26.782608695652176,64.0,2020
2020-12-16 19:35:00-05:00,2020-12-16 19:40:00-05:00,2020-12-16 19:47:00-05:00,LONG,1548,12686.75,12683.5,12683.75,12689.75,12,-65.0,14.2,-69.2,-1.1533333333333333,STOP,2020-12-17,1.2857142857142858,18.666666666666664,24.0,2020
2020-12-17 19:25:00-05:00,2020-12-17 19:30:00-05:00,2020-12-17 19:53:00-05:00,SHORT,1819,12741.25,12738.5,12744.25,12738.25,12,55.0,14.2,50.8,0.8466666666666666,TARGET,2020-12-18,1.4375000000000002,18.0,27.0,2020
2020-12-17 19:55:00-05:00,2020-12-17 20:00:00-05:00,2020-12-17 20:17:00-05:00,SHORT,1825,12733.75,12737.25,12737.0,12730.5,13,-70.0,14.2,-74.2,-1.1415384615384616,STOP,2020-12-18,1.3888888888888888,24.26086956521739,25.0,2020
2020-12-20 18:05:00-05:00,2020-12-20 18:10:00-05:00,2020-12-20 18:11:00-05:00,SHORT,2076,12750.75,12754.0,12753.75,12747.75,12,-65.0,14.2,-69.2,-1.1533333333333333,STOP,2020-12-21,9.074545454545454,23.91304347826087,217.0,2020
2020-12-20 18:40:00-05:00,2020-12-20 18:45:00-05:00,2020-12-20 18:46:00-05:00,SHORT,2083,12734.75,12738.0,12737.75,12731.75,12,-65.0,14.2,-69.2,-1.1533333333333333,STOP,2020-12-21,2.6972727272727277,16.26086956521739,43.0,2020
2020-12-21 18:05:00-05:00,2020-12-21 18:10:00-05:00,2020-12-21 18:11:00-05:00,LONG,2349,12710.0,12713.0,12706.75,12713.25,13,60.0,14.2,55.8,0.8584615384615384,TARGET,2020-12-22,4.569023569023569,25.82608695652174,118.0,2020
2020-12-21 18:35:00-05:00,2020-12-21 18:40:00-05:00,2020-12-21 18:40:00-05:00,SHORT,2355,12698.5,12695.75,12701.5,12695.5,12,55.0,14.2,50.8,0.8466666666666666,TARGET,2020-12-22,2.497474747474748,17.217391304347824,43.0,2020
2020-12-22 18:05:00-05:00,2020-12-22 18:10:00-05:00,2020-12-22 18:15:00-05:00,LONG,2622,12709.75,12713.0,12706.25,12713.25,14,65.0,14.2,60.8,0.8685714285714285,TARGET,2020-12-23,1.5039872408293462,27.73913043478261,41.0,2020
2020-12-22 18:35:00-05:00,2020-12-22 18:40:00-05:00,2020-12-22 18:45:00-05:00,SHORT,2628,12709.5,12712.75,12712.5,12706.5,12,-65.0,14.2,-69.2,-1.1533333333333333,STOP,2020-12-23,1.4306220095693782,17.855072463768114,26.0,2020
2020-12-23 18:40:00-05:00,2020-12-23 18:45:00-05:00,2020-12-23 18:48:00-05:00,SHORT,2902,12651.0,12654.25,12654.0,12648.0,12,-65.0,14.2,-69.2,-1.1533333333333333,STOP,2020-12-24,1.4600313479623828,18.492753623188403,27.0,2020
2020-12-23 19:20:00-05:00,2020-12-23 19:25:00-05:00,2020-12-23 19:25:00-05:00,SHORT,2910,12646.5,12649.75,12649.5,12643.5,12,-65.0,14.2,-69.2,-1.1533333333333333,STOP,2020-12-24,1.9331896551724137,20.17391304347826,39.0,2020
2020-12-27 18:10:00-05:00,2020-12-27 18:15:00-05:00,2020-12-27 18:15:00-05:00,LONG,3128,12706.5,12709.75,12703.0,12710.0,14,65.0,14.2,60.8,0.8685714285714285,TARGET,2020-12-28,1.8668831168831168,26.782608695652176,50.0,2020
2020-12-27 18:40:00-05:00,2020-12-27 18:45:00-05:00,2020-12-27 18:57:00-05:00,LONG,3134,12736.5,12733.25,12733.5,12739.5,12,-65.0,14.2,-69.2,-1.1533333333333333,STOP,2020-12-28,1.2881493506493509,17.855072463768114,23.0,2020
2020-12-28 19:00:00-05:00,2020-12-28 19:05:00-05:00,2020-12-28 19:05:00-05:00,LONG,3411,12856.0,12852.75,12853.0,12859.0,12,-65.0,14.2,-69.2,-1.1533333333333333,STOP,2020-12-29,1.703703703703704,18.782608695652172,32.0,2020
2020-12-28 21:10:00-05:00,2020-12-28 21:15:00-05:00,2020-12-28 21:42:00-05:00,LONG,3437,12862.25,12865.0,12859.25,12865.25,12,55.0,14.2,50.8,0.8466666666666666,TARGET,2020-12-29,1.7510288065843622,21.130434782608695,37.0,2020
2020-12-29 18:20:00-05:00,2020-12-29 18:25:00-05:00,2020-12-29 18:28:00-05:00,SHORT,3676,12844.25,12847.75,12847.5,12841.0,13,-70.0,14.2,-74.2,-1.1415384615384616,STOP,2020-12-30,1.527972027972028,24.869565217391305,38.0,2020
2020-12-29 18:50:00-05:00,2020-12-29 18:55:00-05:00,2020-12-29 19:00:00-05:00,SHORT,3682,12851.25,12848.5,12854.25,12848.25,12,55.0,14.2,50.8,0.8466666666666666,TARGET,2020-12-30,1.688811188811189,16.579710144927535,28.0,2020
2020-12-30 18:05:00-05:00,2020-12-30 18:10:00-05:00,2020-12-30 18:10:00-05:00,LONG,3946,12849.0,12845.75,12846.0,12852.0,12,-65.0,14.2,-69.2,-1.1533333333333333,STOP,2020-12-31,1.5909090909090908,22.0,35.0,2020
2020-12-30 18:35:00-05:00,2020-12-30 18:40:00-05:00,2020-12-30 18:42:00-05:00,SHORT,3952,12852.75,12850.0,12855.75,12849.75,12,55.0,14.2,50.8,0.8466666666666666,TARGET,2020-12-31,1.7045454545454546,14.666666666666666,25.0,2020
2021-01-03 18:10:00-05:00,2021-01-03 18:15:00-05:00,2021-01-03 18:15:00-05:00,LONG,4220,12895.0,12891.75,12892.0,12898.0,12,-65.0,14.2,-69.2,-1.1533333333333333,STOP,2021-01-04,3.45,19.130434782608695,66.0,2021
2021-01-03 18:40:00-05:00,2021-01-03 18:45:00-05:00,2021-01-03 18:45:00-05:00,SHORT,4226,12871.0,12874.25,12874.0,12868.0,12,-65.0,14.2,-69.2,-1.1533333333333333,STOP,2021-01-04,3.8420454545454548,12.753623188405797,49.0,2021
2021-01-04 18:05:00-05:00,2021-01-04 18:10:00-05:00,2021-01-04 18:11:00-05:00,SHORT,4492,12666.75,12670.0,12669.75,12663.75,12,-65.0,14.2,-69.2,-1.1533333333333333,STOP,2021-01-05,5.906818181818182,19.130434782608695,113.0,2021
2021-01-04 18:35:00-05:00,2021-01-04 18:40:00-05:00,2021-01-04 18:44:00-05:00,LONG,4498,12676.75,12673.5,12673.75,12679.75,12,-65.0,14.2,-69.2,-1.1533333333333333,STOP,2021-01-05,4.469318181818182,12.753623188405797,57.0,2021
2021-01-05 18:10:00-05:00,2021-01-05 18:15:00-05:00,2021-01-05 18:15:00-05:00,SHORT,4766,12793.75,12791.0,12796.75,12790.75,12,55.0,14.2,50.8,0.8466666666666666,TARGET,2021-01-06,1.481060606060606,22.956521739130437,34.0,2021
2021-01-05 18:40:00-05:00,2021-01-05 18:45:00-05:00,2021-01-05 18:49:00-05:00,LONG,4772,12789.5,12786.25,12786.5,12792.5,12,-65.0,14.2,-69.2,-1.1533333333333333,STOP,2021-01-06,2.025568181818182,15.304347826086955,31.0,2021
2021-01-06 18:35:00-05:00,2021-01-06 18:40:00-05:00,2021-01-06 18:41:00-05:00,SHORT,5044,12659.5,12656.75,12662.5,12656.5,12,55.0,14.2,50.8,0.8466666666666666,TARGET,2021-01-07,2.3269794721407626,19.768115942028984,46.0,2021
2021-01-06 19:10:00-05:00,2021-01-06 19:15:00-05:00,2021-01-06 19:15:00-05:00,SHORT,5051,12664.25,12661.5,12667.25,12661.25,12,55.0,14.2,50.8,0.8466666666666666,TARGET,2021-01-07,3.1068548387096775,21.565217391304348,67.0,2021
2021-01-07 18:30:00-05:00,2021-01-07 18:35:00-05:00,2021-01-07 18:35:00-05:00,SHORT,5316,12922.75,12926.0,12925.75,12919.75,12,-65.0,14.2,-69.2,-1.1533333333333333,STOP,2021-01-08,2.090909090909091,22.956521739130434,48.0,2021
2021-01-07 19:10:00-05:00,2021-01-07 19:15:00-05:00,2021-01-07 19:15:00-05:00,LONG,5324,12946.25,12942.75,12943.0,12949.5,13,-70.0,14.2,-74.2,-1.1415384615384616,STOP,2021-01-08,1.5972222222222223,25.043478260869563,40.0,2021
2021-01-10 18:45:00-05:00,2021-01-10 18:50:00-05:00,2021-01-10 18:52:00-05:00,SHORT,5593,13082.5,13079.5,13085.75,13079.25,13,60.0,14.2,55.8,0.8584615384615384,TARGET,2021-01-11,2.234659090909091,25.507246376811594,57.0,2021
2021-01-10 19:20:00-05:00,2021-01-10 19:25:00-05:00,2021-01-10 19:29:00-05:00,SHORT,5600,13066.25,13063.0,13069.75,13062.75,14,65.0,14.2,60.8,0.8685714285714285,TARGET,2021-01-11,3.1984375000000003,27.82608695652174,89.0,2021
2021-01-11 18:50:00-05:00,2021-01-11 18:55:00-05:00,2021-01-11 18:59:00-05:00,SHORT,5867,12919.25,12923.25,12923.0,12915.5,15,-80.0,14.2,-84.2,-1.1226666666666667,STOP,2021-01-12,1.6030303030303032,28.69565217391304,46.0,2021
2021-01-11 19:25:00-05:00,2021-01-11 19:30:00-05:00,2021-01-11 19:30:00-05:00,SHORT,5874,12918.25,12922.25,12922.0,12914.5,15,-80.0,14.2,-84.2,-1.1226666666666667,STOP,2021-01-12,1.4694444444444443,30.0,46.0,2021
2021-01-12 19:00:00-05:00,2021-01-12 19:05:00-05:00,2021-01-12 19:21:00-05:00,LONG,6142,12896.25,12900.0,12892.25,12900.25,16,75.0,14.2,70.8,0.885,TARGET,2021-01-13,1.4694444444444443,31.304347826086957,46.0,2021
2021-01-12 23:15:00-05:00,2021-01-12 23:20:00-05:00,2021-01-12 23:25:00-05:00,SHORT,6193,12926.25,12923.25,12929.5,12923.0,13,60.0,14.2,55.8,0.8584615384615384,TARGET,2021-01-13,1.3721590909090908,25.507246376811594,35.0,2021
2021-01-13 18:30:00-05:00,2021-01-13 18:35:00-05:00,2021-01-13 18:36:00-05:00,SHORT,6409,12977.0,12980.75,12980.5,12973.5,14,-75.0,14.2,-79.2,-1.1314285714285715,STOP,2021-01-14,1.3386917960088693,26.144927536231883,35.0,2021
2021-01-13 19:10:00-05:00,2021-01-13 19:15:00-05:00,2021-01-13 19:17:00-05:00,LONG,6417,12982.0,12985.5,12978.25,12985.75,15,70.0,14.2,65.8,0.8773333333333333,TARGET,2021-01-14,1.2621951219512195,28.52173913043478,36.0,2021
2021-01-14 18:05:00-05:00,2021-01-14 18:10:00-05:00,2021-01-14 18:12:00-05:00,LONG,6677,12913.75,12918.0,12909.25,12918.25,18,85.0,14.2,80.8,0.8977777777777778,TARGET,2021-01-15,2.4582309582309585,35.391304347826086,87.0,2021
2021-01-14 18:35:00-05:00,2021-01-14 18:40:00-05:00,2021-01-14 18:44:00-05:00,LONG,6683,12926.5,12923.25,12923.5,12929.5,12,-65.0,14.2,-69.2,-1.1533333333333333,STOP,2021-01-15,1.4410319410319412,23.594202898550723,34.0,2021
2021-01-17 18:35:00-05:00,2021-01-17 18:40:00-05:00,2021-01-17 18:41:00-05:00,SHORT,6957,12781.75,12778.75,12785.0,12778.5,13,60.0,14.2,55.8,0.8584615384615384,TARGET,2021-01-18,2.022129186602871,24.231884057971012,49.0,2021
2021-01-17 19:05:00-05:00,2021-01-17 19:10:00-05:00,2021-01-17 19:11:00-05:00,SHORT,6963,12744.25,12748.0,12747.75,12740.75,14,-75.0,14.2,-79.2,-1.1314285714285715,STOP,2021-01-18,3.6315789473684212,26.434782608695652,96.0,2021
2021-01-18 18:30:00-05:00,2021-01-18 18:35:00-05:00,2021-01-18 18:45:00-05:00,LONG,7184,12825.25,12828.0,12822.25,12828.25,12,55.0,14.2,50.8,0.8466666666666666,TARGET,2021-01-19,1.3375668449197864,21.681159420289852,29.0,2021
2021-01-18 19:05:00-05:00,2021-01-18 19:10:00-05:00,2021-01-18 19:18:00-05:00,LONG,7191,12842.25,12845.0,12839.25,12845.25,12,55.0,14.2,50.8,0.8466666666666666,TARGET,2021-01-19,2.494485294117647,23.652173913043477,59.0,2021
2021-01-19 18:05:00-05:00,2021-01-19 18:10:00-05:00,2021-01-19 18:11:00-05:00,LONG,7452,13048.75,13044.75,13045.0,13052.5,15,-80.0,14.2,-84.2,-1.1226666666666667,STOP,2021-01-20,2.63049853372434,29.65217391304348,78.0,2021
2021-01-19 18:35:00-05:00,2021-01-19 18:40:00-05:00,2021-01-19 18:43:00-05:00,SHORT,7458,13048.25,13045.5,13051.25,13045.25,12,55.0,14.2,50.8,0.8466666666666666,TARGET,2021-01-20,2.124633431085044,19.768115942028984,42.0,2021
2021-01-20 18:05:00-05:00,2021-01-20 18:10:00-05:00,2021-01-20 18:15:00-05:00,LONG,7725,13304.5,13308.0,13300.75,13308.25,15,70.0,14.2,65.8,0.8773333333333333,TARGET,2021-01-21,2.057184750733138,29.65217391304348,61.0,2021
2021-01-20 18:45:00-05:00,2021-01-20 18:50:00-05:00,2021-01-20 18:50:00-05:00,LONG,7733,13318.25,13315.0,13315.25,13321.25,12,-65.0,14.2,-69.2,-1.1533333333333333,STOP,2021-01-21,1.3658357771260998,19.768115942028984,27.0,2021
2021-01-21 18:15:00-05:00,2021-01-21 18:20:00-05:00,2021-01-21 18:21:00-05:00,SHORT,8000,13381.0,13385.0,13384.75,13377.25,15,-80.0,14.2,-84.2,-1.1226666666666667,STOP,2021-01-22,2.563049853372434,29.65217391304348,76.0,2021
2021-01-21 19:10:00-05:00,2021-01-21 19:15:00-05:00,2021-01-21 19:16:00-05:00,LONG,8011,13389.5,13392.25,13386.5,13392.5,12,55.0,14.2,50.8,0.8466666666666666,TARGET,2021-01-22,1.9939516129032258,21.565217391304348,43.0,2021
2021-01-24 18:05:00-05:00,2021-01-24 18:10:00-05:00,2021-01-24 18:15:00-05:00,LONG,8272,13388.75,13392.25,13385.0,13392.5,15,70.0,14.2,65.8,0.8773333333333333,TARGET,2021-01-25,4.843939393939394,28.695652173913043,139.0,2021
2021-01-24 18:35:00-05:00,2021-01-24 18:40:00-05:00,2021-01-24 18:42:00-05:00,LONG,8278,13399.25,13402.0,13396.25,13402.25,12,55.0,14.2,50.8,0.8466666666666666,TARGET,2021-01-25,1.5681818181818181,19.130434782608695,30.0,2021
2021-01-25 18:20:00-05:00,2021-01-25 18:25:00-05:00,2021-01-25 18:42:00-05:00,LONG,8548,13470.75,13467.0,13467.25,13474.25,14,-75.0,14.2,-79.2,-1.1314285714285715,STOP,2021-01-26,2.6136363636363633,26.782608695652176,70.0,2021
2021-01-25 19:45:00-05:00,2021-01-25 19:50:00-05:00,2021-01-25 19:50:00-05:00,SHORT,8565,13447.5,13450.75,13450.5,13444.5,12,-65.0,14.2,-69.2,-1.1533333333333333,STOP,2021-01-26,2.1964285714285716,18.666666666666664,41.0,2021
2021-01-26 18:05:00-05:00,2021-01-26 18:10:00-05:00,2021-01-26 18:10:00-05:00,LONG,8818,13573.75,13569.75,13570.0,13577.5,15,-80.0,14.2,-84.2,-1.1226666666666667,STOP,2021-01-27,2.9002932551319645,29.65217391304348,86.0,2021
2021-01-26 18:35:00-05:00,2021-01-26 18:40:00-05:00,2021-01-26 18:40:00-05:00,SHORT,8824,13563.75,13561.0,13566.75,13560.75,12,55.0,14.2,50.8,0.8466666666666666,TARGET,2021-01-27,2.934017595307918,19.768115942028984,58.0,2021
2021-01-27 18:10:00-05:00,2021-01-27 18:15:00-05:00,2021-01-27 18:15:00-05:00,SHORT,9092,12997.75,13002.0,13001.75,12993.75,16,-85.0,14.2,-89.2,-1.115,STOP,2021-01-28,5.417355371900826,31.565217391304348,171.0,2021
2021-01-27 18:40:00-05:00,2021-01-27 18:45:00-05:00,2021-01-27 18:45:00-05:00,SHORT,9098,12969.5,12972.75,12972.5,12966.5,12,-65.0,14.2,-69.2,-1.1533333333333333,STOP,2021-01-28,6.780080213903744,21.681159420289852,147.0,2021
2021-01-28 18:05:00-05:00,2021-01-28 18:10:00-05:00,2021-01-28 18:10:00-05:00,SHORT,9364,13135.75,13141.0,13140.75,13130.75,20,-105.0,14.2,-109.2,-1.092,STOP,2021-01-29,3.875831485587583,39.21739130434783,152.0,2021
2021-01-28 18:45:00-05:00,2021-01-28 18:50:00-05:00,2021-01-28 18:50:00-05:00,SHORT,9372,13174.25,13171.0,13177.75,13170.75,14,65.0,14.2,60.8,0.8685714285714285,TARGET,2021-01-29,1.9506651884700665,26.144927536231883,51.0,2021
2021-01-31 18:05:00-05:00,2021-01-31 18:10:00-05:00,2021-01-31 18:10:00-05:00,SHORT,9638,12784.75,12778.25,12791.5,12778.0,27,130.0,14.2,125.8,0.9318518518518518,TARGET,2021-02-01,9.0099173553719,52.608695652173914,474.0,2021
2021-01-31 18:35:00-05:00,2021-01-31 18:40:00-05:00,2021-01-31 18:40:00-05:00,LONG,9644,12798.5,12793.75,12794.0,12803.0,18,-95.0,14.2,-99.2,-1.1022222222222222,STOP,2021-02-01,3.418918918918919,35.71014492753623,121.0,2021
2021-02-01 18:05:00-05:00,2021-02-01 18:10:00-05:00,2021-02-01 18:16:00-05:00,LONG,9911,13259.75,13251.75,13252.0,13267.5,31,-160.0,14.2,-164.2,-1.0593548387096774,STOP,2021-02-02,1.4437229437229437,60.26086956521739,87.0,2021
2021-02-01 19:15:00-05:00,2021-02-01 19:20:00-05:00,2021-02-01 19:20:00-05:00,SHORT,9925,13244.0,13249.75,13249.5,13238.5,22,-115.0,14.2,-119.2,-1.0836363636363637,STOP,2021-02-02,1.9623015873015874,43.826086956521735,86.0,2021
2021-02-02 19:40:00-05:00,2021-02-02 19:45:00-05:00,2021-02-02 19:46:00-05:00,LONG,10203,13522.25,13527.25,13517.0,13527.5,21,100.0,14.2,95.8,0.9123809523809524,TARGET,2021-02-03,3.0476190476190474,42.0,128.0,2021
2021-02-02 20:45:00-05:00,2021-02-02 20:50:00-05:00,2021-02-02 20:54:00-05:00,LONG,10216,13510.25,13503.5,13503.75,13516.75,26,-135.0,14.2,-139.2,-1.0707692307692307,STOP,2021-02-03,1.2517006802721087,51.1304347826087,64.0,2021
2021-02-03 18:05:00-05:00,2021-02-03 18:10:00-05:00,2021-02-03 18:19:00-05:00,LONG,10457,13444.5,13452.0,13436.75,13452.25,31,150.0,14.2,145.8,0.9406451612903226,TARGET,2021-02-04,2.1572871572871573,60.26086956521739,130.0,2021
2021-02-03 19:50:00-05:00,2021-02-03 19:55:00-05:00,2021-02-03 20:00:00-05:00,SHORT,10478,13420.5,13415.5,13425.75,13415.25,21,100.0,14.2,95.8,0.9123809523809524,TARGET,2021-02-04,1.4285714285714286,42.0,60.0,2021
2021-02-04 21:05:00-05:00,2021-02-04 21:10:00-05:00,2021-02-04 21:11:00-05:00,LONG,10766,13578.25,13572.5,13572.75,13583.75,22,-115.0,14.2,-119.2,-1.0836363636363637,STOP,2021-02-05,1.4907407407407407,42.26086956521739,63.0,2021
2021-02-04 21:45:00-05:00,2021-02-04 21:50:00-05:00,2021-02-04 21:56:00-05:00,SHORT,10774,13571.5,13577.5,13577.25,13565.75,23,-120.0,14.2,-124.2,-1.08,STOP,2021-02-05,1.4980842911877394,45.391304347826086,68.0,2021
2021-02-07 18:45:00-05:00,2021-02-07 18:50:00-05:00,2021-02-07 18:51:00-05:00,LONG,11012,13642.5,13638.5,13638.75,13646.25,15,-80.0,14.2,-84.2,-1.1226666666666667,STOP,2021-02-08,1.2545454545454546,28.69565217391304,36.0,2021
2021-02-07 19:20:00-05:00,2021-02-07 19:25:00-05:00,2021-02-07 19:25:00-05:00,LONG,11019,13651.0,13646.75,13647.0,13655.0,16,-85.0,14.2,-89.2,-1.115,STOP,2021-02-08,1.3416666666666666,31.304347826086957,42.0,2021
2021-02-08 19:05:00-05:00,2021-02-08 19:10:00-05:00,2021-02-08 19:19:00-05:00,SHORT,11290,13671.75,13668.75,13675.0,13668.5,13,60.0,14.2,55.8,0.8584615384615384,TARGET,2021-02-09,2.29222972972973,25.73913043478261,59.0,2021
2021-02-08 19:55:00-05:00,2021-02-08 20:00:00-05:00,2021-02-08 20:03:00-05:00,LONG,11300,13670.25,13665.75,13666.0,13674.5,17,-90.0,14.2,-94.2,-1.108235294117647,STOP,2021-02-09,1.9054054054054055,33.2463768115942,47.0,2021
2021-02-09 20:20:00-05:00,2021-02-09 20:25:00-05:00,2021-02-09 20:28:00-05:00,LONG,11578,13706.5,13710.0,13702.75,13710.25,15,70.0,14.2,65.8,0.8773333333333333,TARGET,2021-02-10,3.9299395161290325,28.753623188405797,113.0,2021
2021-02-09 21:05:00-05:00,2021-02-09 21:10:00-05:00,2021-02-09 21:16:00-05:00,LONG,11587,13727.25,13723.75,13724.0,13730.5,13,-70.0,14.2,-74.2,-1.1415384615384616,STOP,2021-02-10,1.8368055555555556,25.043478260869566,46.0,2021
2021-02-10 18:25:00-05:00,2021-02-10 18:30:00-05:00,2021-02-10 18:31:00-05:00,LONG,11828,13659.75,13662.5,13656.75,13662.75,12,55.0,14.2,50.8,0.8466666666666666,TARGET,2021-02-11,1.7664576802507836,18.492753623188403,49.0,2021
2021-02-10 19:35:00-05:00,2021-02-10 19:40:00-05:00,2021-02-10 19:40:00-05:00,SHORT,11842,13627.75,13631.0,13630.75,13624.75,12,-65.0,14.2,-69.2,-1.1533333333333333,STOP,2021-02-11,2.327586206896552,19.333333333333332,45.0,2021
2021-02-11 18:10:00-05:00,2021-02-11 18:15:00-05:00,2021-02-11 18:15:00-05:00,LONG,12098,13717.25,13720.5,13713.75,13720.75,14,65.0,14.2,60.8,0.8685714285714285,TARGET,2021-02-12,2.3896103896103895,26.782608695652176,64.0,2021
2021-02-11 18:40:00-05:00,2021-02-11 18:45:00-05:00,2021-02-11 18:46:00-05:00,LONG,12104,13720.25,13723.0,13717.25,13723.25,12,55.0,14.2,50.8,0.8466666666666666,TARGET,2021-02-12,2.184253246753247,17.855072463768114,39.0,2021
2021-02-14 18:35:00-05:00,2021-02-14 18:40:00-05:00,2021-02-14 18:42:00-05:00,SHORT,12377,13823.75,13821.0,13826.75,13820.75,12,55.0,14.2,50.8,0.8466666666666666,TARGET,2021-02-15,2.3522727272727275,16.579710144927535,39.0,2021
2021-02-14 19:05:00-05:00,2021-02-14 19:10:00-05:00,2021-02-14 19:10:00-05:00,LONG,12383,13840.0,13836.75,13837.0,13843.0,12,-65.0,14.2,-69.2,-1.1533333333333333,STOP,2021-02-15,2.5985576923076925,18.08695652173913,47.0,2021
2021-02-15 18:50:00-05:00,2021-02-15 18:55:00-05:00,2021-02-15 19:01:00-05:00,SHORT,12608,13858.0,13861.25,13861.0,13855.0,12,-65.0,14.2,-69.2,-1.1533333333333333,STOP,2021-02-16,1.9958677685950414,14.028985507246375,28.0,2021
2021-02-15 19:25:00-05:00,2021-02-15 19:30:00-05:00,2021-02-15 19:32:00-05:00,LONG,12615,13875.25,13878.0,13872.25,13878.25,12,55.0,14.2,50.8,0.8466666666666666,TARGET,2021-02-16,2.7443181818181817,14.666666666666666,42.0,2021
2021-02-16 18:10:00-05:00,2021-02-16 18:15:00-05:00,2021-02-16 18:15:00-05:00,SHORT,12873,13742.5,13739.75,13745.5,13739.5,12,55.0,14.2,50.8,0.8466666666666666,TARGET,2021-02-17,5.607438016528925,21.043478260869566,118.0,2021
2021-02-16 18:40:00-05:00,2021-02-16 18:45:00-05:00,2021-02-16 18:46:00-05:00,LONG,12879,13747.5,13744.25,13744.5,13750.5,12,-65.0,14.2,-69.2,-1.1533333333333333,STOP,2021-02-17,1.425619834710744,14.028985507246375,20.0,2021
2021-02-17 18:20:00-05:00,2021-02-17 18:25:00-05:00,2021-02-17 18:26:00-05:00,SHORT,13149,13693.0,13690.25,13696.0,13690.0,12,55.0,14.2,50.8,0.8466666666666666,TARGET,2021-02-18,1.3939393939393938,22.956521739130437,32.0,2021
2021-02-17 18:55:00-05:00,2021-02-17 19:00:00-05:00,2021-02-17 19:00:00-05:00,LONG,13156,13700.25,13703.0,13697.25,13703.25,12,55.0,14.2,50.8,0.8466666666666666,TARGET,2021-02-18,1.7642045454545456,16.695652173913043,27.0,2021
2021-02-18 18:05:00-05:00,2021-02-18 18:10:00-05:00,2021-02-18 18:14:00-05:00,LONG,13419,13652.25,13648.75,13649.0,13655.5,13,-70.0,14.2,-74.2,-1.1415384615384616,STOP,2021-02-19,2.904040404040404,25.82608695652174,75.0,2021
2021-02-18 18:35:00-05:00,2021-02-18 18:40:00-05:00,2021-02-18 18:40:00-05:00,SHORT,13425,13633.0,13630.25,13636.0,13630.0,12,55.0,14.2,50.8,0.8466666666666666,TARGET,2021-02-19,3.368686868686869,17.217391304347824,58.0,2021
2021-02-21 18:05:00-05:00,2021-02-21 18:10:00-05:00,2021-02-21 18:10:00-05:00,LONG,13693,13613.5,13609.5,13609.75,13617.25,15,-80.0,14.2,-84.2,-1.1226666666666667,STOP,2021-02-22,6.446969696969697,28.695652173913043,185.0,2021
2021-02-21 18:35:00-05:00,2021-02-21 18:40:00-05:00,2021-02-21 18:43:00-05:00,LONG,13699,13569.25,13566.0,13566.25,13572.25,12,-65.0,14.2,-69.2,-1.1533333333333333,STOP,2021-02-22,3.606818181818182,19.130434782608695,69.0,2021
2021-02-22 18:05:00-05:00,2021-02-22 18:10:00-05:00,2021-02-22 18:11:00-05:00,LONG,13966,13247.75,13251.75,13243.5,13252.0,17,80.0,14.2,75.8,0.8917647058823529,TARGET,2021-02-23,2.748051948051948,33.95652173913044,92.0,2021
2021-02-22 18:35:00-05:00,2021-02-22 18:40:00-05:00,2021-02-22 18:42:00-05:00,SHORT,13972,13237.0,13234.25,13240.0,13234.0,12,55.0,14.2,50.8,0.8466666666666666,TARGET,2021-02-23,4.7481060606060606,22.956521739130434,109.0,2021
2021-02-23 18:20:00-05:00,2021-02-23 18:25:00-05:00,2021-02-23 18:25:00-05:00,SHORT,14242,13140.5,13146.25,13146.0,13135.0,22,-115.0,14.2,-119.2,-1.0836363636363637,STOP,2021-02-24,3.461616161616161,43.04347826086957,149.0,2021
2021-02-23 19:10:00-05:00,2021-02-23 19:15:00-05:00,2021-02-23 19:15:00-05:00,SHORT,14252,13161.75,13158.0,13165.75,13157.75,16,75.0,14.2,70.8,0.885,TARGET,2021-02-24,3.0347222222222223,31.304347826086957,95.0,2021
2021-02-24 18:05:00-05:00,2021-02-24 18:10:00-05:00,2021-02-24 18:11:00-05:00,SHORT,14512,13292.25,13299.0,13298.75,13285.75,26,-135.0,14.2,-139.2,-1.0707692307692307,STOP,2021-02-25,2.2457912457912457,51.65217391304348,116.0,2021
2021-02-24 18:35:00-05:00,2021-02-24 18:40:00-05:00,2021-02-24 18:41:00-05:00,LONG,14518,13319.5,13314.75,13315.0,13324.0,18,-95.0,14.2,-99.2,-1.1022222222222222,STOP,2021-02-25,2.2651515151515156,34.43478260869565,78.0,2021
2021-02-25 18:10:00-05:00,2021-02-25 18:15:00-05:00,2021-02-25 18:16:00-05:00,SHORT,14786,12804.25,12811.75,12811.5,12797.0,29,-150.0,14.2,-154.2,-1.063448275862069,STOP,2021-02-26,1.5856060606060607,57.391304347826086,91.0,2021
2021-02-25 18:55:00-05:00,2021-02-25 19:00:00-05:00,2021-02-25 19:00:00-05:00,SHORT,14795,12785.25,12791.0,12790.75,12779.75,22,-115.0,14.2,-119.2,-1.0836363636363637,STOP,2021-02-26,3.0056818181818183,42.08695652173913,115.0,2021
2021-02-28 18:15:00-05:00,2021-02-28 18:20:00-05:00,2021-02-28 18:22:00-05:00,SHORT,15060,12968.75,12978.0,12977.75,12959.75,36,-185.0,14.2,-189.2,-1.051111111111111,STOP,2021-03-01,1.7006060606060607,71.73913043478261,122.0,2021
2021-02-28 18:55:00-05:00,2021-02-28 19:00:00-05:00,2021-02-28 19:01:00-05:00,SHORT,15068,13003.25,13010.25,13010.0,12996.5,27,-140.0,14.2,-144.2,-1.068148148148148,STOP,2021-03-01,1.6727272727272728,52.17391304347826,80.0,2021
2021-03-01 20:35:00-05:00,2021-03-01 20:40:00-05:00,2021-03-01 20:42:00-05:00,SHORT,15361,13290.5,13283.0,13298.25,13282.75,31,150.0,14.2,145.8,0.9406451612903226,TARGET,2021-03-02,1.577142857142857,60.86956521739131,96.0,2021
2021-03-01 21:25:00-05:00,2021-03-01 21:30:00-05:00,2021-03-01 21:44:00-05:00,SHORT,15371,13263.25,13255.5,13271.25,13255.25,32,155.0,14.2,150.8,0.9425000000000001,TARGET,2021-03-02,2.1807407407407404,63.04347826086956,128.0,2021
2021-03-02 19:30:00-05:00,2021-03-02 19:35:00-05:00,2021-03-02 19:47:00-05:00,LONG,15621,13116.75,13123.0,13110.25,13123.25,26,125.0,14.2,120.8,0.9292307692307692,TARGET,2021-03-03,1.5789473684210527,50.666666666666664,80.0,2021
2021-03-02 20:15:00-05:00,2021-03-02 20:20:00-05:00,2021-03-02 20:22:00-05:00,SHORT,15630,13090.0,13081.5,13098.75,13081.25,35,170.0,14.2,165.8,0.9474285714285715,TARGET,2021-03-03,1.640067911714771,68.28985507246377,112.0,2021
2021-03-03 18:15:00-05:00,2021-03-03 18:20:00-05:00,2021-03-03 18:21:00-05:00,SHORT,15879,12663.25,12655.0,12671.75,12654.75,34,165.0,14.2,160.8,0.9458823529411765,TARGET,2021-03-04,1.3988476312419973,67.91304347826087,95.0,2021
2021-03-03 18:45:00-05:00,2021-03-03 18:50:00-05:00,2021-03-03 18:50:00-05:00,LONG,15885,12640.5,12634.5,12634.75,12646.25,23,-120.0,14.2,-124.2,-1.08,STOP,2021-03-04,1.7007042253521127,45.27536231884058,77.0,2021
2021-03-04 18:05:00-05:00,2021-03-04 18:10:00-05:00,2021-03-04 18:12:00-05:00,SHORT,16150,12438.0,12447.25,12447.0,12429.0,36,-185.0,14.2,-189.2,-1.051111111111111,STOP,2021-03-05,1.5823095823095823,71.26086956521739,112.0,2021
2021-03-04 18:50:00-05:00,2021-03-04 18:55:00-05:00,2021-03-04 18:56:00-05:00,SHORT,16159,12418.5,12412.75,12424.5,12412.5,24,115.0,14.2,110.8,0.9233333333333333,TARGET,2021-03-05,2.111818181818182,47.826086956521735,101.0,2021
2021-03-07 18:10:00-05:00,2021-03-07 18:15:00-05:00,2021-03-07 18:16:00-05:00,SHORT,16424,12729.75,12738.75,12738.5,12721.0,35,-180.0,14.2,-184.2,-1.0525714285714285,STOP,2021-03-08,2.0336239103362392,69.82608695652173,142.0,2021
2021-03-07 18:50:00-05:00,2021-03-07 18:55:00-05:00,2021-03-07 18:57:00-05:00,SHORT,16432,12667.25,12673.5,12673.25,12661.25,24,-125.0,14.2,-129.2,-1.0766666666666667,STOP,2021-03-08,2.62079701120797,46.55072463768116,122.0,2021
2021-03-08 18:20:00-05:00,2021-03-08 18:25:00-05:00,2021-03-08 18:32:00-05:00,LONG,16699,12375.0,12383.5,12366.25,12383.75,35,170.0,14.2,165.8,0.9474285714285715,TARGET,2021-03-09,1.4034869240348693,69.82608695652173,98.0,2021
2021-03-08 19:15:00-05:00,2021-03-08 19:20:00-05:00,2021-03-08 19:25:00-05:00,LONG,16710,12374.0,12367.25,12367.5,12380.5,26,-135.0,14.2,-139.2,-1.0707692307692307,STOP,2021-03-09,1.7722602739726028,50.78260869565217,90.0,2021
2021-03-09 19:45:00-05:00,2021-03-09 19:50:00-05:00,2021-03-09 19:51:00-05:00,SHORT,16989,12787.25,12781.0,12793.75,12780.75,26,125.0,14.2,120.8,0.9292307692307692,TARGET,2021-03-10,1.4210526315789473,50.666666666666664,72.0,2021
2021-03-09 20:35:00-05:00,2021-03-09 20:40:00-05:00,2021-03-09 20:40:00-05:00,SHORT,16999,12748.0,12756.0,12755.75,12740.25,31,-160.0,14.2,-164.2,-1.0593548387096774,STOP,2021-03-10,2.3183740601503757,61.68115942028986,143.0,2021
2021-03-10 19:55:00-05:00,2021-03-10 20:00:00-05:00,2021-03-10 20:10:00-05:00,SHORT,17264,12733.5,12742.75,12742.5,12724.5,36,-185.0,14.2,-189.2,-1.051111111111111,STOP,2021-03-11,2.7531645569620253,70.98550724637681,145.0,2021
2021-03-10 20:50:00-05:00,2021-03-10 20:55:00-05:00,2021-03-10 20:56:00-05:00,LONG,17275,12785.75,12793.75,12777.5,12794.0,33,160.0,14.2,155.8,0.9442424242424243,TARGET,2021-03-11,3.3221066907775763,64.11594202898551,213.0,2021
2021-09-08 23:25:00-04:00,2021-09-08 23:30:00-04:00,2021-09-08 23:36:00-04:00,SHORT,17576,15571.25,15576.5,15576.25,15566.25,20,-105.0,14.2,-109.2,-1.092,STOP,2021-09-09,1.38,38.55072463768116,56.0,2021
2021-09-09 01:30:00-04:00,2021-09-09 01:35:00-04:00,2021-09-09 01:36:00-04:00,SHORT,17601,15547.25,15553.75,15553.5,15541.0,25,-130.0,14.2,-134.2,-1.0735999999999999,STOP,2021-09-09,1.5,50.0,75.0,2021
2021-09-10 11:30:00-04:00,2021-09-10 11:35:00-04:00,2021-09-10 11:50:00-04:00,SHORT,17997,15550.0,15538.25,15562.0,15538.0,48,235.0,14.2,230.8,0.9616666666666667,TARGET,2021-09-10,1.326585179526356,113.82608695652175,151.0,2021
2021-09-12 20:30:00-04:00,2021-09-12 20:35:00-04:00,2021-09-12 20:39:00-04:00,SHORT,18093,15466.0,15471.25,15471.0,15461.0,20,-105.0,14.2,-109.2,-1.092,STOP,2021-09-13,1.9765624999999998,38.95652173913044,77.0,2021
2021-09-12 21:10:00-04:00,2021-09-12 21:15:00-04:00,2021-09-12 21:18:00-04:00,SHORT,18101,15456.5,15461.5,15461.25,15451.75,19,-100.0,14.2,-104.2,-1.0968421052631578,STOP,2021-09-13,1.4108796296296295,37.56521739130435,53.0,2021
2021-09-13 22:30:00-04:00,2021-09-13 22:35:00-04:00,2021-09-13 22:35:00-04:00,SHORT,18393,15442.5,15445.75,15445.5,15439.5,12,-65.0,14.2,-69.2,-1.1533333333333333,STOP,2021-09-14,1.6988636363636365,22.956521739130434,39.0,2021
2021-09-13 23:00:00-04:00,2021-09-13 23:05:00-04:00,2021-09-13 23:08:00-04:00,SHORT,18399,15442.25,15445.5,15445.25,15439.25,12,-65.0,14.2,-69.2,-1.1533333333333333,STOP,2021-09-14,1.29375,20.869565217391305,27.0,2021
2021-09-14 18:30:00-04:00,2021-09-14 18:35:00-04:00,2021-09-14 18:42:00-04:00,SHORT,18621,15385.25,15388.5,15388.25,15382.25,12,-65.0,14.2,-69.2,-1.1533333333333333,STOP,2021-09-15,1.2646627565982405,19.768115942028984,25.0,2021
2021-09-14 19:40:00-04:00,2021-09-14 19:45:00-04:00,2021-09-14 19:46:00-04:00,LONG,18635,15404.25,15401.0,15401.25,15407.25,12,-65.0,14.2,-69.2,-1.1533333333333333,STOP,2021-09-15,1.95,20.0,39.0,2021
2021-09-15 19:05:00-04:00,2021-09-15 19:10:00-04:00,2021-09-15 19:20:00-04:00,SHORT,18904,15499.5,15502.75,15502.5,15496.5,12,-65.0,14.2,-69.2,-1.1533333333333333,STOP,2021-09-16,1.4103773584905661,18.08695652173913,26.0,2021
2021-09-15 20:05:00-04:00,2021-09-15 20:10:00-04:00,2021-09-15 20:16:00-04:00,SHORT,18916,15498.25,15495.5,15501.25,15495.25,12,55.0,14.2,50.8,0.8466666666666666,TARGET,2021-09-16,1.412531017369727,23.36231884057971,33.0,2021
2021-09-16 19:45:00-04:00,2021-09-16 19:50:00-04:00,2021-09-16 19:50:00-04:00,SHORT,19188,15478.0,15475.25,15481.0,15475.0,12,55.0,14.2,50.8,0.8466666666666666,TARGET,2021-09-17,3.4444444444444446,18.0,62.0,2021
2021-09-16 21:20:00-04:00,2021-09-16 21:25:00-04:00,2021-09-16 21:31:00-04:00,SHORT,19207,15485.5,15482.75,15488.5,15482.5,12,55.0,14.2,50.8,0.8466666666666666,TARGET,2021-09-17,1.609053497942387,21.130434782608695,34.0,2021
2021-09-19 18:05:00-04:00,2021-09-19 18:10:00-04:00,2021-09-19 18:11:00-04:00,LONG,19445,15292.75,15296.0,15289.25,15296.25,14,65.0,14.2,60.8,0.8685714285714285,TARGET,2021-09-20,4.181818181818182,26.782608695652176,112.0,2021
2021-09-19 18:40:00-04:00,2021-09-19 18:45:00-04:00,2021-09-19 18:45:00-04:00,LONG,19452,15308.25,15311.0,15305.25,15311.25,12,55.0,14.2,50.8,0.8466666666666666,TARGET,2021-09-20,1.297805642633229,18.492753623188403,24.0,2021
2021-09-20 18:05:00-04:00,2021-09-20 18:10:00-04:00,2021-09-20 18:12:00-04:00,LONG,19721,15003.75,15007.5,14999.75,15007.75,16,75.0,14.2,70.8,0.885,TARGET,2021-09-21,2.1889204545454546,30.608695652173914,67.0,2021
2021-09-20 18:50:00-04:00,2021-09-20 18:55:00-04:00,2021-09-20 18:55:00-04:00,SHORT,19730,14999.0,15002.25,15002.0,14996.0,12,-65.0,14.2,-69.2,-1.1533333333333333,STOP,2021-09-21,1.5191761363636365,20.405797101449274,31.0,2021
2021-09-21 18:35:00-04:00,2021-09-21 18:40:00-04:00,2021-09-21 18:44:00-04:00,LONG,20003,14992.0,14988.75,14989.0,14995.0,12,-65.0,14.2,-69.2,-1.1533333333333333,STOP,2021-09-22,1.8295454545454546,22.956521739130434,42.0,2021
2021-09-21 19:05:00-04:00,2021-09-21 19:10:00-04:00,2021-09-21 19:12:00-04:00,SHORT,20009,14992.25,14989.25,14995.5,14989.0,13,60.0,14.2,55.8,0.8584615384615384,TARGET,2021-09-22,1.5173611111111112,25.043478260869563,38.0,2021
2021-09-22 18:40:00-04:00,2021-09-22 18:45:00-04:00,2021-09-22 18:59:00-04:00,LONG,20280,15183.75,15186.75,15180.5,15187.0,13,60.0,14.2,55.8,0.8584615384615384,TARGET,2021-09-23,1.4856459330143543,24.231884057971012,36.0,2021
2021-09-22 19:35:00-04:00,2021-09-22 19:40:00-04:00,2021-09-22 19:40:00-04:00,SHORT,20291,15186.5,15183.5,15189.75,15183.25,13,60.0,14.2,55.8,0.8584615384615384,TARGET,2021-09-23,1.3026315789473686,25.333333333333332,33.0,2021
2021-09-23 20:20:00-04:00,2021-09-23 20:25:00-04:00,2021-09-23 20:28:00-04:00,LONG,20576,15330.25,15325.5,15325.75,15334.75,18,-95.0,14.2,-99.2,-1.1022222222222222,STOP,2021-09-24,1.335483870967742,35.94202898550725,48.0,2021
2021-09-23 22:00:00-04:00,2021-09-23 22:05:00-04:00,2021-09-23 22:06:00-04:00,SHORT,20596,15287.25,15291.25,15291.0,15283.5,15,-80.0,14.2,-84.2,-1.1226666666666667,STOP,2021-09-24,4.1055,28.985507246376812,119.0,2021
2021-09-26 19:45:00-04:00,2021-09-26 19:50:00-04:00,2021-09-26 19:58:00-04:00,LONG,20846,15314.0,15317.25,15310.5,15317.5,14,65.0,14.2,60.8,0.8685714285714285,TARGET,2021-09-27,1.3571428571428572,28.0,38.0,2021
2021-09-26 20:15:00-04:00,2021-09-26 20:20:00-04:00,2021-09-26 20:21:00-04:00,LONG,20852,15350.5,15345.5,15345.75,15355.25,19,-100.0,14.2,-104.2,-1.0968421052631578,STOP,2021-09-27,1.4573732718894008,37.73913043478261,55.0,2021
2021-09-27 18:50:00-04:00,2021-09-27 18:55:00-04:00,2021-09-27 18:56:00-04:00,SHORT,21111,15156.25,15160.0,15159.75,15152.75,14,-75.0,14.2,-79.2,-1.1314285714285715,STOP,2021-09-28,2.837662337662338,26.782608695652172,76.0,2021
2021-09-27 19:35:00-04:00,2021-09-27 19:40:00-04:00,2021-09-27 19:42:00-04:00,LONG,21120,15175.25,15178.5,15171.75,15178.75,14,65.0,14.2,60.8,0.8685714285714285,TARGET,2021-09-28,1.4642857142857142,28.0,41.0,2021
2021-09-28 18:35:00-04:00,2021-09-28 18:40:00-04:00,2021-09-28 18:40:00-04:00,LONG,21384,14776.5,14772.75,14773.0,14780.0,14,-75.0,14.2,-79.2,-1.1314285714285715,STOP,2021-09-29,1.7922077922077924,26.782608695652172,48.0,2021
2021-09-28 19:35:00-04:00,2021-09-28 19:40:00-04:00,2021-09-28 19:40:00-04:00,SHORT,21396,14762.75,14766.5,14766.25,14759.25,14,-75.0,14.2,-79.2,-1.1314285714285715,STOP,2021-09-29,1.9642857142857142,28.0,55.0,2021
2021-09-29 18:30:00-04:00,2021-09-29 18:35:00-04:00,2021-09-29 18:36:00-04:00,SHORT,21659,14757.0,14760.75,14760.5,14753.5,14,-75.0,14.2,-79.2,-1.1314285714285715,STOP,2021-09-30,1.7505285412262157,27.42028985507246,48.0,2021
2021-09-29 19:20:00-04:00,2021-09-29 19:25:00-04:00,2021-09-29 19:26:00-04:00,LONG,21669,14790.75,14794.25,14787.0,14794.5,15,70.0,14.2,65.8,0.8773333333333333,TARGET,2021-09-30,2.574127906976744,29.913043478260867,77.0,2021
2021-09-30 18:10:00-04:00,2021-09-30 18:15:00-04:00,2021-09-30 18:18:00-04:00,LONG,21931,14710.75,14705.0,14705.25,14716.25,22,-115.0,14.2,-119.2,-1.0836363636363637,STOP,2021-10-01,1.5454545454545454,44.0,68.0,2021
2021-09-30 19:15:00-04:00,2021-09-30 19:20:00-04:00,2021-09-30 19:29:00-04:00,LONG,21944,14719.25,14723.0,14715.25,14723.25,16,75.0,14.2,70.8,0.885,TARGET,2021-10-01,1.28125,32.0,41.0,2021
2021-10-03 20:20:00-04:00,2021-10-03 20:25:00-04:00,2021-10-03 20:35:00-04:00,SHORT,22212,14796.25,14790.75,14802.0,14790.5,23,110.0,14.2,105.8,0.9199999999999999,TARGET,2021-10-04,2.0512333965844403,45.82608695652174,94.0,2021
2021-10-03 21:05:00-04:00,2021-10-03 21:10:00-04:00,2021-10-03 21:10:00-04:00,SHORT,22221,14744.25,14749.5,14749.25,14739.25,20,-105.0,14.2,-109.2,-1.092,STOP,2021-10-04,1.9793028322440085,39.913043478260875,79.0,2021
2021-10-04 19:20:00-04:00,2021-10-04 19:25:00-04:00,2021-10-04 19:31:00-04:00,SHORT,22476,14489.75,14485.0,14494.75,14484.75,20,95.0,14.2,90.8,0.9079999999999999,TARGET,2021-10-05,2.258928571428571,38.95652173913044,88.0,2021
2021-10-04 20:20:00-04:00,2021-10-04 20:25:00-04:00,2021-10-04 20:28:00-04:00,SHORT,22488,14462.75,14469.5,14469.25,14456.25,26,-135.0,14.2,-139.2,-1.0707692307692307,STOP,2021-10-05,1.530241935483871,50.31884057971014,77.0,2021
2021-10-05 20:25:00-04:00,2021-10-05 20:30:00-04:00,2021-10-05 20:31:00-04:00,LONG,22765,14657.75,14663.5,14651.75,14663.75,24,115.0,14.2,110.8,0.9233333333333333,TARGET,2021-10-06,1.7269187986651835,47.072463768115945,90.0,2021
2021-10-05 21:05:00-04:00,2021-10-05 21:10:00-04:00,2021-10-05 21:10:00-04:00,SHORT,22773,14622.0,14616.5,14627.75,14616.25,23,110.0,14.2,105.8,0.9199999999999999,TARGET,2021-10-06,3.250487329434698,44.608695652173914,145.0,2021
2021-10-06 18:20:00-04:00,2021-10-06 18:25:00-04:00,2021-10-06 18:32:00-04:00,LONG,23016,14788.5,14795.25,14781.5,14795.5,28,135.0,14.2,130.8,0.9342857142857144,TARGET,2021-10-07,1.430622009569378,54.52173913043478,78.0,2021
2021-10-06 19:05:00-04:00,2021-10-06 19:10:00-04:00,2021-10-06 19:12:00-04:00,LONG,23025,14825.0,14819.75,14820.0,14830.0,20,-105.0,14.2,-109.2,-1.092,STOP,2021-10-07,1.8914473684210527,39.65217391304348,75.0,2021
2021-10-07 19:50:00-04:00,2021-10-07 19:55:00-04:00,2021-10-07 19:56:00-04:00,LONG,23310,14918.0,14922.25,14913.5,14922.5,18,85.0,14.2,80.8,0.8977777777777778,TARGET,2021-10-08,1.5277777777777777,36.0,55.0,2021
2021-10-07 20:40:00-04:00,2021-10-07 20:45:00-04:00,2021-10-07 20:54:00-04:00,LONG,23320,14911.5,14916.75,14906.0,14917.0,22,105.0,14.2,100.8,0.9163636363636364,TARGET,2021-10-08,2.0535714285714284,43.82608695652174,90.0,2021
2021-10-10 18:10:00-04:00,2021-10-10 18:15:00-04:00,2021-10-10 18:16:00-04:00,SHORT,23567,14783.75,14777.75,14790.0,14777.5,25,120.0,14.2,115.8,0.9264,TARGET,2021-10-11,1.9903846153846154,49.73913043478261,99.0,2021
2021-10-10 18:45:00-04:00,2021-10-10 18:50:00-04:00,2021-10-10 18:52:00-04:00,SHORT,23574,14756.25,14760.75,14760.5,14752.0,17,-90.0,14.2,-94.2,-1.108235294117647,STOP,2021-10-11,1.4777097902097902,33.15942028985507,49.0,2021
2021-10-11 18:10:00-04:00,2021-10-11 18:15:00-04:00,2021-10-11 18:19:00-04:00,SHORT,23843,14679.75,14686.0,14685.75,14673.75,24,-125.0,14.2,-129.2,-1.0766666666666667,STOP,2021-10-12,1.9654545454545453,47.82608695652174,94.0,2021
2021-10-11 19:20:00-04:00,2021-10-11 19:25:00-04:00,2021-10-11 19:34:00-04:00,SHORT,23857,14677.25,14673.0,14681.75,14672.75,18,85.0,14.2,80.8,0.8977777777777778,TARGET,2021-10-12,1.496173469387755,34.08695652173913,51.0,2021
2021-10-12 18:50:00-04:00,2021-10-12 18:55:00-04:00,2021-10-12 19:00:00-04:00,SHORT,24127,14603.0,14607.0,14606.75,14599.25,15,-80.0,14.2,-84.2,-1.1226666666666667,STOP,2021-10-13,1.7683752417794971,29.97101449275362,53.0,2021
2021-10-12 20:05:00-04:00,2021-10-12 20:10:00-04:00,2021-10-12 20:12:00-04:00,LONG,24142,14619.25,14624.25,14614.0,14624.5,21,100.0,14.2,95.8,0.9123809523809524,TARGET,2021-10-13,1.4516129032258063,41.333333333333336,60.0,2021
2021-10-13 18:35:00-04:00,2021-10-13 18:40:00-04:00,2021-10-13 18:44:00-04:00,LONG,24400,14799.25,14795.25,14795.5,14803.0,15,-80.0,14.2,-84.2,-1.1226666666666667,STOP,2021-10-14,1.5681818181818183,28.69565217391304,45.0,2021
2021-10-13 19:45:00-04:00,2021-10-13 19:50:00-04:00,2021-10-13 19:50:00-04:00,LONG,24414,14808.0,14804.0,14804.25,14811.75,15,-80.0,14.2,-84.2,-1.1226666666666667,STOP,2021-10-14,1.6,30.0,48.0,2021
2021-10-14 18:15:00-04:00,2021-10-14 18:20:00-04:00,2021-10-14 18:38:00-04:00,LONG,24672,15065.25,15059.75,15060.0,15070.5,21,-110.0,14.2,-114.2,-1.0876190476190477,STOP,2021-10-15,1.3192640692640691,40.173913043478265,53.0,2021
2021-10-14 18:55:00-04:00,2021-10-14 19:00:00-04:00,2021-10-14 19:19:00-04:00,LONG,24680,15065.0,15068.5,15061.25,15068.75,15,70.0,14.2,65.8,0.8773333333333333,TARGET,2021-10-15,1.6055194805194806,29.217391304347824,43.0,2021
2021-10-17 18:25:00-04:00,2021-10-17 18:30:00-04:00,2021-10-17 18:30:00-04:00,SHORT,24950,15121.5,15125.25,15125.0,15118.0,14,-75.0,14.2,-79.2,-1.1314285714285715,STOP,2021-10-18,1.8069584736251403,26.144927536231883,70.0,2021
2021-10-17 19:10:00-04:00,2021-10-17 19:15:00-04:00,2021-10-17 19:20:00-04:00,LONG,24959,15116.5,15112.5,15112.75,15120.25,15,-80.0,14.2,-84.2,-1.1226666666666667,STOP,2021-10-18,1.3673780487804879,28.17391304347826,39.0,2021
2021-10-18 18:45:00-04:00,2021-10-18 18:50:00-04:00,2021-10-18 18:51:00-04:00,SHORT,25230,15272.25,15275.75,15275.5,15269.0,13,-70.0,14.2,-74.2,-1.1415384615384616,STOP,2021-10-19,1.8157894736842106,24.231884057971012,44.0,2021
2021-10-18 19:45:00-04:00,2021-10-18 19:50:00-04:00,2021-10-18 19:52:00-04:00,LONG,25242,15290.75,15293.75,15287.5,15294.0,13,60.0,14.2,55.8,0.8584615384615384,TARGET,2021-10-19,1.973684210526316,25.333333333333332,50.0,2021
2021-10-19 18:05:00-04:00,2021-10-19 18:10:00-04:00,2021-10-19 18:16:00-04:00,SHORT,25498,15401.0,15397.0,15405.25,15396.75,17,80.0,14.2,75.8,0.8917647058823529,TARGET,2021-10-20,1.4038961038961038,33.47826086956522,47.0,2021
2021-10-19 20:10:00-04:00,2021-10-19 20:15:00-04:00,2021-10-19 20:18:00-04:00,SHORT,25523,15401.75,15398.0,15405.75,15397.75,16,75.0,14.2,70.8,0.885,TARGET,2021-10-20,1.6693548387096775,30.55072463768116,51.0,2021
2021-10-20 18:15:00-04:00,2021-10-20 18:20:00-04:00,2021-10-20 18:33:00-04:00,SHORT,25776,15351.5,15347.75,15355.5,15347.5,16,75.0,14.2,70.8,0.885,TARGET,2021-10-21,1.4701704545454546,30.608695652173914,45.0,2021
2021-10-20 18:55:00-04:00,2021-10-20 19:00:00-04:00,2021-10-20 19:01:00-04:00,SHORT,25784,15349.25,15352.5,15352.25,15346.25,12,-65.0,14.2,-69.2,-1.1533333333333333,STOP,2021-10-21,1.421164772727273,22.26086956521739,29.0,2021
2021-10-21 18:50:00-04:00,2021-10-21 18:55:00-04:00,2021-10-21 18:58:00-04:00,LONG,26059,15404.5,15401.25,15401.5,15407.5,12,-65.0,14.2,-69.2,-1.1533333333333333,STOP,2021-10-22,1.3152492668621703,19.768115942028984,26.0,2021
2021-10-21 19:25:00-04:00,2021-10-21 19:30:00-04:00,2021-10-21 19:43:00-04:00,SHORT,26066,15393.5,15390.75,15396.5,15390.5,12,55.0,14.2,50.8,0.8466666666666666,TARGET,2021-10-22,2.318548387096774,20.666666666666664,50.0,2021
2021-10-24 18:15:00-04:00,2021-10-24 18:20:00-04:00,2021-10-24 18:21:00-04:00,LONG,26330,15335.5,15331.5,15331.75,15339.25,15,-80.0,14.2,-84.2,-1.1226666666666667,STOP,2021-10-25,1.2545454545454546,28.695652173913043,36.0,2021
2021-10-24 18:50:00-04:00,2021-10-24 18:55:00-04:00,2021-10-24 18:57:00-04:00,SHORT,26337,15316.75,15320.0,15319.75,15313.75,12,-65.0,14.2,-69.2,-1.1533333333333333,STOP,2021-10-25,1.38822652757079,19.130434782608695,27.0,2021
2021-10-25 18:05:00-04:00,2021-10-25 18:10:00-04:00,2021-10-25 18:59:00-04:00,SHORT,26604,15529.5,15526.0,15533.25,15525.75,15,70.0,14.2,65.8,0.8773333333333333,TARGET,2021-10-26,2.6136363636363638,28.695652173913043,75.0,2021
2021-10-25 19:50:00-04:00,2021-10-25 19:55:00-04:00,2021-10-25 20:01:00-04:00,LONG,26625,15540.25,15543.0,15537.25,15543.25,12,55.0,14.2,50.8,0.8466666666666666,TARGET,2021-10-26,1.396551724137931,19.333333333333332,27.0,2021
2021-10-26 18:10:00-04:00,2021-10-26 18:15:00-04:00,2021-10-26 18:17:00-04:00,LONG,26881,15553.0,15549.25,15549.5,15556.5,14,-75.0,14.2,-79.2,-1.1314285714285715,STOP,2021-10-27,1.8746081504702194,27.73913043478261,52.0,2021
2021-10-26 18:55:00-04:00,2021-10-26 19:00:00-04:00,2021-10-26 19:03:00-04:00,SHORT,26890,15563.75,15567.0,15566.75,15560.75,12,-65.0,14.2,-69.2,-1.1533333333333333,STOP,2021-10-27,1.8385579937304077,20.17391304347826,34.0,2021
2021-10-27 18:05:00-04:00,2021-10-27 18:10:00-04:00,2021-10-27 18:11:00-04:00,LONG,27156,15603.25,15599.25,15599.5,15607.0,15,-80.0,14.2,-84.2,-1.1226666666666667,STOP,2021-10-28,1.4636363636363636,28.695652173913043,42.0,2021
2021-10-27 18:45:00-04:00,2021-10-27 18:50:00-04:00,2021-10-27 18:57:00-04:00,LONG,27164,15610.75,15613.5,15607.75,15613.75,12,55.0,14.2,50.8,0.8466666666666666,TARGET,2021-10-28,1.2545454545454546,19.130434782608695,24.0,2021
2021-10-28 18:30:00-04:00,2021-10-28 18:35:00-04:00,2021-10-28 18:36:00-04:00,LONG,27437,15682.75,15679.5,15679.75,15685.75,12,-65.0,14.2,-69.2,-1.1533333333333333,STOP,2021-10-29,1.3590909090909091,19.130434782608695,26.0,2021
2021-10-28 19:20:00-04:00,2021-10-28 19:25:00-04:00,2021-10-28 19:27:00-04:00,SHORT,27447,15668.5,15671.75,15671.5,15665.5,12,-65.0,14.2,-69.2,-1.1533333333333333,STOP,2021-10-29,1.86875,20.869565217391305,39.0,2021
2021-10-31 18:30:00-04:00,2021-10-31 18:35:00-04:00,2021-10-31 18:37:00-04:00,LONG,27716,15882.5,15879.25,15879.5,15885.5,12,-65.0,14.2,-69.2,-1.1533333333333333,STOP,2021-11-01,2.4502840909090913,20.405797101449274,50.0,2021
2021-10-31 19:00:00-04:00,2021-10-31 19:05:00-04:00,2021-10-31 19:06:00-04:00,SHORT,27722,15871.0,15868.25,15874.0,15868.0,12,55.0,14.2,50.8,0.8466666666666666,TARGET,2021-11-01,1.841796875,22.26086956521739,41.0,2021
2021-11-01 18:05:00-04:00,2021-11-01 18:10:00-04:00,2021-11-01 18:21:00-04:00,SHORT,27987,15879.25,15875.75,15883.0,15875.5,15,70.0,14.2,65.8,0.8773333333333333,TARGET,2021-11-02,1.75366568914956,29.65217391304348,52.0,2021
2021-11-01 19:05:00-04:00,2021-11-01 19:10:00-04:00,2021-11-01 19:11:00-04:00,SHORT,27999,15883.0,15886.25,15886.0,15880.0,12,-65.0,14.2,-69.2,-1.1533333333333333,STOP,2021-11-02,1.344758064516129,21.565217391304348,29.0,2021
2021-11-02 18:05:00-04:00,2021-11-02 18:10:00-04:00,2021-11-02 18:40:00-04:00,SHORT,28263,15944.75,15949.0,15948.75,15940.75,16,-85.0,14.2,-89.2,-1.115,STOP,2021-11-03,1.593073593073593,30.130434782608695,48.0,2021
2021-11-02 18:55:00-04:00,2021-11-02 19:00:00-04:00,2021-11-02 19:02:00-04:00,SHORT,28273,15943.25,15946.5,15946.25,15940.25,12,-65.0,14.2,-69.2,-1.1533333333333333,STOP,2021-11-03,1.5432900432900434,21.565217391304348,31.0,2021
2021-11-03 18:05:00-04:00,2021-11-03 18:10:00-04:00,2021-11-03 18:10:00-04:00,LONG,28539,16138.25,16141.75,16134.5,16142.0,15,70.0,14.2,65.8,0.8773333333333333,TARGET,2021-11-04,1.4636363636363636,28.695652173913043,42.0,2021
2021-11-03 18:50:00-04:00,2021-11-03 18:55:00-04:00,2021-11-03 19:03:00-04:00,LONG,28548,16156.5,16159.25,16153.5,16159.5,12,55.0,14.2,50.8,0.8466666666666666,TARGET,2021-11-04,1.4113636363636364,19.130434782608695,27.0,2021
2021-11-04 18:25:00-04:00,2021-11-04 18:30:00-04:00,2021-11-04 18:30:00-04:00,LONG,28819,16350.5,16347.25,16347.5,16353.5,12,-65.0,14.2,-69.2,-1.1533333333333333,STOP,2021-11-05,1.4188311688311688,17.855072463768114,38.0,2021
2021-11-04 18:55:00-04:00,2021-11-04 19:00:00-04:00,2021-11-04 19:04:00-04:00,SHORT,28825,16340.25,16337.5,16343.25,16337.25,12,55.0,14.2,50.8,0.8466666666666666,TARGET,2021-11-05,1.4001623376623378,19.47826086956522,25.0,2021
2021-11-07 18:25:00-05:00,2021-11-07 18:30:00-05:00,2021-11-07 18:32:00-05:00,LONG,29095,16316.0,16318.75,16313.0,16319.0,12,55.0,14.2,50.8,0.8466666666666666,TARGET,2021-11-08,2.0148760330578512,17.855072463768114,53.0,2021
2021-11-07 18:55:00-05:00,2021-11-07 19:00:00-05:00,2021-11-07 19:01:00-05:00,SHORT,29101,16310.75,16314.0,16313.75,16307.75,12,-65.0,14.2,-69.2,-1.1533333333333333,STOP,2021-11-08,4.424512987012988,19.47826086956522,79.0,2021
2021-11-08 18:20:00-05:00,2021-11-08 18:25:00-05:00,2021-11-08 18:29:00-05:00,SHORT,29370,16307.0,16310.5,16310.25,16303.75,13,-70.0,14.2,-74.2,-1.1415384615384616,STOP,2021-11-09,1.5101010101010102,25.82608695652174,39.0,2021
2021-11-08 18:55:00-05:00,2021-11-08 19:00:00-05:00,2021-11-08 19:01:00-05:00,SHORT,29377,16310.75,16308.0,16313.75,16307.75,12,55.0,14.2,50.8,0.8466666666666666,TARGET,2021-11-09,1.7107438016528929,19.47826086956522,30.0,2021
2021-11-09 18:05:00-05:00,2021-11-09 18:10:00-05:00,2021-11-09 18:11:00-05:00,SHORT,29643,16189.5,16193.25,16193.0,16186.0,14,-75.0,14.2,-79.2,-1.1314285714285715,STOP,2021-11-10,2.1282467532467533,26.782608695652176,57.0,2021
2021-11-09 18:35:00-05:00,2021-11-09 18:40:00-05:00,2021-11-09 18:44:00-05:00,LONG,29649,16187.75,16190.5,16184.75,16190.75,12,55.0,14.2,50.8,0.8466666666666666,TARGET,2021-11-10,1.2881493506493509,17.855072463768114,23.0,2021
2021-11-10 18:10:00-05:00,2021-11-10 18:15:00-05:00,2021-11-10 18:19:00-05:00,SHORT,29920,15984.5,15988.5,15988.25,15980.75,15,-80.0,14.2,-84.2,-1.1226666666666667,STOP,2021-11-11,1.75366568914956,29.65217391304348,52.0,2021
2021-11-10 18:45:00-05:00,2021-11-10 18:50:00-05:00,2021-11-10 18:50:00-05:00,SHORT,29927,15982.75,15980.0,15985.75,15979.75,12,55.0,14.2,50.8,0.8466666666666666,TARGET,2021-11-11,1.719941348973607,19.768115942028984,34.0,2021
2021-11-11 19:00:00-05:00,2021-11-11 19:05:00-05:00,2021-11-11 19:05:00-05:00,LONG,30206,16076.5,16073.25,16073.5,16079.5,12,-65.0,14.2,-69.2,-1.1533333333333333,STOP,2021-11-12,1.6911764705882355,23.652173913043477,40.0,2021
2021-11-11 19:40:00-05:00,2021-11-11 19:45:00-05:00,2021-11-11 19:46:00-05:00,LONG,30214,16090.25,16093.0,16087.25,16093.25,12,55.0,14.2,50.8,0.8466666666666666,TARGET,2021-11-12,1.5882352941176472,22.666666666666664,36.0,2021
2021-11-14 18:15:00-05:00,2021-11-14 18:20:00-05:00,2021-11-14 18:24:00-05:00,LONG,30475,16236.25,16231.75,16232.0,16240.5,17,-90.0,14.2,-94.2,-1.108235294117647,STOP,2021-11-15,1.5066844919786098,33.0,49.0,2021
2021-11-14 18:50:00-05:00,2021-11-14 18:55:00-05:00,2021-11-14 18:56:00-05:00,LONG,30482,16234.0,16236.75,16231.0,16237.0,12,55.0,14.2,50.8,0.8466666666666666,TARGET,2021-11-15,1.4785714285714286,22.318840579710145,33.0,2021
2021-11-15 18:50:00-05:00,2021-11-15 18:55:00-05:00,2021-11-15 18:56:00-05:00,SHORT,30758,16186.5,16189.75,16189.5,16183.5,12,-65.0,14.2,-69.2,-1.1533333333333333,STOP,2021-11-16,1.4731404958677687,21.043478260869563,31.0,2021
2021-11-15 20:15:00-05:00,2021-11-15 20:20:00-05:00,2021-11-15 20:20:00-05:00,LONG,30775,16213.75,16217.25,16210.0,16217.5,15,70.0,14.2,65.8,0.8773333333333333,TARGET,2021-11-16,2.051915322580645,28.753623188405797,59.0,2021
2021-11-16 20:40:00-05:00,2021-11-16 20:45:00-05:00,2021-11-16 20:52:00-05:00,SHORT,31056,16299.5,16303.0,16302.75,16296.25,13,-70.0,14.2,-74.2,-1.1415384615384616,STOP,2021-11-17,1.3861607142857142,25.971014492753625,36.0,2021
2021-11-16 22:25:00-05:00,2021-11-16 22:30:00-05:00,2021-11-16 22:32:00-05:00,SHORT,31077,16287.25,16290.5,16290.25,16284.25,12,-65.0,14.2,-69.2,-1.1533333333333333,STOP,2021-11-17,1.29375,20.405797101449274,30.0,2021
2021-11-17 18:30:00-05:00,2021-11-17 18:35:00-05:00,2021-11-17 19:05:00-05:00,LONG,31306,16329.0,16331.75,16326.0,16332.0,12,55.0,14.2,50.8,0.8466666666666666,TARGET,2021-11-18,1.4701704545454546,20.405797101449274,30.0,2021
2021-11-18 00:05:00-05:00,2021-11-18 00:10:00-05:00,2021-11-18 00:11:00-05:00,LONG,31373,16350.5,16347.25,16347.5,16353.5,12,-65.0,14.2,-69.2,-1.1533333333333333,STOP,2021-11-18,1.7531760435571688,15.971014492753623,28.0,2021
2021-11-18 18:05:00-05:00,2021-11-18 18:10:00-05:00,2021-11-18 18:17:00-05:00,SHORT,31577,16497.75,16501.5,16501.25,16494.25,14,-75.0,14.2,-79.2,-1.1314285714285715,STOP,2021-11-19,2.2775974025974026,26.782608695652176,61.0,2021
2021-11-18 19:00:00-05:00,2021-11-18 19:05:00-05:00,2021-11-18 19:07:00-05:00,SHORT,31588,16497.0,16500.25,16500.0,16494.0,12,-65.0,14.2,-69.2,-1.1533333333333333,STOP,2021-11-19,1.3348214285714284,19.47826086956522,26.0,2021
2021-11-21 18:15:00-05:00,2021-11-21 18:20:00-05:00,2021-11-21 18:26:00-05:00,SHORT,31856,16598.5,16602.25,16602.0,16595.0,14,-75.0,14.2,-79.2,-1.1314285714285715,STOP,2021-11-22,2.24025974025974,26.782608695652176,60.0,2021
2021-11-21 18:50:00-05:00,2021-11-21 18:55:00-05:00,2021-11-21 18:58:00-05:00,SHORT,31863,16596.25,16593.5,16599.25,16593.25,12,55.0,14.2,50.8,0.8466666666666666,TARGET,2021-11-22,1.848214285714286,17.855072463768114,33.0,2021
2021-11-22 18:05:00-05:00,2021-11-22 18:10:00-05:00,2021-11-22 18:22:00-05:00,LONG,32130,16411.75,16408.0,16408.25,16415.25,14,-75.0,14.2,-79.2,-1.1314285714285715,STOP,2021-11-23,2.9496753246753245,26.782608695652176,79.0,2021
2021-11-22 18:35:00-05:00,2021-11-22 18:40:00-05:00,2021-11-22 18:42:00-05:00,SHORT,32136,16404.75,16402.0,16407.75,16401.75,12,55.0,14.2,50.8,0.8466666666666666,TARGET,2021-11-23,1.624188311688312,17.855072463768114,29.0,2021
2021-11-23 18:35:00-05:00,2021-11-23 18:40:00-05:00,2021-11-23 18:45:00-05:00,SHORT,32412,16290.0,16287.25,16293.0,16287.0,12,55.0,14.2,50.8,0.8466666666666666,TARGET,2021-11-24,2.7933238636363638,20.405797101449274,57.0,2021
2021-11-23 19:05:00-05:00,2021-11-23 19:10:00-05:00,2021-11-23 19:11:00-05:00,LONG,32418,16302.0,16304.75,16299.0,16305.0,12,55.0,14.2,50.8,0.8466666666666666,TARGET,2021-11-24,3.099609375,22.26086956521739,69.0,2021
2021-11-24 18:50:00-05:00,2021-11-24 18:55:00-05:00,2021-11-24 18:56:00-05:00,LONG,32691,16357.5,16360.25,16354.5,16360.5,12,55.0,14.2,50.8,0.8466666666666666,TARGET,2021-11-25,1.3068181818181819,22.956521739130434,30.0,2021
2021-11-24 20:00:00-05:00,2021-11-24 20:05:00-05:00,2021-11-24 20:08:00-05:00,LONG,32705,16373.25,16368.75,16369.0,16377.5,17,-90.0,14.2,-94.2,-1.108235294117647,STOP,2021-11-25,1.793010752688172,32.34782608695652,58.0,2021
2021-11-25 18:35:00-05:00,2021-11-25 18:40:00-05:00,2021-11-25 18:41:00-05:00,SHORT,32916,16374.0,16377.25,16377.0,16371.0,12,-65.0,14.2,-69.2,-1.1533333333333333,STOP,2021-11-26,6.747933884297521,21.043478260869563,142.0,2021
2021-11-25 19:05:00-05:00,2021-11-25 19:10:00-05:00,2021-11-25 19:10:00-05:00,SHORT,32922,16361.5,16358.75,16364.5,16358.5,12,55.0,14.2,50.8,0.8466666666666666,TARGET,2021-11-26,4.181818181818182,22.956521739130434,96.0,2021
2021-11-28 18:10:00-05:00,2021-11-28 18:15:00-05:00,2021-11-28 18:15:00-05:00,LONG,33142,16132.0,16127.0,16127.25,16136.75,19,-100.0,14.2,-104.2,-1.0968421052631578,STOP,2021-11-29,4.932400932400932,37.30434782608696,184.0,2021
2021-11-28 18:40:00-05:00,2021-11-28 18:45:00-05:00,2021-11-28 18:45:00-05:00,LONG,33148,16153.0,16156.0,16149.75,16156.25,13,60.0,14.2,55.8,0.8584615384615384,TARGET,2021-11-29,4.704545454545455,24.8695652173913,117.0,2021
2021-11-29 19:50:00-05:00,2021-11-29 19:55:00-05:00,2021-11-29 20:01:00-05:00,LONG,33438,16434.5,16438.0,16430.75,16438.25,15,70.0,14.2,65.8,0.8773333333333333,TARGET,2021-11-30,1.3666666666666667,30.0,41.0,2021
2021-11-29 21:25:00-05:00,2021-11-29 21:30:00-05:00,2021-11-29 21:31:00-05:00,SHORT,33457,16403.75,16399.25,16408.5,16399.0,19,90.0,14.2,85.8,0.903157894736842,TARGET,2021-11-30,1.3061728395061727,37.826086956521735,46.0,2021
2021-11-30 18:05:00-05:00,2021-11-30 18:10:00-05:00,2021-11-30 18:11:00-05:00,LONG,33693,16250.0,16243.5,16243.75,16256.25,25,-130.0,14.2,-134.2,-1.0735999999999999,STOP,2021-12-01,2.1924095322153576,49.73913043478261,108.0,2021
2021-11-30 18:40:00-05:00,2021-11-30 18:45:00-05:00,2021-11-30 18:47:00-05:00,SHORT,33700,16221.5,16226.0,16225.75,16217.25,17,-90.0,14.2,-94.2,-1.108235294117647,STOP,2021-12-01,1.5681818181818183,33.15942028985507,52.0,2021
2021-12-01 18:10:00-05:00,2021-12-01 18:15:00-05:00,2021-12-01 18:15:00-05:00,LONG,33970,15932.75,15926.25,15926.5,15939.0,25,-130.0,14.2,-134.2,-1.0735999999999999,STOP,2021-12-02,1.5882867132867133,49.73913043478261,79.0,2021
2021-12-01 18:40:00-05:00,2021-12-01 18:45:00-05:00,2021-12-01 18:45:00-05:00,SHORT,33976,15910.5,15915.0,15914.75,15906.25,17,-90.0,14.2,-94.2,-1.108235294117647,STOP,2021-12-02,1.5090051457975988,33.79710144927536,51.0,2021
2021-12-02 18:15:00-05:00,2021-12-02 18:20:00-05:00,2021-12-02 18:20:00-05:00,SHORT,34247,15978.25,15985.5,15985.25,15971.25,28,-145.0,14.2,-149.2,-1.0657142857142856,STOP,2021-12-03,1.6583072100313478,55.47826086956522,92.0,2021
2021-12-02 19:00:00-05:00,2021-12-02 19:05:00-05:00,2021-12-02 19:05:00-05:00,SHORT,34256,15912.0,15917.5,15917.25,15906.75,21,-110.0,14.2,-114.2,-1.0876190476190477,STOP,2021-12-03,2.7758620689655173,40.34782608695652,112.0,2021
2021-12-05 18:10:00-05:00,2021-12-05 18:15:00-05:00,2021-12-05 18:15:00-05:00,LONG,34522,15734.25,15725.75,15726.0,15742.5,33,-170.0,14.2,-174.2,-1.0557575757575757,STOP,2021-12-06,1.5989304812834224,65.04347826086956,104.0,2021
2021-12-05 18:55:00-05:00,2021-12-05 19:00:00-05:00,2021-12-05 19:01:00-05:00,LONG,34531,15740.0,15733.75,15734.0,15746.0,24,-125.0,14.2,-129.2,-1.0766666666666667,STOP,2021-12-06,1.29144385026738,47.30434782608695,56.0,2021
2021-12-06 18:35:00-05:00,2021-12-06 18:40:00-05:00,2021-12-06 18:42:00-05:00,SHORT,34803,15830.5,15836.25,15836.0,15825.0,22,-115.0,14.2,-119.2,-1.0836363636363637,STOP,2021-12-07,1.4989973262032088,43.362318840579704,65.0,2021
2021-12-06 19:20:00-05:00,2021-12-06 19:25:00-05:00,2021-12-06 19:35:00-05:00,SHORT,34812,15832.75,15839.0,15838.75,15826.75,24,-125.0,14.2,-129.2,-1.0766666666666667,STOP,2021-12-07,1.3529411764705883,47.30434782608695,64.0,2021
2021-12-07 18:05:00-05:00,2021-12-07 18:10:00-05:00,2021-12-07 18:21:00-05:00,SHORT,35073,16346.25,16338.25,16354.5,16338.0,33,160.0,14.2,155.8,0.9442424242424243,TARGET,2021-12-08,1.622795115332429,64.08695652173913,104.0,2021
2021-12-07 19:45:00-05:00,2021-12-07 19:50:00-05:00,2021-12-07 19:55:00-05:00,LONG,35093,16358.5,16363.75,16353.0,16364.0,22,105.0,14.2,100.8,0.9163636363636364,TARGET,2021-12-08,1.2727272727272727,44.0,56.0,2021
2021-12-08 23:00:00-05:00,2021-12-08 23:05:00-05:00,2021-12-08 23:06:00-05:00,SHORT,35408,16366.25,16371.0,16370.75,16361.75,18,-95.0,14.2,-99.2,-1.1022222222222222,STOP,2021-12-09,4.6094262295081965,35.36231884057971,163.0,2021
2022-03-09 03:10:00-05:00,2022-03-09 03:15:00-05:00,2022-03-09 03:16:00-05:00,LONG,35458,13417.5,13406.75,13407.0,13428.0,42,-215.0,14.2,-219.2,-1.0438095238095237,STOP,2022-03-09,2.460805084745763,82.08695652173913,202.0,2022
2022-03-09 03:45:00-05:00,2022-03-09 03:50:00-05:00,2022-03-09 03:51:00-05:00,LONG,35465,13419.75,13428.75,13410.5,13429.0,37,180.0,14.2,175.8,0.9502702702702703,TARGET,2022-03-09,1.8766259361450532,73.53623188405797,138.0,2022
2022-03-09 18:05:00-05:00,2022-03-09 18:10:00-05:00,2022-03-09 18:12:00-05:00,SHORT,35625,13762.75,13770.5,13770.25,13755.25,30,-155.0,14.2,-159.2,-1.0613333333333332,STOP,2022-03-10,1.6693548387096773,59.30434782608696,99.0,2022
2022-03-09 19:25:00-05:00,2022-03-09 19:30:00-05:00,2022-03-09 19:31:00-05:00,LONG,35641,13745.5,13740.0,13740.25,13750.75,21,-110.0,14.2,-114.2,-1.0876190476190477,STOP,2022-03-10,1.2983870967741935,41.33333333333333,56.0,2022
2022-03-10 18:50:00-05:00,2022-03-10 18:55:00-05:00,2022-03-10 18:56:00-05:00,LONG,35910,13602.5,13597.5,13597.75,13607.25,19,-100.0,14.2,-104.2,-1.0968421052631578,STOP,2022-03-11,2.2592449922958395,37.6231884057971,85.0,2022
2022-03-10 19:55:00-05:00,2022-03-10 20:00:00-05:00,2022-03-10 20:02:00-05:00,SHORT,35923,13558.75,13552.25,13565.5,13552.0,27,130.0,14.2,125.8,0.9318518518518518,TARGET,2022-03-11,2.64406779661017,53.01449275362319,104.0,2022
2022-03-13 18:05:00-04:00,2022-03-13 18:10:00-04:00,2022-03-13 18:13:00-04:00,LONG,36178,13368.25,13360.5,13360.75,13375.75,30,-155.0,14.2,-159.2,-1.0613333333333332,STOP,2022-03-14,6.581222056631892,58.34782608695652,384.0,2022
2022-03-13 18:35:00-04:00,2022-03-13 18:40:00-04:00,2022-03-13 18:42:00-04:00,LONG,36184,13352.0,13356.75,13347.0,13357.0,20,95.0,14.2,90.8,0.9079999999999999,TARGET,2022-03-14,2.62220566318927,38.89855072463768,102.0,2022
2022-03-14 18:30:00-04:00,2022-03-14 18:35:00-04:00,2022-03-14 18:37:00-04:00,SHORT,36459,13091.25,13096.75,13096.5,13086.0,21,-110.0,14.2,-114.2,-1.0876190476190477,STOP,2022-03-15,1.4716783216783218,41.449275362318836,61.0,2022
2022-03-14 19:05:00-04:00,2022-03-14 19:10:00-04:00,2022-03-14 19:11:00-04:00,SHORT,36466,13095.75,13090.25,13101.5,13090.0,23,110.0,14.2,105.8,0.9199999999999999,TARGET,2022-03-15,1.3269230769230769,45.21739130434783,60.0,2022
2022-03-15 19:40:00-04:00,2022-03-15 19:45:00-04:00,2022-03-15 19:47:00-04:00,LONG,36749,13467.0,13472.75,13461.0,13473.0,24,115.0,14.2,110.8,0.9233333333333333,TARGET,2022-03-16,3.4166666666666665,48.0,164.0,2022
2022-03-15 20:20:00-04:00,2022-03-15 20:25:00-04:00,2022-03-15 20:25:00-04:00,SHORT,36757,13423.0,13431.5,13431.25,13414.75,33,-170.0,14.2,-174.2,-1.0557575757575757,STOP,2022-03-16,1.2983870967741935,65.14492753623189,84.0,2022
2022-03-16 18:05:00-04:00,2022-03-16 18:10:00-04:00,2022-03-16 18:21:00-04:00,SHORT,37006,13975.5,13966.25,13985.0,13966.0,38,185.0,14.2,180.8,0.9515789473684211,TARGET,2022-03-17,1.30011655011655,74.60869565217392,97.0,2022
2022-03-16 21:10:00-04:00,2022-03-16 21:15:00-04:00,2022-03-16 21:16:00-04:00,SHORT,37043,13972.75,13965.25,13980.5,13965.0,31,150.0,14.2,145.8,0.9406451612903226,TARGET,2022-03-17,1.277777777777778,60.26086956521739,77.0,2022
2022-03-17 20:40:00-04:00,2022-03-17 20:45:00-04:00,2022-03-17 20:47:00-04:00,SHORT,37313,13997.75,13990.0,14005.75,13989.75,32,155.0,14.2,150.8,0.9425000000000001,TARGET,2022-03-18,1.255990783410138,63.30434782608696,79.0,2022
2022-03-18 08:55:00-04:00,2022-03-18 09:00:00-04:00,2022-03-18 09:11:00-04:00,SHORT,37460,14005.0,13993.25,14017.0,13993.0,48,235.0,14.2,230.8,0.9616666666666667,TARGET,2022-03-18,1.4577464788732395,98.78260869565217,159.0,2022
2022-03-20 22:45:00-04:00,2022-03-20 22:50:00-04:00,2022-03-20 22:50:00-04:00,LONG,37622,14372.75,14366.75,14367.0,14378.5,23,-120.0,14.2,-124.2,-1.08,STOP,2022-03-21,1.325224071702945,45.27536231884058,60.0,2022
2022-03-21 01:20:00-04:00,2022-03-21 01:25:00-04:00,2022-03-21 01:25:00-04:00,SHORT,37653,14337.75,14332.0,14343.75,14331.75,24,115.0,14.2,110.8,0.9233333333333333,TARGET,2022-03-21,1.3444244604316546,48.0,65.0,2022
2022-03-21 22:40:00-04:00,2022-03-21 22:45:00-04:00,2022-03-21 22:45:00-04:00,LONG,37897,14340.25,14334.5,14334.75,14345.75,22,-115.0,14.2,-119.2,-1.0836363636363637,STOP,2022-03-22,1.7345041322314052,42.086956521739125,73.0,2022
2022-03-21 23:25:00-04:00,2022-03-21 23:30:00-04:00,2022-03-21 23:32:00-04:00,LONG,37906,14333.0,14328.0,14328.25,14337.75,19,-100.0,14.2,-104.2,-1.0968421052631578,STOP,2022-03-22,1.3590909090909091,36.34782608695652,52.0,2022
2022-03-22 18:05:00-04:00,2022-03-22 18:10:00-04:00,2022-03-22 18:16:00-04:00,SHORT,38118,14632.0,14640.0,14639.75,14624.25,31,-160.0,14.2,-164.2,-1.0593548387096774,STOP,2022-03-23,1.2879999999999998,60.26086956521739,77.0,2022
2022-03-22 18:45:00-04:00,2022-03-22 18:50:00-04:00,2022-03-22 19:06:00-04:00,LONG,38126,14666.5,14661.25,14661.5,14671.5,20,-105.0,14.2,-109.2,-1.092,STOP,2022-03-23,1.5681818181818183,39.53623188405797,62.0,2022
2022-03-23 20:30:00-04:00,2022-03-23 20:35:00-04:00,2022-03-23 20:35:00-04:00,SHORT,38423,14461.25,14467.5,14467.25,14455.25,24,-125.0,14.2,-129.2,-1.0766666666666667,STOP,2022-03-24,1.7077067669172932,46.26086956521739,79.0,2022
2022-03-23 21:40:00-04:00,2022-03-23 21:45:00-04:00,2022-03-23 21:45:00-04:00,LONG,38437,14480.0,14485.75,14474.0,14486.0,24,115.0,14.2,110.8,0.9233333333333333,TARGET,2022-03-24,1.6696914700544465,47.91304347826087,80.0,2022
2022-03-24 21:55:00-04:00,2022-03-24 22:00:00-04:00,2022-03-24 22:05:00-04:00,LONG,38716,14770.25,14765.25,14765.5,14775.0,19,-100.0,14.2,-104.2,-1.0968421052631578,STOP,2022-03-25,4.369694960212202,37.68115942028985,191.0,2022
2022-03-24 22:40:00-04:00,2022-03-24 22:45:00-04:00,2022-03-24 22:53:00-04:00,LONG,38725,14757.25,14761.25,14753.0,14761.5,17,80.0,14.2,75.8,0.8917647058823529,TARGET,2022-03-25,1.8697552447552448,33.15942028985507,62.0,2022
2022-03-27 18:35:00-04:00,2022-03-27 18:40:00-04:00,2022-03-27 18:41:00-04:00,SHORT,38954,14750.5,14746.75,14754.5,14746.5,16,75.0,14.2,70.8,0.885,TARGET,2022-03-28,1.3800000000000001,31.88405797101449,44.0,2022
2022-03-27 19:20:00-04:00,2022-03-27 19:25:00-04:00,2022-03-27 19:26:00-04:00,LONG,38963,14740.5,14735.75,14736.0,14745.0,18,-95.0,14.2,-99.2,-1.1022222222222222,STOP,2022-03-28,1.6675,34.78260869565217,58.0,2022
2022-03-28 19:55:00-04:00,2022-03-28 20:00:00-04:00,2022-03-28 20:07:00-04:00,SHORT,39246,14972.0,14966.5,14977.75,14966.25,23,110.0,14.2,105.8,0.9199999999999999,TARGET,2022-03-29,1.2900000000000003,44.47826086956522,43.0,2022
2022-03-28 21:40:00-04:00,2022-03-28 21:45:00-04:00,2022-03-28 21:50:00-04:00,LONG,39267,14991.25,14985.75,14986.0,14996.5,21,-110.0,14.2,-114.2,-1.0876190476190477,STOP,2022-03-29,1.2640086206896552,40.347826086956516,51.0,2022
2022-03-29 18:55:00-04:00,2022-03-29 19:00:00-04:00,2022-03-29 19:07:00-04:00,SHORT,39510,15212.25,15217.0,15216.75,15207.75,18,-95.0,14.2,-99.2,-1.1022222222222222,STOP,2022-03-30,1.3121521335807051,34.08695652173913,41.0,2022
2022-03-29 20:05:00-04:00,2022-03-29 20:10:00-04:00,2022-03-29 20:25:00-04:00,SHORT,39524,15211.0,15217.0,15216.75,15205.25,23,-120.0,14.2,-124.2,-1.08,STOP,2022-03-30,1.4535878867676104,44.028985507246375,64.0,2022
2022-03-30 20:15:00-04:00,2022-03-30 20:20:00-04:00,2022-03-30 20:21:00-04:00,LONG,39802,15119.0,15124.5,15113.25,15124.75,23,110.0,14.2,105.8,0.9199999999999999,TARGET,2022-03-31,2.4983541803818303,44.028985507246375,110.0,2022
2022-03-30 22:40:00-04:00,2022-03-30 22:45:00-04:00,2022-03-30 23:11:00-04:00,LONG,39831,15158.25,15154.0,15154.25,15162.25,16,-85.0,14.2,-89.2,-1.115,STOP,2022-03-31,1.6335227272727275,30.60869565217391,50.0,2022
2022-03-31 19:50:00-04:00,2022-03-31 19:55:00-04:00,2022-03-31 20:01:00-04:00,SHORT,40073,14911.5,14916.0,14915.75,14907.25,17,-90.0,14.2,-94.2,-1.108235294117647,STOP,2022-04-01,1.329896907216495,32.33333333333333,43.0,2022
2022-03-31 20:20:00-04:00,2022-03-31 20:25:00-04:00,2022-03-31 20:27:00-04:00,SHORT,40079,14900.5,14895.25,14906.0,14895.0,22,105.0,14.2,100.8,0.9163636363636364,TARGET,2022-04-01,1.622983870967742,43.130434782608695,70.0,2022
2022-04-03 18:20:00-04:00,2022-04-03 18:25:00-04:00,2022-04-03 18:27:00-04:00,SHORT,40333,14832.75,14838.75,14838.5,14827.0,23,-120.0,14.2,-124.2,-1.08,STOP,2022-04-04,1.3939393939393938,45.913043478260875,64.0,2022
2022-04-03 19:35:00-04:00,2022-04-03 19:40:00-04:00,2022-04-03 19:46:00-04:00,SHORT,40348,14821.5,14817.75,14825.5,14817.5,16,75.0,14.2,70.8,0.885,TARGET,2022-04-04,1.6875,32.0,54.0,2022
2022-04-05 00:35:00-04:00,2022-04-05 00:40:00-04:00,2022-04-05 00:41:00-04:00,LONG,40684,15155.0,15151.75,15152.0,15158.0,12,-65.0,14.2,-69.2,-1.1533333333333333,STOP,2022-04-05,1.3512851897184823,23.681159420289855,32.0,2022
2022-04-05 03:10:00-04:00,2022-04-05 03:15:00-04:00,2022-04-05 03:19:00-04:00,SHORT,40715,15154.5,15162.25,15162.0,15147.0,30,-155.0,14.2,-159.2,-1.0613333333333332,STOP,2022-04-05,1.351934523809524,58.43478260869565,79.0,2022
2022-04-05 19:45:00-04:00,2022-04-05 19:50:00-04:00,2022-04-05 19:57:00-04:00,LONG,40902,14842.5,14838.5,14838.75,14846.25,15,-80.0,14.2,-84.2,-1.1226666666666667,STOP,2022-04-06,1.5348837209302326,28.666666666666664,44.0,2022
2022-04-05 20:30:00-04:00,2022-04-05 20:35:00-04:00,2022-04-05 20:37:00-04:00,SHORT,40911,14818.0,14813.75,14822.5,14813.5,18,85.0,14.2,80.8,0.8977777777777778,TARGET,2022-04-06,1.3181063122923586,34.89855072463769,46.0,2022
2022-04-06 18:05:00-04:00,2022-04-06 18:10:00-04:00,2022-04-06 18:22:00-04:00,LONG,41158,14515.25,14509.5,14509.75,14520.75,22,-115.0,14.2,-119.2,-1.0836363636363637,STOP,2022-04-07,1.5444214876033058,42.08695652173913,65.0,2022
2022-04-06 19:35:00-04:00,2022-04-06 19:40:00-04:00,2022-04-06 19:40:00-04:00,SHORT,41176,14485.25,14481.75,14489.0,14481.5,15,70.0,14.2,65.8,0.8773333333333333,TARGET,2022-04-07,1.9534883720930234,28.666666666666664,56.0,2022
2022-04-07 19:15:00-04:00,2022-04-07 19:20:00-04:00,2022-04-07 19:23:00-04:00,LONG,41448,14549.5,14553.25,14545.5,14553.5,16,75.0,14.2,70.8,0.885,TARGET,2022-04-08,1.5625,32.0,50.0,2022
2022-04-07 20:20:00-04:00,2022-04-07 20:25:00-04:00,2022-04-07 20:30:00-04:00,SHORT,41461,14549.25,14544.25,14554.5,14544.0,21,100.0,14.2,95.8,0.9123809523809524,TARGET,2022-04-08,1.693548387096774,41.333333333333336,70.0,2022
2022-04-10 19:00:00-04:00,2022-04-10 19:05:00-04:00,2022-04-10 19:07:00-04:00,LONG,41723,14362.25,14357.75,14358.0,14366.5,17,-90.0,14.2,-94.2,-1.108235294117647,STOP,2022-04-11,1.2539893617021278,32.69565217391304,41.0,2022
2022-04-10 19:55:00-04:00,2022-04-10 20:00:00-04:00,2022-04-10 20:01:00-04:00,SHORT,41734,14317.25,14312.0,14322.75,14311.75,22,105.0,14.2,100.8,0.9163636363636364,TARGET,2022-04-11,1.6595744680851063,42.231884057971016,52.0,2022
2022-04-11 19:50:00-04:00,2022-04-11 19:55:00-04:00,2022-04-11 19:56:00-04:00,SHORT,42009,13979.0,13975.0,13983.25,13974.75,17,80.0,14.2,75.8,0.8917647058823529,TARGET,2022-04-12,1.4411764705882353,34.0,49.0,2022
2022-04-11 20:50:00-04:00,2022-04-11 20:55:00-04:00,2022-04-11 20:56:00-04:00,SHORT,42021,13955.0,13950.0,13960.25,13949.75,21,100.0,14.2,95.8,0.9123809523809524,TARGET,2022-04-12,1.8602941176470587,41.39130434782609,77.0,2022
2022-04-12 20:50:00-04:00,2022-04-12 20:55:00-04:00,2022-04-12 20:59:00-04:00,LONG,42297,14009.5,14015.0,14003.75,14015.25,23,110.0,14.2,105.8,0.9199999999999999,TARGET,2022-04-13,1.2876447876447874,45.44927536231884,58.0,2022
2022-04-12 23:05:00-04:00,2022-04-12 23:10:00-04:00,2022-04-12 23:20:00-04:00,LONG,42324,14039.5,14043.25,14035.5,14043.5,16,75.0,14.2,70.8,0.885,TARGET,2022-04-13,1.7877272727272728,31.884057971014492,57.0,2022
2022-04-13 20:10:00-04:00,2022-04-13 20:15:00-04:00,2022-04-13 20:15:00-04:00,LONG,42565,14243.25,14249.5,14236.75,14249.75,26,125.0,14.2,120.8,0.9292307692307692,TARGET,2022-04-14,1.3862478777589133,51.21739130434783,71.0,2022
2022-04-13 23:50:00-04:00,2022-04-13 23:55:00-04:00,2022-04-14 00:03:00-04:00,LONG,42609,14259.75,14263.5,14255.75,14263.75,16,75.0,14.2,70.8,0.885,TARGET,2022-04-14,2.9182330827067666,30.84057971014493,90.0,2022
2022-04-17 18:05:00-04:00,2022-04-17 18:10:00-04:00,2022-04-17 18:10:00-04:00,SHORT,42817,13833.75,13841.0,13840.75,13826.75,28,-145.0,14.2,-149.2,-1.0657142857142856,STOP,2022-04-18,8.015151515151516,54.52173913043478,437.0,2022
2022-04-17 18:45:00-04:00,2022-04-17 18:50:00-04:00,2022-04-17 18:50:00-04:00,LONG,42825,13800.5,13805.0,13795.75,13805.25,19,90.0,14.2,85.8,0.903157894736842,TARGET,2022-04-18,2.0909090909090913,36.347826086956516,76.0,2022
2022-04-18 19:50:00-04:00,2022-04-18 19:55:00-04:00,2022-04-18 19:57:00-04:00,LONG,43114,14013.75,14018.25,14009.0,14018.5,19,90.0,14.2,85.8,0.903157894736842,TARGET,2022-04-19,2.809090909090909,36.666666666666664,103.0,2022
2022-04-18 20:45:00-04:00,2022-04-18 20:50:00-04:00,2022-04-18 20:50:00-04:00,SHORT,43125,13965.75,13960.25,13971.5,13960.0,23,110.0,14.2,105.8,0.9199999999999999,TARGET,2022-04-19,1.4785714285714284,45.04347826086957,66.0,2022
2022-04-19 18:05:00-04:00,2022-04-19 18:10:00-04:00,2022-04-19 18:16:00-04:00,SHORT,43369,14094.75,14102.0,14101.75,14087.75,28,-145.0,14.2,-149.2,-1.0657142857142856,STOP,2022-04-20,1.6690590111642745,54.52173913043478,91.0,2022
2022-04-19 19:05:00-04:00,2022-04-19 19:10:00-04:00,2022-04-19 19:22:00-04:00,SHORT,43381,14085.0,14090.25,14090.0,14080.0,20,-105.0,14.2,-109.2,-1.092,STOP,2022-04-20,1.286184210526316,39.30434782608695,51.0,2022
2022-04-20 18:35:00-04:00,2022-04-20 18:40:00-04:00,2022-04-20 18:46:00-04:00,LONG,43651,14088.25,14083.5,14083.75,14092.75,18,-95.0,14.2,-99.2,-1.1022222222222222,STOP,2022-04-21,1.4841720779220782,35.71014492753623,53.0,2022
2022-04-20 20:50:00-04:00,2022-04-20 20:55:00-04:00,2022-04-20 20:58:00-04:00,SHORT,43678,14083.5,14089.5,14089.25,14077.75,23,-120.0,14.2,-124.2,-1.08,STOP,2022-04-21,1.2545454545454544,44.637681159420296,56.0,2022
2022-04-21 18:05:00-04:00,2022-04-21 18:10:00-04:00,2022-04-21 18:14:00-04:00,SHORT,43921,13710.25,13703.75,13717.0,13703.5,27,130.0,14.2,125.8,0.9318518518518518,TARGET,2022-04-22,2.090909090909091,52.608695652173914,110.0,2022
2022-04-21 19:40:00-04:00,2022-04-21 19:45:00-04:00,2022-04-21 19:45:00-04:00,SHORT,43940,13708.75,13713.5,13713.25,13704.25,18,-95.0,14.2,-99.2,-1.1022222222222222,STOP,2022-04-22,2.0,36.0,72.0,2022
2022-04-24 18:05:00-04:00,2022-04-24 18:10:00-04:00,2022-04-24 18:10:00-04:00,SHORT,44199,13320.0,13327.5,13327.25,13312.75,29,-150.0,14.2,-154.2,-1.063448275862069,STOP,2022-04-25,4.660246533127888,56.434782608695656,263.0,2022
2022-04-24 18:40:00-04:00,2022-04-24 18:45:00-04:00,2022-04-24 18:45:00-04:00,SHORT,44206,13316.25,13321.25,13321.0,13311.5,19,-100.0,14.2,-104.2,-1.0968421052631578,STOP,2022-04-25,4.571648690292758,37.6231884057971,172.0,2022
2022-04-25 18:05:00-04:00,2022-04-25 18:10:00-04:00,2022-04-25 18:35:00-04:00,SHORT,44475,13511.25,13519.5,13519.25,13503.25,32,-165.0,14.2,-169.2,-1.0574999999999999,STOP,2022-04-26,1.367132867132867,62.173913043478265,85.0,2022
2022-04-25 18:55:00-04:00,2022-04-25 19:00:00-04:00,2022-04-25 19:14:00-04:00,LONG,44485,13525.75,13531.25,13520.0,13531.5,23,110.0,14.2,105.8,0.9199999999999999,TARGET,2022-04-26,1.326923076923077,45.21739130434783,55.0,2022
2022-04-26 18:10:00-04:00,2022-04-26 18:15:00-04:00,2022-04-26 18:15:00-04:00,LONG,44752,12988.25,12979.75,12980.0,12996.5,33,-170.0,14.2,-174.2,-1.0557575757575757,STOP,2022-04-27,4.462686567164179,64.08695652173913,286.0,2022
2022-04-26 18:40:00-04:00,2022-04-26 18:45:00-04:00,2022-04-26 18:45:00-04:00,SHORT,44758,12980.0,12974.75,12985.5,12974.5,22,105.0,14.2,100.8,0.9163636363636364,TARGET,2022-04-27,3.1363636363636367,43.04347826086956,134.0,2022
2022-04-27 21:25:00-04:00,2022-04-27 21:30:00-04:00,2022-04-27 21:34:00-04:00,SHORT,45067,13150.0,13142.25,13158.0,13142.0,32,155.0,14.2,150.8,0.9425000000000001,TARGET,2022-04-28,1.680835197613721,63.04347826086956,98.0,2022
2022-04-27 22:45:00-04:00,2022-04-27 22:50:00-04:00,2022-04-27 22:58:00-04:00,LONG,45083,13188.75,13182.5,13182.75,13194.75,24,-125.0,14.2,-129.2,-1.0766666666666667,STOP,2022-04-28,1.6839536302623554,47.50724637681159,80.0,2022
2022-04-28 18:15:00-04:00,2022-04-28 18:20:00-04:00,2022-04-28 18:20:00-04:00,LONG,45305,13255.75,13265.0,13246.25,13265.25,38,185.0,14.2,180.8,0.9515789473684211,TARGET,2022-04-29,1.2733100233100232,74.60869565217392,95.0,2022
2022-04-28 18:45:00-04:00,2022-04-28 18:50:00-04:00,2022-04-28 18:51:00-04:00,SHORT,45311,13249.75,13243.5,13256.25,13243.25,26,125.0,14.2,120.8,0.9292307692307692,TARGET,2022-04-29,1.3696777905638666,50.37681159420289,69.0,2022
2022-05-01 18:15:00-04:00,2022-05-01 18:20:00-04:00,2022-05-01 18:22:00-04:00,SHORT,45584,12893.5,12883.75,12903.5,12883.5,40,195.0,14.2,190.8,0.9540000000000001,TARGET,2022-05-02,1.2973713033953997,79.3913043478261,103.0,2022
2022-05-01 18:50:00-04:00,2022-05-01 18:55:00-04:00,2022-05-01 18:55:00-04:00,LONG,45591,12893.5,12886.5,12886.75,12900.25,27,-140.0,14.2,-144.2,-1.068148148148148,STOP,2022-05-02,3.023001095290252,52.927536231884055,160.0,2022
2022-05-02 18:35:00-04:00,2022-05-02 18:40:00-04:00,2022-05-02 18:42:00-04:00,SHORT,45864,13036.0,13029.5,13042.75,13029.25,27,130.0,14.2,125.8,0.9318518518518518,TARGET,2022-05-03,1.5681818181818183,53.565217391304344,84.0,2022
2022-05-02 19:05:00-04:00,2022-05-02 19:10:00-04:00,2022-05-02 19:30:00-04:00,LONG,45870,13057.5,13049.75,13050.0,13065.0,30,-155.0,14.2,-159.2,-1.0613333333333332,STOP,2022-05-03,1.6257440476190477,58.43478260869565,95.0,2022
2022-05-03 22:45:00-04:00,2022-05-03 22:50:00-04:00,2022-05-03 23:02:00-04:00,SHORT,46190,13106.75,13113.5,13113.25,13100.25,26,-135.0,14.2,-139.2,-1.0707692307692307,STOP,2022-05-04,1.725,51.01449275362319,88.0,2022
2022-05-03 23:35:00-04:00,2022-05-03 23:40:00-04:00,2022-05-03 23:41:00-04:00,SHORT,46200,13099.5,13094.0,13105.25,13093.75,23,110.0,14.2,105.8,0.9199999999999999,TARGET,2022-05-04,1.7023026315789476,44.05797101449275,75.0,2022
2022-05-04 18:35:00-04:00,2022-05-04 18:40:00-04:00,2022-05-04 18:43:00-04:00,SHORT,46416,13509.0,13503.0,13515.25,13502.75,25,120.0,14.2,115.8,0.9264,TARGET,2022-05-05,1.4759358288770055,48.78260869565217,72.0,2022
2022-05-04 20:25:00-04:00,2022-05-04 20:30:00-04:00,2022-05-04 20:48:00-04:00,LONG,46438,13517.75,13525.25,13510.0,13525.5,31,150.0,14.2,145.8,0.9406451612903226,TARGET,2022-05-05,1.4287271142109852,60.05797101449276,95.0,2022
2022-05-05 18:20:00-04:00,2022-05-05 18:25:00-04:00,2022-05-05 18:31:00-04:00,SHORT,46689,12852.5,12861.5,12861.25,12843.75,35,-180.0,14.2,-184.2,-1.0525714285714285,STOP,2022-05-06,1.7328767123287672,69.82608695652173,121.0,2022
2022-05-05 18:55:00-04:00,2022-05-05 19:00:00-04:00,2022-05-05 19:01:00-04:00,SHORT,46696,12865.5,12859.25,12872.0,12859.0,26,125.0,14.2,120.8,0.9292307692307692,TARGET,2022-05-06,1.4178082191780823,50.78260869565217,66.0,2022
2022-05-08 18:35:00-04:00,2022-05-08 18:40:00-04:00,2022-05-08 18:41:00-04:00,LONG,46970,12622.75,12616.5,12616.75,12628.75,24,-125.0,14.2,-129.2,-1.0766666666666667,STOP,2022-05-09,2.1696762141967625,46.55072463768116,101.0,2022
2022-05-08 19:05:00-04:00,2022-05-08 19:10:00-04:00,2022-05-08 19:11:00-04:00,SHORT,46976,12605.25,12599.0,12611.75,12598.75,26,125.0,14.2,120.8,0.9292307692307692,TARGET,2022-05-09,1.5753424657534247,50.78260869565217,80.0,2022
2022-05-09 19:50:00-04:00,2022-05-09 19:55:00-04:00,2022-05-09 19:56:00-04:00,SHORT,47261,12229.0,12235.5,12235.25,12222.75,25,-130.0,14.2,-134.2,-1.0735999999999999,STOP,2022-05-10,1.315068493150685,48.33333333333333,64.0,2022
2022-05-09 20:20:00-04:00,2022-05-09 20:25:00-04:00,2022-05-09 20:25:00-04:00,SHORT,47267,12125.0,12117.0,12133.25,12116.75,33,160.0,14.2,155.8,0.9442424242424243,TARGET,2022-05-10,3.9569892473118276,64.69565217391305,256.0,2022
2022-05-10 19:35:00-04:00,2022-05-10 19:40:00-04:00,2022-05-10 19:42:00-04:00,SHORT,47534,12330.75,12337.25,12337.0,12324.5,25,-130.0,14.2,-134.2,-1.0735999999999999,STOP,2022-05-11,2.18,50.0,109.0,2022
2022-05-10 20:10:00-04:00,2022-05-10 20:15:00-04:00,2022-05-10 20:16:00-04:00,LONG,47541,12367.5,12375.75,12359.0,12376.0,34,165.0,14.2,160.8,0.9458823529411765,TARGET,2022-05-11,1.5283870967741935,67.3913043478261,103.0,2022
2022-05-11 18:15:00-04:00,2022-05-11 18:20:00-04:00,2022-05-11 18:20:00-04:00,SHORT,47794,11966.0,11957.0,11975.25,11956.75,37,180.0,14.2,175.8,0.9502702702702703,TARGET,2022-05-12,1.9958677685950412,73.65217391304348,147.0,2022
2022-05-11 19:35:00-04:00,2022-05-11 19:40:00-04:00,2022-05-11 19:40:00-04:00,LONG,47810,11996.5,12002.75,11990.0,12003.0,26,125.0,14.2,120.8,0.9292307692307692,TARGET,2022-05-12,1.5000000000000002,51.33333333333333,77.0,2022
2022-05-12 18:30:00-04:00,2022-05-12 18:35:00-04:00,2022-05-12 18:54:00-04:00,LONG,48073,11933.5,11940.5,11926.25,11940.75,29,140.0,14.2,135.8,0.9365517241379311,TARGET,2022-05-13,1.444841675178754,56.75362318840579,82.0,2022
2022-05-12 19:05:00-04:00,2022-05-12 19:10:00-04:00,2022-05-12 19:22:00-04:00,LONG,48080,11961.75,11969.25,11954.0,11969.5,31,150.0,14.2,145.8,0.9406451612903226,TARGET,2022-05-13,1.315677966101695,61.21739130434783,81.0,2022
2022-05-15 18:05:00-04:00,2022-05-15 18:10:00-04:00,2022-05-15 18:12:00-04:00,LONG,48344,12459.5,12470.0,12448.75,12470.25,43,210.0,14.2,205.8,0.9572093023255814,TARGET,2022-05-16,4.8352272727272725,84.65217391304348,407.0,2022
2022-05-15 19:10:00-04:00,2022-05-15 19:15:00-04:00,2022-05-15 19:18:00-04:00,SHORT,48357,12445.75,12438.25,12453.5,12438.0,31,150.0,14.2,145.8,0.9406451612903226,TARGET,2022-05-16,1.3721590909090908,61.21739130434783,84.0,2022
2022-05-16 20:25:00-04:00,2022-05-16 20:30:00-04:00,2022-05-16 20:32:00-04:00,LONG,48648,12304.75,12295.75,12296.0,12313.5,35,-180.0,14.2,-184.2,-1.0525714285714285,STOP,2022-05-17,1.8246436609152288,69.79710144927537,141.0,2022
2022-05-16 21:40:00-04:00,2022-05-16 21:45:00-04:00,2022-05-16 21:50:00-04:00,LONG,48663,12314.0,12323.0,12304.75,12323.25,37,180.0,14.2,175.8,0.9502702702702703,TARGET,2022-05-17,1.8813151563753008,72.28985507246377,136.0,2022
2022-05-17 20:40:00-04:00,2022-05-17 20:45:00-04:00,2022-05-17 21:00:00-04:00,SHORT,48927,12550.0,12542.0,12558.25,12541.75,33,160.0,14.2,155.8,0.9442424242424243,TARGET,2022-05-18,1.2789330922242312,64.11594202898551,82.0,2022
2022-05-17 22:45:00-04:00,2022-05-17 22:50:00-04:00,2022-05-17 22:54:00-04:00,LONG,48952,12538.25,12544.25,12532.0,12544.5,25,120.0,14.2,115.8,0.9264,TARGET,2022-05-18,1.4274475524475527,49.7391304347826,71.0,2022
2022-05-18 18:30:00-04:00,2022-05-18 18:35:00-04:00,2022-05-18 18:36:00-04:00,SHORT,49177,11905.0,11911.5,11911.25,11898.75,25,-130.0,14.2,-134.2,-1.0735999999999999,STOP,2022-05-19,2.5173444976076556,48.463768115942024,122.0,2022
2022-05-18 19:15:00-04:00,2022-05-18 19:20:00-04:00,2022-05-18 19:25:00-04:00,SHORT,49186,11876.5,11883.5,11883.25,11869.75,27,-140.0,14.2,-144.2,-1.068148148148148,STOP,2022-05-19,1.5320723684210527,52.869565217391305,81.0,2022
2022-05-19 19:30:00-04:00,2022-05-19 19:35:00-04:00,2022-05-19 19:41:00-04:00,LONG,49465,11920.0,11926.25,11913.5,11926.5,26,125.0,14.2,120.8,0.9292307692307692,TARGET,2022-05-20,1.5000000000000002,51.33333333333333,77.0,2022
2022-05-19 21:20:00-04:00,2022-05-19 21:25:00-04:00,2022-05-19 21:26:00-04:00,LONG,49487,11983.0,11990.25,11975.5,11990.5,30,145.0,14.2,140.8,0.9386666666666668,TARGET,2022-05-20,1.3970370370370369,58.69565217391305,82.0,2022
2022-05-22 18:05:00-04:00,2022-05-22 18:10:00-04:00,2022-05-22 18:10:00-04:00,LONG,49726,11902.25,11910.75,11893.5,11911.0,35,170.0,14.2,165.8,0.9474285714285715,TARGET,2022-05-23,4.8352272727272725,68.86956521739131,333.0,2022
2022-05-22 18:40:00-04:00,2022-05-22 18:45:00-04:00,2022-05-22 18:45:00-04:00,LONG,49733,11920.75,11914.75,11915.0,11926.5,23,-120.0,14.2,-124.2,-1.08,STOP,2022-05-23,2.4829545454545454,45.91304347826087,114.0,2022
2022-05-23 18:15:00-04:00,2022-05-23 18:20:00-04:00,2022-05-23 18:24:00-04:00,LONG,50004,11844.5,11835.75,11836.0,11853.0,34,-175.0,14.2,-179.2,-1.0541176470588234,STOP,2022-05-24,1.6491677336747759,67.91304347826087,112.0,2022
2022-05-23 18:50:00-04:00,2022-05-23 18:55:00-04:00,2022-05-23 18:56:00-04:00,LONG,50011,11873.25,11878.75,11867.5,11879.0,23,110.0,14.2,105.8,0.9199999999999999,TARGET,2022-05-24,1.3693982074263764,45.27536231884058,62.0,2022
2022-05-24 20:15:00-04:00,2022-05-24 20:20:00-04:00,2022-05-24 20:20:00-04:00,SHORT,50304,11807.25,11799.5,11815.25,11799.25,32,155.0,14.2,150.8,0.9425000000000001,TARGET,2022-05-25,1.9873271889400923,62.89855072463768,125.0,2022
2022-05-24 21:20:00-04:00,2022-05-24 21:25:00-04:00,2022-05-24 21:38:00-04:00,LONG,50317,11830.5,11837.25,11823.5,11837.5,28,135.0,14.2,130.8,0.9342857142857144,TARGET,2022-05-25,1.2777777777777777,54.78260869565218,70.0,2022
2022-05-25 18:05:00-04:00,2022-05-25 18:10:00-04:00,2022-05-25 18:15:00-04:00,LONG,50554,11906.25,11915.0,11897.25,11915.25,36,175.0,14.2,170.8,0.948888888888889,TARGET,2022-05-26,1.5540540540540542,71.26086956521739,110.0,2022
2022-05-25 20:05:00-04:00,2022-05-25 20:10:00-04:00,2022-05-25 20:10:00-04:00,LONG,50578,11915.25,11923.5,11906.75,11923.75,34,165.0,14.2,160.8,0.9458823529411765,TARGET,2022-05-26,1.47384481255449,66.4927536231884,98.0,2022
2022-05-26 18:30:00-04:00,2022-05-26 18:35:00-04:00,2022-05-26 18:35:00-04:00,SHORT,50835,12282.25,12276.75,12288.0,12276.5,23,110.0,14.2,105.8,0.9199999999999999,TARGET,2022-05-27,1.393939393939394,45.91304347826087,64.0,2022
2022-05-26 20:40:00-04:00,2022-05-26 20:45:00-04:00,2022-05-26 20:47:00-04:00,SHORT,50861,12243.25,12236.25,12250.5,12236.0,29,140.0,14.2,135.8,0.9365517241379311,TARGET,2022-05-27,1.5137755102040815,56.811594202898554,86.0,2022
2022-05-29 18:20:00-04:00,2022-05-29 18:25:00-04:00,2022-05-29 18:33:00-04:00,LONG,51111,12692.0,12699.75,12684.0,12700.0,32,155.0,14.2,150.8,0.9425000000000001,TARGET,2022-05-30,1.3305785123966942,63.130434782608695,84.0,2022
2022-05-29 19:15:00-04:00,2022-05-29 19:20:00-04:00,2022-05-29 19:20:00-04:00,LONG,51122,12735.5,12729.5,12729.75,12741.25,23,-120.0,14.2,-124.2,-1.08,STOP,2022-05-30,2.0346153846153845,45.21739130434783,92.0,2022
2022-05-30 18:10:00-04:00,2022-05-30 18:15:00-04:00,2022-05-30 18:16:00-04:00,SHORT,51337,12768.75,12776.25,12776.0,12761.5,29,-150.0,14.2,-154.2,-1.063448275862069,STOP,2022-05-31,2.1963330786860196,56.913043478260875,125.0,2022
2022-05-30 18:40:00-04:00,2022-05-30 18:45:00-04:00,2022-05-30 18:47:00-04:00,LONG,51343,12763.5,12768.25,12758.5,12768.5,20,95.0,14.2,90.8,0.9079999999999999,TARGET,2022-05-31,1.803409090909091,38.26086956521739,69.0,2022
2022-05-31 18:50:00-04:00,2022-05-31 18:55:00-04:00,2022-05-31 18:57:00-04:00,LONG,51621,12684.0,12688.75,12679.0,12689.0,20,95.0,14.2,90.8,0.9079999999999999,TARGET,2022-06-01,1.4910581222056631,38.89855072463768,58.0,2022
2022-05-31 19:45:00-04:00,2022-05-31 19:50:00-04:00,2022-05-31 19:56:00-04:00,LONG,51632,12705.25,12710.25,12700.0,12710.5,21,100.0,14.2,95.8,0.9123809523809524,TARGET,2022-06-01,1.4262295081967213,40.666666666666664,58.0,2022
2022-06-01 18:25:00-04:00,2022-06-01 18:30:00-04:00,2022-06-01 18:32:00-04:00,SHORT,51892,12535.0,12530.25,12540.0,12530.0,20,95.0,14.2,90.8,0.9079999999999999,TARGET,2022-06-02,1.2682563338301043,38.89855072463768,74.0,2022
2022-06-01 19:45:00-04:00,2022-06-01 19:50:00-04:00,2022-06-01 19:50:00-04:00,SHORT,51908,12507.75,12513.25,12513.0,12502.5,21,-110.0,14.2,-114.2,-1.0876190476190477,STOP,2022-06-02,1.5737704918032789,40.666666666666664,64.0,2022
2022-06-02 18:10:00-04:00,2022-06-02 18:15:00-04:00,2022-06-02 18:29:00-04:00,LONG,52165,12928.0,12920.5,12920.75,12935.25,29,-150.0,14.2,-154.2,-1.063448275862069,STOP,2022-06-03,2.941448382126348,56.434782608695656,166.0,2022
2022-06-02 21:00:00-04:00,2022-06-02 21:05:00-04:00,2022-06-02 21:06:00-04:00,SHORT,52199,12893.5,12887.75,12899.5,12887.5,24,115.0,14.2,110.8,0.9233333333333333,TARGET,2022-06-03,1.6459510357815441,46.173913043478265,76.0,2022
2022-06-05 18:05:00-04:00,2022-06-05 18:10:00-04:00,2022-06-05 18:11:00-04:00,LONG,52441,12573.0,12565.75,12566.0,12580.0,28,-145.0,14.2,-149.2,-1.0657142857142856,STOP,2022-06-06,2.5595611285266457,55.47826086956522,142.0,2022
2022-06-05 18:40:00-04:00,2022-06-05 18:45:00-04:00,2022-06-05 18:46:00-04:00,LONG,52448,12545.5,12550.0,12540.75,12550.25,19,90.0,14.2,85.8,0.903157894736842,TARGET,2022-06-06,2.3522727272727275,36.985507246376805,87.0,2022
2022-06-06 19:50:00-04:00,2022-06-06 19:55:00-04:00,2022-06-06 19:55:00-04:00,LONG,52738,12610.25,12605.0,12605.25,12615.25,20,-105.0,14.2,-109.2,-1.092,STOP,2022-06-07,1.5775862068965518,38.666666666666664,61.0,2022
2022-06-06 20:35:00-04:00,2022-06-06 20:40:00-04:00,2022-06-06 20:40:00-04:00,SHORT,52747,12556.0,12562.25,12562.0,12550.0,24,-125.0,14.2,-129.2,-1.0766666666666667,STOP,2022-06-07,1.317118226600985,47.072463768115945,62.0,2022
2022-06-07 19:35:00-04:00,2022-06-07 19:40:00-04:00,2022-06-07 19:43:00-04:00,SHORT,53011,12686.0,12681.25,12691.0,12681.0,20,95.0,14.2,90.8,0.9079999999999999,TARGET,2022-06-08,1.35,40.0,54.0,2022
2022-06-07 20:40:00-04:00,2022-06-07 20:45:00-04:00,2022-06-07 20:48:00-04:00,LONG,53024,12692.75,12686.5,12686.75,12698.75,24,-125.0,14.2,-129.2,-1.0766666666666667,STOP,2022-06-08,1.4827481840193704,47.8840579710145,71.0,2022
2022-06-08 20:40:00-04:00,2022-06-08 20:45:00-04:00,2022-06-08 20:46:00-04:00,SHORT,53300,12590.25,12596.25,12596.0,12584.5,23,-120.0,14.2,-124.2,-1.08,STOP,2022-06-09,1.456168831168831,44.637681159420296,65.0,2022
2022-06-08 21:30:00-04:00,2022-06-08 21:35:00-04:00,2022-06-08 21:35:00-04:00,SHORT,53310,12589.75,12596.0,12595.75,12583.75,24,-125.0,14.2,-129.2,-1.0766666666666667,STOP,2022-06-09,1.2545454545454544,46.231884057971016,58.0,2022
2022-09-07 05:05:00-04:00,2022-09-07 05:10:00-04:00,2022-09-07 05:16:00-04:00,SHORT,53401,12108.25,12115.0,12114.75,12101.75,26,-135.0,14.2,-139.2,-1.0707692307692307,STOP,2022-09-07,1.7952488687782806,51.2463768115942,92.0,2022
2022-09-07 07:40:00-04:00,2022-09-07 07:45:00-04:00,2022-09-07 07:47:00-04:00,SHORT,53432,12078.0,12071.25,12085.0,12071.0,28,135.0,14.2,130.8,0.9342857142857144,TARGET,2022-09-07,3.82114467408585,54.69565217391305,209.0,2022
2022-09-07 20:20:00-04:00,2022-09-07 20:25:00-04:00,2022-09-07 20:55:00-04:00,LONG,53565,12347.5,12353.25,12341.5,12353.5,24,115.0,14.2,110.8,0.9233333333333333,TARGET,2022-09-08,2.504032258064516,46.72463768115942,117.0,2022
2022-09-07 21:20:00-04:00,2022-09-07 21:25:00-04:00,2022-09-07 21:38:00-04:00,SHORT,53577,12357.5,12362.75,12362.5,12352.5,20,-105.0,14.2,-109.2,-1.092,STOP,2022-09-08,1.8540305010893243,39.913043478260875,74.0,2022
2022-09-08 20:35:00-04:00,2022-09-08 20:40:00-04:00,2022-09-08 20:44:00-04:00,LONG,53840,12467.75,12472.75,12462.5,12473.0,21,100.0,14.2,95.8,0.9123809523809524,TARGET,2022-09-09,1.8361344537815123,41.39130434782609,76.0,2022
2022-09-08 21:35:00-04:00,2022-09-08 21:40:00-04:00,2022-09-08 21:43:00-04:00,SHORT,53852,12435.75,12441.5,12441.25,12430.25,22,-115.0,14.2,-119.2,-1.0836363636363637,STOP,2022-09-09,1.413451689996586,42.869565217391305,60.0,2022
2022-09-11 18:05:00-04:00,2022-09-11 18:10:00-04:00,2022-09-11 18:12:00-04:00,LONG,54088,12732.75,12726.75,12727.0,12738.5,23,-120.0,14.2,-124.2,-1.08,STOP,2022-09-12,7.514204545454545,45.913043478260875,345.0,2022
2022-09-11 19:00:00-04:00,2022-09-11 19:05:00-04:00,2022-09-11 19:11:00-04:00,SHORT,54099,12722.75,12718.75,12727.0,12718.5,17,80.0,14.2,75.8,0.8917647058823529,TARGET,2022-09-12,1.3776041666666667,33.391304347826086,46.0,2022
2022-09-12 20:10:00-04:00,2022-09-12 20:15:00-04:00,2022-09-12 20:17:00-04:00,LONG,54389,12847.25,12841.75,12842.0,12852.5,21,-110.0,14.2,-114.2,-1.0876190476190477,STOP,2022-09-13,1.409677419354839,40.43478260869565,57.0,2022
2022-09-12 21:00:00-04:00,2022-09-12 21:05:00-04:00,2022-09-12 21:16:00-04:00,SHORT,54399,12843.75,12839.5,12848.25,12839.25,18,85.0,14.2,80.8,0.8977777777777778,TARGET,2022-09-13,1.419753086419753,35.21739130434783,50.0,2022
2022-09-13 18:05:00-04:00,2022-09-13 18:10:00-04:00,2022-09-13 18:10:00-04:00,SHORT,54640,12120.0,12125.75,12125.5,12114.5,22,-115.0,14.2,-119.2,-1.0836363636363637,STOP,2022-09-14,2.4235537190082646,42.08695652173913,102.0,2022
2022-09-13 19:05:00-04:00,2022-09-13 19:10:00-04:00,2022-09-13 19:10:00-04:00,SHORT,54652,12127.5,12131.75,12131.5,12123.5,16,-85.0,14.2,-89.2,-1.115,STOP,2022-09-14,1.7642045454545454,30.608695652173914,54.0,2022
2022-09-14 18:40:00-04:00,2022-09-14 18:45:00-04:00,2022-09-14 18:45:00-04:00,LONG,54923,12258.25,12261.75,12254.5,12262.0,15,70.0,14.2,65.8,0.8773333333333333,TARGET,2022-09-15,1.4318181818181819,29.333333333333332,42.0,2022
2022-09-14 19:10:00-04:00,2022-09-14 19:15:00-04:00,2022-09-14 19:17:00-04:00,SHORT,54929,12251.25,12247.5,12255.25,12247.25,16,75.0,14.2,70.8,0.885,TARGET,2022-09-15,1.25,32.0,40.0,2022
2022-09-15 18:05:00-04:00,2022-09-15 18:10:00-04:00,2022-09-15 18:10:00-04:00,SHORT,55192,11905.5,11911.5,11911.25,11899.75,23,-120.0,14.2,-124.2,-1.08,STOP,2022-09-16,5.961315280464216,44.95652173913044,268.0,2022
2022-09-15 18:35:00-04:00,2022-09-15 18:40:00-04:00,2022-09-15 18:42:00-04:00,LONG,55198,11923.25,11919.25,11919.5,11927.0,15,-80.0,14.2,-84.2,-1.1226666666666667,STOP,2022-09-16,1.4347195357833658,29.97101449275362,43.0,2022
2022-09-18 18:10:00-04:00,2022-09-18 18:15:00-04:00,2022-09-18 18:18:00-04:00,SHORT,55469,11890.25,11896.25,11896.0,11884.5,23,-120.0,14.2,-124.2,-1.08,STOP,2022-09-19,4.007575757575757,45.913043478260875,184.0,2022
2022-09-18 18:50:00-04:00,2022-09-18 18:55:00-04:00,2022-09-18 19:02:00-04:00,LONG,55477,11920.75,11916.5,11916.75,11924.75,16,-85.0,14.2,-89.2,-1.115,STOP,2022-09-19,2.2542613636363638,30.60869565217391,69.0,2022
2022-09-19 20:45:00-04:00,2022-09-19 20:50:00-04:00,2022-09-19 20:50:00-04:00,SHORT,55776,12060.5,12055.75,12065.5,12055.5,20,95.0,14.2,90.8,0.9079999999999999,TARGET,2022-09-20,1.3830174927113703,39.768115942028984,55.0,2022
2022-09-19 21:20:00-04:00,2022-09-19 21:25:00-04:00,2022-09-19 21:25:00-04:00,SHORT,55783,12037.0,12042.25,12042.0,12032.0,20,-105.0,14.2,-109.2,-1.092,STOP,2022-09-20,1.7471655328798186,38.34782608695652,67.0,2022
2022-09-20 18:05:00-04:00,2022-09-20 18:10:00-04:00,2022-09-20 19:02:00-04:00,SHORT,56020,11930.75,11937.25,11937.0,11924.5,25,-130.0,14.2,-134.2,-1.0735999999999999,STOP,2022-09-21,1.656165616561656,48.30434782608696,80.0,2022
2022-09-20 19:10:00-04:00,2022-09-20 19:15:00-04:00,2022-09-20 19:22:00-04:00,SHORT,56033,11914.75,11919.5,11919.25,11910.25,18,-95.0,14.2,-99.2,-1.1022222222222222,STOP,2022-09-21,1.7537500000000001,34.78260869565217,61.0,2022
2022-09-21 18:45:00-04:00,2022-09-21 18:50:00-04:00,2022-09-21 18:51:00-04:00,SHORT,56304,11622.0,11626.25,11626.0,11618.0,16,-85.0,14.2,-89.2,-1.115,STOP,2022-09-22,3.9044526901669765,31.2463768115942,122.0,2022
2022-09-21 19:15:00-04:00,2022-09-21 19:20:00-04:00,2022-09-21 19:21:00-04:00,SHORT,56310,11616.75,11621.5,11621.25,11612.25,18,-95.0,14.2,-99.2,-1.1022222222222222,STOP,2022-09-22,2.4936224489795915,34.08695652173913,85.0,2022
2022-09-22 18:05:00-04:00,2022-09-22 18:10:00-04:00,2022-09-22 18:12:00-04:00,SHORT,56572,11571.5,11578.0,11577.75,11565.25,25,-130.0,14.2,-134.2,-1.0735999999999999,STOP,2022-09-23,1.414438502673797,48.78260869565217,69.0,2022
2022-09-22 18:45:00-04:00,2022-09-22 18:50:00-04:00,2022-09-22 18:55:00-04:00,SHORT,56580,11564.75,11569.25,11569.0,11560.5,17,-90.0,14.2,-94.2,-1.108235294117647,STOP,2022-09-23,2.951871657754011,32.52173913043478,96.0,2022
2022-09-25 18:05:00-04:00,2022-09-25 18:10:00-04:00,2022-09-25 18:10:00-04:00,SHORT,56848,11327.5,11321.25,11334.0,11321.0,26,125.0,14.2,120.8,0.9292307692307692,TARGET,2022-09-26,5.920985556499574,51.173913043478265,303.0,2022
2022-09-25 18:35:00-04:00,2022-09-25 18:40:00-04:00,2022-09-25 18:41:00-04:00,SHORT,56854,11374.75,11379.5,11379.25,11370.25,18,-95.0,14.2,-99.2,-1.1022222222222222,STOP,2022-09-26,1.5681818181818183,34.43478260869565,54.0,2022
2022-09-26 18:35:00-04:00,2022-09-26 18:40:00-04:00,2022-09-26 18:44:00-04:00,LONG,57130,11324.75,11319.75,11320.0,11329.5,19,-100.0,14.2,-104.2,-1.0968421052631578,STOP,2022-09-27,1.320574162679426,36.347826086956516,48.0,2022
2022-09-26 19:55:00-04:00,2022-09-26 20:00:00-04:00,2022-09-26 20:03:00-04:00,LONG,57146,11350.25,11356.5,11343.75,11356.75,26,125.0,14.2,120.8,0.9292307692307692,TARGET,2022-09-27,1.9473684210526316,51.21739130434783,74.0,2022
2022-09-27 19:20:00-04:00,2022-09-27 19:25:00-04:00,2022-09-27 19:30:00-04:00,SHORT,57415,11351.75,11357.25,11357.0,11346.5,21,-110.0,14.2,-114.2,-1.0876190476190477,STOP,2022-09-28,1.2563025210084033,41.391304347826086,52.0,2022
2022-09-27 19:55:00-04:00,2022-09-27 20:00:00-04:00,2022-09-27 20:00:00-04:00,SHORT,57422,11355.25,11348.75,11362.0,11348.5,27,130.0,14.2,125.8,0.9318518518518518,TARGET,2022-09-28,1.8559322033898307,53.01449275362319,73.0,2022
2022-09-28 18:50:00-04:00,2022-09-28 18:55:00-04:00,2022-09-28 18:55:00-04:00,SHORT,57685,11527.75,11522.75,11533.0,11522.5,21,100.0,14.2,95.8,0.9123809523809524,TARGET,2022-09-29,1.7151988636363638,40.81159420289855,70.0,2022
2022-09-28 20:05:00-04:00,2022-09-28 20:10:00-04:00,2022-09-28 20:11:00-04:00,LONG,57700,11555.75,11548.25,11548.5,11563.0,29,-150.0,14.2,-154.2,-1.063448275862069,STOP,2022-09-29,2.0171370967741935,57.507246376811594,116.0,2022
2022-09-29 18:05:00-04:00,2022-09-29 18:10:00-04:00,2022-09-29 18:22:00-04:00,LONG,57952,11251.25,11242.75,11243.0,11259.5,33,-170.0,14.2,-174.2,-1.0557575757575757,STOP,2022-09-30,1.2727272727272727,66.0,84.0,2022
2022-09-29 18:55:00-04:00,2022-09-29 19:00:00-04:00,2022-09-29 19:01:00-04:00,LONG,57962,11244.0,11249.75,11238.0,11250.0,24,115.0,14.2,110.8,0.9233333333333333,TARGET,2022-09-30,1.4772727272727275,48.0,65.0,2022
2022-10-02 18:15:00-04:00,2022-10-02 18:20:00-04:00,2022-10-02 18:20:00-04:00,LONG,58230,11037.75,11029.0,11029.25,11046.25,34,-175.0,14.2,-179.2,-1.0541176470588234,STOP,2022-10-03,2.8181818181818183,66.47826086956522,186.0,2022
2022-10-02 19:15:00-04:00,2022-10-02 19:20:00-04:00,2022-10-02 19:21:00-04:00,SHORT,58242,11011.25,11005.25,11017.5,11005.0,25,120.0,14.2,115.8,0.9264,TARGET,2022-10-03,1.7660714285714287,48.69565217391304,86.0,2022
2022-10-03 18:35:00-04:00,2022-10-03 18:40:00-04:00,2022-10-03 18:43:00-04:00,SHORT,58510,11289.0,11294.75,11294.5,11283.5,22,-115.0,14.2,-119.2,-1.0836363636363637,STOP,2022-10-04,2.1363636363636367,43.99999999999999,94.0,2022
2022-10-03 19:05:00-04:00,2022-10-03 19:10:00-04:00,2022-10-03 19:11:00-04:00,LONG,58516,11313.75,11319.5,11307.75,11319.75,24,115.0,14.2,110.8,0.9233333333333333,TARGET,2022-10-04,1.2708333333333333,48.0,61.0,2022
2022-10-04 20:10:00-04:00,2022-10-04 20:15:00-04:00,2022-10-04 20:22:00-04:00,SHORT,58805,11603.5,11596.0,11611.25,11595.75,31,150.0,14.2,145.8,0.9406451612903226,TARGET,2022-10-05,1.3620606644198363,60.20289855072464,82.0,2022
2022-10-04 20:50:00-04:00,2022-10-04 20:55:00-04:00,2022-10-04 21:02:00-04:00,SHORT,58813,11581.25,11588.5,11588.25,11574.25,28,-145.0,14.2,-149.2,-1.0657142857142856,STOP,2022-10-05,1.673507462686567,54.376811594202906,91.0,2022
2022-10-05 18:40:00-04:00,2022-10-05 18:45:00-04:00,2022-10-05 18:55:00-04:00,LONG,59063,11644.5,11649.5,11639.25,11649.75,21,100.0,14.2,95.8,0.9123809523809524,TARGET,2022-10-06,1.4234265734265736,41.449275362318836,59.0,2022
2022-10-05 19:55:00-04:00,2022-10-05 20:00:00-04:00,2022-10-05 20:01:00-04:00,LONG,59078,11698.75,11691.25,11691.5,11706.0,29,-150.0,14.2,-154.2,-1.063448275862069,STOP,2022-10-06,2.390625,57.507246376811594,102.0,2022
2022-10-06 19:05:00-04:00,2022-10-06 19:10:00-04:00,2022-10-06 19:26:00-04:00,LONG,59344,11505.75,11511.0,11500.25,11511.25,22,105.0,14.2,100.8,0.9163636363636364,TARGET,2022-10-07,1.6656746031746033,43.826086956521735,73.0,2022
2022-10-06 19:40:00-04:00,2022-10-06 19:45:00-04:00,2022-10-06 19:49:00-04:00,SHORT,59351,11500.75,11506.25,11506.0,11495.5,21,-110.0,14.2,-114.2,-1.0876190476190477,STOP,2022-10-07,1.380952380952381,42.0,58.0,2022
2022-10-09 18:10:00-04:00,2022-10-09 18:15:00-04:00,2022-10-09 18:15:00-04:00,LONG,59610,11039.5,11046.5,11032.25,11046.75,29,140.0,14.2,135.8,0.9365517241379311,TARGET,2022-10-10,1.7424242424242424,57.391304347826086,100.0,2022
2022-10-09 19:00:00-04:00,2022-10-09 19:05:00-04:00,2022-10-09 19:05:00-04:00,SHORT,59620,11020.5,11015.5,11025.75,11015.25,21,100.0,14.2,95.8,0.9123809523809524,TARGET,2022-10-10,2.084375,41.73913043478261,87.0,2022
2022-10-10 19:05:00-04:00,2022-10-10 19:10:00-04:00,2022-10-10 19:11:00-04:00,LONG,59897,11015.0,11019.75,11010.0,11020.0,20,95.0,14.2,90.8,0.9079999999999999,TARGET,2022-10-11,1.5265486725663717,39.30434782608695,60.0,2022
2022-10-10 20:05:00-04:00,2022-10-10 20:10:00-04:00,2022-10-10 20:10:00-04:00,SHORT,59909,10981.0,10987.75,10987.5,10974.5,26,-135.0,14.2,-139.2,-1.0707692307692307,STOP,2022-10-11,2.861751152073733,50.31884057971014,144.0,2022
2022-10-11 19:30:00-04:00,2022-10-11 19:35:00-04:00,2022-10-11 19:35:00-04:00,SHORT,60178,10853.5,10858.75,10858.5,10848.5,20,-105.0,14.2,-109.2,-1.092,STOP,2022-10-12,1.6293103448275863,38.666666666666664,63.0,2022
2022-10-11 20:25:00-04:00,2022-10-11 20:30:00-04:00,2022-10-11 20:34:00-04:00,LONG,60189,10864.25,10870.0,10858.25,10870.25,24,115.0,14.2,110.8,0.9233333333333333,TARGET,2022-10-12,2.0914905450500556,47.072463768115945,109.0,2022
2022-10-12 21:25:00-04:00,2022-10-12 21:30:00-04:00,2022-10-12 21:42:00-04:00,SHORT,60477,10861.25,10855.0,10867.75,10854.75,26,125.0,14.2,120.8,0.9292307692307692,TARGET,2022-10-13,1.4055555555555554,50.85507246376811,66.0,2022
2022-10-12 22:15:00-04:00,2022-10-12 22:20:00-04:00,2022-10-12 22:23:00-04:00,SHORT,60487,10837.0,10842.75,10842.5,10831.5,22,-115.0,14.2,-119.2,-1.0836363636363637,STOP,2022-10-13,1.9549999999999998,43.47826086956522,85.0,2022
2022-10-13 18:25:00-04:00,2022-10-13 18:30:00-04:00,2022-10-13 18:33:00-04:00,SHORT,60717,11061.75,11067.0,11066.75,11056.75,20,-105.0,14.2,-109.2,-1.092,STOP,2022-10-14,1.5081967213114753,38.89855072463768,88.0,2022
2022-10-13 20:10:00-04:00,2022-10-13 20:15:00-04:00,2022-10-13 20:17:00-04:00,SHORT,60738,11031.75,11025.25,11038.5,11025.0,27,130.0,14.2,125.8,0.9318518518518518,TARGET,2022-10-14,1.5951612903225807,53.91304347826087,86.0,2022
2022-10-16 18:05:00-04:00,2022-10-16 18:10:00-04:00,2022-10-16 18:17:00-04:00,LONG,60992,10782.25,10774.25,10774.5,10790.0,31,-160.0,14.2,-164.2,-1.0593548387096774,STOP,2022-10-17,4.083035075161059,60.73913043478261,248.0,2022
2022-10-16 18:50:00-04:00,2022-10-16 18:55:00-04:00,2022-10-16 18:58:00-04:00,LONG,61001,10793.5,10788.0,10788.25,10798.75,21,-110.0,14.2,-114.2,-1.0876190476190477,STOP,2022-10-17,1.369047619047619,40.17391304347826,55.0,2022
2022-10-17 18:20:00-04:00,2022-10-17 18:25:00-04:00,2022-10-17 18:26:00-04:00,LONG,61271,11180.25,11187.5,11172.75,11187.75,30,145.0,14.2,140.8,0.9386666666666668,TARGET,2022-10-18,1.2545454545454544,59.78260869565218,75.0,2022
2022-10-17 21:10:00-04:00,2022-10-17 21:15:00-04:00,2022-10-17 21:17:00-04:00,LONG,61305,11213.25,11207.0,11207.25,11219.25,24,-125.0,14.2,-129.2,-1.0766666666666667,STOP,2022-10-18,1.4034608378870674,47.73913043478261,67.0,2022
2022-10-18 19:10:00-04:00,2022-10-18 19:15:00-04:00,2022-10-18 19:15:00-04:00,LONG,61557,11367.5,11373.0,11361.75,11373.25,23,110.0,14.2,105.8,0.9199999999999999,TARGET,2022-10-19,2.4931640625,44.52173913043478,111.0,2022
2022-10-18 19:40:00-04:00,2022-10-18 19:45:00-04:00,2022-10-18 19:50:00-04:00,SHORT,61563,11344.0,11349.75,11349.5,11338.5,22,-115.0,14.2,-119.2,-1.0836363636363637,STOP,2022-10-19,2.109375,42.666666666666664,90.0,2022
2022-10-19 18:55:00-04:00,2022-10-19 19:00:00-04:00,2022-10-19 19:02:00-04:00,SHORT,61830,11096.75,11102.75,11102.5,11091.0,23,-120.0,14.2,-124.2,-1.08,STOP,2022-10-20,1.2545454545454546,45.21739130434783,52.0,2022
2022-10-19 19:30:00-04:00,2022-10-19 19:35:00-04:00,2022-10-19 19:54:00-04:00,SHORT,61837,11077.5,11083.25,11083.0,11072.0,22,-115.0,14.2,-119.2,-1.0836363636363637,STOP,2022-10-20,1.6171875,42.666666666666664,69.0,2022
2022-10-20 18:35:00-04:00,2022-10-20 18:40:00-04:00,2022-10-20 18:46:00-04:00,SHORT,62102,11021.0,11015.75,11026.5,11015.5,22,105.0,14.2,100.8,0.9163636363636364,TARGET,2022-10-21,2.0681818181818183,43.99999999999999,91.0,2022
2022-10-20 19:10:00-04:00,2022-10-20 19:15:00-04:00,2022-10-20 19:20:00-04:00,SHORT,62109,10998.75,11005.0,11004.75,10992.75,24,-125.0,14.2,-129.2,-1.0766666666666667,STOP,2022-10-21,1.5208333333333333,48.0,73.0,2022
2022-10-23 18:05:00-04:00,2022-10-23 18:10:00-04:00,2022-10-23 18:14:00-04:00,LONG,62372,11509.75,11501.25,11501.5,11518.0,33,-170.0,14.2,-174.2,-1.0557575757575757,STOP,2022-10-24,7.681818181818182,66.0,507.0,2022
2022-10-23 18:40:00-04:00,2022-10-23 18:45:00-04:00,2022-10-23 18:46:00-04:00,SHORT,62379,11475.75,11470.5,11481.25,11470.25,22,105.0,14.2,100.8,0.9163636363636364,TARGET,2022-10-24,2.0909090909090913,43.99999999999999,92.0,2022
2022-10-24 20:05:00-04:00,2022-10-24 20:10:00-04:00,2022-10-24 20:10:00-04:00,SHORT,62672,11465.25,11473.25,11473.0,11457.5,31,-160.0,14.2,-164.2,-1.0593548387096774,STOP,2022-10-25,1.325664136622391,61.10144927536232,81.0,2022
2022-10-24 21:10:00-04:00,2022-10-24 21:15:00-04:00,2022-10-24 21:16:00-04:00,SHORT,62685,11464.75,11458.25,11471.5,11458.0,27,130.0,14.2,125.8,0.9318518518518518,TARGET,2022-10-25,1.9542483660130718,53.21739130434783,104.0,2022
2022-10-25 18:10:00-04:00,2022-10-25 18:15:00-04:00,2022-10-25 18:15:00-04:00,LONG,62926,11495.75,11487.25,11487.5,11504.0,33,-170.0,14.2,-174.2,-1.0557575757575757,STOP,2022-10-26,2.278154681139756,64.08695652173913,146.0,2022
2022-10-25 18:55:00-04:00,2022-10-25 19:00:00-04:00,2022-10-25 19:08:00-04:00,SHORT,62935,11473.75,11468.0,11479.75,11467.75,24,115.0,14.2,110.8,0.9233333333333333,TARGET,2022-10-26,1.8256445047489827,46.608695652173914,78.0,2022
2022-10-26 18:30:00-04:00,2022-10-26 18:35:00-04:00,2022-10-26 18:38:00-04:00,LONG,63206,11449.0,11454.0,11443.75,11454.25,21,100.0,14.2,95.8,0.9123809523809524,TARGET,2022-10-27,1.5923076923076924,41.449275362318836,66.0,2022
2022-10-26 19:05:00-04:00,2022-10-26 19:10:00-04:00,2022-10-26 19:16:00-04:00,LONG,63213,11479.5,11473.5,11473.75,11485.25,23,-120.0,14.2,-124.2,-1.08,STOP,2022-10-27,2.6096153846153847,45.21739130434783,118.0,2022
2022-10-27 18:10:00-04:00,2022-10-27 18:15:00-04:00,2022-10-27 18:20:00-04:00,LONG,63478,11162.25,11154.25,11154.5,11170.0,31,-160.0,14.2,-164.2,-1.0593548387096774,STOP,2022-10-28,2.4393939393939394,60.26086956521739,147.0,2022
2022-10-27 18:45:00-04:00,2022-10-27 18:50:00-04:00,2022-10-27 18:50:00-04:00,LONG,63485,11167.25,11161.75,11162.0,11172.5,21,-110.0,14.2,-114.2,-1.0876190476190477,STOP,2022-10-28,2.1904761904761907,40.17391304347826,88.0,2022
2022-10-30 19:20:00-04:00,2022-10-30 19:25:00-04:00,2022-10-30 19:29:00-04:00,SHORT,63769,11579.0,11574.0,11584.25,11573.75,21,100.0,14.2,95.8,0.9123809523809524,TARGET,2022-10-31,1.3895833333333334,41.73913043478261,58.0,2022
2022-10-30 21:50:00-04:00,2022-10-30 21:55:00-04:00,2022-10-30 21:56:00-04:00,LONG,63799,11545.0,11551.0,11538.75,11551.25,25,120.0,14.2,115.8,0.9264,TARGET,2022-10-31,1.4316189362945648,49.59420289855072,71.0,2022
2022-11-01 00:35:00-04:00,2022-11-01 00:40:00-04:00,2022-11-01 00:49:00-04:00,LONG,64108,11491.25,11487.25,11487.5,11495.0,15,-80.0,14.2,-84.2,-1.1226666666666667,STOP,2022-11-01,1.5364372469635628,28.63768115942029,44.0,2022
2022-11-01 01:30:00-04:00,2022-11-01 01:35:00-04:00,2022-11-01 01:36:00-04:00,LONG,64119,11508.75,11513.25,11504.0,11513.5,19,90.0,14.2,85.8,0.903157894736842,TARGET,2022-11-01,1.6453846153846154,37.68115942028985,62.0,2022
2022-11-01 20:40:00-04:00,2022-11-01 20:45:00-04:00,2022-11-01 20:46:00-04:00,LONG,64337,11351.5,11356.75,11346.0,11357.0,22,105.0,14.2,100.8,0.9163636363636364,TARGET,2022-11-02,1.5401785714285714,42.20289855072464,65.0,2022
2022-11-01 23:05:00-04:00,2022-11-01 23:10:00-04:00,2022-11-01 23:13:00-04:00,SHORT,64366,11365.0,11361.5,11368.75,11361.25,15,70.0,14.2,65.8,0.8773333333333333,TARGET,2022-11-02,1.386764705882353,29.565217391304348,41.0,2022
2022-11-02 18:05:00-04:00,2022-11-02 18:10:00-04:00,2022-11-02 18:11:00-04:00,SHORT,64582,10906.75,10913.25,10913.0,10900.5,25,-130.0,14.2,-134.2,-1.0735999999999999,STOP,2022-11-03,2.213903743315508,48.78260869565217,108.0,2022
2022-11-02 18:50:00-04:00,2022-11-02 18:55:00-04:00,2022-11-02 18:56:00-04:00,SHORT,64591,10921.0,10925.5,10925.25,10916.75,17,-90.0,14.2,-94.2,-1.108235294117647,STOP,2022-11-03,1.8141711229946524,32.52173913043478,59.0,2022
2022-11-03 18:15:00-04:00,2022-11-03 18:20:00-04:00,2022-11-03 18:24:00-04:00,SHORT,64860,10696.5,10702.75,10702.5,10690.5,24,-125.0,14.2,-129.2,-1.0766666666666667,STOP,2022-11-04,1.6641929499072357,46.869565217391305,78.0,2022
2022-11-03 19:35:00-04:00,2022-11-03 19:40:00-04:00,2022-11-03 19:46:00-04:00,SHORT,64876,10713.25,10717.5,10717.25,10709.25,16,-85.0,14.2,-89.2,-1.115,STOP,2022-11-04,1.34375,32.0,43.0,2022
2022-11-06 18:35:00-05:00,2022-11-06 18:40:00-05:00,2022-11-06 18:40:00-05:00,SHORT,65148,10791.5,10788.0,10795.25,10787.75,15,70.0,14.2,65.8,0.8773333333333333,TARGET,2022-11-07,1.6022727272727273,29.333333333333332,47.0,2022
2022-11-07 06:05:00-05:00,2022-11-07 06:10:00-05:00,2022-11-07 06:12:00-05:00,LONG,65160,10967.25,10961.0,10961.25,10973.25,24,-125.0,14.2,-129.2,-1.0766666666666667,STOP,2022-11-07,1.9714285714285713,46.66666666666667,92.0,2022
2022-11-07 19:35:00-05:00,2022-11-07 19:40:00-05:00,2022-11-07 19:41:00-05:00,LONG,65310,11057.0,11060.75,11053.0,11061.0,16,75.0,14.2,70.8,0.885,TARGET,2022-11-08,3.7500000000000004,30.666666666666664,115.0,2022
2022-11-07 20:05:00-05:00,2022-11-07 20:10:00-05:00,2022-11-07 20:23:00-05:00,SHORT,65316,11042.75,11048.25,11048.0,11037.5,21,-110.0,14.2,-114.2,-1.0876190476190477,STOP,2022-11-08,1.4274193548387095,41.333333333333336,59.0,2022
2022-11-08 18:15:00-05:00,2022-11-08 18:20:00-05:00,2022-11-08 18:21:00-05:00,LONG,65570,11117.25,11111.5,11111.75,11122.75,22,-115.0,14.2,-119.2,-1.0836363636363637,STOP,2022-11-09,1.2727272727272727,44.0,56.0,2022
2022-11-08 19:05:00-05:00,2022-11-08 19:10:00-05:00,2022-11-08 19:11:00-05:00,SHORT,65580,11096.75,11101.0,11100.75,11092.75,16,-85.0,14.2,-89.2,-1.115,STOP,2022-11-09,2.59375,32.0,83.0,2022
2022-11-09 19:40:00-05:00,2022-11-09 19:45:00-05:00,2022-11-09 19:46:00-05:00,LONG,65863,10869.75,10873.75,10865.5,10874.0,17,80.0,14.2,75.8,0.8917647058823529,TARGET,2022-11-10,1.653061224489796,32.666666666666664,54.0,2022
2022-11-09 21:10:00-05:00,2022-11-09 21:15:00-05:00,2022-11-09 21:21:00-05:00,SHORT,65881,10855.0,10860.25,10860.0,10850.0,20,-105.0,14.2,-109.2,-1.092,STOP,2022-11-10,1.6689342403628118,38.34782608695652,64.0,2022
2022-11-10 18:05:00-05:00,2022-11-10 18:10:00-05:00,2022-11-10 18:17:00-05:00,SHORT,66120,11656.25,11650.25,11662.5,11650.0,25,120.0,14.2,115.8,0.9264,TARGET,2022-11-11,2.1914335664335662,49.73913043478261,109.0,2022
2022-11-10 18:55:00-05:00,2022-11-10 19:00:00-05:00,2022-11-10 19:00:00-05:00,LONG,66130,11683.5,11678.5,11678.75,11688.25,19,-100.0,14.2,-104.2,-1.0968421052631578,STOP,2022-11-11,2.9554195804195804,36.17391304347826,98.0,2022
2022-11-13 18:10:00-05:00,2022-11-13 18:15:00-05:00,2022-11-13 18:16:00-05:00,SHORT,66400,11780.75,11787.5,11787.25,11774.25,26,-135.0,14.2,-139.2,-1.0707692307692307,STOP,2022-11-14,1.3610634648370497,50.69565217391305,69.0,2022
2022-11-13 18:50:00-05:00,2022-11-13 18:55:00-05:00,2022-11-13 18:55:00-05:00,LONG,66408,11808.75,11812.75,11804.5,11813.0,17,80.0,14.2,75.8,0.8917647058823529,TARGET,2022-11-14,2.012006861063465,33.79710144927536,68.0,2022
2022-11-14 18:50:00-05:00,2022-11-14 18:55:00-05:00,2022-11-14 19:01:00-05:00,SHORT,66684,11770.25,11766.25,11774.5,11766.0,17,80.0,14.2,75.8,0.8917647058823529,TARGET,2022-11-15,1.2967657342657344,33.15942028985507,43.0,2022
2022-11-15 00:10:00-05:00,2022-11-15 00:15:00-05:00,2022-11-15 00:21:00-05:00,LONG,66748,11823.0,11819.25,11819.5,11826.5,14,-75.0,14.2,-79.2,-1.1314285714285715,STOP,2022-11-15,1.9973684210526315,27.536231884057973,55.0,2022
2022-11-15 18:05:00-05:00,2022-11-15 18:10:00-05:00,2022-11-15 18:11:00-05:00,SHORT,66951,11865.75,11872.25,11872.0,11859.5,25,-130.0,14.2,-134.2,-1.0735999999999999,STOP,2022-11-16,2.9755244755244754,49.73913043478261,148.0,2022
2022-11-15 18:50:00-05:00,2022-11-15 18:55:00-05:00,2022-11-15 18:56:00-05:00,LONG,66960,11892.25,11896.25,11888.0,11896.5,17,80.0,14.2,75.8,0.8917647058823529,TARGET,2022-11-16,2.050699300699301,33.15942028985507,68.0,2022
2022-11-16 19:20:00-05:00,2022-11-16 19:25:00-05:00,2022-11-16 19:30:00-05:00,SHORT,67242,11779.75,11784.75,11784.5,11775.0,19,-100.0,14.2,-104.2,-1.0968421052631578,STOP,2022-11-17,1.2992788461538463,36.17391304347826,47.0,2022
2022-11-16 22:05:00-05:00,2022-11-16 22:10:00-05:00,2022-11-16 22:27:00-05:00,SHORT,67275,11750.5,11746.0,11755.25,11745.75,19,90.0,14.2,85.8,0.903157894736842,TARGET,2022-11-17,1.2696,36.231884057971016,46.0,2022
2022-11-17 18:40:00-05:00,2022-11-17 18:45:00-05:00,2022-11-17 18:54:00-05:00,SHORT,67510,11724.25,11728.75,11728.5,11720.0,17,-90.0,14.2,-94.2,-1.108235294117647,STOP,2022-11-18,1.414438502673797,32.52173913043478,46.0,2022
2022-11-17 19:45:00-05:00,2022-11-17 19:50:00-05:00,2022-11-17 19:50:00-05:00,LONG,67523,11736.5,11732.0,11732.25,11740.75,17,-90.0,14.2,-94.2,-1.108235294117647,STOP,2022-11-18,1.3529411764705883,34.0,46.0,2022
2022-11-20 19:05:00-05:00,2022-11-20 19:10:00-05:00,2022-11-20 19:11:00-05:00,SHORT,67796,11695.0,11690.75,11699.5,11690.5,18,85.0,14.2,80.8,0.8977777777777778,TARGET,2022-11-21,2.6696428571428568,34.43478260869565,91.0,2022
2022-11-21 02:45:00-05:00,2022-11-21 02:50:00-05:00,2022-11-21 02:51:00-05:00,SHORT,67888,11646.5,11651.75,11651.5,11641.5,20,-105.0,14.2,-109.2,-1.092,STOP,2022-11-21,1.65,40.0,66.0,2022
2022-11-21 19:05:00-05:00,2022-11-21 19:10:00-05:00,2022-11-21 19:13:00-05:00,LONG,68072,11604.75,11608.75,11600.5,11609.0,17,80.0,14.2,75.8,0.8917647058823529,TARGET,2022-11-22,1.7127659574468088,32.69565217391304,56.0,2022
2022-11-22 00:05:00-05:00,2022-11-22 00:10:00-05:00,2022-11-22 00:11:00-05:00,SHORT,68132,11599.75,11596.75,11603.0,11596.5,13,60.0,14.2,55.8,0.8584615384615384,TARGET,2022-11-22,1.3026315789473686,25.333333333333332,33.0,2022
2022-11-22 23:05:00-05:00,2022-11-22 23:10:00-05:00,2022-11-22 23:14:00-05:00,SHORT,68396,11724.0,11727.75,11727.5,11720.5,14,-75.0,14.2,-79.2,-1.1314285714285715,STOP,2022-11-23,1.3416666666666666,26.086956521739133,35.0,2022
2022-11-23 00:45:00-05:00,2022-11-23 00:50:00-05:00,2022-11-23 00:53:00-05:00,LONG,68416,11737.25,11740.25,11734.0,11740.5,13,60.0,14.2,55.8,0.8584615384615384,TARGET,2022-11-23,1.7745215311004785,24.231884057971016,43.0,2022
2022-11-24 00:10:00-05:00,2022-11-24 00:15:00-05:00,2022-11-24 00:37:00-05:00,SHORT,68685,11888.5,11891.75,11891.5,11885.5,12,-65.0,14.2,-69.2,-1.1533333333333333,STOP,2022-11-24,1.425049966688874,21.47826086956522,31.0,2022
2022-11-24 04:35:00-05:00,2022-11-24 04:40:00-05:00,2022-11-24 04:40:00-05:00,SHORT,68738,11914.75,11920.0,11919.75,11909.75,20,-105.0,14.2,-109.2,-1.092,STOP,2022-11-24,1.260043827611395,39.68115942028986,50.0,2022
2022-11-24 19:10:00-05:00,2022-11-24 19:15:00-05:00,2022-11-24 19:22:00-05:00,SHORT,68853,11903.0,11906.5,11906.25,11899.75,13,-70.0,14.2,-74.2,-1.1415384615384616,STOP,2022-11-25,1.6839285714285717,24.34782608695652,41.0,2022
2022-11-25 00:30:00-05:00,2022-11-25 00:35:00-05:00,2022-11-25 00:44:00-05:00,SHORT,68917,11911.0,11908.25,11914.0,11908.0,12,55.0,14.2,50.8,0.8466666666666666,TARGET,2022-11-25,1.9226006191950462,18.72463768115942,36.0,2022
2022-11-27 18:10:00-05:00,2022-11-27 18:15:00-05:00,2022-11-27 18:15:00-05:00,LONG,69073,11738.5,11742.25,11734.5,11742.5,16,75.0,14.2,70.8,0.885,TARGET,2022-11-28,1.3721590909090908,30.608695652173914,42.0,2022
2022-11-27 19:10:00-05:00,2022-11-27 19:15:00-05:00,2022-11-27 19:16:00-05:00,SHORT,69085,11720.5,11717.75,11723.5,11717.5,12,55.0,14.2,50.8,0.8466666666666666,TARGET,2022-11-28,1.6171875,22.26086956521739,36.0,2022
2022-11-28 18:05:00-05:00,2022-11-28 18:10:00-05:00,2022-11-28 18:11:00-05:00,SHORT,69348,11620.25,11616.75,11624.0,11616.5,15,70.0,14.2,65.8,0.8773333333333333,TARGET,2022-11-29,1.3242424242424242,28.695652173913043,38.0,2022
2022-11-28 18:45:00-05:00,2022-11-28 18:50:00-05:00,2022-11-28 18:50:00-05:00,LONG,69356,11619.5,11616.25,11616.5,11622.5,12,-65.0,14.2,-69.2,-1.1533333333333333,STOP,2022-11-29,1.2545454545454546,19.130434782608695,24.0,2022
2022-11-29 18:30:00-05:00,2022-11-29 18:35:00-05:00,2022-11-29 18:37:00-05:00,SHORT,69629,11503.0,11506.25,11506.0,11500.0,12,-65.0,14.2,-69.2,-1.1533333333333333,STOP,2022-11-30,1.725,19.130434782608695,33.0,2022
2022-11-29 19:05:00-05:00,2022-11-29 19:10:00-05:00,2022-11-29 19:10:00-05:00,LONG,69636,11507.75,11504.5,11504.75,11510.75,12,-65.0,14.2,-69.2,-1.1533333333333333,STOP,2022-11-30,1.3895833333333334,20.869565217391305,29.0,2022
2022-11-30 18:10:00-05:00,2022-11-30 18:15:00-05:00,2022-11-30 18:20:00-05:00,SHORT,69901,12068.25,12065.0,12071.75,12064.75,14,65.0,14.2,60.8,0.8685714285714285,TARGET,2022-12-01,1.4059561128526645,27.73913043478261,39.0,2022
2022-11-30 18:55:00-05:00,2022-11-30 19:00:00-05:00,2022-11-30 19:01:00-05:00,LONG,69910,12074.5,12071.25,12071.5,12077.5,12,-65.0,14.2,-69.2,-1.1533333333333333,STOP,2022-12-01,1.9467084639498435,20.17391304347826,36.0,2022
2022-12-01 18:35:00-05:00,2022-12-01 18:40:00-05:00,2022-12-01 18:44:00-05:00,LONG,70182,12043.25,12046.0,12040.25,12046.25,12,55.0,14.2,50.8,0.8466666666666666,TARGET,2022-12-02,1.5681818181818183,19.768115942028984,31.0,2022
2022-12-01 19:05:00-05:00,2022-12-01 19:10:00-05:00,2022-12-01 19:11:00-05:00,SHORT,70188,12021.0,12024.25,12024.0,12018.0,12,-65.0,14.2,-69.2,-1.1533333333333333,STOP,2022-12-02,3.431451612903226,21.565217391304348,74.0,2022
2022-12-04 18:30:00-05:00,2022-12-04 18:35:00-05:00,2022-12-04 18:36:00-05:00,LONG,70457,11993.5,11996.25,11990.5,11996.5,12,55.0,14.2,50.8,0.8466666666666666,TARGET,2022-12-05,1.4337662337662338,22.318840579710145,32.0,2022
2022-12-04 19:05:00-05:00,2022-12-04 19:10:00-05:00,2022-12-04 19:10:00-05:00,SHORT,70464,11993.0,11996.5,11996.25,11989.75,13,-70.0,14.2,-74.2,-1.1415384615384616,STOP,2022-12-05,2.382142857142857,24.34782608695652,58.0,2022
2022-12-05 18:15:00-05:00,2022-12-05 18:20:00-05:00,2022-12-05 18:21:00-05:00,LONG,70730,11816.0,11811.0,11811.25,11820.75,19,-100.0,14.2,-104.2,-1.0968421052631578,STOP,2022-12-06,1.54066985645933,36.34782608695652,56.0,2022
2022-12-05 19:05:00-05:00,2022-12-05 19:10:00-05:00,2022-12-05 19:16:00-05:00,LONG,70740,11825.5,11828.75,11822.0,11829.0,14,65.0,14.2,60.8,0.8685714285714285,TARGET,2022-12-06,1.361842105263158,26.434782608695652,36.0,2022
2022-12-06 18:40:00-05:00,2022-12-06 18:45:00-05:00,2022-12-06 18:49:00-05:00,LONG,71011,11580.0,11576.5,11576.75,11583.25,13,-70.0,14.2,-74.2,-1.1415384615384616,STOP,2022-12-07,1.3034238488783945,24.550724637681157,32.0,2022
2022-12-06 20:45:00-05:00,2022-12-06 20:50:00-05:00,2022-12-06 20:51:00-05:00,LONG,71036,11585.25,11589.0,11581.25,11589.25,16,75.0,14.2,70.8,0.885,TARGET,2022-12-07,1.5239661654135337,30.84057971014493,47.0,2022
2022-12-07 18:05:00-05:00,2022-12-07 18:10:00-05:00,2022-12-07 18:24:00-05:00,LONG,71280,11510.5,11515.25,11505.5,11515.5,20,95.0,14.2,90.8,0.9079999999999999,TARGET,2022-12-08,1.4897727272727272,38.26086956521739,57.0,2022
2022-12-07 18:50:00-05:00,2022-12-07 18:55:00-05:00,2022-12-07 18:57:00-05:00,LONG,71289,11513.25,11509.75,11510.0,11516.5,13,-70.0,14.2,-74.2,-1.1415384615384616,STOP,2022-12-08,1.3329545454545455,25.507246376811594,34.0,2022
2022-12-08 18:05:00-05:00,2022-12-08 18:10:00-05:00,2022-12-08 18:15:00-05:00,LONG,71556,11649.25,11654.0,11644.25,11654.25,20,95.0,14.2,90.8,0.9079999999999999,TARGET,2022-12-09,1.4113636363636364,38.26086956521739,54.0,2022
2022-12-08 19:30:00-05:00,2022-12-08 19:35:00-05:00,2022-12-08 19:59:00-05:00,SHORT,71573,11627.0,11630.5,11630.25,11623.75,13,-70.0,14.2,-74.2,-1.1415384615384616,STOP,2022-12-09,1.3846153846153846,26.0,36.0,2022
2023-03-12 18:20:00-04:00,2023-03-12 18:25:00-04:00,2023-03-12 18:25:00-04:00,LONG,71837,12112.0,12107.0,12107.25,12116.75,19,-100.0,14.2,-104.2,-1.0968421052631578,STOP,2023-03-13,16.995337995337994,37.78260869565217,634.0,2023
2023-03-12 19:00:00-04:00,2023-03-12 19:05:00-04:00,2023-03-12 19:05:00-04:00,SHORT,71845,12074.0,12077.75,12077.5,12070.5,14,-75.0,14.2,-79.2,-1.1314285714285715,STOP,2023-03-13,6.6125,27.82608695652174,184.0,2023
2023-03-13 18:30:00-04:00,2023-03-13 18:35:00-04:00,2023-03-13 18:37:00-04:00,LONG,72115,12080.75,12084.25,12077.0,12084.5,15,70.0,14.2,65.8,0.8773333333333333,TARGET,2023-03-14,2.897727272727273,29.333333333333332,85.0,2023
2023-03-13 19:00:00-04:00,2023-03-13 19:05:00-04:00,2023-03-13 19:08:00-04:00,LONG,72121,12094.0,12089.75,12090.0,12098.0,16,-85.0,14.2,-89.2,-1.115,STOP,2023-03-14,1.5625,32.0,50.0,2023
2023-03-14 18:35:00-04:00,2023-03-14 18:40:00-04:00,2023-03-14 18:47:00-04:00,SHORT,72392,12321.25,12317.25,12325.5,12317.0,17,80.0,14.2,75.8,0.8917647058823529,TARGET,2023-03-15,1.417395104895105,33.15942028985507,47.0,2023
2023-03-14 19:35:00-04:00,2023-03-14 19:40:00-04:00,2023-03-14 19:50:00-04:00,SHORT,72404,12326.25,12322.0,12330.75,12321.75,18,85.0,14.2,80.8,0.8977777777777778,TARGET,2023-03-15,1.5865384615384617,34.666666666666664,55.0,2023
2023-03-15 18:35:00-04:00,2023-03-15 18:40:00-04:00,2023-03-15 18:40:00-04:00,LONG,72668,12415.0,12419.5,12410.25,12419.75,19,90.0,14.2,85.8,0.903157894736842,TARGET,2023-03-16,1.5956937799043065,36.347826086956516,58.0,2023
2023-03-15 20:05:00-04:00,2023-03-15 20:10:00-04:00,2023-03-15 20:16:00-04:00,LONG,72686,12418.0,12424.25,12411.5,12424.5,26,125.0,14.2,120.8,0.9292307692307692,TARGET,2023-03-16,1.4110023041474655,50.31884057971014,71.0,2023
2023-03-16 18:55:00-04:00,2023-03-16 19:00:00-04:00,2023-03-16 19:02:00-04:00,LONG,72948,12717.75,12722.75,12712.5,12723.0,21,100.0,14.2,95.8,0.9123809523809524,TARGET,2023-03-17,1.3329545454545455,41.73913043478261,51.0,2023
2023-03-17 00:25:00-04:00,2023-03-17 00:30:00-04:00,2023-03-17 00:32:00-04:00,LONG,73014,12733.0,12728.5,12728.75,12737.25,17,-90.0,14.2,-94.2,-1.108235294117647,STOP,2023-03-17,1.9368421052631581,33.04347826086956,64.0,2023
2023-03-19 18:20:00-04:00,2023-03-19 18:25:00-04:00,2023-03-19 18:27:00-04:00,SHORT,73223,12682.5,12690.5,12690.25,12674.75,31,-160.0,14.2,-164.2,-1.0593548387096774,STOP,2023-03-20,2.4725829725829724,60.26086956521739,149.0,2023
2023-03-19 18:55:00-04:00,2023-03-19 19:00:00-04:00,2023-03-19 19:04:00-04:00,SHORT,73230,12699.75,12705.75,12705.5,12694.0,23,-120.0,14.2,-124.2,-1.08,STOP,2023-03-20,1.7287043664996424,44.52173913043478,70.0,2023
2023-03-20 20:25:00-04:00,2023-03-20 20:30:00-04:00,2023-03-20 20:30:00-04:00,LONG,73524,12723.5,12716.75,12717.0,12730.0,26,-135.0,14.2,-139.2,-1.0707692307692307,STOP,2023-03-21,3.197388632872504,51.1304347826087,181.0,2023
2023-03-20 23:40:00-04:00,2023-03-20 23:45:00-04:00,2023-03-21 00:08:00-04:00,SHORT,73563,12693.25,12689.25,12697.5,12689.0,17,80.0,14.2,75.8,0.8917647058823529,TARGET,2023-03-21,1.3315789473684212,33.04347826086956,44.0,2023
2023-03-21 22:35:00-04:00,2023-03-21 22:40:00-04:00,2023-03-21 22:54:00-04:00,SHORT,73826,12876.25,12872.0,12880.75,12871.75,18,85.0,14.2,80.8,0.8977777777777778,TARGET,2023-03-22,1.277777777777778,34.43478260869565,44.0,2023
2023-03-22 14:05:00-04:00,2023-03-22 14:10:00-04:00,2023-03-22 14:10:00-04:00,LONG,74012,12988.0,12976.0,12976.25,12999.75,47,-240.0,14.2,-244.2,-1.0391489361702126,STOP,2023-03-22,3.4543178973717144,92.6376811594203,320.0,2023
2023-03-22 18:05:00-04:00,2023-03-22 18:10:00-04:00,2023-03-22 18:10:00-04:00,LONG,74048,12716.5,12722.25,12710.5,12722.5,24,115.0,14.2,110.8,0.9233333333333333,TARGET,2023-03-23,1.9445454545454544,47.82608695652174,93.0,2023
2023-03-22 18:35:00-04:00,2023-03-22 18:40:00-04:00,2023-03-22 18:46:00-04:00,LONG,74054,12721.25,12717.0,12717.25,12725.25,16,-85.0,14.2,-89.2,-1.115,STOP,2023-03-23,1.4113636363636366,31.88405797101449,45.0,2023
2023-03-23 18:20:00-04:00,2023-03-23 18:25:00-04:00,2023-03-23 18:30:00-04:00,SHORT,74327,12846.75,12852.5,12852.25,12841.25,22,-115.0,14.2,-119.2,-1.0836363636363637,STOP,2023-03-24,1.6083916083916083,43.52173913043478,70.0,2023
2023-03-23 19:05:00-04:00,2023-03-23 19:10:00-04:00,2023-03-23 19:12:00-04:00,LONG,74336,12849.25,12853.0,12845.25,12853.25,16,75.0,14.2,70.8,0.885,TARGET,2023-03-24,1.597222222222222,31.304347826086957,50.0,2023
2023-03-26 18:10:00-04:00,2023-03-26 18:15:00-04:00,2023-03-26 18:16:00-04:00,LONG,74601,12933.5,12927.75,12928.0,12939.0,22,-115.0,14.2,-119.2,-1.0836363636363637,STOP,2023-03-27,1.4090909090909092,44.0,62.0,2023
2023-03-26 18:45:00-04:00,2023-03-26 18:50:00-04:00,2023-03-26 19:02:00-04:00,LONG,74608,12936.0,12932.0,12932.25,12939.75,15,-80.0,14.2,-84.2,-1.1226666666666667,STOP,2023-03-27,1.9431818181818183,29.333333333333332,57.0,2023
2023-03-27 21:15:00-04:00,2023-03-27 21:20:00-04:00,2023-03-27 21:23:00-04:00,SHORT,74914,12812.75,12808.75,12817.0,12808.5,17,80.0,14.2,75.8,0.8917647058823529,TARGET,2023-03-28,1.2777777777777777,32.869565217391305,42.0,2023
2023-03-27 21:45:00-04:00,2023-03-27 21:50:00-04:00,2023-03-27 21:54:00-04:00,SHORT,74920,12803.0,12798.75,12807.5,12798.5,18,85.0,14.2,80.8,0.8977777777777778,TARGET,2023-03-28,1.4798149705634989,34.463768115942024,51.0,2023
2023-03-28 20:10:00-04:00,2023-03-28 20:15:00-04:00,2023-03-28 20:19:00-04:00,LONG,75177,12772.75,12768.0,12768.25,12777.25,18,-95.0,14.2,-99.2,-1.1022222222222222,STOP,2023-03-29,1.4553349875930521,35.04347826086956,51.0,2023
2023-03-29 00:35:00-04:00,2023-03-29 00:40:00-04:00,2023-03-29 00:45:00-04:00,LONG,75230,12783.5,12786.25,12780.5,12786.5,12,55.0,14.2,50.8,0.8466666666666666,TARGET,2023-03-29,1.4722617354196301,20.3768115942029,30.0,2023
2023-03-29 18:05:00-04:00,2023-03-29 18:10:00-04:00,2023-03-29 18:28:00-04:00,SHORT,75428,12965.75,12961.25,12970.5,12961.0,19,90.0,14.2,85.8,0.903157894736842,TARGET,2023-03-30,1.3205741626794258,36.34782608695652,48.0,2023
2023-03-29 19:45:00-04:00,2023-03-29 19:50:00-04:00,2023-03-29 19:51:00-04:00,SHORT,75448,12945.0,12942.0,12948.25,12941.75,13,60.0,14.2,55.8,0.8584615384615384,TARGET,2023-03-30,1.7763157894736843,25.333333333333332,45.0,2023
2023-03-30 20:10:00-04:00,2023-03-30 20:15:00-04:00,2023-03-30 20:16:00-04:00,LONG,75729,13117.25,13121.25,13113.0,13121.5,17,80.0,14.2,75.8,0.8917647058823529,TARGET,2023-03-31,1.985178727114211,33.2463768115942,66.0,2023
2023-03-30 22:45:00-04:00,2023-03-30 22:50:00-04:00,2023-03-30 22:51:00-04:00,SHORT,75760,13120.75,13118.0,13123.75,13117.75,12,55.0,14.2,50.8,0.8466666666666666,TARGET,2023-03-31,1.3068181818181819,22.956521739130434,30.0,2023
2023-04-02 18:35:00-04:00,2023-04-02 18:40:00-04:00,2023-04-02 18:40:00-04:00,SHORT,75987,13249.25,13246.5,13252.25,13246.25,12,55.0,14.2,50.8,0.8466666666666666,TARGET,2023-04-03,1.6604278074866312,21.681159420289852,36.0,2023
2023-04-02 19:20:00-04:00,2023-04-02 19:25:00-04:00,2023-04-02 19:31:00-04:00,LONG,75996,13254.0,13250.75,13251.0,13257.0,12,-65.0,14.2,-69.2,-1.1533333333333333,STOP,2023-04-03,1.479779411764706,23.652173913043477,35.0,2023
2023-04-03 18:05:00-04:00,2023-04-03 18:10:00-04:00,2023-04-03 18:19:00-04:00,SHORT,76257,13251.75,13248.0,13255.75,13247.75,16,75.0,14.2,70.8,0.885,TARGET,2023-04-04,1.9928977272727273,30.608695652173914,61.0,2023
2023-04-03 20:30:00-04:00,2023-04-03 20:35:00-04:00,2023-04-03 20:37:00-04:00,LONG,76286,13256.0,13252.5,13252.75,13259.25,13,-70.0,14.2,-74.2,-1.1415384615384616,STOP,2023-04-04,1.6693548387096773,25.159420289855074,42.0,2023
2023-04-04 18:35:00-04:00,2023-04-04 18:40:00-04:00,2023-04-04 18:42:00-04:00,LONG,76539,13233.25,13230.0,13230.25,13236.25,12,-65.0,14.2,-69.2,-1.1533333333333333,STOP,2023-04-05,1.5681818181818181,19.130434782608695,30.0,2023
2023-04-04 21:50:00-04:00,2023-04-04 21:55:00-04:00,2023-04-04 22:01:00-04:00,SHORT,76578,13226.0,13223.0,13229.25,13222.75,13,60.0,14.2,55.8,0.8584615384615384,TARGET,2023-04-05,1.7744009351256578,25.217391304347824,44.0,2023
2023-04-05 20:10:00-04:00,2023-04-05 20:15:00-04:00,2023-04-05 20:15:00-04:00,SHORT,76775,13042.0,13045.75,13045.5,13038.5,14,-75.0,14.2,-79.2,-1.1314285714285715,STOP,2023-04-06,1.8420467185761957,26.057971014492754,48.0,2023
2023-04-05 21:10:00-04:00,2023-04-05 21:15:00-04:00,2023-04-05 21:17:00-04:00,SHORT,76787,13032.0,13029.25,13035.0,13029.0,12,55.0,14.2,50.8,0.8466666666666666,TARGET,2023-04-06,1.4055555555555554,23.47826086956522,33.0,2023
2023-04-06 20:50:00-04:00,2023-04-06 20:55:00-04:00,2023-04-06 20:57:00-04:00,SHORT,77059,13157.0,13160.5,13160.25,13153.75,13,-70.0,14.2,-74.2,-1.1415384615384616,STOP,2023-04-07,1.5607142857142857,24.347826086956523,38.0,2023
2023-04-07 07:50:00-04:00,2023-04-07 07:55:00-04:00,2023-04-07 07:56:00-04:00,SHORT,77191,13148.25,13144.75,13152.0,13144.5,15,70.0,14.2,65.8,0.8773333333333333,TARGET,2023-04-07,1.7957957957957957,28.956521739130437,52.0,2023
2023-04-09 18:05:00-04:00,2023-04-09 18:10:00-04:00,2023-04-09 18:10:00-04:00,SHORT,77209,13170.0,13173.5,13173.25,13166.75,13,-70.0,14.2,-74.2,-1.1415384615384616,STOP,2023-04-10,2.749158249158249,25.82608695652174,71.0,2023
2023-04-09 18:55:00-04:00,2023-04-09 19:00:00-04:00,2023-04-09 19:01:00-04:00,SHORT,77219,13182.25,13179.5,13185.25,13179.25,12,55.0,14.2,50.8,0.8466666666666666,TARGET,2023-04-10,1.277777777777778,18.782608695652172,22.0,2023
2023-04-10 20:15:00-04:00,2023-04-10 20:20:00-04:00,2023-04-10 20:20:00-04:00,LONG,77511,13184.75,13181.5,13181.75,13187.75,12,-65.0,14.2,-69.2,-1.1533333333333333,STOP,2023-04-11,3.1246898263027294,23.36231884057971,73.0,2023
2023-04-10 21:00:00-04:00,2023-04-10 21:05:00-04:00,2023-04-10 21:06:00-04:00,LONG,77520,13156.25,13153.0,13153.25,13159.25,12,-65.0,14.2,-69.2,-1.1533333333333333,STOP,2023-04-11,1.5726495726495726,20.347826086956523,32.0,2023
2023-04-11 20:10:00-04:00,2023-04-11 20:15:00-04:00,2023-04-11 20:17:00-04:00,SHORT,77786,13090.25,13087.5,13093.25,13087.25,12,55.0,14.2,50.8,0.8466666666666666,TARGET,2023-04-12,1.3800000000000001,22.463768115942027,31.0,2023
2023-04-11 21:40:00-04:00,2023-04-11 21:45:00-04:00,2023-04-11 21:53:00-04:00,SHORT,77804,13071.25,13074.5,13074.25,13068.25,12,-65.0,14.2,-69.2,-1.1533333333333333,STOP,2023-04-12,2.1889655172413796,21.014492753623188,46.0,2023
2023-04-12 18:45:00-04:00,2023-04-12 18:50:00-04:00,2023-04-12 19:00:00-04:00,SHORT,78045,12933.5,12936.75,12936.5,12930.5,12,-65.0,14.2,-69.2,-1.1533333333333333,STOP,2023-04-13,2.8951048951048954,16.579710144927535,48.0,2023
2023-04-12 19:15:00-04:00,2023-04-12 19:20:00-04:00,2023-04-12 19:22:00-04:00,LONG,78051,12940.25,12943.0,12937.25,12943.25,12,55.0,14.2,50.8,0.8466666666666666,TARGET,2023-04-13,1.5480769230769231,18.08695652173913,28.0,2023
2023-04-13 18:40:00-04:00,2023-04-13 18:45:00-04:00,2023-04-13 18:49:00-04:00,LONG,78320,13196.0,13198.75,13193.0,13199.0,12,55.0,14.2,50.8,0.8466666666666666,TARGET,2023-04-14,2.6136363636363638,17.217391304347824,45.0,2023
2023-04-13 19:45:00-04:00,2023-04-13 19:50:00-04:00,2023-04-13 19:52:00-04:00,SHORT,78333,13184.75,13188.0,13187.75,13181.75,12,-65.0,14.2,-69.2,-1.1533333333333333,STOP,2023-04-14,1.7307692307692308,17.333333333333332,30.0,2023
2023-04-16 18:05:00-04:00,2023-04-16 18:10:00-04:00,2023-04-16 18:13:00-04:00,SHORT,78591,13203.5,13200.5,13206.75,13200.25,13,60.0,14.2,55.8,0.8584615384615384,TARGET,2023-04-17,2.452797202797203,24.869565217391305,61.0,2023
2023-04-16 18:55:00-04:00,2023-04-16 19:00:00-04:00,2023-04-16 19:01:00-04:00,LONG,78601,13195.75,13192.5,13192.75,13198.75,12,-65.0,14.2,-69.2,-1.1533333333333333,STOP,2023-04-17,1.688811188811189,18.08695652173913,28.0,2023
2023-04-18 00:50:00-04:00,2023-04-18 00:55:00-04:00,2023-04-18 00:58:00-04:00,SHORT,78948,13162.0,13165.25,13165.0,13159.0,12,-65.0,14.2,-69.2,-1.1533333333333333,STOP,2023-04-18,1.3315789473684212,16.52173913043478,22.0,2023
2023-04-18 01:55:00-04:00,2023-04-18 02:00:00-04:00,2023-04-18 02:06:00-04:00,LONG,78961,13180.0,13183.25,13176.5,13183.5,14,65.0,14.2,60.8,0.8685714285714285,TARGET,2023-04-18,1.2848275862068965,27.73913043478261,27.0,2023
2023-04-18 21:25:00-04:00,2023-04-18 21:30:00-04:00,2023-04-18 21:33:00-04:00,SHORT,79183,13174.5,13171.5,13177.75,13171.25,13,60.0,14.2,55.8,0.8584615384615384,TARGET,2023-04-19,1.874074074074074,25.217391304347824,44.0,2023
2023-04-19 02:10:00-04:00,2023-04-19 02:15:00-04:00,2023-04-19 02:15:00-04:00,SHORT,79240,13137.75,13134.5,13141.25,13134.25,14,65.0,14.2,60.8,0.8685714285714285,TARGET,2023-04-19,2.1990595611285264,27.73913043478261,61.0,2023
2023-04-19 18:25:00-04:00,2023-04-19 18:30:00-04:00,2023-04-19 18:34:00-04:00,SHORT,79423,13153.75,13151.0,13156.75,13150.75,12,55.0,14.2,50.8,0.8466666666666666,TARGET,2023-04-20,1.2741477272727273,20.405797101449274,39.0,2023
2023-04-19 19:20:00-04:00,2023-04-19 19:25:00-04:00,2023-04-19 19:31:00-04:00,SHORT,79434,13144.75,13142.0,13147.75,13141.75,12,55.0,14.2,50.8,0.8466666666666666,TARGET,2023-04-20,1.572265625,22.26086956521739,35.0,2023
2023-04-20 18:05:00-04:00,2023-04-20 18:10:00-04:00,2023-04-20 18:17:00-04:00,SHORT,79695,13083.75,13080.0,13087.75,13079.75,16,75.0,14.2,70.8,0.885,TARGET,2023-04-21,1.3394886363636362,30.608695652173914,41.0,2023
2023-04-20 19:05:00-04:00,2023-04-20 19:10:00-04:00,2023-04-20 19:23:00-04:00,LONG,79707,13089.0,13085.75,13086.0,13092.0,12,-65.0,14.2,-69.2,-1.1533333333333333,STOP,2023-04-21,1.88671875,22.26086956521739,42.0,2023
2023-04-23 18:55:00-04:00,2023-04-23 19:00:00-04:00,2023-04-23 19:12:00-04:00,LONG,79981,13071.0,13073.75,13068.0,13074.0,12,55.0,14.2,50.8,0.8466666666666666,TARGET,2023-04-24,1.3305785123966944,22.956521739130434,28.0,2023
2023-04-23 20:05:00-04:00,2023-04-23 20:10:00-04:00,2023-04-23 20:12:00-04:00,SHORT,79995,13056.0,13052.5,13059.75,13052.25,15,70.0,14.2,65.8,0.8773333333333333,TARGET,2023-04-24,2.086693548387097,28.753623188405797,60.0,2023
2023-04-24 19:35:00-04:00,2023-04-24 19:40:00-04:00,2023-04-24 19:44:00-04:00,LONG,80265,13055.5,13052.25,13052.5,13058.5,12,-65.0,14.2,-69.2,-1.1533333333333333,STOP,2023-04-25,1.40625,21.333333333333332,30.0,2023
2023-04-24 20:05:00-04:00,2023-04-24 20:10:00-04:00,2023-04-24 20:15:00-04:00,LONG,80271,13056.75,13052.75,13053.0,13060.5,15,-80.0,14.2,-84.2,-1.1226666666666667,STOP,2023-04-25,1.5650201612903225,28.753623188405797,45.0,2023
2023-04-25 18:05:00-04:00,2023-04-25 18:10:00-04:00,2023-04-25 18:10:00-04:00,LONG,80523,12984.25,12988.0,12980.25,12988.25,16,75.0,14.2,70.8,0.885,TARGET,2023-04-26,5.924242424242424,31.565217391304348,187.0,2023
2023-04-25 18:35:00-04:00,2023-04-25 18:40:00-04:00,2023-04-25 18:43:00-04:00,LONG,80529,12976.75,12979.5,12973.75,12979.75,12,55.0,14.2,50.8,0.8466666666666666,TARGET,2023-04-26,1.5206611570247937,21.043478260869563,32.0,2023
2023-04-26 18:15:00-04:00,2023-04-26 18:20:00-04:00,2023-04-26 18:25:00-04:00,SHORT,80801,12952.75,12957.25,12957.0,12948.5,17,-90.0,14.2,-94.2,-1.108235294117647,STOP,2023-04-27,1.2606951871657754,32.52173913043478,41.0,2023
2023-04-26 19:55:00-04:00,2023-04-26 20:00:00-04:00,2023-04-26 20:01:00-04:00,LONG,80821,12957.25,12953.0,12953.25,12961.25,16,-85.0,14.2,-89.2,-1.115,STOP,2023-04-27,1.6323529411764708,30.55072463768116,37.0,2023
2023-04-27 18:10:00-04:00,2023-04-27 18:15:00-04:00,2023-04-27 18:19:00-04:00,LONG,81076,13214.0,13218.0,13209.75,13218.25,17,80.0,14.2,75.8,0.8917647058823529,TARGET,2023-04-28,2.1831550802139037,32.52173913043478,71.0,2023
2023-04-27 18:55:00-04:00,2023-04-27 19:00:00-04:00,2023-04-27 19:01:00-04:00,SHORT,81085,13202.5,13205.75,13205.5,13199.5,12,-65.0,14.2,-69.2,-1.1533333333333333,STOP,2023-04-28,2.58288770053476,23.652173913043477,56.0,2023
2023-04-30 18:40:00-04:00,2023-04-30 18:45:00-04:00,2023-04-30 18:48:00-04:00,SHORT,81358,13311.25,13308.5,13314.25,13308.25,12,55.0,14.2,50.8,0.8466666666666666,TARGET,2023-05-01,2.32987012987013,22.318840579710145,52.0,2023
2023-04-30 20:20:00-04:00,2023-04-30 20:25:00-04:00,2023-04-30 20:37:00-04:00,SHORT,81378,13302.25,13306.5,13306.25,13298.25,16,-85.0,14.2,-89.2,-1.115,STOP,2023-05-01,2.225806451612903,30.55072463768116,68.0,2023
2023-05-01 18:05:00-04:00,2023-05-01 18:10:00-04:00,2023-05-01 18:32:00-04:00,SHORT,81627,13282.75,13287.25,13287.0,13278.5,17,-90.0,14.2,-94.2,-1.108235294117647,STOP,2023-05-02,1.4451871657754012,32.52173913043478,47.0,2023
2023-05-01 18:35:00-04:00,2023-05-01 18:40:00-04:00,2023-05-01 18:43:00-04:00,LONG,81633,13292.5,13289.25,13289.5,13295.5,12,-65.0,14.2,-69.2,-1.1533333333333333,STOP,2023-05-02,1.9832887700534763,21.681159420289852,43.0,2023
2023-05-02 23:20:00-04:00,2023-05-02 23:25:00-04:00,2023-05-02 23:31:00-04:00,SHORT,81966,13181.0,13184.25,13184.0,13178.0,12,-65.0,14.2,-69.2,-1.1533333333333333,STOP,2023-05-03,1.2545454545454546,19.130434782608695,24.0,2023
2023-05-03 00:25:00-04:00,2023-05-03 00:30:00-04:00,2023-05-03 00:30:00-04:00,SHORT,81979,13184.25,13187.5,13187.25,13181.25,12,-65.0,14.2,-69.2,-1.1533333333333333,STOP,2023-05-03,1.3050986842105263,17.6231884057971,23.0,2023
2023-05-03 18:30:00-04:00,2023-05-03 18:35:00-04:00,2023-05-03 18:36:00-04:00,LONG,82184,13067.5,13070.25,13064.5,13070.5,12,55.0,14.2,50.8,0.8466666666666666,TARGET,2023-05-04,1.5206611570247937,21.043478260869563,32.0,2023
2023-05-03 19:00:00-04:00,2023-05-03 19:05:00-04:00,2023-05-03 19:06:00-04:00,LONG,82190,13084.5,13081.25,13081.5,13087.5,12,-65.0,14.2,-69.2,-1.1533333333333333,STOP,2023-05-04,1.7859848484848486,22.956521739130434,41.0,2023
2023-05-04 18:15:00-04:00,2023-05-04 18:20:00-04:00,2023-05-04 18:22:00-04:00,LONG,82457,13076.75,13080.5,13072.75,13080.75,16,75.0,14.2,70.8,0.885,TARGET,2023-05-05,1.8057851239669422,31.565217391304348,57.0,2023
2023-05-04 19:30:00-04:00,2023-05-04 19:35:00-04:00,2023-05-04 19:41:00-04:00,LONG,82472,13093.5,13096.25,13090.5,13096.5,12,55.0,14.2,50.8,0.8466666666666666,TARGET,2023-05-05,1.3181818181818181,22.0,29.0,2023
2023-05-07 18:40:00-04:00,2023-05-07 18:45:00-04:00,2023-05-07 18:47:00-04:00,SHORT,82739,13321.5,13318.75,13324.5,13318.5,12,55.0,14.2,50.8,0.8466666666666666,TARGET,2023-05-08,1.9958677685950414,21.043478260869563,42.0,2023
2023-05-07 19:10:00-04:00,2023-05-07 19:15:00-04:00,2023-05-07 19:16:00-04:00,LONG,82745,13328.75,13325.5,13325.75,13331.75,12,-65.0,14.2,-69.2,-1.1533333333333333,STOP,2023-05-08,1.8576923076923075,22.608695652173914,42.0,2023
2023-05-08 18:35:00-04:00,2023-05-08 18:40:00-04:00,2023-05-08 18:44:00-04:00,SHORT,83014,13335.75,13333.0,13338.75,13332.75,12,55.0,14.2,50.8,0.8466666666666666,TARGET,2023-05-09,1.3658357771260998,19.768115942028984,27.0,2023
2023-05-08 22:20:00-04:00,2023-05-08 22:25:00-04:00,2023-05-08 22:29:00-04:00,LONG,83059,13340.75,13337.5,13337.75,13343.75,12,-65.0,14.2,-69.2,-1.1533333333333333,STOP,2023-05-09,1.290967741935484,22.463768115942027,29.0,2023
2023-05-10 00:30:00-04:00,2023-05-10 00:35:00-04:00,2023-05-10 00:51:00-04:00,LONG,83361,13271.0,13273.75,13268.0,13274.0,12,55.0,14.2,50.8,0.8466666666666666,TARGET,2023-05-10,1.252268602540835,15.971014492753623,20.0,2023
2023-05-10 01:45:00-04:00,2023-05-10 01:50:00-04:00,2023-05-10 01:56:00-04:00,SHORT,83376,13264.5,13267.75,13267.5,13261.5,12,-65.0,14.2,-69.2,-1.1533333333333333,STOP,2023-05-10,1.4292857142857143,20.28985507246377,29.0,2023
2023-05-10 19:45:00-04:00,2023-05-10 19:50:00-04:00,2023-05-10 19:51:00-04:00,LONG,83580,13419.0,13421.75,13416.0,13422.0,12,55.0,14.2,50.8,0.8466666666666666,TARGET,2023-05-11,1.8813559322033901,20.0,37.0,2023
2023-05-10 21:15:00-04:00,2023-05-10 21:20:00-04:00,2023-05-10 21:21:00-04:00,LONG,83598,13444.0,13440.75,13441.0,13447.0,12,-65.0,14.2,-69.2,-1.1533333333333333,STOP,2023-05-11,1.3659003831417624,22.695652173913043,31.0,2023
2023-05-11 18:05:00-04:00,2023-05-11 18:10:00-04:00,2023-05-11 18:14:00-04:00,LONG,83836,13463.0,13459.25,13459.5,13466.5,14,-75.0,14.2,-79.2,-1.1314285714285715,STOP,2023-05-12,1.6583072100313478,27.73913043478261,46.0,2023
2023-05-11 19:40:00-04:00,2023-05-11 19:45:00-04:00,2023-05-11 19:48:00-04:00,SHORT,83855,13455.25,13458.5,13458.25,13452.25,12,-65.0,14.2,-69.2,-1.1533333333333333,STOP,2023-05-12,1.5000000000000002,18.666666666666664,28.0,2023
2023-05-14 18:05:00-04:00,2023-05-14 18:10:00-04:00,2023-05-14 18:12:00-04:00,SHORT,84112,13362.75,13366.25,13366.0,13359.5,13,-70.0,14.2,-74.2,-1.1415384615384616,STOP,2023-05-15,1.9747474747474747,25.82608695652174,51.0,2023
2023-05-14 19:35:00-04:00,2023-05-14 19:40:00-04:00,2023-05-14 19:46:00-04:00,LONG,84130,13366.75,13363.5,13363.75,13369.75,12,-65.0,14.2,-69.2,-1.1533333333333333,STOP,2023-05-15,2.076923076923077,17.333333333333332,36.0,2023
2023-05-15 18:35:00-04:00,2023-05-15 18:40:00-04:00,2023-05-15 19:06:00-04:00,SHORT,84394,13457.5,13460.75,13460.5,13454.5,12,-65.0,14.2,-69.2,-1.1533333333333333,STOP,2023-05-16,1.8094405594405596,16.579710144927535,30.0,2023
2023-05-15 21:25:00-04:00,2023-05-15 21:30:00-04:00,2023-05-15 21:35:00-04:00,SHORT,84428,13454.25,13451.5,13457.25,13451.25,12,55.0,14.2,50.8,0.8466666666666666,TARGET,2023-05-16,1.7692307692307692,21.855072463768114,36.0,2023
2023-05-16 18:25:00-04:00,2023-05-16 18:30:00-04:00,2023-05-16 18:31:00-04:00,SHORT,84668,13495.0,13492.25,13498.0,13492.0,12,55.0,14.2,50.8,0.8466666666666666,TARGET,2023-05-17,1.4475524475524475,16.579710144927535,36.0,2023
2023-05-16 21:10:00-04:00,2023-05-16 21:15:00-04:00,2023-05-16 21:16:00-04:00,LONG,84701,13513.0,13515.75,13510.0,13516.0,12,55.0,14.2,50.8,0.8466666666666666,TARGET,2023-05-17,2.2115384615384612,20.347826086956523,45.0,2023
2023-05-17 20:35:00-04:00,2023-05-17 20:40:00-04:00,2023-05-17 20:41:00-04:00,SHORT,84970,13637.0,13640.25,13640.0,13634.0,12,-65.0,14.2,-69.2,-1.1533333333333333,STOP,2023-05-18,1.2777777777777777,21.91304347826087,28.0,2023
2023-05-17 21:05:00-04:00,2023-05-17 21:10:00-04:00,2023-05-17 21:14:00-04:00,LONG,84976,13638.75,13635.5,13635.75,13641.75,12,-65.0,14.2,-69.2,-1.1533333333333333,STOP,2023-05-18,1.3251028806584362,21.130434782608695,28.0,2023
2023-05-18 18:10:00-04:00,2023-05-18 18:15:00-04:00,2023-05-18 18:15:00-04:00,LONG,85217,13944.0,13947.0,13940.75,13947.25,13,60.0,14.2,55.8,0.8584615384615384,TARGET,2023-05-19,6.814814814814815,25.82608695652174,176.0,2023
2023-05-18 18:40:00-04:00,2023-05-18 18:45:00-04:00,2023-05-18 18:53:00-04:00,LONG,85223,13940.25,13943.0,13937.25,13943.25,12,55.0,14.2,50.8,0.8466666666666666,TARGET,2023-05-19,2.3813131313131315,17.217391304347824,41.0,2023
2023-05-21 18:25:00-04:00,2023-05-21 18:30:00-04:00,2023-05-21 18:34:00-04:00,LONG,85496,13833.75,13836.5,13830.75,13836.75,12,55.0,14.2,50.8,0.8466666666666666,TARGET,2023-05-22,1.5875420875420876,17.217391304347824,41.0,2023
2023-05-21 18:55:00-04:00,2023-05-21 19:00:00-04:00,2023-05-21 19:01:00-04:00,LONG,85502,13838.75,13835.5,13835.75,13841.75,12,-65.0,14.2,-69.2,-1.1533333333333333,STOP,2023-05-22,1.6843434343434345,18.782608695652172,29.0,2023
2023-05-22 18:10:00-04:00,2023-05-22 18:15:00-04:00,2023-05-22 19:02:00-04:00,LONG,85769,13918.25,13914.75,13915.0,13921.5,13,-70.0,14.2,-74.2,-1.1415384615384616,STOP,2023-05-23,1.7037037037037037,25.82608695652174,44.0,2023
2023-05-22 19:05:00-04:00,2023-05-22 19:10:00-04:00,2023-05-22 19:17:00-04:00,LONG,85780,13928.75,13931.5,13925.75,13931.75,12,55.0,14.2,50.8,0.8466666666666666,TARGET,2023-05-23,4.898148148148149,18.782608695652172,92.0,2023
2023-05-23 18:05:00-04:00,2023-05-23 18:10:00-04:00,2023-05-23 18:17:00-04:00,LONG,86044,13739.25,13735.5,13735.75,13742.75,14,-75.0,14.2,-79.2,-1.1314285714285715,STOP,2023-05-24,1.904220779220779,26.782608695652176,51.0,2023
2023-05-23 21:10:00-04:00,2023-05-23 21:15:00-04:00,2023-05-23 21:17:00-04:00,SHORT,86081,13743.0,13740.25,13746.0,13740.0,12,55.0,14.2,50.8,0.8466666666666666,TARGET,2023-05-24,1.4603174603174602,21.91304347826087,32.0,2023
2023-05-24 18:25:00-04:00,2023-05-24 18:30:00-04:00,2023-05-24 18:33:00-04:00,SHORT,86324,13848.5,13845.75,13851.5,13845.5,12,55.0,14.2,50.8,0.8466666666666666,TARGET,2023-05-25,2.125757575757576,19.130434782608695,61.0,2023
2023-05-24 18:55:00-04:00,2023-05-24 19:00:00-04:00,2023-05-24 19:00:00-04:00,LONG,86330,13825.0,13827.75,13822.0,13828.0,12,55.0,14.2,50.8,0.8466666666666666,TARGET,2023-05-25,4.234090909090909,20.869565217391305,81.0,2023
2023-05-25 18:20:00-04:00,2023-05-25 18:25:00-04:00,2023-05-25 18:26:00-04:00,SHORT,86599,13974.0,13970.25,13978.0,13970.0,16,75.0,14.2,70.8,0.885,TARGET,2023-05-26,2.6928374655647382,31.565217391304348,85.0,2023
2023-05-25 19:05:00-04:00,2023-05-25 19:10:00-04:00,2023-05-25 19:11:00-04:00,SHORT,86608,13970.5,13967.75,13973.5,13967.5,12,55.0,14.2,50.8,0.8466666666666666,TARGET,2023-05-26,1.3068181818181819,22.956521739130434,30.0,2023
2023-05-28 18:35:00-04:00,2023-05-28 18:40:00-04:00,2023-05-28 18:41:00-04:00,SHORT,86878,14411.0,14414.25,14414.0,14408.0,12,-65.0,14.2,-69.2,-1.1533333333333333,STOP,2023-05-29,2.1677807486631018,21.681159420289852,47.0,2023
2023-05-28 19:15:00-04:00,2023-05-28 19:20:00-04:00,2023-05-28 19:20:00-04:00,LONG,86886,14419.5,14422.25,14416.5,14422.5,12,55.0,14.2,50.8,0.8466666666666666,TARGET,2023-05-29,2.15625,23.652173913043477,51.0,2023
2023-05-29 18:15:00-04:00,2023-05-29 18:20:00-04:00,2023-05-29 18:35:00-04:00,SHORT,87102,14395.75,14399.75,14399.5,14392.0,15,-80.0,14.2,-84.2,-1.1226666666666667,STOP,2023-05-30,1.6524926686217007,29.65217391304348,49.0,2023
2023-05-29 18:50:00-04:00,2023-05-29 18:55:00-04:00,2023-05-29 18:55:00-04:00,LONG,87109,14402.25,14399.0,14399.25,14405.25,12,-65.0,14.2,-69.2,-1.1533333333333333,STOP,2023-05-30,1.5681818181818183,19.768115942028984,31.0,2023
2023-05-30 18:30:00-04:00,2023-05-30 18:35:00-04:00,2023-05-30 18:41:00-04:00,LONG,87381,14400.25,14403.0,14397.25,14403.25,12,55.0,14.2,50.8,0.8466666666666666,TARGET,2023-05-31,1.4731404958677687,21.043478260869563,31.0,2023
2023-05-30 19:05:00-04:00,2023-05-30 19:10:00-04:00,2023-05-30 19:17:00-04:00,LONG,87388,14416.0,14418.75,14413.0,14419.0,12,55.0,14.2,50.8,0.8466666666666666,TARGET,2023-05-31,2.4393939393939394,22.956521739130434,56.0,2023
2023-05-31 18:10:00-04:00,2023-05-31 18:15:00-04:00,2023-05-31 18:16:00-04:00,SHORT,87653,14288.0,14292.5,14292.25,14283.75,17,-90.0,14.2,-94.2,-1.108235294117647,STOP,2023-06-01,1.2914438502673797,32.52173913043478,42.0,2023
2023-05-31 18:55:00-04:00,2023-05-31 19:00:00-04:00,2023-05-31 19:03:00-04:00,LONG,87662,14295.5,14298.25,14292.5,14298.5,12,55.0,14.2,50.8,0.8466666666666666,TARGET,2023-06-01,1.752673796791444,23.652173913043477,38.0,2023
2023-06-01 23:30:00-04:00,2023-06-01 23:35:00-04:00,2023-06-01 23:35:00-04:00,LONG,87993,14510.0,14512.75,14507.0,14513.0,12,55.0,14.2,50.8,0.8466666666666666,TARGET,2023-06-02,1.485645933014354,18.17391304347826,27.0,2023
2023-06-02 02:05:00-04:00,2023-06-02 02:10:00-04:00,2023-06-02 02:14:00-04:00,SHORT,88024,14500.5,14504.75,14504.5,14496.5,16,-85.0,14.2,-89.2,-1.115,STOP,2023-06-02,1.796875,30.608695652173914,55.0,2023
2023-06-04 18:35:00-04:00,2023-06-04 18:40:00-04:00,2023-06-04 18:42:00-04:00,SHORT,88212,14563.25,14566.5,14566.25,14560.25,12,-65.0,14.2,-69.2,-1.1533333333333333,STOP,2023-06-05,1.5681818181818183,21.043478260869563,33.0,2023
2023-06-04 19:15:00-04:00,2023-06-04 19:20:00-04:00,2023-06-04 19:20:00-04:00,SHORT,88220,14536.75,14534.0,14539.75,14533.75,12,55.0,14.2,50.8,0.8466666666666666,TARGET,2023-06-05,1.9166666666666667,22.956521739130434,44.0,2023
2023-06-05 18:35:00-04:00,2023-06-05 18:40:00-04:00,2023-06-05 18:47:00-04:00,SHORT,88488,14568.0,14565.25,14571.0,14565.0,12,55.0,14.2,50.8,0.8466666666666666,TARGET,2023-06-06,1.4164222873900294,19.768115942028984,28.0,2023
2023-06-05 19:45:00-04:00,2023-06-05 19:50:00-04:00,2023-06-05 19:57:00-04:00,SHORT,88502,14560.25,14563.5,14563.25,14557.25,12,-65.0,14.2,-69.2,-1.1533333333333333,STOP,2023-06-06,2.370967741935484,20.666666666666664,49.0,2023
2023-06-06 18:30:00-04:00,2023-06-06 18:35:00-04:00,2023-06-06 18:37:00-04:00,SHORT,88763,14579.25,14582.5,14582.25,14576.25,12,-65.0,14.2,-69.2,-1.1533333333333333,STOP,2023-06-07,1.612987012987013,22.318840579710145,36.0,2023
2023-06-06 19:35:00-04:00,2023-06-06 19:40:00-04:00,2023-06-06 19:41:00-04:00,LONG,88776,14592.0,14594.75,14589.0,14595.0,12,55.0,14.2,50.8,0.8466666666666666,TARGET,2023-06-07,1.5882352941176472,22.666666666666664,36.0,2023
2023-06-07 18:05:00-04:00,2023-06-07 18:10:00-04:00,2023-06-07 18:14:00-04:00,LONG,89034,14327.25,14331.0,14323.25,14331.25,16,75.0,14.2,70.8,0.885,TARGET,2023-06-08,2.221590909090909,30.608695652173914,68.0,2023
2023-06-07 18:45:00-04:00,2023-06-07 18:50:00-04:00,2023-06-07 18:52:00-04:00,SHORT,89042,14311.0,14314.25,14314.0,14308.0,12,-65.0,14.2,-69.2,-1.1533333333333333,STOP,2023-06-08,2.401278409090909,20.405797101449274,49.0,2023
2023-06-08 18:05:00-04:00,2023-06-08 18:10:00-04:00,2023-06-08 18:11:00-04:00,SHORT,89310,14506.0,14510.25,14510.0,14502.0,16,-85.0,14.2,-89.2,-1.115,STOP,2023-06-09,2.286931818181818,30.608695652173914,70.0,2023
2023-06-08 19:25:00-04:00,2023-06-08 19:30:00-04:00,2023-06-08 19:44:00-04:00,SHORT,89326,14501.0,14504.25,14504.0,14498.0,12,-65.0,14.2,-69.2,-1.1533333333333333,STOP,2023-06-09,1.52734375,21.333333333333332,34.0,2023
2023-06-11 18:15:00-04:00,2023-06-11 18:20:00-04:00,2023-06-11 18:21:00-04:00,LONG,89588,14759.25,14763.0,14755.25,14763.25,16,75.0,14.2,70.8,0.885,TARGET,2023-06-12,1.5681818181818181,30.608695652173914,48.0,2023
2023-06-11 18:55:00-04:00,2023-06-11 19:00:00-04:00,2023-06-11 19:00:00-04:00,SHORT,89596,14777.75,14775.0,14780.75,14774.75,12,55.0,14.2,50.8,0.8466666666666666,TARGET,2023-06-12,1.421164772727273,22.26086956521739,29.0,2023
2023-06-12 18:05:00-04:00,2023-06-12 18:10:00-04:00,2023-06-12 18:12:00-04:00,SHORT,89862,14998.25,15002.5,15002.25,14994.25,16,-85.0,14.2,-89.2,-1.115,STOP,2023-06-13,1.5175953079178885,30.130434782608695,45.0,2023
2023-06-12 18:50:00-04:00,2023-06-12 18:55:00-04:00,2023-06-12 18:57:00-04:00,LONG,89871,15018.75,15021.5,15015.75,15021.75,12,55.0,14.2,50.8,0.8466666666666666,TARGET,2023-06-13,2.738095238095238,20.405797101449274,55.0,2023
2023-06-13 20:20:00-04:00,2023-06-13 20:25:00-04:00,2023-06-13 20:28:00-04:00,LONG,90165,15099.25,15095.25,15095.5,15103.0,15,-80.0,14.2,-84.2,-1.1226666666666667,STOP,2023-06-14,1.4606854838709677,28.753623188405797,42.0,2023
2023-06-14 01:30:00-04:00,2023-06-14 01:35:00-04:00,2023-06-14 01:35:00-04:00,SHORT,90227,15086.5,15083.75,15089.5,15083.5,12,55.0,14.2,50.8,0.8466666666666666,TARGET,2023-06-14,1.768125,23.18840579710145,41.0,2023
2023-06-14 19:00:00-04:00,2023-06-14 19:05:00-04:00,2023-06-14 19:09:00-04:00,SHORT,90425,15219.0,15216.25,15222.0,15216.0,12,55.0,14.2,50.8,0.8466666666666666,TARGET,2023-06-15,1.393939393939394,22.956521739130434,32.0,2023
2023-06-14 21:20:00-04:00,2023-06-14 21:25:00-04:00,2023-06-14 21:25:00-04:00,SHORT,90453,15181.5,15185.0,15184.75,15178.25,13,-70.0,14.2,-74.2,-1.1415384615384616,STOP,2023-06-15,2.6717171717171713,25.826086956521742,69.0,2023
2023-06-15 18:05:00-04:00,2023-06-15 18:10:00-04:00,2023-06-15 18:12:00-04:00,SHORT,90690,15363.25,15368.0,15367.75,15358.75,18,-95.0,14.2,-99.2,-1.1022222222222222,STOP,2023-06-16,1.9457070707070705,34.434782608695656,67.0,2023
2023-06-15 18:35:00-04:00,2023-06-15 18:40:00-04:00,2023-06-15 18:50:00-04:00,SHORT,90696,15358.0,15355.25,15361.0,15355.0,12,55.0,14.2,50.8,0.8466666666666666,TARGET,2023-06-16,2.032010243277849,22.956521739130434,46.0,2023
2023-06-18 18:05:00-04:00,2023-06-18 18:10:00-04:00,2023-06-18 18:14:00-04:00,LONG,90966,15317.75,15313.0,15313.25,15322.25,18,-95.0,14.2,-99.2,-1.1022222222222222,STOP,2023-06-19,2.0336239103362392,34.91304347826087,71.0,2023
2023-06-18 18:50:00-04:00,2023-06-18 18:55:00-04:00,2023-06-18 19:01:00-04:00,LONG,90975,15318.75,15315.5,15315.75,15321.75,12,-65.0,14.2,-69.2,-1.1533333333333333,STOP,2023-06-19,1.864864864864865,23.594202898550723,44.0,2023
2023-06-19 19:30:00-04:00,2023-06-19 19:35:00-04:00,2023-06-19 19:35:00-04:00,SHORT,91211,15242.75,15246.0,15245.75,15239.75,12,-65.0,14.2,-69.2,-1.1533333333333333,STOP,2023-06-20,1.5,21.333333333333332,32.0,2023
2023-06-19 20:05:00-04:00,2023-06-19 20:10:00-04:00,2023-06-19 20:12:00-04:00,LONG,91218,15254.75,15250.75,15251.0,15258.5,15,-80.0,14.2,-84.2,-1.1226666666666667,STOP,2023-06-20,1.4259072580645162,28.753623188405797,41.0,2023
2023-06-20 18:05:00-04:00,2023-06-20 18:10:00-04:00,2023-06-20 18:15:00-04:00,LONG,91470,15250.0,15245.75,15246.0,15254.0,16,-85.0,14.2,-89.2,-1.115,STOP,2023-06-21,1.2672176308539944,31.565217391304348,40.0,2023
2023-06-20 19:40:00-04:00,2023-06-20 19:45:00-04:00,2023-06-20 19:53:00-04:00,LONG,91489,15258.75,15261.5,15255.75,15261.75,12,55.0,14.2,50.8,0.8466666666666666,TARGET,2023-06-21,2.0454545454545454,22.0,45.0,2023
2023-06-21 18:05:00-04:00,2023-06-21 18:10:00-04:00,2023-06-21 18:13:00-04:00,LONG,91746,15044.0,15039.75,15040.0,15048.0,16,-85.0,14.2,-89.2,-1.115,STOP,2023-06-22,1.4573002754820936,31.565217391304348,46.0,2023
2023-06-21 18:45:00-04:00,2023-06-21 18:50:00-04:00,2023-06-21 18:53:00-04:00,SHORT,91754,15028.75,15026.0,15031.75,15025.75,12,55.0,14.2,50.8,0.8466666666666666,TARGET,2023-06-22,1.5681818181818183,21.043478260869563,33.0,2023
2023-06-22 21:35:00-04:00,2023-06-22 21:40:00-04:00,2023-06-22 21:40:00-04:00,SHORT,92064,15187.0,15183.5,15190.75,15183.25,15,70.0,14.2,65.8,0.8773333333333333,TARGET,2023-06-23,2.66340710241894,28.579710144927535,75.0,2023
2023-06-22 22:35:00-04:00,2023-06-22 22:40:00-04:00,2023-06-22 22:40:00-04:00,SHORT,92076,15156.75,15154.0,15159.75,15153.75,12,55.0,14.2,50.8,0.8466666666666666,TARGET,2023-06-23,2.1216577540106956,21.681159420289852,46.0,2023
2023-06-25 18:10:00-04:00,2023-06-25 18:15:00-04:00,2023-06-25 18:15:00-04:00,LONG,92300,15071.0,15074.75,15067.0,15075.0,16,75.0,14.2,70.8,0.885,TARGET,2023-06-26,1.5206611570247934,31.565217391304348,48.0,2023
2023-06-25 18:40:00-04:00,2023-06-25 18:45:00-04:00,2023-06-25 18:45:00-04:00,LONG,92306,15083.25,15086.0,15080.25,15086.25,12,55.0,14.2,50.8,0.8466666666666666,TARGET,2023-06-26,1.3305785123966944,21.043478260869563,28.0,2023
2023-06-26 18:40:00-04:00,2023-06-26 18:45:00-04:00,2023-06-26 19:01:00-04:00,LONG,92582,14876.75,14879.5,14873.75,14879.75,12,55.0,14.2,50.8,0.8466666666666666,TARGET,2023-06-27,1.29144385026738,21.681159420289852,28.0,2023
2023-06-26 19:10:00-04:00,2023-06-26 19:15:00-04:00,2023-06-26 19:17:00-04:00,LONG,92588,14885.25,14888.0,14882.25,14888.25,12,55.0,14.2,50.8,0.8466666666666666,TARGET,2023-06-27,1.3106617647058825,23.652173913043477,31.0,2023
2023-06-27 18:15:00-04:00,2023-06-27 18:20:00-04:00,2023-06-27 18:21:00-04:00,SHORT,92853,15060.25,15065.25,15065.0,15055.5,19,-100.0,14.2,-104.2,-1.0968421052631578,STOP,2023-06-28,1.458133971291866,36.34782608695652,53.0,2023
2023-06-27 19:15:00-04:00,2023-06-27 19:20:00-04:00,2023-06-27 19:20:00-04:00,SHORT,92865,15046.75,15043.5,15050.25,15043.25,14,65.0,14.2,60.8,0.8685714285714285,TARGET,2023-06-28,1.2861842105263157,26.434782608695652,34.0,2023
2023-06-28 18:30:00-04:00,2023-06-28 18:35:00-04:00,2023-06-28 18:36:00-04:00,LONG,93132,15177.5,15180.5,15174.25,15180.75,13,60.0,14.2,55.8,0.8584615384615384,TARGET,2023-06-29,1.6727272727272728,24.231884057971012,40.0,2023
2023-06-28 22:00:00-04:00,2023-06-28 22:05:00-04:00,2023-06-28 22:08:00-04:00,SHORT,93174,15161.0,15157.75,15164.5,15157.5,14,65.0,14.2,60.8,0.8685714285714285,TARGET,2023-06-29,1.3054054054054054,26.81159420289855,35.0,2023
2023-06-29 21:05:00-04:00,2023-06-29 21:10:00-04:00,2023-06-29 21:16:00-04:00,LONG,93439,15121.25,15124.75,15117.5,15125.0,15,70.0,14.2,65.8,0.8773333333333333,TARGET,2023-06-30,1.5617283950617284,28.17391304347826,44.0,2023
2023-06-29 22:05:00-04:00,2023-06-29 22:10:00-04:00,2023-06-29 22:14:00-04:00,LONG,93451,15136.5,15132.75,15133.0,15140.0,14,-75.0,14.2,-79.2,-1.1314285714285715,STOP,2023-06-30,1.725,26.08695652173913,45.0,2023
2023-07-02 18:05:00-04:00,2023-07-02 18:10:00-04:00,2023-07-02 18:10:00-04:00,LONG,93679,15358.0,15353.5,15353.75,15362.25,17,-90.0,14.2,-94.2,-1.108235294117647,STOP,2023-07-03,5.018181818181818,33.47826086956522,168.0,2023
2023-07-02 18:35:00-04:00,2023-07-02 18:40:00-04:00,2023-07-02 18:43:00-04:00,SHORT,93685,15338.0,15341.25,15341.0,15335.0,12,-65.0,14.2,-69.2,-1.1533333333333333,STOP,2023-07-03,1.6577922077922078,22.318840579710145,37.0,2023
2023-07-03 18:05:00-04:00,2023-07-03 18:10:00-04:00,2023-07-03 18:20:00-04:00,SHORT,93910,15346.5,15342.75,15350.5,15342.5,16,75.0,14.2,70.8,0.885,TARGET,2023-07-04,2.2542613636363638,30.608695652173914,69.0,2023
2023-07-03 18:35:00-04:00,2023-07-03 18:40:00-04:00,2023-07-03 18:54:00-04:00,SHORT,93916,15339.5,15336.75,15342.5,15336.5,12,55.0,14.2,50.8,0.8466666666666666,TARGET,2023-07-04,1.5681818181818183,20.405797101449274,32.0,2023
2023-07-04 20:15:00-04:00,2023-07-04 20:20:00-04:00,2023-07-04 20:25:00-04:00,SHORT,94164,15333.0,15336.25,15336.0,15330.0,12,-65.0,14.2,-69.2,-1.1533333333333333,STOP,2023-07-05,1.4553349875930521,23.36231884057971,34.0,2023
2023-07-05 02:05:00-04:00,2023-07-05 02:10:00-04:00,2023-07-05 02:20:00-04:00,SHORT,94234,15326.0,15323.0,15329.25,15322.75,13,60.0,14.2,55.8,0.8584615384615384,TARGET,2023-07-05,1.527972027972028,24.869565217391305,38.0,2023
2023-07-05 19:05:00-04:00,2023-07-05 19:10:00-04:00,2023-07-05 19:26:00-04:00,LONG,94426,15359.0,15361.75,15356.0,15362.0,12,55.0,14.2,50.8,0.8466666666666666,TARGET,2023-07-06,1.495,17.391304347826086,26.0,2023
2023-07-05 20:05:00-04:00,2023-07-05 20:10:00-04:00,2023-07-05 20:11:00-04:00,SHORT,94438,15342.0,15345.25,15345.0,15339.0,12,-65.0,14.2,-69.2,-1.1533333333333333,STOP,2023-07-06,1.6470967741935485,22.463768115942027,37.0,2023
2023-07-06 18:05:00-04:00,2023-07-06 18:10:00-04:00,2023-07-06 18:11:00-04:00,LONG,94690,15216.0,15218.75,15213.0,15219.0,12,55.0,14.2,50.8,0.8466666666666666,TARGET,2023-07-07,1.9236363636363636,23.91304347826087,46.0,2023
2023-07-06 18:45:00-04:00,2023-07-06 18:50:00-04:00,2023-07-06 19:01:00-04:00,LONG,94698,15227.25,15224.0,15224.25,15230.25,12,-65.0,14.2,-69.2,-1.1533333333333333,STOP,2023-07-07,1.4427272727272729,15.942028985507244,23.0,2023
2023-07-09 18:05:00-04:00,2023-07-09 18:10:00-04:00,2023-07-09 18:10:00-04:00,SHORT,94966,15162.75,15166.0,15165.75,15159.75,12,-65.0,14.2,-69.2,-1.1533333333333333,STOP,2023-07-10,3.5127272727272727,23.91304347826087,84.0,2023
2023-07-09 18:40:00-04:00,2023-07-09 18:45:00-04:00,2023-07-09 18:46:00-04:00,SHORT,94973,15180.5,15183.75,15183.5,15177.5,12,-65.0,14.2,-69.2,-1.1533333333333333,STOP,2023-07-10,2.3209090909090913,15.942028985507244,37.0,2023
2023-07-10 18:05:00-04:00,2023-07-10 18:10:00-04:00,2023-07-10 18:12:00-04:00,SHORT,95242,15183.0,15180.0,15186.25,15179.75,13,60.0,14.2,55.8,0.8584615384615384,TARGET,2023-07-11,2.332167832167832,24.869565217391305,58.0,2023
2023-07-10 18:35:00-04:00,2023-07-10 18:40:00-04:00,2023-07-10 19:00:00-04:00,LONG,95248,15192.5,15189.25,15189.5,15195.5,12,-65.0,14.2,-69.2,-1.1533333333333333,STOP,2023-07-11,1.507867132867133,16.579710144927535,25.0,2023
2023-07-11 18:10:00-04:00,2023-07-11 18:15:00-04:00,2023-07-11 18:28:00-04:00,LONG,95519,15269.0,15265.25,15265.5,15272.5,14,-75.0,14.2,-79.2,-1.1314285714285715,STOP,2023-07-12,1.2694805194805194,26.782608695652176,34.0,2023
2023-07-11 19:05:00-04:00,2023-07-11 19:10:00-04:00,2023-07-11 19:19:00-04:00,LONG,95530,15278.75,15275.5,15275.75,15281.75,12,-65.0,14.2,-69.2,-1.1533333333333333,STOP,2023-07-12,1.6428571428571428,19.47826086956522,32.0,2023
2023-07-12 18:05:00-04:00,2023-07-12 18:10:00-04:00,2023-07-12 18:12:00-04:00,LONG,95794,15469.75,15473.5,15465.75,15473.75,16,75.0,14.2,70.8,0.885,TARGET,2023-07-13,1.5355113636363635,30.608695652173914,47.0,2023
2023-07-12 18:55:00-04:00,2023-07-12 19:00:00-04:00,2023-07-12 19:07:00-04:00,SHORT,95804,15471.75,15469.0,15474.75,15468.75,12,55.0,14.2,50.8,0.8466666666666666,TARGET,2023-07-13,2.15625,22.26086956521739,44.0,2023
2023-07-13 19:50:00-04:00,2023-07-13 19:55:00-04:00,2023-07-13 19:57:00-04:00,SHORT,96091,15706.75,15710.0,15709.75,15703.75,12,-65.0,14.2,-69.2,-1.1533333333333333,STOP,2023-07-14,1.5967741935483872,20.666666666666664,33.0,2023
2023-07-13 20:25:00-04:00,2023-07-13 20:30:00-04:00,2023-07-13 20:30:00-04:00,SHORT,96098,15687.0,15684.0,15690.25,15683.75,13,60.0,14.2,55.8,0.8584615384615384,TARGET,2023-07-14,1.6873048907388137,25.159420289855074,47.0,2023
2023-07-16 18:45:00-04:00,2023-07-16 18:50:00-04:00,2023-07-16 18:53:00-04:00,SHORT,96354,15679.0,15676.25,15682.0,15676.0,12,55.0,14.2,50.8,0.8466666666666666,TARGET,2023-07-17,2.2258064516129035,19.768115942028984,44.0,2023
2023-07-16 19:20:00-04:00,2023-07-16 19:25:00-04:00,2023-07-16 19:25:00-04:00,SHORT,96361,15667.0,15664.25,15670.0,15664.0,12,55.0,14.2,50.8,0.8466666666666666,TARGET,2023-07-17,1.715725806451613,21.565217391304348,37.0,2023
2023-07-17 18:40:00-04:00,2023-07-17 18:45:00-04:00,2023-07-17 18:53:00-04:00,SHORT,96629,15821.25,15818.5,15824.25,15818.25,12,55.0,14.2,50.8,0.8466666666666666,TARGET,2023-07-18,1.9863636363636363,19.130434782608695,38.0,2023
2023-07-17 19:35:00-04:00,2023-07-17 19:40:00-04:00,2023-07-17 19:42:00-04:00,LONG,96640,15826.0,15822.75,15823.0,15829.0,12,-65.0,14.2,-69.2,-1.1533333333333333,STOP,2023-07-18,1.45,20.0,29.0,2023
2023-07-18 18:05:00-04:00,2023-07-18 18:10:00-04:00,2023-07-18 18:21:00-04:00,LONG,96898,15960.75,15964.0,15957.25,15964.25,14,65.0,14.2,60.8,0.8685714285714285,TARGET,2023-07-19,2.2711598746081503,27.73913043478261,63.0,2023
2023-07-18 19:05:00-04:00,2023-07-18 19:10:00-04:00,2023-07-18 19:15:00-04:00,LONG,96910,15963.75,15966.5,15960.75,15966.75,12,55.0,14.2,50.8,0.8466666666666666,TARGET,2023-07-19,1.586206896551724,20.17391304347826,32.0,2023
2023-07-19 18:10:00-04:00,2023-07-19 18:15:00-04:00,2023-07-19 18:16:00-04:00,SHORT,97175,15893.75,15890.5,15897.25,15890.25,14,65.0,14.2,60.8,0.8685714285714285,TARGET,2023-07-20,1.8668831168831168,26.782608695652176,50.0,2023
2023-07-19 18:40:00-04:00,2023-07-19 18:45:00-04:00,2023-07-19 18:45:00-04:00,SHORT,97181,15855.5,15852.75,15858.5,15852.5,12,55.0,14.2,50.8,0.8466666666666666,TARGET,2023-07-20,2.3522727272727275,17.855072463768114,42.0,2023
2023-07-20 18:10:00-04:00,2023-07-20 18:15:00-04:00,2023-07-20 18:19:00-04:00,SHORT,97451,15596.5,15600.25,15600.0,15593.0,14,-75.0,14.2,-79.2,-1.1314285714285715,STOP,2023-07-21,1.2617554858934168,27.73913043478261,35.0,2023
2023-07-20 18:40:00-04:00,2023-07-20 18:45:00-04:00,2023-07-20 18:52:00-04:00,SHORT,97457,15583.25,15580.5,15586.25,15580.25,12,55.0,14.2,50.8,0.8466666666666666,TARGET,2023-07-21,2.4874608150470223,18.492753623188403,46.0,2023
2023-07-23 18:05:00-04:00,2023-07-23 18:10:00-04:00,2023-07-23 18:11:00-04:00,LONG,97727,15560.0,15556.0,15556.25,15563.75,15,-80.0,14.2,-84.2,-1.1226666666666667,STOP,2023-07-24,2.543939393939394,28.695652173913043,73.0,2023
2023-07-23 19:00:00-04:00,2023-07-23 19:05:00-04:00,2023-07-23 19:06:00-04:00,SHORT,97738,15547.0,15544.25,15550.0,15544.0,12,55.0,14.2,50.8,0.8466666666666666,TARGET,2023-07-24,1.86875,20.869565217391305,39.0,2023
2023-07-24 19:25:00-04:00,2023-07-24 19:30:00-04:00,2023-07-24 19:31:00-04:00,LONG,98019,15568.75,15571.5,15565.75,15571.75,12,55.0,14.2,50.8,0.8466666666666666,TARGET,2023-07-25,1.530241935483871,20.666666666666664,33.0,2023
2023-07-24 20:10:00-04:00,2023-07-24 20:15:00-04:00,2023-07-24 20:16:00-04:00,SHORT,98028,15555.5,15552.25,15559.0,15552.0,14,65.0,14.2,60.8,0.8685714285714285,TARGET,2023-07-25,2.1899063475546305,27.855072463768117,61.0,2023
2023-07-25 18:05:00-04:00,2023-07-25 18:10:00-04:00,2023-07-25 18:10:00-04:00,SHORT,98279,15667.0,15663.5,15670.75,15663.25,15,70.0,14.2,65.8,0.8773333333333333,TARGET,2023-07-26,6.171554252199413,29.65217391304348,183.0,2023
2023-07-25 18:35:00-04:00,2023-07-25 18:40:00-04:00,2023-07-25 18:40:00-04:00,SHORT,98285,15635.0,15638.25,15638.0,15632.0,12,-65.0,14.2,-69.2,-1.1533333333333333,STOP,2023-07-26,2.6304985337243405,20.08695652173913,52.0,2023
2023-07-26 20:05:00-04:00,2023-07-26 20:10:00-04:00,2023-07-26 20:16:00-04:00,SHORT,98579,15641.5,15645.5,15645.25,15637.75,15,-80.0,14.2,-84.2,-1.1226666666666667,STOP,2023-07-27,1.9475806451612903,28.753623188405797,56.0,2023
2023-07-26 21:00:00-04:00,2023-07-26 21:05:00-04:00,2023-07-26 21:08:00-04:00,LONG,98590,15676.0,15679.0,15672.75,15679.25,13,60.0,14.2,55.8,0.8584615384615384,TARGET,2023-07-27,1.3177083333333333,25.043478260869566,33.0,2023
2023-07-27 18:20:00-04:00,2023-07-27 18:25:00-04:00,2023-07-27 18:26:00-04:00,SHORT,98834,15576.75,15581.25,15581.0,15572.5,17,-90.0,14.2,-94.2,-1.108235294117647,STOP,2023-07-28,1.6296791443850267,32.52173913043478,53.0,2023
2023-07-27 19:10:00-04:00,2023-07-27 19:15:00-04:00,2023-07-27 19:20:00-04:00,SHORT,98844,15584.25,15587.5,15587.25,15581.25,12,-65.0,14.2,-69.2,-1.1533333333333333,STOP,2023-07-28,1.818014705882353,23.652173913043477,43.0,2023
2023-07-30 18:10:00-04:00,2023-07-30 18:15:00-04:00,2023-07-30 18:15:00-04:00,LONG,99108,15869.75,15874.0,15865.25,15874.25,18,85.0,14.2,80.8,0.8977777777777778,TARGET,2023-07-31,1.539141414141414,34.434782608695656,53.0,2023
2023-07-30 18:40:00-04:00,2023-07-30 18:45:00-04:00,2023-07-30 18:55:00-04:00,LONG,99114,15908.75,15905.5,15905.75,15911.75,12,-65.0,14.2,-69.2,-1.1533333333333333,STOP,2023-07-31,3.0492424242424243,22.956521739130434,70.0,2023
2023-07-31 18:30:00-04:00,2023-07-31 18:35:00-04:00,2023-07-31 18:55:00-04:00,SHORT,99388,15862.5,15859.75,15865.5,15859.5,12,55.0,14.2,50.8,0.8466666666666666,TARGET,2023-08-01,1.313882063882064,23.594202898550723,31.0,2023
2023-07-31 20:50:00-04:00,2023-07-31 20:55:00-04:00,2023-07-31 21:20:00-04:00,LONG,99416,15872.5,15876.25,15868.5,15876.5,16,75.0,14.2,70.8,0.885,TARGET,2023-08-01,1.2987451737451736,30.02898550724638,39.0,2023
2023-08-01 18:15:00-04:00,2023-08-01 18:20:00-04:00,2023-08-01 18:21:00-04:00,SHORT,99661,15737.0,15742.0,15741.75,15732.25,19,-100.0,14.2,-104.2,-1.0968421052631578,STOP,2023-08-02,2.6961722488038276,36.34782608695652,98.0,2023
2023-08-01 18:45:00-04:00,2023-08-01 18:50:00-04:00,2023-08-01 18:50:00-04:00,LONG,99667,15750.0,15746.5,15746.75,15753.25,13,-70.0,14.2,-74.2,-1.1415384615384616,STOP,2023-08-02,1.6094497607655505,24.231884057971012,39.0,2023
2023-08-02 18:05:00-04:00,2023-08-02 18:10:00-04:00,2023-08-02 18:13:00-04:00,LONG,99935,15470.75,15475.5,15465.75,15475.75,20,95.0,14.2,90.8,0.9079999999999999,TARGET,2023-08-03,1.9379157427937914,39.21739130434783,76.0,2023
2023-08-02 18:55:00-04:00,2023-08-02 19:00:00-04:00,2023-08-02 19:01:00-04:00,LONG,99945,15487.25,15490.75,15483.5,15491.0,15,70.0,14.2,65.8,0.8773333333333333,TARGET,2023-08-03,1.4534368070953438,28.52173913043478,38.0,2023
2023-08-03 18:50:00-04:00,2023-08-03 18:55:00-04:00,2023-08-03 18:57:00-04:00,LONG,100220,15467.25,15470.75,15463.5,15471.0,15,70.0,14.2,65.8,0.8773333333333333,TARGET,2023-08-04,1.8121212121212125,28.69565217391304,52.0,2023
2023-08-03 19:55:00-04:00,2023-08-03 20:00:00-04:00,2023-08-03 20:02:00-04:00,LONG,100233,15480.0,15484.75,15475.0,15485.0,20,95.0,14.2,90.8,0.9079999999999999,TARGET,2023-08-04,1.4318181818181819,39.53623188405797,42.0,2023
2023-08-06 19:50:00-04:00,2023-08-06 19:55:00-04:00,2023-08-06 20:01:00-04:00,LONG,100508,15400.0,15403.5,15396.25,15403.75,15,70.0,14.2,65.8,0.8773333333333333,TARGET,2023-08-07,1.5168539325842698,29.666666666666664,45.0,2023
2023-08-06 20:45:00-04:00,2023-08-06 20:50:00-04:00,2023-08-06 20:50:00-04:00,LONG,100519,15426.0,15421.25,15421.5,15430.5,18,-95.0,14.2,-99.2,-1.1022222222222222,STOP,2023-08-07,1.2601461038961037,35.710144927536234,45.0,2023
2023-08-07 21:15:00-04:00,2023-08-07 21:20:00-04:00,2023-08-07 21:23:00-04:00,SHORT,100801,15457.0,15461.5,15461.25,15452.75,17,-90.0,14.2,-94.2,-1.108235294117647,STOP,2023-08-08,1.6937984496124032,33.65217391304348,57.0,2023
2023-08-07 22:00:00-04:00,2023-08-07 22:05:00-04:00,2023-08-07 22:05:00-04:00,SHORT,100810,15425.5,15429.75,15429.5,15421.5,16,-85.0,14.2,-89.2,-1.115,STOP,2023-08-08,2.0860465116279068,31.159420289855074,65.0,2023
2023-08-08 19:10:00-04:00,2023-08-08 19:15:00-04:00,2023-08-08 19:47:00-04:00,SHORT,101052,15349.25,15353.5,15353.25,15345.25,16,-85.0,14.2,-89.2,-1.115,STOP,2023-08-09,1.34375,32.0,43.0,2023
2023-08-08 20:15:00-04:00,2023-08-08 20:20:00-04:00,2023-08-08 20:26:00-04:00,LONG,101065,15373.25,15367.75,15368.0,15378.5,21,-110.0,14.2,-114.2,-1.0876190476190477,STOP,2023-08-09,1.7661290322580645,41.333333333333336,73.0,2023
2023-08-09 18:05:00-04:00,2023-08-09 18:10:00-04:00,2023-08-09 18:16:00-04:00,LONG,101315,15212.75,15218.0,15207.25,15218.25,22,105.0,14.2,100.8,0.9163636363636364,TARGET,2023-08-10,1.6030303030303028,43.04347826086957,69.0,2023
2023-08-09 19:45:00-04:00,2023-08-09 19:50:00-04:00,2023-08-09 20:01:00-04:00,LONG,101335,15222.0,15218.0,15218.25,15225.75,15,-80.0,14.2,-84.2,-1.1226666666666667,STOP,2023-08-10,1.6,30.0,48.0,2023
2023-08-10 18:05:00-04:00,2023-08-10 18:10:00-04:00,2023-08-10 18:14:00-04:00,LONG,101591,15226.25,15231.25,15221.0,15231.5,21,100.0,14.2,95.8,0.9123809523809524,TARGET,2023-08-11,1.3858350951374208,41.130434782608695,57.0,2023
2023-08-10 19:10:00-04:00,2023-08-10 19:15:00-04:00,2023-08-10 19:28:00-04:00,SHORT,101604,15230.75,15234.75,15234.5,15227.0,15,-80.0,14.2,-84.2,-1.1226666666666667,STOP,2023-08-11,1.3372093023255816,29.913043478260867,40.0,2023
2023-08-13 18:05:00-04:00,2023-08-13 18:10:00-04:00,2023-08-13 18:14:00-04:00,LONG,101867,15125.5,15130.25,15120.5,15130.5,20,95.0,14.2,90.8,0.9079999999999999,TARGET,2023-08-14,3.4761363636363636,38.26086956521739,133.0,2023
2023-08-13 19:15:00-04:00,2023-08-13 19:20:00-04:00,2023-08-13 19:22:00-04:00,LONG,101881,15142.75,15139.0,15139.25,15146.25,14,-75.0,14.2,-79.2,-1.1314285714285715,STOP,2023-08-14,1.5453125,27.82608695652174,43.0,2023
2023-08-14 18:30:00-04:00,2023-08-14 18:35:00-04:00,2023-08-14 18:35:00-04:00,LONG,102148,15304.5,15300.75,15301.0,15308.0,14,-75.0,14.2,-79.2,-1.1314285714285715,STOP,2023-08-15,2.2184035476718407,26.144927536231883,58.0,2023
2023-08-14 19:40:00-04:00,2023-08-14 19:45:00-04:00,2023-08-14 19:46:00-04:00,LONG,102162,15303.5,15299.75,15300.0,15307.0,14,-75.0,14.2,-79.2,-1.1314285714285715,STOP,2023-08-15,1.7560975609756098,27.333333333333332,48.0,2023
2023-08-15 20:50:00-04:00,2023-08-15 20:55:00-04:00,2023-08-15 20:56:00-04:00,LONG,102452,15108.0,15112.25,15103.5,15112.5,18,85.0,14.2,80.8,0.8977777777777778,TARGET,2023-08-16,1.818877551020408,34.08695652173913,62.0,2023
2023-08-15 21:30:00-04:00,2023-08-15 21:35:00-04:00,2023-08-15 21:37:00-04:00,LONG,102460,15122.5,15117.75,15118.0,15127.0,18,-95.0,14.2,-99.2,-1.1022222222222222,STOP,2023-08-16,1.6145320197044337,35.30434782608695,57.0,2023
2023-08-16 20:05:00-04:00,2023-08-16 20:10:00-04:00,2023-08-16 20:15:00-04:00,SHORT,102719,14922.75,14928.0,14927.75,14917.75,20,-105.0,14.2,-109.2,-1.092,STOP,2023-08-17,1.7340585146286571,38.63768115942029,67.0,2023
2023-08-16 20:40:00-04:00,2023-08-16 20:45:00-04:00,2023-08-16 20:47:00-04:00,SHORT,102726,14911.75,14907.5,14916.25,14907.25,18,85.0,14.2,80.8,0.8977777777777778,TARGET,2023-08-17,1.7192691029900329,35.30434782608696,60.0,2023
2023-08-17 18:10:00-04:00,2023-08-17 18:15:00-04:00,2023-08-17 18:38:00-04:00,SHORT,102972,14744.25,14739.0,14749.75,14738.75,22,105.0,14.2,100.8,0.9163636363636364,TARGET,2023-08-18,2.114669421487603,42.08695652173913,89.0,2023
2023-08-17 18:40:00-04:00,2023-08-17 18:45:00-04:00,2023-08-17 18:52:00-04:00,SHORT,102978,14740.25,14744.25,14744.0,14736.5,15,-80.0,14.2,-84.2,-1.1226666666666667,STOP,2023-08-18,1.4612603305785126,28.05797101449275,41.0,2023
2023-08-20 19:25:00-04:00,2023-08-20 19:30:00-04:00,2023-08-20 19:48:00-04:00,LONG,103265,14769.0,14772.5,14765.25,14772.75,15,70.0,14.2,65.8,0.8773333333333333,TARGET,2023-08-21,1.3097222222222222,30.0,41.0,2023
2023-08-20 21:05:00-04:00,2023-08-20 21:10:00-04:00,2023-08-20 21:16:00-04:00,SHORT,103285,14778.25,14774.0,14782.75,14773.75,18,85.0,14.2,80.8,0.8977777777777778,TARGET,2023-08-21,1.4765432098765432,35.21739130434783,52.0,2023
2023-08-21 18:15:00-04:00,2023-08-21 18:20:00-04:00,2023-08-21 18:44:00-04:00,SHORT,103527,14962.25,14957.25,14967.5,14957.0,21,100.0,14.2,95.8,0.9123809523809524,TARGET,2023-08-22,1.3128964059196617,41.130434782608695,54.0,2023
2023-08-21 19:55:00-04:00,2023-08-21 20:00:00-04:00,2023-08-21 20:01:00-04:00,SHORT,103547,14952.75,14957.75,14957.5,14948.0,19,-100.0,14.2,-104.2,-1.0968421052631578,STOP,2023-08-22,1.3928571428571428,37.73913043478261,39.0,2023
2023-08-22 18:05:00-04:00,2023-08-22 18:10:00-04:00,2023-08-22 18:18:00-04:00,LONG,103801,14971.5,14976.5,14966.25,14976.75,21,100.0,14.2,95.8,0.9123809523809524,TARGET,2023-08-23,1.4686147186147185,40.173913043478265,59.0,2023
2023-08-22 20:10:00-04:00,2023-08-22 20:15:00-04:00,2023-08-22 20:16:00-04:00,LONG,103826,14980.5,14985.0,14975.75,14985.25,19,90.0,14.2,85.8,0.903157894736842,TARGET,2023-08-23,1.492918961447679,36.84057971014493,55.0,2023
2023-08-23 18:15:00-04:00,2023-08-23 18:20:00-04:00,2023-08-23 18:21:00-04:00,SHORT,104079,15304.75,15310.0,15309.75,15299.75,20,-105.0,14.2,-109.2,-1.092,STOP,2023-08-24,2.7362514029180693,39.21739130434783,106.0,2023
2023-08-23 19:05:00-04:00,2023-08-23 19:10:00-04:00,2023-08-23 19:12:00-04:00,LONG,104089,15325.5,15329.0,15321.75,15329.25,15,70.0,14.2,65.8,0.8773333333333333,TARGET,2023-08-24,1.4725609756097562,28.52173913043478,42.0,2023
2023-08-24 18:05:00-04:00,2023-08-24 18:10:00-04:00,2023-08-24 18:11:00-04:00,LONG,104353,14856.5,14851.25,14851.5,14861.5,20,-105.0,14.2,-109.2,-1.092,STOP,2023-08-25,2.3458980044345896,39.21739130434783,92.0,2023
2023-08-24 18:40:00-04:00,2023-08-24 18:45:00-04:00,2023-08-24 18:52:00-04:00,LONG,104360,14863.5,14866.75,14860.0,14867.0,14,65.0,14.2,60.8,0.8685714285714285,TARGET,2023-08-25,1.4916851441241685,26.144927536231883,39.0,2023
2023-08-27 18:05:00-04:00,2023-08-27 18:10:00-04:00,2023-08-27 18:10:00-04:00,LONG,104632,15018.25,15023.25,15013.0,15023.5,21,100.0,14.2,95.8,0.9123809523809524,TARGET,2023-08-28,4.3560606060606055,40.173913043478265,175.0,2023
2023-08-27 18:35:00-04:00,2023-08-27 18:40:00-04:00,2023-08-27 18:41:00-04:00,SHORT,104638,15007.5,15011.25,15011.0,15004.0,14,-75.0,14.2,-79.2,-1.1314285714285715,STOP,2023-08-28,1.978896103896104,26.782608695652172,53.0,2023
2023-08-28 18:05:00-04:00,2023-08-28 18:10:00-04:00,2023-08-28 18:42:00-04:00,LONG,104908,15107.5,15102.25,15102.5,15112.5,20,-105.0,14.2,-109.2,-1.092,STOP,2023-08-29,1.5044345898004434,39.21739130434783,59.0,2023
2023-08-28 21:55:00-04:00,2023-08-28 22:00:00-04:00,2023-08-28 22:00:00-04:00,SHORT,104954,15091.5,15088.0,15095.25,15087.75,15,70.0,14.2,65.8,0.8773333333333333,TARGET,2023-08-29,1.5958788898233813,29.71014492753623,55.0,2023
2023-08-29 20:25:00-04:00,2023-08-29 20:30:00-04:00,2023-08-29 20:35:00-04:00,LONG,105212,15445.75,15441.25,15441.5,15450.0,17,-90.0,14.2,-94.2,-1.108235294117647,STOP,2023-08-30,1.601494885916601,33.27536231884058,59.0,2023
2023-08-29 21:35:00-04:00,2023-08-29 21:40:00-04:00,2023-08-29 21:42:00-04:00,SHORT,105226,15449.25,15445.0,15453.75,15444.75,18,85.0,14.2,80.8,0.8977777777777778,TARGET,2023-08-30,1.5958788898233813,34.463768115942024,55.0,2023
2023-08-30 21:35:00-04:00,2023-08-30 21:40:00-04:00,2023-08-30 21:41:00-04:00,LONG,105502,15510.0,15505.25,15505.5,15514.5,18,-95.0,14.2,-99.2,-1.1022222222222222,STOP,2023-08-31,1.2767031118587049,34.463768115942024,44.0,2023
2023-08-30 22:20:00-04:00,2023-08-30 22:25:00-04:00,2023-08-30 22:27:00-04:00,LONG,105511,15526.25,15522.25,15522.5,15530.0,15,-80.0,14.2,-84.2,-1.1226666666666667,STOP,2023-08-31,1.4809756097560975,29.71014492753623,44.0,2023
2023-08-31 22:45:00-04:00,2023-08-31 22:50:00-04:00,2023-08-31 23:31:00-04:00,SHORT,105792,15546.0,15543.0,15549.25,15542.75,13,60.0,14.2,55.8,0.8584615384615384,TARGET,2023-09-01,1.279306220095694,24.231884057971012,31.0,2023
2023-09-01 03:00:00-04:00,2023-09-01 03:05:00-04:00,2023-09-01 03:13:00-04:00,LONG,105843,15518.5,15511.75,15512.0,15525.0,26,-135.0,14.2,-139.2,-1.0707692307692307,STOP,2023-09-01,1.3776041666666667,50.086956521739125,69.0,2023
2023-09-03 18:10:00-04:00,2023-09-03 18:15:00-04:00,2023-09-03 18:17:00-04:00,SHORT,106014,15508.5,15504.25,15513.0,15504.0,18,85.0,14.2,80.8,0.8977777777777778,TARGET,2023-09-04,1.2714987714987716,35.391304347826086,45.0,2023
2023-09-03 21:25:00-04:00,2023-09-03 21:30:00-04:00,2023-09-03 21:32:00-04:00,LONG,106053,15529.5,15525.25,15525.5,15533.5,16,-85.0,14.2,-89.2,-1.115,STOP,2023-09-04,1.8101851851851851,30.26086956521739,51.0,2023
2023-09-04 19:10:00-04:00,2023-09-04 19:15:00-04:00,2023-09-04 19:20:00-04:00,LONG,106254,15523.0,15525.75,15520.0,15526.0,12,55.0,14.2,50.8,0.8466666666666666,TARGET,2023-09-05,1.29375,20.869565217391305,27.0,2023
2023-09-04 20:10:00-04:00,2023-09-04 20:15:00-04:00,2023-09-04 20:15:00-04:00,SHORT,106266,15505.0,15508.75,15508.5,15501.5,14,-75.0,14.2,-79.2,-1.1314285714285715,STOP,2023-09-05,2.856451612903226,26.956521739130434,77.0,2023
2023-09-05 20:20:00-04:00,2023-09-05 20:25:00-04:00,2023-09-05 20:28:00-04:00,LONG,106544,15531.0,15527.25,15527.5,15534.5,14,-75.0,14.2,-79.2,-1.1314285714285715,STOP,2023-09-06,1.335483870967742,26.956521739130434,36.0,2023
2023-09-05 21:20:00-04:00,2023-09-05 21:25:00-04:00,2023-09-05 21:26:00-04:00,SHORT,106556,15510.25,15513.5,15513.25,15507.25,12,-65.0,14.2,-69.2,-1.1533333333333333,STOP,2023-09-06,1.575925925925926,23.47826086956522,37.0,2023
2023-09-06 20:50:00-04:00,2023-09-06 20:55:00-04:00,2023-09-06 21:03:00-04:00,SHORT,106826,15377.5,15381.0,15380.75,15374.25,13,-70.0,14.2,-74.2,-1.1415384615384616,STOP,2023-09-07,1.519642857142857,24.347826086956523,37.0,2023
2023-09-06 21:35:00-04:00,2023-09-06 21:40:00-04:00,2023-09-06 21:41:00-04:00,SHORT,106835,15377.25,15380.75,15380.5,15374.0,13,-70.0,14.2,-74.2,-1.1415384615384616,STOP,2023-09-07,1.903448275862069,25.217391304347824,48.0,2023
2023-09-07 20:30:00-04:00,2023-09-07 20:35:00-04:00,2023-09-07 20:35:00-04:00,SHORT,107098,15262.25,15265.75,15265.5,15259.0,13,-70.0,14.2,-74.2,-1.1415384615384616,STOP,2023-09-08,2.980990783410138,25.159420289855074,75.0,2023
2023-09-07 21:55:00-04:00,2023-09-07 22:00:00-04:00,2023-09-07 22:02:00-04:00,LONG,107115,15274.25,15271.0,15271.25,15277.25,12,-65.0,14.2,-69.2,-1.1533333333333333,STOP,2023-09-08,1.957174638487208,22.463768115942027,51.0,2023
2023-09-10 18:10:00-04:00,2023-09-10 18:15:00-04:00,2023-09-10 18:32:00-04:00,LONG,107346,15503.75,15507.5,15499.75,15507.75,16,75.0,14.2,70.8,0.885,TARGET,2023-09-11,1.2741477272727273,30.608695652173914,39.0,2023
2023-09-10 18:50:00-04:00,2023-09-10 18:55:00-04:00,2023-09-10 18:58:00-04:00,SHORT,107354,15513.0,15516.25,15516.0,15510.0,12,-65.0,14.2,-69.2,-1.1533333333333333,STOP,2023-09-11,1.372159090909091,20.405797101449274,28.0,2023
2023-09-11 18:40:00-04:00,2023-09-11 18:45:00-04:00,2023-09-11 18:49:00-04:00,SHORT,107628,15658.25,15655.5,15661.25,15655.25,12,55.0,14.2,50.8,0.8466666666666666,TARGET,2023-09-12,1.5191761363636365,20.405797101449274,31.0,2023
2023-09-11 22:10:00-04:00,2023-09-11 22:15:00-04:00,2023-09-11 22:17:00-04:00,LONG,107670,15655.5,15658.25,15652.5,15658.5,12,55.0,14.2,50.8,0.8466666666666666,TARGET,2023-09-12,1.509375,23.18840579710145,35.0,2023
2023-09-12 18:35:00-04:00,2023-09-12 18:40:00-04:00,2023-09-12 18:43:00-04:00,LONG,107903,15506.5,15503.25,15503.5,15509.5,12,-65.0,14.2,-69.2,-1.1533333333333333,STOP,2023-09-13,1.4785714285714286,22.318840579710145,33.0,2023
2023-09-12 21:20:00-04:00,2023-09-12 21:25:00-04:00,2023-09-12 21:28:00-04:00,LONG,107936,15508.5,15504.75,15505.0,15512.0,14,-75.0,14.2,-79.2,-1.1314285714285715,STOP,2023-09-13,1.6911764705882353,26.608695652173914,45.0,2023
2023-09-13 19:15:00-04:00,2023-09-13 19:20:00-04:00,2023-09-13 19:36:00-04:00,LONG,108187,15576.75,15573.25,15573.5,15580.0,13,-70.0,14.2,-74.2,-1.1415384615384616,STOP,2023-09-14,1.996527777777778,25.043478260869563,50.0,2023
2023-09-13 21:45:00-04:00,2023-09-13 21:50:00-04:00,2023-09-13 21:51:00-04:00,LONG,108217,15607.0,15603.0,15603.25,15610.75,15,-80.0,14.2,-84.2,-1.1226666666666667,STOP,2023-09-14,2.5152709359605914,29.42028985507246,74.0,2023
2023-09-14 19:50:00-04:00,2023-09-14 19:55:00-04:00,2023-09-14 20:02:00-04:00,SHORT,108470,15677.0,15680.25,15680.0,15674.0,12,-65.0,14.2,-69.2,-1.1533333333333333,STOP,2023-09-15,1.9714285714285715,23.333333333333332,46.0,2023
2023-09-14 22:05:00-04:00,2023-09-14 22:10:00-04:00,2023-09-14 22:12:00-04:00,LONG,108497,15698.5,15695.0,15695.25,15701.75,13,-70.0,14.2,-74.2,-1.1415384615384616,STOP,2023-09-15,2.5234285714285716,25.36231884057971,64.0,2023
2023-09-17 18:05:00-04:00,2023-09-17 18:10:00-04:00,2023-09-17 18:11:00-04:00,LONG,108727,15398.25,15402.25,15394.0,15402.5,17,80.0,14.2,75.8,0.8917647058823529,TARGET,2023-09-18,2.449350649350649,33.47826086956522,82.0,2023
2023-09-17 19:55:00-04:00,2023-09-17 20:00:00-04:00,2023-09-17 20:04:00-04:00,LONG,108749,15413.25,15417.0,15409.25,15417.25,16,75.0,14.2,70.8,0.885,TARGET,2023-09-18,1.2857142857142858,31.0,30.0,2023
2023-09-18 20:05:00-04:00,2023-09-18 20:10:00-04:00,2023-09-18 20:16:00-04:00,LONG,109027,15435.5,15431.25,15431.5,15439.5,16,-85.0,14.2,-89.2,-1.115,STOP,2023-09-19,1.5711574952561669,30.55072463768116,48.0,2023
2023-09-19 00:45:00-04:00,2023-09-19 00:50:00-04:00,2023-09-19 01:00:00-04:00,SHORT,109083,15395.75,15399.0,15398.75,15392.75,12,-65.0,14.2,-69.2,-1.1533333333333333,STOP,2023-09-19,1.9258373205741626,18.17391304347826,35.0,2023
2023-09-19 22:10:00-04:00,2023-09-19 22:15:00-04:00,2023-09-19 22:17:00-04:00,SHORT,109328,15364.25,15361.5,15367.25,15361.25,12,55.0,14.2,50.8,0.8466666666666666,TARGET,2023-09-20,1.38,23.91304347826087,33.0,2023
2023-09-20 00:55:00-04:00,2023-09-20 01:00:00-04:00,2023-09-20 01:02:00-04:00,LONG,109361,15347.75,15344.5,15344.75,15350.75,12,-65.0,14.2,-69.2,-1.1533333333333333,STOP,2023-09-20,1.4185855263157894,22.26086956521739,25.0,2023
2023-09-20 18:05:00-04:00,2023-09-20 18:10:00-04:00,2023-09-20 18:14:00-04:00,LONG,109555,15145.75,15141.5,15141.75,15149.75,16,-85.0,14.2,-89.2,-1.115,STOP,2023-09-21,1.9958677685950412,31.565217391304348,63.0,2023
2023-09-20 19:30:00-04:00,2023-09-20 19:35:00-04:00,2023-09-20 19:38:00-04:00,LONG,109572,15127.5,15124.25,15124.5,15130.5,12,-65.0,14.2,-69.2,-1.1533333333333333,STOP,2023-09-21,1.2727272727272727,22.0,28.0,2023
2023-09-21 18:35:00-04:00,2023-09-21 18:40:00-04:00,2023-09-21 18:41:00-04:00,SHORT,109837,14863.5,14866.75,14866.5,14860.5,12,-65.0,14.2,-69.2,-1.1533333333333333,STOP,2023-09-22,1.29144385026738,21.681159420289852,28.0,2023
2023-09-21 19:05:00-04:00,2023-09-21 19:10:00-04:00,2023-09-21 19:10:00-04:00,SHORT,109843,14860.75,14858.0,14863.75,14857.75,12,55.0,14.2,50.8,0.8466666666666666,TARGET,2023-09-22,1.902573529411765,23.652173913043477,45.0,2023
2023-09-24 18:05:00-04:00,2023-09-24 18:10:00-04:00,2023-09-24 18:15:00-04:00,LONG,110107,14901.5,14905.5,14897.25,14905.75,17,80.0,14.2,75.8,0.8917647058823529,TARGET,2023-09-25,2.5987012987012985,33.47826086956522,87.0,2023
2023-09-24 20:05:00-04:00,2023-09-24 20:10:00-04:00,2023-09-24 20:15:00-04:00,SHORT,110131,14889.5,14885.75,14893.5,14885.5,16,75.0,14.2,70.8,0.885,TARGET,2023-09-25,2.289400921658986,31.44927536231884,72.0,2023
2023-09-25 20:05:00-04:00,2023-09-25 20:10:00-04:00,2023-09-25 20:12:00-04:00,SHORT,110407,14921.75,14917.75,14926.0,14917.5,17,80.0,14.2,75.8,0.8917647058823529,TARGET,2023-09-26,1.885752688172043,32.34782608695652,61.0,2023
2023-09-25 20:50:00-04:00,2023-09-25 20:55:00-04:00,2023-09-25 20:55:00-04:00,SHORT,110416,14879.75,14883.75,14883.5,14876.0,15,-80.0,14.2,-84.2,-1.1226666666666667,STOP,2023-09-26,4.244047619047619,29.217391304347828,124.0,2023
2023-09-26 18:40:00-04:00,2023-09-26 18:45:00-04:00,2023-09-26 18:51:00-04:00,SHORT,110666,14719.0,14716.0,14722.25,14715.75,13,60.0,14.2,55.8,0.8584615384615384,TARGET,2023-09-27,1.5681818181818183,24.231884057971012,38.0,2023
2023-09-26 19:20:00-04:00,2023-09-26 19:25:00-04:00,2023-09-26 19:27:00-04:00,LONG,110674,14727.75,14731.0,14724.25,14731.25,14,65.0,14.2,60.8,0.8685714285714285,TARGET,2023-09-27,1.513157894736842,26.434782608695652,40.0,2023
2023-09-27 18:05:00-04:00,2023-09-27 18:10:00-04:00,2023-09-27 18:23:00-04:00,SHORT,110935,14758.75,14754.0,14763.75,14753.75,20,95.0,14.2,90.8,0.9079999999999999,TARGET,2023-09-28,1.6204545454545454,38.26086956521739,62.0,2023
2023-09-27 18:45:00-04:00,2023-09-27 18:50:00-04:00,2023-09-27 19:05:00-04:00,LONG,110943,14754.5,14751.0,14751.25,14757.75,13,-70.0,14.2,-74.2,-1.1415384615384616,STOP,2023-09-28,1.2545454545454546,25.507246376811594,32.0,2023
2023-09-28 18:05:00-04:00,2023-09-28 18:10:00-04:00,2023-09-28 18:32:00-04:00,LONG,111211,14891.0,14885.5,14885.75,14896.25,21,-110.0,14.2,-114.2,-1.0876190476190477,STOP,2023-09-29,1.5251336898395722,41.130434782608695,62.0,2023
2023-09-28 21:35:00-04:00,2023-09-28 21:40:00-04:00,2023-09-28 21:41:00-04:00,LONG,111253,14840.25,14844.5,14835.75,14844.75,18,85.0,14.2,80.8,0.8977777777777778,TARGET,2023-09-29,1.6145320197044337,35.30434782608695,57.0,2023
2023-10-01 18:30:00-04:00,2023-10-01 18:35:00-04:00,2023-10-01 18:35:00-04:00,SHORT,111492,14941.25,14945.0,14944.75,14937.75,14,-75.0,14.2,-79.2,-1.1314285714285715,STOP,2023-10-02,2.8446088794926006,27.42028985507246,78.0,2023
2023-10-01 19:10:00-04:00,2023-10-01 19:15:00-04:00,2023-10-01 19:16:00-04:00,LONG,111500,14948.75,14952.5,14944.75,14952.75,16,75.0,14.2,70.8,0.885,TARGET,2023-10-02,1.3721590909090908,30.26086956521739,42.0,2023
2023-10-02 19:50:00-04:00,2023-10-02 19:55:00-04:00,2023-10-02 20:01:00-04:00,LONG,111784,14994.0,14990.0,14990.25,14997.75,15,-80.0,14.2,-84.2,-1.1226666666666667,STOP,2023-10-03,1.5,30.0,45.0,2023
2023-10-02 21:10:00-04:00,2023-10-02 21:15:00-04:00,2023-10-02 21:16:00-04:00,SHORT,111800,14976.0,14980.75,14980.5,14971.5,18,-95.0,14.2,-99.2,-1.1022222222222222,STOP,2023-10-03,1.65530303030303,34.434782608695656,57.0,2023
2023-10-03 18:05:00-04:00,2023-10-03 18:10:00-04:00,2023-10-03 18:21:00-04:00,SHORT,112039,14702.25,14708.0,14707.75,14696.75,22,-115.0,14.2,-119.2,-1.0836363636363637,STOP,2023-10-04,1.25,44.0,55.0,2023
2023-10-03 19:05:00-04:00,2023-10-03 19:10:00-04:00,2023-10-03 19:10:00-04:00,SHORT,112051,14701.5,14705.75,14705.5,14697.5,16,-85.0,14.2,-89.2,-1.115,STOP,2023-10-04,1.75,32.0,56.0,2023
2023-10-04 20:05:00-04:00,2023-10-04 20:10:00-04:00,2023-10-04 20:12:00-04:00,SHORT,112339,14892.25,14898.0,14897.75,14886.75,22,-115.0,14.2,-119.2,-1.0836363636363637,STOP,2023-10-05,1.715725806451613,43.130434782608695,74.0,2023
2023-10-04 22:00:00-04:00,2023-10-04 22:05:00-04:00,2023-10-04 22:06:00-04:00,LONG,112362,14928.75,14924.0,14924.25,14933.25,18,-95.0,14.2,-99.2,-1.1022222222222222,STOP,2023-10-05,1.61,34.78260869565217,56.0,2023
2023-10-05 20:35:00-04:00,2023-10-05 20:40:00-04:00,2023-10-05 20:43:00-04:00,SHORT,112621,14852.25,14857.75,14857.5,14847.0,21,-110.0,14.2,-114.2,-1.0876190476190477,STOP,2023-10-06,1.4539285714285712,40.57971014492754,59.0,2023
2023-10-05 21:40:00-04:00,2023-10-05 21:45:00-04:00,2023-10-05 21:49:00-04:00,LONG,112634,14864.5,14858.75,14859.0,14870.0,22,-115.0,14.2,-119.2,-1.0836363636363637,STOP,2023-10-06,1.7844827586206897,42.028985507246375,75.0,2023
2023-10-08 18:15:00-04:00,2023-10-08 18:20:00-04:00,2023-10-08 18:22:00-04:00,SHORT,112869,15008.75,15015.0,15014.75,15002.75,24,-125.0,14.2,-129.2,-1.0766666666666667,STOP,2023-10-09,2.325602968460111,46.869565217391305,109.0,2023
2023-10-08 19:40:00-04:00,2023-10-08 19:45:00-04:00,2023-10-08 19:47:00-04:00,LONG,112886,15023.75,15019.25,15019.5,15028.0,17,-90.0,14.2,-94.2,-1.108235294117647,STOP,2023-10-09,1.2551020408163267,32.666666666666664,41.0,2023
2023-10-09 22:40:00-04:00,2023-10-09 22:45:00-04:00,2023-10-09 22:46:00-04:00,LONG,113198,15227.5,15223.25,15223.5,15231.5,16,-85.0,14.2,-89.2,-1.115,STOP,2023-10-10,1.5355113636363638,30.60869565217391,47.0,2023
2023-10-09 23:10:00-04:00,2023-10-09 23:15:00-04:00,2023-10-09 23:22:00-04:00,SHORT,113204,15213.75,15210.5,15217.25,15210.25,14,65.0,14.2,60.8,0.8685714285714285,TARGET,2023-10-10,1.2578124999999998,27.826086956521742,35.0,2023
2023-10-10 20:05:00-04:00,2023-10-10 20:10:00-04:00,2023-10-10 20:18:00-04:00,LONG,113443,15295.25,15289.5,15289.75,15300.75,22,-115.0,14.2,-119.2,-1.0836363636363637,STOP,2023-10-11,1.5766129032258065,43.130434782608695,68.0,2023
2023-10-11 03:55:00-04:00,2023-10-11 04:00:00-04:00,2023-10-11 04:05:00-04:00,SHORT,113537,15292.5,15300.0,15299.75,15285.25,29,-150.0,14.2,-154.2,-1.063448275862069,STOP,2023-10-11,1.4587737843551796,56.1159420289855,80.0,2023
2023-10-11 20:10:00-04:00,2023-10-11 20:15:00-04:00,2023-10-11 20:20:00-04:00,LONG,113720,15421.25,15416.0,15416.25,15426.25,20,-105.0,14.2,-109.2,-1.092,STOP,2023-10-12,1.896994134897361,39.53623188405797,75.0,2023
2023-10-12 02:40:00-04:00,2023-10-12 02:45:00-04:00,2023-10-12 03:01:00-04:00,LONG,113798,15444.0,15439.25,15439.5,15448.5,18,-95.0,14.2,-99.2,-1.1022222222222222,STOP,2023-10-12,1.3182926829268293,35.65217391304348,47.0,2023
2023-10-12 18:05:00-04:00,2023-10-12 18:10:00-04:00,2023-10-12 18:24:00-04:00,SHORT,113971,15316.25,15321.75,15321.5,15311.0,21,-110.0,14.2,-114.2,-1.0876190476190477,STOP,2023-10-13,1.2885835095137421,41.130434782608695,53.0,2023
2023-10-12 22:10:00-04:00,2023-10-12 22:15:00-04:00,2023-10-12 22:20:00-04:00,LONG,114020,15339.25,15342.75,15335.5,15343.0,15,70.0,14.2,65.8,0.8773333333333333,TARGET,2023-10-13,1.9858536585365854,29.71014492753623,59.0,2023
2023-10-15 18:05:00-04:00,2023-10-15 18:10:00-04:00,2023-10-15 18:26:00-04:00,LONG,114249,15153.0,15158.0,15147.75,15158.25,21,100.0,14.2,95.8,0.9123809523809524,TARGET,2023-10-16,5.038335158817086,40.173913043478265,200.0,2023
2023-10-15 18:40:00-04:00,2023-10-15 18:45:00-04:00,2023-10-15 18:49:00-04:00,SHORT,114256,15143.75,15147.5,15147.25,15140.25,14,-75.0,14.2,-79.2,-1.1314285714285715,STOP,2023-10-16,1.2847754654983572,26.463768115942027,34.0,2023
2023-10-16 19:10:00-04:00,2023-10-16 19:15:00-04:00,2023-10-16 19:19:00-04:00,SHORT,114538,15283.5,15280.25,15287.0,15280.0,14,65.0,14.2,60.8,0.8685714285714285,TARGET,2023-10-17,1.5453125,27.82608695652174,43.0,2023
2023-10-16 19:55:00-04:00,2023-10-16 20:00:00-04:00,2023-10-16 20:03:00-04:00,LONG,114547,15292.5,15287.75,15288.0,15297.0,18,-95.0,14.2,-99.2,-1.1022222222222222,STOP,2023-10-17,1.4625000000000001,35.94202898550725,39.0,2023
2023-10-17 20:15:00-04:00,2023-10-17 20:20:00-04:00,2023-10-17 20:26:00-04:00,SHORT,114827,15196.25,15201.0,15200.75,15191.75,18,-95.0,14.2,-99.2,-1.1022222222222222,STOP,2023-10-18,2.309274193548387,35.94202898550725,83.0,2023
2023-10-17 21:45:00-04:00,2023-10-17 21:50:00-04:00,2023-10-17 21:51:00-04:00,SHORT,114845,15198.75,15203.25,15203.0,15194.5,17,-90.0,14.2,-94.2,-1.108235294117647,STOP,2023-10-18,1.250663129973475,32.78260869565217,41.0,2023
2023-10-18 18:20:00-04:00,2023-10-18 18:25:00-04:00,2023-10-18 18:27:00-04:00,SHORT,115080,15033.25,15038.5,15038.25,15028.25,20,-105.0,14.2,-109.2,-1.092,STOP,2023-10-19,1.6988636363636365,38.26086956521739,65.0,2023
2023-10-18 19:40:00-04:00,2023-10-18 19:45:00-04:00,2023-10-18 19:47:00-04:00,SHORT,115096,15031.25,15028.0,15034.75,15027.75,14,65.0,14.2,60.8,0.8685714285714285,TARGET,2023-10-19,1.2750000000000001,26.666666666666664,34.0,2023
2023-10-19 19:30:00-04:00,2023-10-19 19:35:00-04:00,2023-10-19 19:38:00-04:00,LONG,115370,14836.5,14839.75,14833.0,14840.0,14,65.0,14.2,60.8,0.8685714285714285,TARGET,2023-10-20,1.4285714285714286,28.0,40.0,2023
2023-10-19 20:05:00-04:00,2023-10-19 20:10:00-04:00,2023-10-19 20:10:00-04:00,SHORT,115377,14828.25,14833.25,14833.0,14823.5,19,-100.0,14.2,-104.2,-1.0968421052631578,STOP,2023-10-20,1.4043778801843319,37.73913043478261,53.0,2023
2023-10-22 18:15:00-04:00,2023-10-22 18:20:00-04:00,2023-10-22 18:28:00-04:00,LONG,115631,14694.5,14688.75,14689.0,14700.0,22,-115.0,14.2,-119.2,-1.0836363636363637,STOP,2023-10-23,1.3939393939393938,43.04347826086957,60.0,2023
2023-10-22 22:25:00-04:00,2023-10-22 22:30:00-04:00,2023-10-22 22:41:00-04:00,SHORT,115681,14688.75,14685.5,14692.25,14685.25,14,65.0,14.2,60.8,0.8685714285714285,TARGET,2023-10-23,1.9255813953488372,27.42028985507246,60.0,2023
2023-10-23 18:30:00-04:00,2023-10-23 18:35:00-04:00,2023-10-23 18:52:00-04:00,LONG,115910,14743.5,14739.5,14739.75,14747.25,15,-80.0,14.2,-84.2,-1.1226666666666667,STOP,2023-10-24,1.2545454545454546,28.69565217391304,36.0,2023
2023-10-23 19:50:00-04:00,2023-10-23 19:55:00-04:00,2023-10-23 20:07:00-04:00,LONG,115926,14759.75,14755.75,14756.0,14763.5,15,-80.0,14.2,-84.2,-1.1226666666666667,STOP,2023-10-24,1.5681818181818183,29.333333333333332,46.0,2023
2023-10-24 18:10:00-04:00,2023-10-24 18:15:00-04:00,2023-10-24 18:17:00-04:00,SHORT,116182,14798.5,14804.25,14804.0,14793.0,22,-115.0,14.2,-119.2,-1.0836363636363637,STOP,2023-10-25,3.1938061938061937,44.0,139.0,2023
2023-10-24 18:50:00-04:00,2023-10-24 18:55:00-04:00,2023-10-24 18:57:00-04:00,LONG,116190,14816.25,14812.25,14812.5,14820.0,15,-80.0,14.2,-84.2,-1.1226666666666667,STOP,2023-10-25,1.6363636363636365,29.333333333333332,48.0,2023
2023-10-25 18:15:00-04:00,2023-10-25 18:20:00-04:00,2023-10-25 18:21:00-04:00,SHORT,116459,14358.5,14364.5,14364.25,14352.75,23,-120.0,14.2,-124.2,-1.08,STOP,2023-10-26,1.8211143695014662,44.95652173913044,81.0,2023
2023-10-25 18:55:00-04:00,2023-10-25 19:00:00-04:00,2023-10-25 19:05:00-04:00,SHORT,116467,14370.25,14366.25,14374.5,14366.0,17,80.0,14.2,75.8,0.8917647058823529,TARGET,2023-10-26,1.3346228239845261,32.69565217391304,40.0,2023
2023-10-26 18:20:00-04:00,2023-10-26 18:25:00-04:00,2023-10-26 18:27:00-04:00,LONG,116736,14295.75,14289.5,14289.75,14301.75,24,-125.0,14.2,-129.2,-1.0766666666666667,STOP,2023-10-27,2.1335807050092765,46.869565217391305,100.0,2023
2023-10-26 19:10:00-04:00,2023-10-26 19:15:00-04:00,2023-10-26 19:16:00-04:00,LONG,116746,14307.5,14311.75,14303.0,14312.0,18,85.0,14.2,80.8,0.8977777777777778,TARGET,2023-10-27,1.378826530612245,34.08695652173913,47.0,2023
2023-10-29 18:45:00-04:00,2023-10-29 18:50:00-04:00,2023-10-29 18:50:00-04:00,SHORT,117017,14327.75,14332.0,14331.75,14323.75,16,-85.0,14.2,-89.2,-1.115,STOP,2023-10-30,1.8622159090909092,30.60869565217391,57.0,2023
2023-10-30 05:10:00-04:00,2023-10-30 05:15:00-04:00,2023-10-30 05:16:00-04:00,LONG,117142,14379.5,14384.75,14374.0,14385.0,22,105.0,14.2,100.8,0.9163636363636364,TARGET,2023-10-30,1.2914438502673797,43.36231884057971,56.0,2023
2023-10-30 20:10:00-04:00,2023-10-30 20:15:00-04:00,2023-10-30 20:16:00-04:00,SHORT,117310,14381.75,14387.25,14387.0,14376.5,21,-110.0,14.2,-114.2,-1.0876190476190477,STOP,2023-10-31,1.693548387096774,41.333333333333336,70.0,2023
2023-10-30 21:45:00-04:00,2023-10-30 21:50:00-04:00,2023-10-30 21:51:00-04:00,SHORT,117329,14368.75,14374.0,14373.75,14363.75,20,-105.0,14.2,-109.2,-1.092,STOP,2023-10-31,2.431034482758621,38.666666666666664,94.0,2023
2023-10-31 19:05:00-04:00,2023-10-31 19:10:00-04:00,2023-10-31 19:16:00-04:00,SHORT,117573,14452.75,14449.0,14456.75,14448.75,16,75.0,14.2,70.8,0.885,TARGET,2023-11-01,2.375,32.0,76.0,2023
2023-11-01 02:55:00-04:00,2023-11-01 03:00:00-04:00,2023-11-01 03:05:00-04:00,LONG,117667,14490.75,14483.0,14483.25,14498.25,30,-155.0,14.2,-159.2,-1.0613333333333332,STOP,2023-11-01,1.4441860465116279,59.826086956521735,54.0,2023
2023-11-01 19:05:00-04:00,2023-11-01 19:10:00-04:00,2023-11-01 19:16:00-04:00,LONG,117849,14776.75,14780.5,14772.75,14780.75,16,75.0,14.2,70.8,0.885,TARGET,2023-11-02,1.3394886363636362,30.608695652173914,41.0,2023
2023-11-01 20:45:00-04:00,2023-11-01 20:50:00-04:00,2023-11-01 20:55:00-04:00,LONG,117869,14797.25,14801.5,14792.75,14801.75,18,85.0,14.2,80.8,0.8977777777777778,TARGET,2023-11-02,1.8762175324675323,35.710144927536234,67.0,2023
2023-11-02 18:50:00-04:00,2023-11-02 18:55:00-04:00,2023-11-02 19:03:00-04:00,SHORT,118122,14948.75,14952.5,14952.25,14945.25,14,-75.0,14.2,-79.2,-1.1314285714285715,STOP,2023-11-03,1.3004434589800444,26.144927536231883,34.0,2023
2023-11-03 00:00:00-04:00,2023-11-03 00:05:00-04:00,2023-11-03 00:21:00-04:00,SHORT,118184,14957.0,14960.25,14960.0,14954.0,12,-65.0,14.2,-69.2,-1.1533333333333333,STOP,2023-11-03,1.2901662049861495,20.92753623188406,27.0,2023
2023-11-05 19:05:00-05:00,2023-11-05 19:10:00-05:00,2023-11-05 19:10:00-05:00,SHORT,118403,15171.5,15168.5,15174.75,15168.25,13,60.0,14.2,55.8,0.8584615384615384,TARGET,2023-11-06,1.3986486486486487,25.73913043478261,36.0,2023
2023-11-05 22:55:00-05:00,2023-11-05 23:00:00-05:00,2023-11-05 23:02:00-05:00,LONG,118449,15187.25,15184.0,15184.25,15190.25,12,-65.0,14.2,-69.2,-1.1533333333333333,STOP,2023-11-06,1.4785714285714286,20.28985507246377,33.0,2023
2023-11-06 20:20:00-05:00,2023-11-06 20:25:00-05:00,2023-11-06 20:32:00-05:00,LONG,118694,15211.75,15215.5,15207.75,15215.75,16,75.0,14.2,70.8,0.885,TARGET,2023-11-07,1.8330170777988615,30.55072463768116,56.0,2023
2023-11-06 22:35:00-05:00,2023-11-06 22:40:00-05:00,2023-11-06 22:42:00-05:00,LONG,118721,15209.5,15206.25,15206.5,15212.5,12,-65.0,14.2,-69.2,-1.1533333333333333,STOP,2023-11-07,2.075534759358289,21.681159420289852,45.0,2023
2023-11-07 18:05:00-05:00,2023-11-07 18:10:00-05:00,2023-11-07 18:17:00-05:00,SHORT,118943,15368.25,15372.75,15372.5,15364.0,17,-90.0,14.2,-94.2,-1.108235294117647,STOP,2023-11-08,1.5681818181818183,32.52173913043478,51.0,2023
2023-11-07 19:20:00-05:00,2023-11-07 19:25:00-05:00,2023-11-07 19:40:00-05:00,LONG,118958,15372.0,15368.75,15369.0,15375.0,12,-65.0,14.2,-69.2,-1.1533333333333333,STOP,2023-11-08,1.2683823529411766,23.652173913043477,30.0,2023
2023-11-08 18:05:00-05:00,2023-11-08 18:10:00-05:00,2023-11-08 18:31:00-05:00,SHORT,119219,15352.5,15356.75,15356.5,15348.5,16,-85.0,14.2,-89.2,-1.115,STOP,2023-11-09,1.862215909090909,30.608695652173914,57.0,2023
2023-11-08 19:05:00-05:00,2023-11-08 19:10:00-05:00,2023-11-08 19:12:00-05:00,LONG,119231,15356.0,15352.75,15353.0,15359.0,12,-65.0,14.2,-69.2,-1.1533333333333333,STOP,2023-11-09,1.392578125,22.26086956521739,31.0,2023
2023-11-09 18:05:00-05:00,2023-11-09 18:10:00-05:00,2023-11-09 18:16:00-05:00,SHORT,119495,15242.5,15239.0,15246.25,15238.75,15,70.0,14.2,65.8,0.8773333333333333,TARGET,2023-11-10,1.8509687034277198,29.65217391304348,54.0,2023
2023-11-09 19:05:00-05:00,2023-11-09 19:10:00-05:00,2023-11-09 19:11:00-05:00,SHORT,119507,15223.5,15226.75,15226.5,15220.5,12,-65.0,14.2,-69.2,-1.1533333333333333,STOP,2023-11-10,1.9939516129032258,21.565217391304348,43.0,2023
2023-11-12 18:40:00-05:00,2023-11-12 18:45:00-05:00,2023-11-12 18:50:00-05:00,SHORT,119780,15574.5,15571.75,15577.5,15571.5,12,55.0,14.2,50.8,0.8466666666666666,TARGET,2023-11-13,4.0469208211143695,19.768115942028984,80.0,2023
2023-11-12 19:15:00-05:00,2023-11-12 19:20:00-05:00,2023-11-12 19:21:00-05:00,SHORT,119787,15554.0,15551.25,15557.0,15551.0,12,55.0,14.2,50.8,0.8466666666666666,TARGET,2023-11-13,1.2983870967741935,21.565217391304348,28.0,2023
2023-11-13 19:15:00-05:00,2023-11-13 19:20:00-05:00,2023-11-13 19:22:00-05:00,LONG,120063,15560.25,15557.0,15557.25,15563.25,12,-65.0,14.2,-69.2,-1.1533333333333333,STOP,2023-11-14,1.4375,21.565217391304348,31.0,2023
2023-11-13 20:40:00-05:00,2023-11-13 20:45:00-05:00,2023-11-13 20:50:00-05:00,LONG,120080,15566.5,15563.0,15563.25,15569.75,13,-70.0,14.2,-74.2,-1.1415384615384616,STOP,2023-11-14,1.4785714285714284,24.347826086956523,36.0,2023
2023-11-14 18:05:00-05:00,2023-11-14 18:10:00-05:00,2023-11-14 18:27:00-05:00,LONG,120325,15908.25,15911.75,15904.5,15912.0,15,70.0,14.2,65.8,0.8773333333333333,TARGET,2023-11-15,2.090909090909091,28.695652173913043,60.0,2023
2023-11-14 19:45:00-05:00,2023-11-14 19:50:00-05:00,2023-11-14 19:52:00-05:00,SHORT,120345,15899.75,15903.0,15902.75,15896.75,12,-65.0,14.2,-69.2,-1.1533333333333333,STOP,2023-11-15,1.3,20.0,26.0,2023
2023-11-15 18:05:00-05:00,2023-11-15 18:10:00-05:00,2023-11-15 18:14:00-05:00,LONG,120601,15854.75,15850.75,15851.0,15858.5,15,-80.0,14.2,-84.2,-1.1226666666666667,STOP,2023-11-16,1.603030303030303,28.695652173913043,46.0,2023
2023-11-15 19:10:00-05:00,2023-11-15 19:15:00-05:00,2023-11-15 19:19:00-05:00,LONG,120614,15870.75,15873.5,15867.75,15873.75,12,55.0,14.2,50.8,0.8466666666666666,TARGET,2023-11-16,1.3416666666666666,20.869565217391305,28.0,2023
2023-11-16 18:05:00-05:00,2023-11-16 18:10:00-05:00,2023-11-16 18:45:00-05:00,SHORT,120877,15885.5,15889.5,15889.25,15881.75,15,-80.0,14.2,-84.2,-1.1226666666666667,STOP,2023-11-17,1.7199413489736068,29.65217391304348,51.0,2023
2023-11-16 19:05:00-05:00,2023-11-16 19:10:00-05:00,2023-11-16 19:11:00-05:00,LONG,120889,15892.25,15889.0,15889.25,15895.25,12,-65.0,14.2,-69.2,-1.1533333333333333,STOP,2023-11-17,1.344758064516129,21.565217391304348,29.0,2023
2023-11-19 18:15:00-05:00,2023-11-19 18:20:00-05:00,2023-11-19 18:20:00-05:00,SHORT,121155,15858.75,15855.25,15862.5,15855.0,15,70.0,14.2,65.8,0.8773333333333333,TARGET,2023-11-20,2.158357771260997,29.65217391304348,64.0,2023
2023-11-19 18:45:00-05:00,2023-11-19 18:50:00-05:00,2023-11-19 18:58:00-05:00,LONG,121161,15864.75,15867.5,15861.75,15867.75,12,55.0,14.2,50.8,0.8466666666666666,TARGET,2023-11-20,1.2646627565982405,19.768115942028984,25.0,2023
2023-11-20 18:05:00-05:00,2023-11-20 18:10:00-05:00,2023-11-20 18:11:00-05:00,LONG,121429,16096.25,16099.5,16092.75,16099.75,14,65.0,14.2,60.8,0.8685714285714285,TARGET,2023-11-21,1.6583072100313478,27.73913043478261,46.0,2023
2023-11-20 18:40:00-05:00,2023-11-20 18:45:00-05:00,2023-11-20 18:56:00-05:00,LONG,121436,16098.75,16101.5,16095.75,16101.75,12,55.0,14.2,50.8,0.8466666666666666,TARGET,2023-11-21,1.297805642633229,18.492753623188403,24.0,2023
2023-11-21 18:05:00-05:00,2023-11-21 18:10:00-05:00,2023-11-21 18:16:00-05:00,SHORT,121705,15954.5,15951.25,15958.0,15951.0,14,65.0,14.2,60.8,0.8685714285714285,TARGET,2023-11-22,1.6943573667711598,27.73913043478261,47.0,2023
2023-11-21 19:10:00-05:00,2023-11-21 19:15:00-05:00,2023-11-21 19:17:00-05:00,LONG,121718,15961.25,15958.0,15958.25,15964.25,12,-65.0,14.2,-69.2,-1.1533333333333333,STOP,2023-11-22,1.3879310344827587,20.17391304347826,28.0,2023
2023-11-23 05:35:00-05:00,2023-11-23 05:40:00-05:00,2023-11-23 06:00:00-05:00,SHORT,122119,16068.0,16071.75,16071.5,16064.5,14,-75.0,14.2,-79.2,-1.1314285714285715,STOP,2023-11-23,1.2777777777777777,26.608695652173914,34.0,2023
2023-11-23 18:35:00-05:00,2023-11-23 18:40:00-05:00,2023-11-23 18:47:00-05:00,SHORT,122215,16060.0,16063.25,16063.0,16057.0,12,-65.0,14.2,-69.2,-1.1533333333333333,STOP,2023-11-24,1.2545454545454546,15.942028985507244,20.0,2023
2023-11-23 19:55:00-05:00,2023-11-23 20:00:00-05:00,2023-11-23 20:01:00-05:00,LONG,122231,16070.25,16067.0,16067.25,16073.25,12,-65.0,14.2,-69.2,-1.1533333333333333,STOP,2023-11-24,1.4400000000000002,22.463768115942027,24.0,2023
2023-11-26 18:05:00-05:00,2023-11-26 18:10:00-05:00,2023-11-26 18:10:00-05:00,SHORT,122440,15988.0,15985.25,15991.0,15985.0,12,55.0,14.2,50.8,0.8466666666666666,TARGET,2023-11-27,4.363636363636363,22.0,96.0,2023
2023-11-26 18:40:00-05:00,2023-11-26 18:45:00-05:00,2023-11-26 18:46:00-05:00,SHORT,122447,15985.75,15983.0,15988.75,15982.75,12,55.0,14.2,50.8,0.8466666666666666,TARGET,2023-11-27,1.5681818181818183,14.666666666666666,23.0,2023
2023-11-27 18:05:00-05:00,2023-11-27 18:10:00-05:00,2023-11-27 18:34:00-05:00,LONG,122716,16010.5,16007.25,16007.5,16013.5,12,-65.0,14.2,-69.2,-1.1533333333333333,STOP,2023-11-28,1.9090909090909092,22.0,42.0,2023
2023-11-27 19:05:00-05:00,2023-11-27 19:10:00-05:00,2023-11-27 19:17:00-05:00,SHORT,122728,16005.25,16002.5,16008.25,16002.25,12,55.0,14.2,50.8,0.8466666666666666,TARGET,2023-11-28,2.0,16.0,32.0,2023
2023-11-28 18:05:00-05:00,2023-11-28 18:10:00-05:00,2023-11-28 18:19:00-05:00,SHORT,122992,16044.0,16047.25,16047.0,16041.0,12,-65.0,14.2,-69.2,-1.1533333333333333,STOP,2023-11-29,2.6818181818181817,22.0,59.0,2023
2023-11-28 18:45:00-05:00,2023-11-28 18:50:00-05:00,2023-11-28 18:52:00-05:00,SHORT,123000,16052.0,16055.25,16055.0,16049.0,12,-65.0,14.2,-69.2,-1.1533333333333333,STOP,2023-11-29,1.5,14.666666666666666,22.0,2023
2023-11-29 18:55:00-05:00,2023-11-29 19:00:00-05:00,2023-11-29 19:00:00-05:00,SHORT,123278,16044.5,16047.75,16047.5,16041.5,12,-65.0,14.2,-69.2,-1.1533333333333333,STOP,2023-11-30,1.8533057851239672,15.304347826086957,26.0,2023
2023-11-29 19:35:00-05:00,2023-11-29 19:40:00-05:00,2023-11-29 19:45:00-05:00,LONG,123286,16051.0,16053.75,16048.0,16054.0,12,55.0,14.2,50.8,0.8466666666666666,TARGET,2023-11-30,1.3636363636363638,14.666666666666666,20.0,2023
2023-11-30 19:05:00-05:00,2023-11-30 19:10:00-05:00,2023-11-30 19:32:00-05:00,SHORT,123556,15962.0,15959.25,15965.0,15959.0,12,55.0,14.2,50.8,0.8466666666666666,TARGET,2023-12-01,1.5681818181818181,15.304347826086957,24.0,2023
2023-11-30 19:50:00-05:00,2023-11-30 19:55:00-05:00,2023-11-30 20:01:00-05:00,SHORT,123565,15957.25,15960.5,15960.25,15954.25,12,-65.0,14.2,-69.2,-1.1533333333333333,STOP,2023-12-01,1.2954545454545454,14.666666666666666,19.0,2023
2023-12-03 18:05:00-05:00,2023-12-03 18:10:00-05:00,2023-12-03 18:10:00-05:00,SHORT,123820,15989.5,15992.75,15992.5,15986.5,12,-65.0,14.2,-69.2,-1.1533333333333333,STOP,2023-12-04,4.349090909090909,23.91304347826087,104.0,2023
2023-12-03 18:45:00-05:00,2023-12-03 18:50:00-05:00,2023-12-03 18:50:00-05:00,SHORT,123828,15991.5,15994.75,15994.5,15988.5,12,-65.0,14.2,-69.2,-1.1533333333333333,STOP,2023-12-04,1.9300699300699302,16.579710144927535,32.0,2023
2023-12-04 18:05:00-05:00,2023-12-04 18:10:00-05:00,2023-12-04 18:33:00-05:00,SHORT,124096,15856.75,15853.75,15860.0,15853.5,13,60.0,14.2,55.8,0.8584615384615384,TARGET,2023-12-05,1.5488215488215489,25.82608695652174,40.0,2023
2023-12-04 18:35:00-05:00,2023-12-04 18:40:00-05:00,2023-12-04 19:01:00-05:00,SHORT,124102,15847.75,15851.0,15850.75,15844.75,12,-65.0,14.2,-69.2,-1.1533333333333333,STOP,2023-12-05,2.207070707070707,17.217391304347824,38.0,2023
2023-12-05 18:40:00-05:00,2023-12-05 18:45:00-05:00,2023-12-05 18:48:00-05:00,LONG,124379,15911.5,15914.25,15908.5,15914.5,12,55.0,14.2,50.8,0.8466666666666666,TARGET,2023-12-06,1.2545454545454546,19.130434782608695,24.0,2023
2023-12-05 19:15:00-05:00,2023-12-05 19:20:00-05:00,2023-12-05 19:22:00-05:00,LONG,124386,15956.0,15952.75,15953.0,15959.0,12,-65.0,14.2,-69.2,-1.1533333333333333,STOP,2023-12-06,1.4375,20.869565217391305,30.0,2023
2023-12-06 18:50:00-05:00,2023-12-06 18:55:00-05:00,2023-12-06 18:56:00-05:00,SHORT,124657,15810.25,15813.5,15813.25,15807.25,12,-65.0,14.2,-69.2,-1.1533333333333333,STOP,2023-12-07,1.4164222873900294,19.768115942028984,28.0,2023
2023-12-06 19:35:00-05:00,2023-12-06 19:40:00-05:00,2023-12-06 19:43:00-05:00,LONG,124666,15824.0,15820.75,15821.0,15827.0,12,-65.0,14.2,-69.2,-1.1533333333333333,STOP,2023-12-07,1.306451612903226,20.666666666666664,27.0,2023
2023-12-07 18:05:00-05:00,2023-12-07 18:10:00-05:00,2023-12-07 18:19:00-05:00,LONG,124924,16025.5,16021.25,16021.5,16029.5,16,-85.0,14.2,-89.2,-1.115,STOP,2023-12-08,1.5681818181818181,30.608695652173914,48.0,2023
2023-12-07 20:40:00-05:00,2023-12-07 20:45:00-05:00,2023-12-07 20:46:00-05:00,LONG,124955,16016.0,16012.5,16012.75,16019.25,13,-70.0,14.2,-74.2,-1.1415384615384616,STOP,2023-12-08,1.5786830357142856,25.971014492753625,41.0,2023
2023-12-10 18:10:00-05:00,2023-12-10 18:15:00-05:00,2023-12-10 18:17:00-05:00,LONG,125203,16309.75,16313.5,16305.75,16313.75,16,75.0,14.2,70.8,0.885,TARGET,2023-12-11,1.4375,30.608695652173914,44.0,2023
2023-12-10 19:30:00-05:00,2023-12-10 19:35:00-05:00,2023-12-10 19:39:00-05:00,SHORT,125219,16293.5,16290.75,16296.5,16290.5,12,55.0,14.2,50.8,0.8466666666666666,TARGET,2023-12-11,3.140625,21.333333333333332,67.0,2023
2023-12-11 18:05:00-05:00,2023-12-11 18:10:00-05:00,2023-12-11 18:13:00-05:00,SHORT,125478,16441.5,16445.75,16445.5,16437.5,16,-85.0,14.2,-89.2,-1.115,STOP,2023-12-12,1.6661931818181819,30.608695652173914,51.0,2023
2023-12-11 19:35:00-05:00,2023-12-11 19:40:00-05:00,2023-12-11 19:41:00-05:00,SHORT,125496,16468.0,16471.25,16471.0,16465.0,12,-65.0,14.2,-69.2,-1.1533333333333333,STOP,2023-12-12,1.734375,21.333333333333332,37.0,2023
2023-12-12 18:05:00-05:00,2023-12-12 18:10:00-05:00,2023-12-12 18:10:00-05:00,LONG,125754,16606.75,16610.25,16603.0,16610.5,15,70.0,14.2,65.8,0.8773333333333333,TARGET,2023-12-13,1.75366568914956,29.65217391304348,52.0,2023
2023-12-12 19:35:00-05:00,2023-12-12 19:40:00-05:00,2023-12-12 19:42:00-05:00,SHORT,125772,16601.0,16604.25,16604.0,16598.0,12,-65.0,14.2,-69.2,-1.1533333333333333,STOP,2023-12-13,1.5000000000000002,20.666666666666664,31.0,2023
2023-12-13 18:45:00-05:00,2023-12-13 18:50:00-05:00,2023-12-13 18:51:00-05:00,LONG,126038,16813.75,16810.5,16810.75,16816.75,12,-65.0,14.2,-69.2,-1.1533333333333333,STOP,2023-12-14,2.6883116883116887,17.855072463768114,48.0,2023
2023-12-13 19:15:00-05:00,2023-12-13 19:20:00-05:00,2023-12-13 19:20:00-05:00,LONG,126044,16845.5,16842.25,16842.5,16848.5,12,-65.0,14.2,-69.2,-1.1533333333333333,STOP,2023-12-14,1.950892857142857,19.47826086956522,38.0,2023
2023-12-14 18:30:00-05:00,2023-12-14 18:35:00-05:00,2023-12-14 18:42:00-05:00,LONG,126311,16755.75,16758.5,16752.75,16758.75,12,55.0,14.2,50.8,0.8466666666666666,TARGET,2023-12-15,2.0007836990595615,18.492753623188403,37.0,2023
2023-12-14 19:05:00-05:00,2023-12-14 19:10:00-05:00,2023-12-14 19:13:00-05:00,LONG,126318,16770.5,16767.25,16767.5,16773.5,12,-65.0,14.2,-69.2,-1.1533333333333333,STOP,2023-12-15,1.982758620689655,20.17391304347826,40.0,2023
2023-12-17 18:15:00-05:00,2023-12-17 18:20:00-05:00,2023-12-17 18:22:00-05:00,SHORT,126585,16813.25,16810.0,16816.75,16809.75,14,65.0,14.2,60.8,0.8685714285714285,TARGET,2023-12-18,1.7175324675324675,26.782608695652176,46.0,2023
2023-12-17 19:25:00-05:00,2023-12-17 19:30:00-05:00,2023-12-17 19:33:00-05:00,LONG,126599,16834.25,16831.0,16831.25,16837.25,12,-65.0,14.2,-69.2,-1.1533333333333333,STOP,2023-12-18,1.6428571428571428,18.666666666666664,32.0,2023
2023-12-18 18:05:00-05:00,2023-12-18 18:10:00-05:00,2023-12-18 18:11:00-05:00,LONG,126859,16925.0,16921.5,16921.75,16928.25,13,-70.0,14.2,-74.2,-1.1415384615384616,STOP,2023-12-19,1.5101010101010102,25.82608695652174,39.0,2023
2023-12-18 18:55:00-05:00,2023-12-18 19:00:00-05:00,2023-12-18 19:03:00-05:00,SHORT,126869,16923.75,16921.0,16926.75,16920.75,12,55.0,14.2,50.8,0.8466666666666666,TARGET,2023-12-19,1.277777777777778,18.782608695652172,22.0,2023
2023-12-19 18:30:00-05:00,2023-12-19 18:35:00-05:00,2023-12-19 18:38:00-05:00,LONG,127140,17031.25,17028.0,17028.25,17034.25,12,-65.0,14.2,-69.2,-1.1533333333333333,STOP,2023-12-20,1.326923076923077,16.579710144927535,22.0,2023
2023-12-20 00:35:00-05:00,2023-12-20 00:40:00-05:00,2023-12-20 00:41:00-05:00,SHORT,127213,17035.5,17032.75,17038.5,17032.5,12,55.0,14.2,50.8,0.8466666666666666,TARGET,2023-12-20,2.0253036437246963,14.318840579710145,29.0,2023
2023-12-20 18:05:00-05:00,2023-12-20 18:10:00-05:00,2023-12-20 18:11:00-05:00,LONG,127411,16797.0,16800.0,16793.75,16800.25,13,60.0,14.2,55.8,0.8584615384615384,TARGET,2023-12-21,2.0521885521885523,25.82608695652174,53.0,2023
2023-12-20 18:50:00-05:00,2023-12-20 18:55:00-05:00,2023-12-20 18:57:00-05:00,LONG,127420,16809.75,16812.5,16806.75,16812.75,12,55.0,14.2,50.8,0.8466666666666666,TARGET,2023-12-21,1.6843434343434345,17.217391304347824,29.0,2023
2023-12-21 18:05:00-05:00,2023-12-21 18:10:00-05:00,2023-12-21 18:11:00-05:00,SHORT,127687,16938.5,16942.0,16941.75,16935.25,13,-70.0,14.2,-74.2,-1.1415384615384616,STOP,2023-12-22,3.717171717171717,25.82608695652174,96.0,2023
2023-12-21 18:45:00-05:00,2023-12-21 18:50:00-05:00,2023-12-21 18:51:00-05:00,LONG,127695,16948.0,16944.75,16945.0,16951.0,12,-65.0,14.2,-69.2,-1.1533333333333333,STOP,2023-12-22,1.277777777777778,17.217391304347824,22.0,2023
2023-12-25 18:05:00-05:00,2023-12-25 18:10:00-05:00,2023-12-25 18:11:00-05:00,LONG,127963,16994.75,16991.25,16991.5,16998.0,13,-70.0,14.2,-74.2,-1.1415384615384616,STOP,2023-12-26,5.589160839160839,24.869565217391305,139.0,2023
2023-12-25 18:35:00-05:00,2023-12-25 18:40:00-05:00,2023-12-25 18:46:00-05:00,LONG,127969,17010.25,17007.0,17007.25,17013.25,12,-65.0,14.2,-69.2,-1.1533333333333333,STOP,2023-12-26,1.8094405594405596,16.579710144927535,30.0,2023
2023-12-26 18:05:00-05:00,2023-12-26 18:10:00-05:00,2023-12-26 18:13:00-05:00,LONG,128239,17101.25,17098.0,17098.25,17104.25,12,-65.0,14.2,-69.2,-1.1533333333333333,STOP,2023-12-27,2.1745454545454543,23.91304347826087,52.0,2023
2023-12-26 20:40:00-05:00,2023-12-26 20:45:00-05:00,2023-12-26 20:50:00-05:00,LONG,128270,17078.5,17081.25,17075.5,17081.5,12,55.0,14.2,50.8,0.8466666666666666,TARGET,2023-12-27,1.2834821428571428,19.47826086956522,25.0,2023
2023-12-27 19:05:00-05:00,2023-12-27 19:10:00-05:00,2023-12-27 19:47:00-05:00,LONG,128527,17125.75,17128.5,17122.75,17128.75,12,55.0,14.2,50.8,0.8466666666666666,TARGET,2023-12-28,1.5625,16.0,25.0,2023
2023-12-27 19:50:00-05:00,2023-12-27 19:55:00-05:00,2023-12-27 19:56:00-05:00,LONG,128536,17129.5,17132.25,17126.5,17132.5,12,55.0,14.2,50.8,0.8466666666666666,TARGET,2023-12-28,3.0000000000000004,15.333333333333332,46.0,2023
2023-12-28 18:10:00-05:00,2023-12-28 18:15:00-05:00,2023-12-28 18:19:00-05:00,LONG,128792,17095.5,17098.25,17092.5,17098.5,12,55.0,14.2,50.8,0.8466666666666666,TARGET,2023-12-29,1.2545454545454544,22.0,27.0,2023
2023-12-28 18:40:00-05:00,2023-12-28 18:45:00-05:00,2023-12-28 18:47:00-05:00,LONG,128798,17100.75,17097.5,17097.75,17103.75,12,-65.0,14.2,-69.2,-1.1533333333333333,STOP,2023-12-29,1.5681818181818183,14.028985507246375,22.0,2023
2024-01-01 18:10:00-05:00,2024-01-01 18:15:00-05:00,2024-01-01 18:16:00-05:00,LONG,129069,17024.25,17027.0,17021.25,17027.25,12,55.0,14.2,50.8,0.8466666666666666,TARGET,2024-01-02,1.6632231404958677,21.043478260869566,35.0,2024
2024-01-01 18:45:00-05:00,2024-01-01 18:50:00-05:00,2024-01-01 18:54:00-05:00,SHORT,129076,17027.5,17030.75,17030.5,17024.5,12,-65.0,14.2,-69.2,-1.1533333333333333,STOP,2024-01-02,1.677589852008457,13.71014492753623,23.0,2024
2024-01-02 18:20:00-05:00,2024-01-02 18:25:00-05:00,2024-01-02 18:25:00-05:00,SHORT,129347,16718.25,16721.5,16721.25,16715.25,12,-65.0,14.2,-69.2,-1.1533333333333333,STOP,2024-01-03,1.5930735930735929,20.086956521739133,32.0,2024
2024-01-02 19:40:00-05:00,2024-01-02 19:45:00-05:00,2024-01-02 19:54:00-05:00,SHORT,129363,16718.75,16716.0,16721.75,16715.75,12,55.0,14.2,50.8,0.8466666666666666,TARGET,2024-01-03,1.5,14.0,21.0,2024
2024-01-03 19:05:00-05:00,2024-01-03 19:10:00-05:00,2024-01-03 19:12:00-05:00,SHORT,129632,16538.5,16535.75,16541.5,16535.5,12,55.0,14.2,50.8,0.8466666666666666,TARGET,2024-01-04,2.6136363636363638,15.304347826086957,40.0,2024
2024-01-03 19:50:00-05:00,2024-01-03 19:55:00-05:00,2024-01-03 19:58:00-05:00,LONG,129641,16560.75,16557.5,16557.75,16563.75,12,-65.0,14.2,-69.2,-1.1533333333333333,STOP,2024-01-04,1.9772727272727273,14.666666666666666,29.0,2024
2024-01-04 18:15:00-05:00,2024-01-04 18:20:00-05:00,2024-01-04 18:31:00-05:00,LONG,129898,16465.25,16462.0,16462.25,16468.25,12,-65.0,14.2,-69.2,-1.1533333333333333,STOP,2024-01-05,1.2545454545454544,23.91304347826087,30.0,2024
2024-01-04 18:45:00-05:00,2024-01-04 18:50:00-05:00,2024-01-04 18:52:00-05:00,SHORT,129904,16462.75,16460.0,16465.75,16459.75,12,55.0,14.2,50.8,0.8466666666666666,TARGET,2024-01-05,1.5054545454545456,15.942028985507244,24.0,2024
2024-01-07 18:05:00-05:00,2024-01-07 18:10:00-05:00,2024-01-07 18:11:00-05:00,LONG,130172,16488.25,16484.5,16484.75,16491.75,14,-75.0,14.2,-79.2,-1.1314285714285715,STOP,2024-01-08,4.289968652037618,27.73913043478261,119.0,2024
2024-01-07 18:35:00-05:00,2024-01-07 18:40:00-05:00,2024-01-07 18:40:00-05:00,SHORT,130178,16475.0,16472.25,16478.0,16472.0,12,55.0,14.2,50.8,0.8466666666666666,TARGET,2024-01-08,1.8385579937304077,18.492753623188403,34.0,2024
2024-01-09 01:45:00-05:00,2024-01-09 01:50:00-05:00,2024-01-09 02:01:00-05:00,LONG,130540,16785.5,16782.25,16782.5,16788.5,12,-65.0,14.2,-69.2,-1.1533333333333333,STOP,2024-01-09,1.29375,23.18840579710145,30.0,2024
2024-01-09 04:10:00-05:00,2024-01-09 04:15:00-05:00,2024-01-09 04:15:00-05:00,SHORT,130569,16726.5,16721.75,16731.5,16721.5,20,95.0,14.2,90.8,0.9079999999999999,TARGET,2024-01-09,1.719941348973607,39.53623188405797,68.0,2024
2024-01-09 18:05:00-05:00,2024-01-09 18:10:00-05:00,2024-01-09 18:23:00-05:00,SHORT,130724,16819.0,16823.5,16823.25,16814.75,17,-90.0,14.2,-94.2,-1.108235294117647,STOP,2024-01-10,1.322192513368984,32.52173913043478,43.0,2024
2024-01-09 20:25:00-05:00,2024-01-09 20:30:00-05:00,2024-01-09 20:31:00-05:00,SHORT,130752,16825.75,16829.5,16829.25,16822.25,14,-75.0,14.2,-79.2,-1.1314285714285715,STOP,2024-01-10,1.3092979127134725,27.594202898550726,40.0,2024
2024-01-10 18:50:00-05:00,2024-01-10 18:55:00-05:00,2024-01-10 19:05:00-05:00,SHORT,131009,16962.0,16965.25,16965.0,16959.0,12,-65.0,14.2,-69.2,-1.1533333333333333,STOP,2024-01-11,1.344155844155844,22.318840579710145,30.0,2024
2024-01-10 19:45:00-05:00,2024-01-10 19:50:00-05:00,2024-01-10 19:51:00-05:00,LONG,131020,16978.5,16975.25,16975.5,16981.5,12,-65.0,14.2,-69.2,-1.1533333333333333,STOP,2024-01-11,1.411764705882353,22.666666666666664,32.0,2024
2024-01-11 18:05:00-05:00,2024-01-11 18:10:00-05:00,2024-01-11 18:27:00-05:00,SHORT,131276,16952.5,16957.0,16956.75,16948.25,17,-90.0,14.2,-94.2,-1.108235294117647,STOP,2024-01-12,2.090909090909091,32.52173913043478,68.0,2024
2024-01-11 18:40:00-05:00,2024-01-11 18:45:00-05:00,2024-01-11 18:49:00-05:00,SHORT,131283,16944.75,16948.0,16947.75,16941.75,12,-65.0,14.2,-69.2,-1.1533333333333333,STOP,2024-01-12,2.2600267379679146,21.681159420289852,49.0,2024
2024-01-14 18:05:00-05:00,2024-01-14 18:10:00-05:00,2024-01-14 18:14:00-05:00,SHORT,131554,16940.25,16945.0,16944.75,16935.75,18,-95.0,14.2,-99.2,-1.1022222222222222,STOP,2024-01-15,2.620998719590269,34.434782608695656,89.0,2024
2024-01-14 18:40:00-05:00,2024-01-14 18:45:00-05:00,2024-01-14 18:45:00-05:00,LONG,131561,16954.25,16957.0,16951.25,16957.25,12,55.0,14.2,50.8,0.8466666666666666,TARGET,2024-01-15,1.3693982074263764,22.63768115942029,31.0,2024
2024-01-15 18:30:00-05:00,2024-01-15 18:35:00-05:00,2024-01-15 18:36:00-05:00,SHORT,131787,16939.75,16943.0,16942.75,16936.75,12,-65.0,14.2,-69.2,-1.1533333333333333,STOP,2024-01-16,2.4502840909090913,20.405797101449274,50.0,2024
2024-01-15 19:05:00-05:00,2024-01-15 19:10:00-05:00,2024-01-15 19:11:00-05:00,SHORT,131794,16922.25,16919.5,16925.25,16919.25,12,55.0,14.2,50.8,0.8466666666666666,TARGET,2024-01-16,4.357421875,22.26086956521739,97.0,2024
2024-01-16 18:55:00-05:00,2024-01-16 19:00:00-05:00,2024-01-16 19:01:00-05:00,LONG,132068,16977.75,16980.5,16974.75,16980.75,12,55.0,14.2,50.8,0.8466666666666666,TARGET,2024-01-17,1.7107438016528929,22.956521739130434,36.0,2024
2024-01-16 20:40:00-05:00,2024-01-16 20:45:00-05:00,2024-01-16 21:00:00-05:00,SHORT,132089,16947.75,16951.5,16951.25,16944.25,14,-75.0,14.2,-79.2,-1.1314285714285715,STOP,2024-01-17,1.344155844155844,26.782608695652176,36.0,2024
2024-01-17 18:10:00-05:00,2024-01-17 18:15:00-05:00,2024-01-17 18:15:00-05:00,SHORT,132335,16840.5,16845.25,16845.0,16836.0,18,-95.0,14.2,-99.2,-1.1022222222222222,STOP,2024-01-18,1.7080665813060179,34.434782608695656,58.0,2024
2024-01-17 19:50:00-05:00,2024-01-17 19:55:00-05:00,2024-01-17 19:56:00-05:00,LONG,132355,16864.5,16861.25,16861.5,16867.5,12,-65.0,14.2,-69.2,-1.1533333333333333,STOP,2024-01-18,1.375,24.0,33.0,2024
2024-01-18 18:55:00-05:00,2024-01-18 19:00:00-05:00,2024-01-18 19:00:00-05:00,LONG,132620,17146.0,17149.0,17142.75,17149.25,13,60.0,14.2,55.8,0.8584615384615384,TARGET,2024-01-19,2.7007575757575757,25.043478260869563,62.0,2024
2024-01-18 19:25:00-05:00,2024-01-18 19:30:00-05:00,2024-01-18 19:35:00-05:00,LONG,132626,17152.75,17155.5,17149.75,17155.75,12,55.0,14.2,50.8,0.8466666666666666,TARGET,2024-01-19,1.4375000000000002,24.0,36.0,2024
2024-01-21 18:05:00-05:00,2024-01-21 18:10:00-05:00,2024-01-21 18:20:00-05:00,LONG,132897,17495.0,17490.25,17490.5,17499.5,18,-95.0,14.2,-99.2,-1.1022222222222222,STOP,2024-01-22,4.153562653562654,35.391304347826086,147.0,2024
2024-01-21 18:40:00-05:00,2024-01-21 18:45:00-05:00,2024-01-21 18:45:00-05:00,LONG,132904,17489.0,17491.75,17486.0,17492.0,12,55.0,14.2,50.8,0.8466666666666666,TARGET,2024-01-22,1.9920147420147423,23.594202898550723,47.0,2024
2024-01-22 18:10:00-05:00,2024-01-22 18:15:00-05:00,2024-01-22 18:32:00-05:00,LONG,133174,17461.5,17465.75,17457.0,17466.0,18,85.0,14.2,80.8,0.8977777777777778,TARGET,2024-01-23,1.328009828009828,35.391304347826086,47.0,2024
2024-01-22 19:05:00-05:00,2024-01-22 19:10:00-05:00,2024-01-22 19:14:00-05:00,LONG,133185,17471.25,17467.75,17468.0,17474.5,13,-70.0,14.2,-74.2,-1.1415384615384616,STOP,2024-01-23,1.3209459459459458,25.73913043478261,34.0,2024
2024-01-23 18:05:00-05:00,2024-01-23 18:10:00-05:00,2024-01-23 18:11:00-05:00,LONG,133449,17575.0,17570.0,17570.25,17579.75,19,-100.0,14.2,-104.2,-1.0968421052631578,STOP,2024-01-24,1.6620046620046618,37.30434782608696,62.0,2024
2024-01-23 20:05:00-05:00,2024-01-23 20:10:00-05:00,2024-01-23 20:20:00-05:00,SHORT,133473,17573.75,17569.5,17578.25,17569.25,18,85.0,14.2,80.8,0.8977777777777778,TARGET,2024-01-24,1.3764855687606112,34.14492753623188,47.0,2024
2024-01-24 18:30:00-05:00,2024-01-24 18:35:00-05:00,2024-01-24 18:36:00-05:00,SHORT,133730,17611.75,17615.0,17614.75,17608.75,12,-65.0,14.2,-69.2,-1.1533333333333333,STOP,2024-01-25,1.7800982800982803,23.594202898550723,42.0,2024
2024-01-24 19:10:00-05:00,2024-01-24 19:15:00-05:00,2024-01-24 19:17:00-05:00,SHORT,133738,17603.0,17606.5,17606.25,17599.75,13,-70.0,14.2,-74.2,-1.1415384615384616,STOP,2024-01-25,1.5152027027027026,25.73913043478261,39.0,2024
2024-01-25 18:30:00-05:00,2024-01-25 18:35:00-05:00,2024-01-25 18:37:00-05:00,SHORT,134006,17539.25,17542.5,17542.25,17536.25,12,-65.0,14.2,-69.2,-1.1533333333333333,STOP,2024-01-26,3.8890909090909096,23.913043478260867,93.0,2024
2024-01-25 19:05:00-05:00,2024-01-25 19:10:00-05:00,2024-01-25 19:13:00-05:00,LONG,134013,17543.75,17540.25,17540.5,17547.0,13,-70.0,14.2,-74.2,-1.1415384615384616,STOP,2024-01-26,1.2820945945945945,25.73913043478261,33.0,2024
2024-01-28 18:05:00-05:00,2024-01-28 18:10:00-05:00,2024-01-28 18:11:00-05:00,SHORT,134277,17469.0,17464.5,17473.75,17464.25,19,90.0,14.2,85.8,0.903157894736842,TARGET,2024-01-29,5.199760765550239,36.34782608695652,189.0,2024
2024-01-28 18:35:00-05:00,2024-01-28 18:40:00-05:00,2024-01-28 18:40:00-05:00,SHORT,134283,17480.25,17483.75,17483.5,17477.0,13,-70.0,14.2,-74.2,-1.1415384615384616,STOP,2024-01-29,2.1046650717703352,24.231884057971012,51.0,2024
2024-01-29 18:45:00-05:00,2024-01-29 18:50:00-05:00,2024-01-29 19:02:00-05:00,SHORT,134561,17720.25,17723.5,17723.25,17717.25,12,-65.0,14.2,-69.2,-1.1533333333333333,STOP,2024-01-30,1.263257575757576,22.956521739130434,29.0,2024
2024-01-29 19:20:00-05:00,2024-01-29 19:25:00-05:00,2024-01-29 19:26:00-05:00,LONG,134568,17727.75,17730.75,17724.5,17731.0,13,60.0,14.2,55.8,0.8584615384615384,TARGET,2024-01-30,1.6770833333333335,25.043478260869563,42.0,2024
2024-01-30 18:05:00-05:00,2024-01-30 18:10:00-05:00,2024-01-30 18:11:00-05:00,LONG,134829,17457.25,17452.5,17452.75,17461.75,18,-95.0,14.2,-99.2,-1.1022222222222222,STOP,2024-01-31,6.80958230958231,35.391304347826086,241.0,2024
2024-01-30 18:35:00-05:00,2024-01-30 18:40:00-05:00,2024-01-30 18:41:00-05:00,LONG,134835,17442.5,17445.25,17439.5,17445.5,12,55.0,14.2,50.8,0.8466666666666666,TARGET,2024-01-31,2.331081081081081,23.594202898550723,55.0,2024
2024-01-31 18:30:00-05:00,2024-01-31 18:35:00-05:00,2024-01-31 18:36:00-05:00,LONG,135110,17283.75,17286.75,17280.5,17287.0,13,60.0,14.2,55.8,0.8584615384615384,TARGET,2024-02-01,1.7332535885167466,24.231884057971012,42.0,2024
2024-01-31 19:30:00-05:00,2024-01-31 19:35:00-05:00,2024-01-31 19:36:00-05:00,LONG,135122,17309.75,17306.25,17306.5,17313.0,13,-70.0,14.2,-74.2,-1.1415384615384616,STOP,2024-02-01,1.618421052631579,25.333333333333332,41.0,2024
2024-02-01 18:15:00-05:00,2024-02-01 18:20:00-05:00,2024-02-01 18:26:00-05:00,SHORT,135384,17591.0,17596.25,17596.0,17586.0,20,-105.0,14.2,-109.2,-1.092,STOP,2024-02-02,1.9602272727272727,38.26086956521739,75.0,2024
2024-02-01 18:45:00-05:00,2024-02-01 18:50:00-05:00,2024-02-01 18:51:00-05:00,LONG,135390,17593.25,17596.25,17590.0,17596.5,13,60.0,14.2,55.8,0.8584615384615384,TARGET,2024-02-02,1.8426136363636363,25.507246376811594,47.0,2024
2024-02-04 18:10:00-05:00,2024-02-04 18:15:00-05:00,2024-02-04 18:16:00-05:00,LONG,135659,17712.0,17706.75,17707.0,17717.0,20,-105.0,14.2,-109.2,-1.092,STOP,2024-02-05,1.4636363636363636,38.26086956521739,56.0,2024
2024-02-04 19:20:00-05:00,2024-02-04 19:25:00-05:00,2024-02-04 19:25:00-05:00,SHORT,135673,17702.25,17706.0,17705.75,17698.75,14,-75.0,14.2,-79.2,-1.1314285714285715,STOP,2024-02-05,3.3421875,27.82608695652174,93.0,2024
2024-02-05 22:40:00-05:00,2024-02-05 22:45:00-05:00,2024-02-05 22:51:00-05:00,SHORT,135990,17732.0,17729.0,17735.25,17728.75,13,60.0,14.2,55.8,0.8584615384615384,TARGET,2024-02-06,1.5681818181818183,24.8695652173913,39.0,2024
2024-02-06 00:05:00-05:00,2024-02-06 00:10:00-05:00,2024-02-06 00:11:00-05:00,LONG,136007,17749.5,17746.25,17746.5,17752.5,12,-65.0,14.2,-69.2,-1.1533333333333333,STOP,2024-02-06,2.51417004048583,21.47826086956522,54.0,2024
2024-02-06 20:10:00-05:00,2024-02-06 20:15:00-05:00,2024-02-06 20:17:00-05:00,LONG,136236,17699.25,17703.5,17694.75,17703.75,18,85.0,14.2,80.8,0.8977777777777778,TARGET,2024-02-07,4.062096774193548,35.94202898550725,146.0,2024
2024-02-06 20:55:00-05:00,2024-02-06 21:00:00-05:00,2024-02-06 21:00:00-05:00,SHORT,136245,17683.25,17687.5,17687.25,17679.25,16,-85.0,14.2,-89.2,-1.115,STOP,2024-02-07,1.817410714285714,31.304347826086957,59.0,2024
2024-02-07 18:05:00-05:00,2024-02-07 18:10:00-05:00,2024-02-07 18:18:00-05:00,SHORT,136487,17839.25,17844.5,17844.25,17834.25,20,-105.0,14.2,-109.2,-1.092,STOP,2024-02-08,1.5420454545454545,38.26086956521739,59.0,2024
2024-02-08 06:25:00-05:00,2024-02-08 06:30:00-05:00,2024-02-08 06:30:00-05:00,SHORT,136635,17811.0,17807.0,17815.25,17806.75,17,80.0,14.2,75.8,0.8917647058823529,TARGET,2024-02-08,1.5771428571428572,33.47826086956522,56.0,2024
2024-02-08 19:05:00-05:00,2024-02-08 19:10:00-05:00,2024-02-08 19:11:00-05:00,LONG,136775,17877.25,17873.75,17874.0,17880.5,13,-70.0,14.2,-74.2,-1.1415384615384616,STOP,2024-02-09,1.560714285714286,24.34782608695652,38.0,2024
2024-02-08 19:50:00-05:00,2024-02-08 19:55:00-05:00,2024-02-08 19:57:00-05:00,SHORT,136784,17865.75,17863.0,17868.75,17862.75,12,55.0,14.2,50.8,0.8466666666666666,TARGET,2024-02-09,1.3714285714285714,23.333333333333332,32.0,2024
2024-02-11 18:05:00-05:00,2024-02-11 18:10:00-05:00,2024-02-11 18:12:00-05:00,SHORT,137040,18009.0,18013.25,18013.0,18005.0,16,-85.0,14.2,-89.2,-1.115,STOP,2024-02-12,5.163911845730028,31.565217391304348,163.0,2024
2024-02-11 23:30:00-05:00,2024-02-11 23:35:00-05:00,2024-02-11 23:46:00-05:00,SHORT,137105,18025.0,18022.25,18028.0,18022.0,12,55.0,14.2,50.8,0.8466666666666666,TARGET,2024-02-12,1.475328947368421,17.6231884057971,26.0,2024
2024-02-12 18:15:00-05:00,2024-02-12 18:20:00-05:00,2024-02-12 18:22:00-05:00,SHORT,137318,17922.0,17926.0,17925.75,17918.25,15,-80.0,14.2,-84.2,-1.1226666666666667,STOP,2024-02-13,1.8548387096774193,29.65217391304348,55.0,2024
2024-02-12 18:45:00-05:00,2024-02-12 18:50:00-05:00,2024-02-12 19:01:00-05:00,LONG,137324,17937.75,17934.5,17934.75,17940.75,12,-65.0,14.2,-69.2,-1.1533333333333333,STOP,2024-02-13,1.4164222873900294,19.768115942028984,28.0,2024
2024-02-13 18:05:00-05:00,2024-02-13 18:10:00-05:00,2024-02-13 18:14:00-05:00,SHORT,137593,17691.0,17687.5,17694.75,17687.25,15,70.0,14.2,65.8,0.8773333333333333,TARGET,2024-02-14,2.697947214076246,29.65217391304348,80.0,2024
2024-02-13 18:50:00-05:00,2024-02-13 18:55:00-05:00,2024-02-13 18:56:00-05:00,SHORT,137602,17689.75,17693.0,17692.75,17686.75,12,-65.0,14.2,-69.2,-1.1533333333333333,STOP,2024-02-14,2.124633431085044,19.768115942028984,42.0,2024
2024-02-14 20:05:00-05:00,2024-02-14 20:10:00-05:00,2024-02-14 20:11:00-05:00,SHORT,137893,17858.75,17855.5,17862.25,17855.25,14,65.0,14.2,60.8,0.8685714285714285,TARGET,2024-02-15,1.3283038501560873,27.855072463768117,37.0,2024
2024-02-14 21:20:00-05:00,2024-02-14 21:25:00-05:00,2024-02-14 21:30:00-05:00,LONG,137908,17853.5,17856.5,17850.25,17856.75,13,60.0,14.2,55.8,0.8584615384615384,TARGET,2024-02-15,1.5081967213114753,24.26086956521739,36.0,2024
2024-02-15 19:05:00-05:00,2024-02-15 19:10:00-05:00,2024-02-15 19:10:00-05:00,SHORT,138157,17950.25,17947.5,17953.25,17947.25,12,55.0,14.2,50.8,0.8466666666666666,TARGET,2024-02-16,1.252016129032258,21.565217391304348,27.0,2024
2024-02-15 19:55:00-05:00,2024-02-15 20:00:00-05:00,2024-02-15 20:01:00-05:00,SHORT,138167,17930.5,17934.25,17934.0,17927.0,14,-75.0,14.2,-79.2,-1.1314285714285715,STOP,2024-02-16,1.6451612903225807,27.855072463768117,34.0,2024
2024-02-18 18:05:00-05:00,2024-02-18 18:10:00-05:00,2024-02-18 18:10:00-05:00,LONG,138421,17777.0,17780.75,17773.0,17781.0,16,75.0,14.2,70.8,0.885,TARGET,2024-02-19,4.653958944281524,30.130434782608695,138.0,2024
2024-02-18 19:10:00-05:00,2024-02-18 19:15:00-05:00,2024-02-18 19:16:00-05:00,SHORT,138434,17780.0,17783.25,17783.0,17777.0,12,-65.0,14.2,-69.2,-1.1533333333333333,STOP,2024-02-19,1.392578125,22.26086956521739,31.0,2024
2024-02-19 18:15:00-05:00,2024-02-19 18:20:00-05:00,2024-02-19 18:28:00-05:00,SHORT,138651,17761.0,17757.5,17764.75,17757.25,15,70.0,14.2,65.8,0.8773333333333333,TARGET,2024-02-20,3.9030303030303033,28.695652173913043,112.0,2024
2024-02-19 19:00:00-05:00,2024-02-19 19:05:00-05:00,2024-02-19 19:07:00-05:00,LONG,138660,17742.75,17739.5,17739.75,17745.75,12,-65.0,14.2,-69.2,-1.1533333333333333,STOP,2024-02-20,1.29375,20.869565217391305,27.0,2024
2024-02-20 18:35:00-05:00,2024-02-20 18:40:00-05:00,2024-02-20 18:42:00-05:00,SHORT,138931,17574.75,17572.0,17577.75,17571.75,12,55.0,14.2,50.8,0.8466666666666666,TARGET,2024-02-21,1.844919786096257,21.681159420289852,40.0,2024
2024-02-20 19:25:00-05:00,2024-02-20 19:30:00-05:00,2024-02-20 19:31:00-05:00,LONG,138941,17578.5,17575.25,17575.5,17581.5,12,-65.0,14.2,-69.2,-1.1533333333333333,STOP,2024-02-21,1.902573529411765,22.666666666666664,45.0,2024
2024-02-21 18:20:00-05:00,2024-02-21 18:25:00-05:00,2024-02-21 18:31:00-05:00,LONG,139204,17704.75,17700.25,17700.5,17709.0,17,-90.0,14.2,-94.2,-1.108235294117647,STOP,2024-02-22,2.24025974025974,33.47826086956522,75.0,2024
2024-02-21 19:05:00-05:00,2024-02-21 19:10:00-05:00,2024-02-21 19:10:00-05:00,LONG,139213,17734.25,17730.75,17731.0,17737.5,13,-70.0,14.2,-74.2,-1.1415384615384616,STOP,2024-02-22,2.9571428571428573,24.34782608695652,72.0,2024
2024-02-22 18:05:00-05:00,2024-02-22 18:10:00-05:00,2024-02-22 18:11:00-05:00,LONG,139477,18021.5,18025.75,18017.0,18026.0,18,85.0,14.2,80.8,0.8977777777777778,TARGET,2024-02-23,1.78009828009828,35.391304347826086,63.0,2024
2024-02-22 18:40:00-05:00,2024-02-22 18:45:00-05:00,2024-02-22 18:45:00-05:00,LONG,139484,18045.5,18042.25,18042.5,18048.5,12,-65.0,14.2,-69.2,-1.1533333333333333,STOP,2024-02-23,1.6105651105651106,23.594202898550723,38.0,2024
2024-02-25 18:10:00-05:00,2024-02-25 18:15:00-05:00,2024-02-25 18:17:00-05:00,LONG,139758,17975.5,17979.75,17971.0,17980.0,18,85.0,14.2,80.8,0.8977777777777778,TARGET,2024-02-26,2.3734643734643734,35.391304347826086,84.0,2024
2024-02-25 19:05:00-05:00,2024-02-25 19:10:00-05:00,2024-02-25 19:10:00-05:00,SHORT,139769,17956.0,17959.5,17959.25,17952.75,13,-70.0,14.2,-74.2,-1.1415384615384616,STOP,2024-02-26,4.390202702702703,25.73913043478261,113.0,2024
2024-02-26 19:05:00-05:00,2024-02-26 19:10:00-05:00,2024-02-26 19:12:00-05:00,SHORT,140045,17947.5,17951.25,17951.0,17944.0,14,-75.0,14.2,-79.2,-1.1314285714285715,STOP,2024-02-27,1.4375,26.434782608695652,38.0,2024
2024-02-26 21:25:00-05:00,2024-02-26 21:30:00-05:00,2024-02-26 21:30:00-05:00,SHORT,140073,17946.75,17951.0,17950.75,17942.75,16,-85.0,14.2,-89.2,-1.115,STOP,2024-02-27,1.7149122807017543,31.942028985507246,51.0,2024
2024-02-27 20:20:00-05:00,2024-02-27 20:25:00-05:00,2024-02-27 20:34:00-05:00,LONG,140336,18011.75,18007.0,18007.25,18016.25,18,-95.0,14.2,-99.2,-1.1022222222222222,STOP,2024-02-28,1.369727047146402,35.04347826086956,48.0,2024
2024-02-27 23:45:00-05:00,2024-02-27 23:50:00-05:00,2024-02-28 00:07:00-05:00,SHORT,140377,18001.75,18005.0,18004.75,17998.75,12,-65.0,14.2,-69.2,-1.1533333333333333,STOP,2024-02-28,1.2901662049861495,20.92753623188406,27.0,2024
2024-02-28 18:55:00-05:00,2024-02-28 19:00:00-05:00,2024-02-28 19:03:00-05:00,SHORT,140595,17871.25,17875.0,17874.75,17867.75,14,-75.0,14.2,-79.2,-1.1314285714285715,STOP,2024-02-29,1.3671328671328673,27.130434782608695,34.0,2024
2024-02-28 19:45:00-05:00,2024-02-28 19:50:00-05:00,2024-02-28 19:53:00-05:00,LONG,140605,17903.5,17900.0,17900.25,17906.75,13,-70.0,14.2,-74.2,-1.1415384615384616,STOP,2024-02-29,1.3076923076923077,26.0,34.0,2024
2024-02-29 18:20:00-05:00,2024-02-29 18:25:00-05:00,2024-02-29 18:33:00-05:00,SHORT,140864,18054.75,18050.5,18059.25,18050.25,18,85.0,14.2,80.8,0.8977777777777778,TARGET,2024-03-01,1.3845208845208845,35.391304347826086,49.0,2024
2024-02-29 18:50:00-05:00,2024-02-29 18:55:00-05:00,2024-02-29 18:58:00-05:00,LONG,140870,18061.25,18058.0,18058.25,18064.25,12,-65.0,14.2,-69.2,-1.1533333333333333,STOP,2024-03-01,1.4834152334152335,23.594202898550723,35.0,2024
2024-03-03 18:10:00-05:00,2024-03-03 18:15:00-05:00,2024-03-03 18:15:00-05:00,LONG,141138,18363.5,18358.75,18359.0,18368.0,18,-95.0,14.2,-99.2,-1.1022222222222222,STOP,2024-03-04,1.6953316953316955,35.391304347826086,60.0,2024
2024-03-03 18:40:00-05:00,2024-03-03 18:45:00-05:00,2024-03-03 18:49:00-05:00,SHORT,141144,18336.5,18339.75,18339.5,18333.5,12,-65.0,14.2,-69.2,-1.1533333333333333,STOP,2024-03-04,1.9072481572481574,23.594202898550723,45.0,2024
2024-03-04 18:10:00-05:00,2024-03-04 18:15:00-05:00,2024-03-04 18:19:00-05:00,SHORT,141414,18227.5,18223.25,18232.0,18223.0,18,85.0,14.2,80.8,0.8977777777777778,TARGET,2024-03-05,2.061868686868687,34.434782608695656,71.0,2024
2024-03-04 18:50:00-05:00,2024-03-04 18:55:00-05:00,2024-03-04 18:58:00-05:00,SHORT,141422,18226.0,18223.25,18229.0,18223.0,12,55.0,14.2,50.8,0.8466666666666666,TARGET,2024-03-05,1.3068181818181819,22.956521739130434,30.0,2024
2024-03-05 18:05:00-05:00,2024-03-05 18:10:00-05:00,2024-03-05 18:11:00-05:00,SHORT,141689,17964.0,17968.75,17968.5,17959.5,18,-95.0,14.2,-99.2,-1.1022222222222222,STOP,2024-03-06,2.175675675675676,35.391304347826086,77.0,2024
2024-03-05 19:05:00-05:00,2024-03-05 19:10:00-05:00,2024-03-05 19:11:00-05:00,SHORT,141701,17960.0,17957.0,17963.25,17956.75,13,60.0,14.2,55.8,0.8584615384615384,TARGET,2024-03-06,1.3209459459459458,25.73913043478261,34.0,2024
2024-03-06 19:00:00-05:00,2024-03-06 19:05:00-05:00,2024-03-06 19:08:00-05:00,SHORT,141976,18025.25,18022.0,18028.75,18021.75,14,65.0,14.2,60.8,0.8685714285714285,TARGET,2024-03-07,1.7401315789473684,26.434782608695652,46.0,2024
2024-03-06 19:55:00-05:00,2024-03-06 20:00:00-05:00,2024-03-06 20:01:00-05:00,LONG,141987,17996.25,17991.5,17991.75,18000.75,18,-95.0,14.2,-99.2,-1.1022222222222222,STOP,2024-03-07,2.3289473684210527,34.14492753623188,59.0,2024
2024-03-07 18:30:00-05:00,2024-03-07 18:35:00-05:00,2024-03-07 18:51:00-05:00,SHORT,142246,18264.0,18267.75,18267.5,18260.5,14,-75.0,14.2,-79.2,-1.1314285714285715,STOP,2024-03-08,2.0271618625277164,26.144927536231883,53.0,2024
2024-03-07 19:10:00-05:00,2024-03-07 19:15:00-05:00,2024-03-07 19:15:00-05:00,SHORT,142254,18253.75,18257.75,18257.5,18250.0,15,-80.0,14.2,-84.2,-1.1226666666666667,STOP,2024-03-08,1.9283536585365855,28.52173913043478,55.0,2024
2024-03-10 18:05:00-04:00,2024-03-10 18:10:00-04:00,2024-03-10 18:10:00-04:00,SHORT,142520,18249.25,18254.5,18254.25,18244.25,20,-105.0,14.2,-109.2,-1.092,STOP,2024-03-11,6.221729490022173,39.21739130434783,244.0,2024
2024-03-10 18:35:00-04:00,2024-03-10 18:40:00-04:00,2024-03-10 18:40:00-04:00,LONG,142526,18264.5,18260.75,18261.0,18268.0,14,-75.0,14.2,-79.2,-1.1314285714285715,STOP,2024-03-11,2.4642857142857144,26.782608695652172,66.0,2024
2024-03-11 18:10:00-04:00,2024-03-11 18:15:00-04:00,2024-03-11 18:16:00-04:00,LONG,142797,18281.5,18286.75,18276.0,18287.0,22,105.0,14.2,100.8,0.9163636363636364,TARGET,2024-03-12,1.3707070707070705,43.04347826086957,59.0,2024
2024-03-11 18:45:00-04:00,2024-03-11 18:50:00-04:00,2024-03-11 18:54:00-04:00,LONG,142804,18281.25,18277.25,18277.5,18285.0,15,-80.0,14.2,-84.2,-1.1226666666666667,STOP,2024-03-12,1.2545454545454546,28.69565217391304,36.0,2024
2024-03-12 20:45:00-04:00,2024-03-12 20:50:00-04:00,2024-03-12 20:57:00-04:00,SHORT,143104,18463.75,18459.0,18468.75,18458.75,20,95.0,14.2,90.8,0.9079999999999999,TARGET,2024-03-13,1.4680851063829785,38.14492753623189,56.0,2024
2024-03-13 03:05:00-04:00,2024-03-13 03:10:00-04:00,2024-03-13 03:20:00-04:00,LONG,143180,18491.5,18499.0,18483.75,18499.25,31,150.0,14.2,145.8,0.9406451612903226,TARGET,2024-03-13,1.6171875,61.21739130434783,99.0,2024
2024-03-13 19:10:00-04:00,2024-03-13 19:15:00-04:00,2024-03-13 19:28:00-04:00,LONG,143361,18363.75,18367.5,18359.75,18367.75,16,75.0,14.2,70.8,0.885,TARGET,2024-03-14,1.40625,32.0,45.0,2024
2024-03-14 04:10:00-04:00,2024-03-14 04:15:00-04:00,2024-03-14 04:20:00-04:00,LONG,143469,18414.5,18421.0,18407.75,18421.25,27,130.0,14.2,125.8,0.9318518518518518,TARGET,2024-03-14,1.2508116883116884,53.565217391304344,67.0,2024
2024-03-14 18:30:00-04:00,2024-03-14 18:35:00-04:00,2024-03-14 18:42:00-04:00,LONG,143629,18258.25,18254.25,18254.5,18262.0,15,-80.0,14.2,-84.2,-1.1226666666666667,STOP,2024-03-15,1.5325413223140498,28.05797101449275,43.0,2024
2024-03-14 19:30:00-04:00,2024-03-14 19:35:00-04:00,2024-03-14 19:36:00-04:00,SHORT,143641,18230.5,18234.5,18234.25,18226.75,15,-80.0,14.2,-84.2,-1.1226666666666667,STOP,2024-03-15,1.4318181818181819,29.333333333333332,42.0,2024
2024-03-17 18:10:00-04:00,2024-03-17 18:15:00-04:00,2024-03-17 18:18:00-04:00,LONG,143901,18098.75,18093.25,18093.5,18104.0,21,-110.0,14.2,-114.2,-1.0876190476190477,STOP,2024-03-18,3.3551797040169133,41.130434782608695,138.0,2024
2024-03-17 18:55:00-04:00,2024-03-17 19:00:00-04:00,2024-03-17 19:00:00-04:00,SHORT,143910,18077.5,18074.0,18081.25,18073.75,15,70.0,14.2,65.8,0.8773333333333333,TARGET,2024-03-18,1.7869978858350952,29.913043478260867,49.0,2024
2024-03-18 18:35:00-04:00,2024-03-18 18:40:00-04:00,2024-03-18 18:45:00-04:00,SHORT,144182,18203.75,18200.5,18207.25,18200.25,14,65.0,14.2,60.8,0.8685714285714285,TARGET,2024-03-19,1.376940133037694,26.144927536231883,36.0,2024
2024-03-18 19:05:00-04:00,2024-03-18 19:10:00-04:00,2024-03-18 19:12:00-04:00,SHORT,144188,18182.0,18186.0,18185.75,18178.25,15,-80.0,14.2,-84.2,-1.1226666666666667,STOP,2024-03-19,1.6128048780487805,28.52173913043478,46.0,2024
2024-03-19 18:35:00-04:00,2024-03-19 18:40:00-04:00,2024-03-19 18:49:00-04:00,SHORT,144458,18273.0,18276.5,18276.25,18269.75,13,-70.0,14.2,-74.2,-1.1415384615384616,STOP,2024-03-20,1.5101010101010102,25.82608695652174,39.0,2024
2024-03-20 01:40:00-04:00,2024-03-20 01:45:00-04:00,2024-03-20 02:03:00-04:00,LONG,144543,18249.0,18245.0,18245.25,18252.75,15,-80.0,14.2,-84.2,-1.1226666666666667,STOP,2024-03-20,1.5923076923076924,28.26086956521739,45.0,2024
2024-03-20 18:05:00-04:00,2024-03-20 18:10:00-04:00,2024-03-20 18:10:00-04:00,SHORT,144728,18543.5,18538.75,18548.5,18538.5,20,95.0,14.2,90.8,0.9079999999999999,TARGET,2024-03-21,1.5943181818181817,38.73913043478261,61.0,2024
2024-03-20 18:40:00-04:00,2024-03-20 18:45:00-04:00,2024-03-20 18:51:00-04:00,LONG,144735,18549.0,18552.25,18545.5,18552.5,14,65.0,14.2,60.8,0.8685714285714285,TARGET,2024-03-21,1.606430155210643,26.144927536231883,42.0,2024
2024-03-21 18:10:00-04:00,2024-03-21 18:15:00-04:00,2024-03-21 18:34:00-04:00,SHORT,145005,18574.25,18579.5,18579.25,18569.25,20,-105.0,14.2,-109.2,-1.092,STOP,2024-03-22,1.4789356984478934,39.21739130434783,58.0,2024
2024-03-21 21:10:00-04:00,2024-03-21 21:15:00-04:00,2024-03-21 21:25:00-04:00,LONG,145041,18590.0,18585.75,18586.0,18594.0,16,-85.0,14.2,-89.2,-1.115,STOP,2024-03-22,1.5333333333333332,31.304347826086957,48.0,2024
2024-03-24 18:30:00-04:00,2024-03-24 18:35:00-04:00,2024-03-24 18:35:00-04:00,SHORT,145285,18563.0,18559.75,18566.5,18559.5,14,65.0,14.2,60.8,0.8685714285714285,TARGET,2024-03-25,1.415188470066519,26.144927536231883,37.0,2024
2024-03-24 19:10:00-04:00,2024-03-24 19:15:00-04:00,2024-03-24 19:19:00-04:00,LONG,145293,18572.75,18576.25,18569.0,18576.5,15,70.0,14.2,65.8,0.8773333333333333,TARGET,2024-03-25,1.7179878048780488,28.52173913043478,49.0,2024
2024-03-25 23:00:00-04:00,2024-03-25 23:05:00-04:00,2024-03-25 23:07:00-04:00,SHORT,145615,18534.5,18537.75,18537.5,18531.5,12,-65.0,14.2,-69.2,-1.1533333333333333,STOP,2024-03-26,1.4153846153846152,22.608695652173914,32.0,2024
2024-03-25 23:45:00-04:00,2024-03-25 23:50:00-04:00,2024-03-26 00:03:00-04:00,SHORT,145624,18523.5,18526.75,18526.5,18520.5,12,-65.0,14.2,-69.2,-1.1533333333333333,STOP,2024-03-26,2.819252077562327,20.92753623188406,59.0,2024
2024-03-26 19:50:00-04:00,2024-03-26 19:55:00-04:00,2024-03-26 20:02:00-04:00,LONG,145853,18490.5,18487.0,18487.25,18493.75,13,-70.0,14.2,-74.2,-1.1415384615384616,STOP,2024-03-27,1.337837837837838,24.666666666666664,33.0,2024
2024-03-26 20:50:00-04:00,2024-03-26 20:55:00-04:00,2024-03-26 21:10:00-04:00,LONG,145865,18493.0,18488.75,18489.0,18497.0,16,-85.0,14.2,-89.2,-1.115,STOP,2024-03-27,1.431949806949807,30.02898550724638,43.0,2024
2024-03-27 18:50:00-04:00,2024-03-27 18:55:00-04:00,2024-03-27 18:58:00-04:00,SHORT,146117,18482.0,18479.25,18485.0,18479.0,12,55.0,14.2,50.8,0.8466666666666666,TARGET,2024-03-28,1.7025974025974027,22.318840579710145,38.0,2024
2024-03-27 19:55:00-04:00,2024-03-27 20:00:00-04:00,2024-03-27 20:03:00-04:00,SHORT,146130,18479.75,18484.0,18483.75,18475.75,16,-85.0,14.2,-89.2,-1.115,STOP,2024-03-28,1.5,31.44927536231884,35.0,2024
2024-03-31 18:05:00-04:00,2024-03-31 18:10:00-04:00,2024-03-31 18:11:00-04:00,LONG,146385,18578.75,18582.75,18574.5,18583.0,17,80.0,14.2,75.8,0.8917647058823529,TARGET,2024-04-01,12.053475935828878,32.52173913043478,392.0,2024
2024-03-31 19:10:00-04:00,2024-03-31 19:15:00-04:00,2024-03-31 19:23:00-04:00,LONG,146398,18578.0,18581.0,18574.75,18581.25,13,60.0,14.2,55.8,0.8584615384615384,TARGET,2024-04-01,1.625,24.34782608695652,39.0,2024
2024-04-01 18:05:00-04:00,2024-04-01 18:10:00-04:00,2024-04-01 18:10:00-04:00,SHORT,146661,18488.5,18484.75,18492.5,18484.5,16,75.0,14.2,70.8,0.885,TARGET,2024-04-02,1.9641873278236914,31.565217391304348,62.0,2024
2024-04-01 18:40:00-04:00,2024-04-01 18:45:00-04:00,2024-04-01 18:52:00-04:00,LONG,146668,18483.5,18480.25,18480.5,18486.5,12,-65.0,14.2,-69.2,-1.1533333333333333,STOP,2024-04-02,1.5681818181818183,21.043478260869563,33.0,2024
2024-04-02 18:05:00-04:00,2024-04-02 18:10:00-04:00,2024-04-02 18:16:00-04:00,SHORT,146937,18334.25,18330.5,18338.25,18330.25,16,75.0,14.2,70.8,0.885,TARGET,2024-04-03,1.2988980716253444,31.565217391304348,41.0,2024
2024-04-02 20:10:00-04:00,2024-04-02 20:15:00-04:00,2024-04-02 20:16:00-04:00,SHORT,146962,18309.5,18306.0,18313.25,18305.75,15,70.0,14.2,65.8,0.8773333333333333,TARGET,2024-04-03,1.4838709677419355,29.652173913043477,44.0,2024
2024-04-03 18:05:00-04:00,2024-04-03 18:10:00-04:00,2024-04-03 18:30:00-04:00,SHORT,147213,18381.5,18386.0,18385.75,18377.25,17,-90.0,14.2,-94.2,-1.108235294117647,STOP,2024-04-04,1.7219251336898396,32.52173913043478,56.0,2024
2024-04-03 19:30:00-04:00,2024-04-03 19:35:00-04:00,2024-04-03 19:35:00-04:00,LONG,147230,18454.25,18451.0,18451.25,18457.25,12,-65.0,14.2,-69.2,-1.1533333333333333,STOP,2024-04-04,2.5147058823529416,22.666666666666664,57.0,2024
2024-04-04 18:25:00-04:00,2024-04-04 18:30:00-04:00,2024-04-04 18:30:00-04:00,SHORT,147493,18092.25,18095.5,18095.25,18089.25,12,-65.0,14.2,-69.2,-1.1533333333333333,STOP,2024-04-05,4.390909090909091,22.318840579710145,147.0,2024
2024-04-04 18:55:00-04:00,2024-04-04 19:00:00-04:00,2024-04-04 19:01:00-04:00,SHORT,147499,18093.5,18097.0,18096.75,18090.25,13,-70.0,14.2,-74.2,-1.1415384615384616,STOP,2024-04-05,2.4642857142857144,24.34782608695652,55.0,2024
2024-04-07 18:15:00-04:00,2024-04-07 18:20:00-04:00,2024-04-07 18:20:00-04:00,SHORT,147768,18319.75,18324.5,18324.25,18315.25,18,-95.0,14.2,-99.2,-1.1022222222222222,STOP,2024-04-08,2.2604422604422605,35.391304347826086,80.0,2024
2024-04-07 18:55:00-04:00,2024-04-07 19:00:00-04:00,2024-04-07 19:02:00-04:00,SHORT,147776,18310.25,18313.75,18313.5,18307.0,13,-70.0,14.2,-74.2,-1.1415384615384616,STOP,2024-04-08,1.3562653562653564,25.73913043478261,32.0,2024
2024-04-08 22:00:00-04:00,2024-04-08 22:05:00-04:00,2024-04-08 22:07:00-04:00,SHORT,148089,18289.25,18285.75,18293.0,18285.5,15,70.0,14.2,65.8,0.8773333333333333,TARGET,2024-04-09,1.2577215189873419,28.6231884057971,36.0,2024
2024-04-09 03:40:00-04:00,2024-04-09 03:45:00-04:00,2024-04-09 03:46:00-04:00,SHORT,148157,18295.25,18289.5,18301.25,18289.25,24,115.0,14.2,110.8,0.9233333333333333,TARGET,2024-04-09,1.7313341493268053,47.36231884057971,82.0,2024
2024-04-10 01:35:00-04:00,2024-04-10 01:40:00-04:00,2024-04-10 01:44:00-04:00,LONG,148408,18385.0,18381.25,18381.5,18388.5,14,-75.0,14.2,-79.2,-1.1314285714285715,STOP,2024-04-10,1.5054545454545456,27.89855072463768,42.0,2024
2024-04-10 02:35:00-04:00,2024-04-10 02:40:00-04:00,2024-04-10 03:00:00-04:00,SHORT,148420,18377.25,18373.25,18381.5,18373.0,17,80.0,14.2,75.8,0.8917647058823529,TARGET,2024-04-10,1.3013157894736842,33.04347826086956,43.0,2024
2024-04-10 18:05:00-04:00,2024-04-10 18:10:00-04:00,2024-04-10 18:23:00-04:00,SHORT,148594,18167.5,18172.75,18172.5,18162.5,20,-105.0,14.2,-109.2,-1.092,STOP,2024-04-11,2.6773835920177382,39.21739130434783,105.0,2024
2024-04-10 19:05:00-04:00,2024-04-10 19:10:00-04:00,2024-04-10 19:11:00-04:00,SHORT,148606,18163.25,18159.75,18167.0,18159.5,15,70.0,14.2,65.8,0.8773333333333333,TARGET,2024-04-11,1.8582317073170733,28.52173913043478,53.0,2024
2024-04-11 19:50:00-04:00,2024-04-11 19:55:00-04:00,2024-04-11 19:57:00-04:00,SHORT,148891,18484.5,18488.25,18488.0,18481.0,14,-75.0,14.2,-79.2,-1.1314285714285715,STOP,2024-04-12,2.9642857142857144,28.0,83.0,2024
2024-04-12 02:20:00-04:00,2024-04-12 02:25:00-04:00,2024-04-12 02:28:00-04:00,LONG,148969,18493.75,18498.5,18488.75,18498.75,20,95.0,14.2,90.8,0.9079999999999999,TARGET,2024-04-12,1.7849223946784922,39.21739130434783,70.0,2024
2024-04-14 18:05:00-04:00,2024-04-14 18:10:00-04:00,2024-04-14 18:11:00-04:00,LONG,149146,18194.25,18199.25,18189.0,18199.5,21,100.0,14.2,95.8,0.9123809523809524,TARGET,2024-04-15,6.758985200845666,41.130434782608695,278.0,2024
2024-04-14 18:45:00-04:00,2024-04-14 18:50:00-04:00,2024-04-14 18:50:00-04:00,LONG,149154,18234.75,18231.0,18231.25,18238.25,14,-75.0,14.2,-79.2,-1.1314285714285715,STOP,2024-04-15,2.2610993657505287,27.42028985507246,62.0,2024
2024-04-15 18:15:00-04:00,2024-04-15 18:20:00-04:00,2024-04-15 18:26:00-04:00,LONG,149424,17882.0,17887.25,17876.5,17887.5,22,105.0,14.2,100.8,0.9163636363636364,TARGET,2024-04-16,1.3707070707070705,43.04347826086957,59.0,2024
2024-04-15 19:25:00-04:00,2024-04-15 19:30:00-04:00,2024-04-15 19:31:00-04:00,LONG,149438,17869.0,17865.0,17865.25,17872.75,15,-80.0,14.2,-84.2,-1.1226666666666667,STOP,2024-04-16,1.2777777777777777,30.0,40.0,2024
2024-04-16 18:05:00-04:00,2024-04-16 18:10:00-04:00,2024-04-16 18:12:00-04:00,LONG,149698,17910.0,17904.0,17904.25,17915.75,23,-120.0,14.2,-124.2,-1.08,STOP,2024-04-17,1.9384469696969695,45.913043478260875,89.0,2024
2024-04-16 19:30:00-04:00,2024-04-16 19:35:00-04:00,2024-04-16 19:39:00-04:00,LONG,149715,17924.0,17927.75,17920.0,17928.0,16,75.0,14.2,70.8,0.885,TARGET,2024-04-17,1.4375,32.0,46.0,2024
2024-04-18 01:25:00-04:00,2024-04-18 01:30:00-04:00,2024-04-18 01:31:00-04:00,LONG,150062,17730.5,17734.75,17726.0,17735.0,18,85.0,14.2,80.8,0.8977777777777778,TARGET,2024-04-18,1.7714646464646466,35.869565217391305,61.0,2024
2024-04-18 02:10:00-04:00,2024-04-18 02:15:00-04:00,2024-04-18 02:23:00-04:00,LONG,150071,17764.75,17770.5,17758.75,17770.75,24,115.0,14.2,110.8,0.9233333333333333,TARGET,2024-04-18,1.5788497217068647,46.869565217391305,74.0,2024
2024-04-18 18:55:00-04:00,2024-04-18 19:00:00-04:00,2024-04-18 19:01:00-04:00,SHORT,150260,17522.25,17517.75,17527.0,17517.5,19,90.0,14.2,85.8,0.903157894736842,TARGET,2024-04-19,1.3872377622377623,36.17391304347826,46.0,2024
2024-04-18 20:00:00-04:00,2024-04-18 20:05:00-04:00,2024-04-18 20:08:00-04:00,SHORT,150273,17491.0,17485.25,17497.0,17485.0,24,115.0,14.2,110.8,0.9233333333333333,TARGET,2024-04-19,1.7121588089330024,46.72463768115942,80.0,2024
2024-04-21 18:15:00-04:00,2024-04-21 18:20:00-04:00,2024-04-21 18:27:00-04:00,LONG,150528,17243.75,17251.0,17236.25,17251.25,30,145.0,14.2,140.8,0.9386666666666668,TARGET,2024-04-22,1.2853949329359164,58.34782608695652,75.0,2024
2024-04-21 18:45:00-04:00,2024-04-21 18:50:00-04:00,2024-04-21 18:56:00-04:00,LONG,150534,17251.25,17256.0,17246.25,17256.25,20,95.0,14.2,90.8,0.9079999999999999,TARGET,2024-04-22,1.4139344262295082,38.89855072463768,55.0,2024
2024-04-22 19:15:00-04:00,2024-04-22 19:20:00-04:00,2024-04-22 19:26:00-04:00,SHORT,150816,17319.0,17314.0,17324.25,17313.75,21,100.0,14.2,95.8,0.9123809523809524,TARGET,2024-04-23,4.719791666666667,41.73913043478261,197.0,2024
2024-04-22 19:55:00-04:00,2024-04-22 20:00:00-04:00,2024-04-22 20:01:00-04:00,SHORT,150824,17318.5,17325.5,17325.25,17311.75,27,-140.0,14.2,-144.2,-1.068148148148148,STOP,2024-04-23,1.2966101694915255,53.01449275362319,51.0,2024
2024-04-23 18:20:00-04:00,2024-04-23 18:25:00-04:00,2024-04-23 18:54:00-04:00,LONG,151081,17668.5,17675.25,17661.5,17675.5,28,135.0,14.2,130.8,0.9342857142857144,TARGET,2024-04-24,1.2655502392344498,54.52173913043478,69.0,2024
2024-04-23 19:35:00-04:00,2024-04-23 19:40:00-04:00,2024-04-23 19:42:00-04:00,SHORT,151096,17691.0,17696.0,17695.75,17686.25,19,-100.0,14.2,-104.2,-1.0968421052631578,STOP,2024-04-24,1.368421052631579,38.0,52.0,2024
2024-04-24 18:30:00-04:00,2024-04-24 18:35:00-04:00,2024-04-24 18:37:00-04:00,LONG,151359,17477.0,17472.25,17472.5,17481.5,18,-95.0,14.2,-99.2,-1.1022222222222222,STOP,2024-04-25,1.6252066115702481,35.07246376811594,57.0,2024
2024-04-24 19:55:00-04:00,2024-04-24 20:00:00-04:00,2024-04-24 20:01:00-04:00,SHORT,151376,17460.25,17466.75,17466.5,17454.0,25,-130.0,14.2,-134.2,-1.0735999999999999,STOP,2024-04-25,1.6388888888888888,48.52173913043478,59.0,2024
2024-04-25 19:35:00-04:00,2024-04-25 19:40:00-04:00,2024-04-25 19:40:00-04:00,SHORT,151648,17752.0,17747.5,17756.75,17747.25,19,90.0,14.2,85.8,0.903157894736842,TARGET,2024-04-26,1.2545454545454546,36.666666666666664,46.0,2024
2024-04-25 21:20:00-04:00,2024-04-25 21:25:00-04:00,2024-04-25 21:32:00-04:00,LONG,151669,17764.25,17769.5,17758.75,17769.75,22,105.0,14.2,100.8,0.9163636363636364,TARGET,2024-04-26,1.6959595959595957,43.04347826086957,73.0,2024
2024-04-28 19:55:00-04:00,2024-04-28 20:00:00-04:00,2024-04-28 20:06:00-04:00,LONG,151928,17885.25,17890.75,17879.5,17891.0,23,110.0,14.2,105.8,0.9199999999999999,TARGET,2024-04-29,1.9090909090909092,44.927536231884055,63.0,2024
2024-04-28 22:00:00-04:00,2024-04-28 22:05:00-04:00,2024-04-28 22:23:00-04:00,LONG,151953,17900.75,17896.0,17896.25,17905.25,18,-95.0,14.2,-99.2,-1.1022222222222222,STOP,2024-04-29,2.196734693877551,35.507246376811594,78.0,2024
2024-04-30 01:40:00-04:00,2024-04-30 01:45:00-04:00,2024-04-30 01:46:00-04:00,SHORT,152273,17877.5,17881.75,17881.5,17873.5,16,-85.0,14.2,-89.2,-1.115,STOP,2024-04-30,1.7651162790697674,31.159420289855074,55.0,2024
2024-04-30 05:10:00-04:00,2024-04-30 05:15:00-04:00,2024-04-30 05:17:00-04:00,SHORT,152315,17863.75,17869.25,17869.0,17858.5,21,-110.0,14.2,-114.2,-1.0876190476190477,STOP,2024-04-30,1.2621951219512193,40.40579710144928,51.0,2024
2024-04-30 18:05:00-04:00,2024-04-30 18:10:00-04:00,2024-04-30 18:10:00-04:00,LONG,152458,17487.5,17481.75,17482.0,17493.0,22,-115.0,14.2,-119.2,-1.0836363636363637,STOP,2024-05-01,5.203512396694214,42.08695652173913,219.0,2024
2024-04-30 18:35:00-04:00,2024-04-30 18:40:00-04:00,2024-04-30 18:45:00-04:00,LONG,152464,17499.5,17495.5,17495.75,17503.25,15,-80.0,14.2,-84.2,-1.1226666666666667,STOP,2024-05-01,1.8176652892561986,28.05797101449275,51.0,2024
2024-05-01 18:20:00-04:00,2024-05-01 18:25:00-04:00,2024-05-01 18:33:00-04:00,SHORT,152737,17500.25,17506.0,17505.75,17494.75,22,-115.0,14.2,-119.2,-1.0836363636363637,STOP,2024-05-02,1.2777777777777777,43.04347826086957,55.0,2024
2024-05-01 19:35:00-04:00,2024-05-01 19:40:00-04:00,2024-05-01 19:45:00-04:00,LONG,152752,17512.25,17515.75,17508.5,17516.0,15,70.0,14.2,65.8,0.8773333333333333,TARGET,2024-05-02,2.522727272727273,29.333333333333332,74.0,2024
2024-05-02 18:05:00-04:00,2024-05-02 18:10:00-04:00,2024-05-02 18:12:00-04:00,SHORT,153010,17724.0,17729.75,17729.5,17718.5,22,-115.0,14.2,-119.2,-1.0836363636363637,STOP,2024-05-03,1.5206611570247932,42.08695652173913,64.0,2024
2024-05-02 18:35:00-04:00,2024-05-02 18:40:00-04:00,2024-05-02 18:40:00-04:00,SHORT,153016,17740.5,17744.5,17744.25,17736.75,15,-80.0,14.2,-84.2,-1.1226666666666667,STOP,2024-05-03,2.993801652892562,28.05797101449275,84.0,2024
2024-05-05 18:10:00-04:00,2024-05-05 18:15:00-04:00,2024-05-05 18:16:00-04:00,SHORT,153289,18031.0,18026.25,18036.0,18026.0,20,95.0,14.2,90.8,0.9079999999999999,TARGET,2024-05-06,1.5554323725055432,39.21739130434783,61.0,2024
2024-05-05 19:45:00-04:00,2024-05-05 19:50:00-04:00,2024-05-05 19:51:00-04:00,SHORT,153308,18008.5,18012.25,18012.0,18005.0,14,-75.0,14.2,-79.2,-1.1314285714285715,STOP,2024-05-06,1.6463414634146343,27.333333333333332,45.0,2024
2024-05-06 18:05:00-04:00,2024-05-06 18:10:00-04:00,2024-05-06 18:17:00-04:00,SHORT,153564,18180.25,18185.25,18185.0,18175.5,19,-100.0,14.2,-104.2,-1.0968421052631578,STOP,2024-05-07,1.54066985645933,36.82608695652174,56.0,2024
2024-05-07 04:20:00-04:00,2024-05-07 04:25:00-04:00,2024-05-07 04:38:00-04:00,LONG,153687,18177.75,18183.25,18172.0,18183.5,23,110.0,14.2,105.8,0.9199999999999999,TARGET,2024-05-07,1.4592803030303032,45.91304347826087,67.0,2024
2024-05-07 18:10:00-04:00,2024-05-07 18:15:00-04:00,2024-05-07 18:16:00-04:00,SHORT,153841,18184.25,18189.25,18189.0,18179.5,19,-100.0,14.2,-104.2,-1.0968421052631578,STOP,2024-05-08,1.3480861244019138,36.34782608695652,49.0,2024
2024-05-08 00:35:00-04:00,2024-05-08 00:40:00-04:00,2024-05-08 00:59:00-04:00,SHORT,153918,18189.75,18187.0,18192.75,18186.75,12,55.0,14.2,50.8,0.8466666666666666,TARGET,2024-05-08,1.462719298245614,19.82608695652174,29.0,2024
2024-05-08 20:15:00-04:00,2024-05-08 20:20:00-04:00,2024-05-08 20:38:00-04:00,SHORT,154142,18162.25,18166.5,18166.25,18158.25,16,-85.0,14.2,-89.2,-1.115,STOP,2024-05-09,1.3870967741935485,31.0,43.0,2024
2024-05-08 23:35:00-04:00,2024-05-08 23:40:00-04:00,2024-05-08 23:57:00-04:00,SHORT,154182,18161.0,18158.25,18164.0,18158.0,12,55.0,14.2,50.8,0.8466666666666666,TARGET,2024-05-09,1.595693779904306,18.17391304347826,29.0,2024
2024-05-10 00:35:00-04:00,2024-05-10 00:40:00-04:00,2024-05-10 01:05:00-04:00,LONG,154470,18227.25,18230.0,18224.25,18230.25,12,55.0,14.2,50.8,0.8466666666666666,TARGET,2024-05-10,1.9368421052631581,16.52173913043478,32.0,2024
2024-05-10 01:20:00-04:00,2024-05-10 01:25:00-04:00,2024-05-10 01:27:00-04:00,LONG,154479,18230.0,18226.75,18227.0,18233.0,12,-65.0,14.2,-69.2,-1.1533333333333333,STOP,2024-05-10,1.6291666666666667,20.869565217391305,34.0,2024
2024-05-12 18:10:00-04:00,2024-05-12 18:15:00-04:00,2024-05-12 18:19:00-04:00,SHORT,154671,18233.75,18237.75,18237.5,18230.0,15,-80.0,14.2,-84.2,-1.1226666666666667,STOP,2024-05-13,1.8121212121212122,28.695652173913043,52.0,2024
2024-05-12 19:10:00-04:00,2024-05-12 19:15:00-04:00,2024-05-12 19:28:00-04:00,LONG,154683,18251.5,18254.25,18248.5,18254.5,12,55.0,14.2,50.8,0.8466666666666666,TARGET,2024-05-13,1.4375,20.17391304347826,29.0,2024
2024-05-13 18:25:00-04:00,2024-05-13 18:30:00-04:00,2024-05-13 18:35:00-04:00,SHORT,154950,18279.5,18276.75,18282.5,18276.5,12,55.0,14.2,50.8,0.8466666666666666,TARGET,2024-05-14,1.7548701298701297,17.855072463768114,47.0,2024
2024-05-13 20:45:00-04:00,2024-05-13 20:50:00-04:00,2024-05-13 20:50:00-04:00,SHORT,154978,18278.5,18275.75,18281.5,18275.5,12,55.0,14.2,50.8,0.8466666666666666,TARGET,2024-05-14,1.3641581632653061,22.72463768115942,31.0,2024
2024-05-14 18:30:00-04:00,2024-05-14 18:35:00-04:00,2024-05-14 18:48:00-04:00,LONG,155227,18420.75,18423.5,18417.75,18423.75,12,55.0,14.2,50.8,0.8466666666666666,TARGET,2024-05-15,1.6262626262626265,17.217391304347824,28.0,2024
2024-05-14 20:35:00-04:00,2024-05-14 20:40:00-04:00,2024-05-14 20:40:00-04:00,SHORT,155252,18404.75,18402.0,18407.75,18401.75,12,55.0,14.2,50.8,0.8466666666666666,TARGET,2024-05-15,1.369047619047619,21.91304347826087,30.0,2024
2024-05-15 19:10:00-04:00,2024-05-15 19:15:00-04:00,2024-05-15 19:17:00-04:00,LONG,155511,18711.25,18714.0,18708.25,18714.25,12,55.0,14.2,50.8,0.8466666666666666,TARGET,2024-05-16,1.5972222222222223,18.782608695652172,30.0,2024
2024-05-15 20:05:00-04:00,2024-05-15 20:10:00-04:00,2024-05-15 20:11:00-04:00,LONG,155522,18727.5,18724.0,18724.25,18730.75,13,-70.0,14.2,-74.2,-1.1415384615384616,STOP,2024-05-16,2.349462365591398,24.26086956521739,57.0,2024
2024-05-16 18:35:00-04:00,2024-05-16 18:40:00-04:00,2024-05-16 18:42:00-04:00,SHORT,155780,18646.0,18649.25,18649.0,18643.0,12,-65.0,14.2,-69.2,-1.1533333333333333,STOP,2024-05-17,2.291958041958042,16.579710144927535,38.0,2024
2024-05-16 19:50:00-04:00,2024-05-16 19:55:00-04:00,2024-05-16 20:01:00-04:00,SHORT,155795,18649.75,18653.0,18652.75,18646.75,12,-65.0,14.2,-69.2,-1.1533333333333333,STOP,2024-05-17,1.5576923076923077,17.333333333333332,27.0,2024
2024-05-19 18:05:00-04:00,2024-05-19 18:10:00-04:00,2024-05-19 18:17:00-04:00,LONG,156051,18653.25,18656.25,18650.0,18656.5,13,60.0,14.2,55.8,0.8584615384615384,TARGET,2024-05-20,2.734265734265734,24.869565217391305,68.0,2024
2024-05-19 18:45:00-04:00,2024-05-19 18:50:00-04:00,2024-05-19 18:55:00-04:00,LONG,156059,18651.75,18654.5,18648.75,18654.75,12,55.0,14.2,50.8,0.8466666666666666,TARGET,2024-05-20,1.2666083916083917,16.579710144927535,21.0,2024
2024-05-20 18:30:00-04:00,2024-05-20 18:35:00-04:00,2024-05-20 18:53:00-04:00,SHORT,156332,18746.25,18743.5,18749.25,18743.25,12,55.0,14.2,50.8,0.8466666666666666,TARGET,2024-05-21,1.7563636363636366,15.942028985507244,28.0,2024
2024-05-20 22:00:00-04:00,2024-05-20 22:05:00-04:00,2024-05-20 22:24:00-04:00,SHORT,156374,18746.25,18749.5,18749.25,18743.25,12,-65.0,14.2,-69.2,-1.1533333333333333,STOP,2024-05-21,2.0700000000000003,17.391304347826086,36.0,2024
2024-05-21 22:05:00-04:00,2024-05-21 22:10:00-04:00,2024-05-21 22:12:00-04:00,LONG,156651,18820.75,18817.5,18817.75,18823.75,12,-65.0,14.2,-69.2,-1.1533333333333333,STOP,2024-05-22,1.6675,17.391304347826086,29.0,2024
2024-05-22 02:05:00-04:00,2024-05-22 02:10:00-04:00,2024-05-22 02:21:00-04:00,SHORT,156699,18805.25,18808.5,18808.25,18802.25,12,-65.0,14.2,-69.2,-1.1533333333333333,STOP,2024-05-22,1.9090909090909092,22.0,42.0,2024
2024-05-22 18:10:00-04:00,2024-05-22 18:15:00-04:00,2024-05-22 18:15:00-04:00,SHORT,156880,18854.75,18858.0,18857.75,18851.75,12,-65.0,14.2,-69.2,-1.1533333333333333,STOP,2024-05-23,2.6763636363636363,23.91304347826087,64.0,2024
2024-05-22 18:40:00-04:00,2024-05-22 18:45:00-04:00,2024-05-22 19:06:00-04:00,LONG,156886,18855.25,18858.0,18852.25,18858.25,12,55.0,14.2,50.8,0.8466666666666666,TARGET,2024-05-23,1.630909090909091,15.942028985507244,26.0,2024
2024-05-23 18:05:00-04:00,2024-05-23 18:10:00-04:00,2024-05-23 18:11:00-04:00,LONG,157155,18690.5,18687.25,18687.5,18693.5,12,-65.0,14.2,-69.2,-1.1533333333333333,STOP,2024-05-24,2.1745454545454543,23.91304347826087,52.0,2024
2024-05-23 18:55:00-04:00,2024-05-23 19:00:00-04:00,2024-05-23 19:13:00-04:00,LONG,157165,18694.5,18697.25,18691.5,18697.5,12,55.0,14.2,50.8,0.8466666666666666,TARGET,2024-05-24,1.630909090909091,17.391304347826086,26.0,2024
2024-05-26 18:40:00-04:00,2024-05-26 18:45:00-04:00,2024-05-26 18:47:00-04:00,SHORT,157438,18876.25,18873.5,18879.25,18873.25,12,55.0,14.2,50.8,0.8466666666666666,TARGET,2024-05-27,1.974747474747475,17.217391304347824,34.0,2024
2024-05-26 19:30:00-04:00,2024-05-26 19:35:00-04:00,2024-05-26 19:37:00-04:00,SHORT,157448,18847.0,18844.25,18850.0,18844.0,12,55.0,14.2,50.8,0.8466666666666666,TARGET,2024-05-27,1.8333333333333333,18.0,33.0,2024
2024-05-27 18:05:00-04:00,2024-05-27 18:10:00-04:00,2024-05-27 18:11:00-04:00,SHORT,157659,18930.0,18927.25,18933.0,18927.0,12,55.0,14.2,50.8,0.8466666666666666,TARGET,2024-05-28,4.8352272727272725,22.956521739130437,111.0,2024
2024-05-27 18:35:00-04:00,2024-05-27 18:40:00-04:00,2024-05-27 18:42:00-04:00,SHORT,157665,18906.5,18909.75,18909.5,18903.5,12,-65.0,14.2,-69.2,-1.1533333333333333,STOP,2024-05-28,1.960227272727273,15.304347826086955,30.0,2024
2024-05-28 18:05:00-04:00,2024-05-28 18:10:00-04:00,2024-05-28 18:10:00-04:00,SHORT,157935,18937.5,18941.0,18940.75,18934.25,13,-70.0,14.2,-74.2,-1.1415384615384616,STOP,2024-05-29,2.050699300699301,24.869565217391305,51.0,2024
2024-05-28 19:55:00-04:00,2024-05-28 20:00:00-04:00,2024-05-28 20:00:00-04:00,SHORT,157957,18926.5,18929.75,18929.5,18923.5,12,-65.0,14.2,-69.2,-1.1533333333333333,STOP,2024-05-29,2.3653846153846154,23.36231884057971,41.0,2024
2024-05-29 18:35:00-04:00,2024-05-29 18:40:00-04:00,2024-05-29 18:41:00-04:00,SHORT,158217,18731.5,18728.75,18734.5,18728.5,12,55.0,14.2,50.8,0.8466666666666666,TARGET,2024-05-30,2.4333855799373043,18.492753623188403,45.0,2024
2024-05-29 19:20:00-04:00,2024-05-29 19:25:00-04:00,2024-05-29 19:25:00-04:00,LONG,158226,18725.25,18722.0,18722.25,18728.25,12,-65.0,14.2,-69.2,-1.1533333333333333,STOP,2024-05-30,2.1314655172413794,20.17391304347826,43.0,2024
2024-05-30 18:10:00-04:00,2024-05-30 18:15:00-04:00,2024-05-30 18:16:00-04:00,SHORT,158488,18570.0,18566.5,18573.75,18566.25,15,70.0,14.2,65.8,0.8773333333333333,TARGET,2024-05-31,2.158357771260997,29.65217391304348,64.0,2024
2024-05-30 19:10:00-04:00,2024-05-30 19:15:00-04:00,2024-05-30 19:18:00-04:00,LONG,158500,18571.75,18568.5,18568.75,18574.75,12,-65.0,14.2,-69.2,-1.1533333333333333,STOP,2024-05-31,1.4375,21.565217391304348,31.0,2024
2024-06-02 18:05:00-04:00,2024-06-02 18:10:00-04:00,2024-06-02 18:11:00-04:00,SHORT,158765,18547.75,18552.0,18551.75,18543.75,16,-85.0,14.2,-89.2,-1.115,STOP,2024-06-03,5.6707988980716255,31.565217391304348,179.0,2024
2024-06-02 19:05:00-04:00,2024-06-02 19:10:00-04:00,2024-06-02 19:10:00-04:00,LONG,158777,18576.5,18579.25,18573.5,18579.5,12,55.0,14.2,50.8,0.8466666666666666,TARGET,2024-06-03,2.9185606060606064,22.956521739130434,67.0,2024
2024-06-03 18:35:00-04:00,2024-06-03 18:40:00-04:00,2024-06-03 18:41:00-04:00,LONG,159047,18669.0,18665.75,18666.0,18672.0,12,-65.0,14.2,-69.2,-1.1533333333333333,STOP,2024-06-04,1.413572343149808,22.63768115942029,32.0,2024
2024-06-03 19:45:00-04:00,2024-06-03 19:50:00-04:00,2024-06-03 19:52:00-04:00,SHORT,159061,18653.25,18656.5,18656.25,18650.25,12,-65.0,14.2,-69.2,-1.1533333333333333,STOP,2024-06-04,1.4583333333333333,24.0,35.0,2024
2024-06-04 18:50:00-04:00,2024-06-04 18:55:00-04:00,2024-06-04 19:01:00-04:00,LONG,159326,18717.5,18720.75,18714.0,18721.0,14,65.0,14.2,60.8,0.8685714285714285,TARGET,2024-06-05,1.4561688311688312,26.782608695652172,39.0,2024
2024-06-04 19:25:00-04:00,2024-06-04 19:30:00-04:00,2024-06-04 19:35:00-04:00,SHORT,159333,18727.25,18731.0,18730.75,18723.75,14,-75.0,14.2,-79.2,-1.1314285714285715,STOP,2024-06-05,1.369047619047619,28.0,40.0,2024
2024-06-05 18:40:00-04:00,2024-06-05 18:45:00-04:00,2024-06-05 18:48:00-04:00,LONG,159600,19093.75,19097.0,19090.25,19097.25,14,65.0,14.2,60.8,0.8685714285714285,TARGET,2024-06-06,2.224630021141649,27.42028985507246,61.0,2024
2024-06-05 20:25:00-04:00,2024-06-05 20:30:00-04:00,2024-06-05 20:35:00-04:00,LONG,159621,19079.75,19075.0,19075.25,19084.25,18,-95.0,14.2,-99.2,-1.1022222222222222,STOP,2024-06-06,1.3717179294823707,34.89855072463769,53.0,2024
2024-06-07 00:30:00-04:00,2024-06-07 00:35:00-04:00,2024-06-07 00:36:00-04:00,LONG,159946,19086.75,19083.5,19083.75,19089.75,12,-65.0,14.2,-69.2,-1.1533333333333333,STOP,2024-06-07,1.3729139922978177,22.579710144927535,31.0,2024
2024-06-07 04:55:00-04:00,2024-06-07 05:00:00-04:00,2024-06-07 05:01:00-04:00,SHORT,159999,19074.0,19079.25,19079.0,19069.0,20,-105.0,14.2,-109.2,-1.092,STOP,2024-06-07,1.3388773388773387,38.434782608695656,56.0,2024
2024-06-09 18:10:00-04:00,2024-06-09 18:15:00-04:00,2024-06-09 18:20:00-04:00,LONG,160148,19055.25,19050.0,19050.25,19060.25,20,-105.0,14.2,-109.2,-1.092,STOP,2024-06-10,2.1674057649667406,39.21739130434783,85.0,2024
2024-06-09 19:00:00-04:00,2024-06-09 19:05:00-04:00,2024-06-09 19:10:00-04:00,LONG,160158,19040.75,19036.75,19037.0,19044.5,15,-80.0,14.2,-84.2,-1.1226666666666667,STOP,2024-06-10,1.4375,28.52173913043478,41.0,2024
2024-06-10 19:15:00-04:00,2024-06-10 19:20:00-04:00,2024-06-10 19:20:00-04:00,SHORT,160437,19080.5,19084.0,19083.75,19077.25,13,-70.0,14.2,-74.2,-1.1415384615384616,STOP,2024-06-11,1.554054054054054,25.73913043478261,40.0,2024
2024-06-10 19:50:00-04:00,2024-06-10 19:55:00-04:00,2024-06-10 20:02:00-04:00,LONG,160444,19087.0,19083.5,19083.75,19090.25,13,-70.0,14.2,-74.2,-1.1415384615384616,STOP,2024-06-11,1.5000000000000002,24.666666666666664,37.0,2024
2024-06-11 18:05:00-04:00,2024-06-11 18:10:00-04:00,2024-06-11 18:14:00-04:00,SHORT,160699,19233.25,19238.0,19237.75,19228.75,18,-95.0,14.2,-99.2,-1.1022222222222222,STOP,2024-06-12,1.51010101010101,34.434782608695656,52.0,2024
2024-06-11 19:05:00-04:00,2024-06-11 19:10:00-04:00,2024-06-11 19:16:00-04:00,LONG,160711,19268.0,19264.5,19264.75,19271.25,13,-70.0,14.2,-74.2,-1.1415384615384616,STOP,2024-06-12,1.7569444444444446,25.043478260869563,44.0,2024
2024-06-12 19:15:00-04:00,2024-06-12 19:20:00-04:00,2024-06-12 19:26:00-04:00,LONG,160990,19599.0,19595.75,19596.0,19602.0,12,-65.0,14.2,-69.2,-1.1533333333333333,STOP,2024-06-13,1.6117424242424243,22.956521739130434,37.0,2024
2024-06-12 20:25:00-04:00,2024-06-12 20:30:00-04:00,2024-06-12 20:30:00-04:00,LONG,161004,19620.75,19617.0,19617.25,19624.25,14,-75.0,14.2,-79.2,-1.1314285714285715,STOP,2024-06-13,1.8548387096774195,26.782608695652176,55.0,2024
2024-06-13 18:35:00-04:00,2024-06-13 18:40:00-04:00,2024-06-13 18:48:00-04:00,LONG,161258,19612.0,19614.75,19609.0,19615.0,12,55.0,14.2,50.8,0.8466666666666666,TARGET,2024-06-14,1.3305785123966944,21.043478260869563,28.0,2024
2024-06-13 19:50:00-04:00,2024-06-13 19:55:00-04:00,2024-06-13 19:58:00-04:00,LONG,161273,19616.25,19619.0,19613.25,19619.25,12,55.0,14.2,50.8,0.8466666666666666,TARGET,2024-06-14,1.6363636363636365,22.0,36.0,2024
2024-06-16 18:10:00-04:00,2024-06-16 18:15:00-04:00,2024-06-16 18:16:00-04:00,LONG,161529,19956.5,19960.5,19952.25,19960.75,17,80.0,14.2,75.8,0.8917647058823529,TARGET,2024-06-17,2.061038961038961,33.47826086956522,69.0,2024
2024-06-16 20:40:00-04:00,2024-06-16 20:45:00-04:00,2024-06-16 20:54:00-04:00,SHORT,161559,19961.0,19964.75,19964.5,19957.5,14,-75.0,14.2,-79.2,-1.1314285714285715,STOP,2024-06-17,1.449579831932773,27.594202898550726,40.0,2024
2024-06-17 18:10:00-04:00,2024-06-17 18:15:00-04:00,2024-06-17 18:19:00-04:00,LONG,161805,20207.5,20211.5,20203.25,20211.75,17,80.0,14.2,75.8,0.8917647058823529,TARGET,2024-06-18,1.3142857142857143,33.47826086956522,44.0,2024
2024-06-17 18:45:00-04:00,2024-06-17 18:50:00-04:00,2024-06-17 18:52:00-04:00,LONG,161812,20208.75,20205.5,20205.75,20211.75,12,-65.0,14.2,-69.2,-1.1533333333333333,STOP,2024-06-18,1.4337662337662338,22.318840579710145,32.0,2024
2024-06-18 18:35:00-04:00,2024-06-18 18:40:00-04:00,2024-06-18 18:41:00-04:00,LONG,162086,20231.0,20227.75,20228.0,20234.0,12,-65.0,14.2,-69.2,-1.1533333333333333,STOP,2024-06-19,1.344155844155844,22.318840579710145,30.0,2024
2024-06-19 02:35:00-04:00,2024-06-19 02:40:00-04:00,2024-06-19 03:01:00-04:00,LONG,162182,20234.25,20237.5,20230.75,20237.75,14,65.0,14.2,60.8,0.8685714285714285,TARGET,2024-06-19,1.6890625000000001,27.82608695652174,47.0,2024
2024-06-19 19:05:00-04:00,2024-06-19 19:10:00-04:00,2024-06-19 19:33:00-04:00,LONG,162320,20232.0,20234.75,20229.0,20235.0,12,55.0,14.2,50.8,0.8466666666666666,TARGET,2024-06-20,1.3895833333333334,20.869565217391305,29.0,2024
2024-06-19 23:55:00-04:00,2024-06-20 00:00:00-04:00,2024-06-20 00:01:00-04:00,LONG,162378,20290.75,20287.5,20287.75,20293.75,12,-65.0,14.2,-69.2,-1.1533333333333333,STOP,2024-06-20,2.3793103448275863,15.971014492753623,38.0,2024
2024-06-20 18:05:00-04:00,2024-06-20 18:10:00-04:00,2024-06-20 18:10:00-04:00,LONG,162584,20055.25,20058.75,20051.5,20059.0,15,70.0,14.2,65.8,0.8773333333333333,TARGET,2024-06-21,1.7772727272727273,28.695652173913043,51.0,2024
2024-06-20 19:15:00-04:00,2024-06-20 19:20:00-04:00,2024-06-20 19:33:00-04:00,LONG,162598,20073.5,20070.25,20070.5,20076.5,12,-65.0,14.2,-69.2,-1.1533333333333333,STOP,2024-06-21,1.4854166666666666,20.869565217391305,31.0,2024
2024-06-23 19:05:00-04:00,2024-06-23 19:10:00-04:00,2024-06-23 19:14:00-04:00,LONG,162872,20027.0,20023.75,20024.0,20030.0,12,-65.0,14.2,-69.2,-1.1533333333333333,STOP,2024-06-24,2.740234375,22.26086956521739,61.0,2024
2024-06-23 19:45:00-04:00,2024-06-23 19:50:00-04:00,2024-06-23 19:50:00-04:00,SHORT,162880,20015.0,20012.25,20018.0,20012.0,12,55.0,14.2,50.8,0.8466666666666666,TARGET,2024-06-24,1.828125,21.333333333333332,39.0,2024
2024-06-24 18:10:00-04:00,2024-06-24 18:15:00-04:00,2024-06-24 18:15:00-04:00,SHORT,163137,19753.25,19757.5,19757.25,19749.25,16,-85.0,14.2,-89.2,-1.115,STOP,2024-06-25,1.3832167832167832,31.565217391304348,43.0,2024
2024-06-24 21:00:00-04:00,2024-06-24 21:05:00-04:00,2024-06-24 21:07:00-04:00,SHORT,163171,19755.0,19758.5,19758.25,19751.75,13,-70.0,14.2,-74.2,-1.1415384615384616,STOP,2024-06-25,2.284511784511784,25.826086956521742,59.0,2024
2024-06-25 18:35:00-04:00,2024-06-25 18:40:00-04:00,2024-06-25 18:53:00-04:00,SHORT,163418,19972.75,19976.0,19975.75,19969.75,12,-65.0,14.2,-69.2,-1.1533333333333333,STOP,2024-06-26,2.2600267379679146,21.681159420289852,49.0,2024
2024-06-25 21:20:00-04:00,2024-06-25 21:25:00-04:00,2024-06-25 21:26:00-04:00,LONG,163451,19995.75,19999.0,19992.25,19999.25,14,65.0,14.2,60.8,0.8685714285714285,TARGET,2024-06-26,1.3905228758169934,26.608695652173914,37.0,2024
2024-06-26 18:25:00-04:00,2024-06-26 18:30:00-04:00,2024-06-26 18:35:00-04:00,SHORT,163692,19938.5,19935.75,19941.5,19935.5,12,55.0,14.2,50.8,0.8466666666666666,TARGET,2024-06-27,1.2777777777777777,22.956521739130434,44.0,2024
2024-06-26 19:10:00-04:00,2024-06-26 19:15:00-04:00,2024-06-26 19:16:00-04:00,SHORT,163701,19919.75,19923.25,19923.0,19916.5,13,-70.0,14.2,-74.2,-1.1415384615384616,STOP,2024-06-27,1.7483108108108107,25.73913043478261,45.0,2024
2024-06-27 18:30:00-04:00,2024-06-27 18:35:00-04:00,2024-06-27 18:47:00-04:00,LONG,163969,20084.75,20088.25,20081.0,20088.5,15,70.0,14.2,65.8,0.8773333333333333,TARGET,2024-06-28,1.2830578512396695,28.05797101449275,36.0,2024
2024-06-27 21:25:00-04:00,2024-06-27 21:30:00-04:00,2024-06-27 21:31:00-04:00,LONG,164004,20098.5,20103.0,20093.75,20103.25,19,90.0,14.2,85.8,0.903157894736842,TARGET,2024-06-28,1.277777777777778,36.14492753623188,43.0,2024
2024-06-30 18:10:00-04:00,2024-06-30 18:15:00-04:00,2024-06-30 18:18:00-04:00,SHORT,164242,19949.75,19955.5,19955.25,19944.25,22,-115.0,14.2,-119.2,-1.0836363636363637,STOP,2024-07-01,1.9483471074380165,42.08695652173913,82.0,2024
2024-06-30 18:50:00-04:00,2024-06-30 18:55:00-04:00,2024-06-30 19:00:00-04:00,SHORT,164250,19976.5,19973.0,19980.25,19972.75,15,70.0,14.2,65.8,0.8773333333333333,TARGET,2024-07-01,1.8889462809917357,28.05797101449275,53.0,2024
2024-07-01 18:55:00-04:00,2024-07-01 19:00:00-04:00,2024-07-01 19:06:00-04:00,SHORT,164527,20031.0,20027.5,20034.75,20027.25,15,70.0,14.2,65.8,0.8773333333333333,TARGET,2024-07-02,1.4587737843551798,29.913043478260867,40.0,2024
2024-07-01 19:40:00-04:00,2024-07-01 19:45:00-04:00,2024-07-01 19:46:00-04:00,SHORT,164536,20014.75,20018.75,20018.5,20011.0,15,-80.0,14.2,-84.2,-1.1226666666666667,STOP,2024-07-02,1.7441860465116281,28.666666666666664,50.0,2024
2024-07-02 23:20:00-04:00,2024-07-02 23:25:00-04:00,2024-07-02 23:31:00-04:00,SHORT,164856,20233.25,20236.5,20236.25,20230.25,12,-65.0,14.2,-69.2,-1.1533333333333333,STOP,2024-07-03,2.2425,23.18840579710145,52.0,2024
2024-07-03 02:15:00-04:00,2024-07-03 02:20:00-04:00,2024-07-03 02:25:00-04:00,LONG,164891,20252.75,20247.75,20248.0,20257.5,19,-100.0,14.2,-104.2,-1.0968421052631578,STOP,2024-07-03,1.3403263403263401,37.30434782608696,50.0,2024
2024-07-03 18:05:00-04:00,2024-07-03 18:10:00-04:00,2024-07-03 18:11:00-04:00,SHORT,165024,20394.5,20399.5,20399.25,20389.75,19,-100.0,14.2,-104.2,-1.0968421052631578,STOP,2024-07-04,2.707459207459207,37.30434782608696,101.0,2024
2024-07-03 18:55:00-04:00,2024-07-03 19:00:00-04:00,2024-07-03 19:08:00-04:00,SHORT,165034,20399.0,20402.75,20402.5,20395.5,14,-75.0,14.2,-79.2,-1.1314285714285715,STOP,2024-07-04,1.9702797202797206,27.130434782608695,49.0,2024
2024-07-04 18:35:00-04:00,2024-07-04 18:40:00-04:00,2024-07-04 18:59:00-04:00,LONG,165258,20385.75,20382.5,20382.75,20388.75,12,-65.0,14.2,-69.2,-1.1533333333333333,STOP,2024-07-05,1.421164772727273,20.405797101449274,29.0,2024
2024-07-04 20:45:00-04:00,2024-07-04 20:50:00-04:00,2024-07-04 20:51:00-04:00,LONG,165284,20408.25,20404.75,20405.0,20411.5,13,-70.0,14.2,-74.2,-1.1415384615384616,STOP,2024-07-05,1.3861607142857142,25.971014492753625,36.0,2024
2024-07-07 18:05:00-04:00,2024-07-07 18:10:00-04:00,2024-07-07 18:11:00-04:00,LONG,165529,20608.25,20611.75,20604.5,20612.0,15,70.0,14.2,65.8,0.8773333333333333,TARGET,2024-07-08,3.2038123167155423,29.65217391304348,95.0,2024
2024-07-07 19:35:00-04:00,2024-07-07 19:40:00-04:00,2024-07-07 19:47:00-04:00,SHORT,165547,20593.5,20590.75,20596.5,20590.5,12,55.0,14.2,50.8,0.8466666666666666,TARGET,2024-07-08,1.8870967741935487,20.666666666666664,39.0,2024
2024-07-08 18:15:00-04:00,2024-07-08 18:20:00-04:00,2024-07-08 18:20:00-04:00,LONG,165807,20693.75,20697.0,20690.25,20697.25,14,65.0,14.2,60.8,0.8685714285714285,TARGET,2024-07-09,1.2978056426332287,27.73913043478261,36.0,2024
2024-07-08 19:05:00-04:00,2024-07-08 19:10:00-04:00,2024-07-08 19:10:00-04:00,LONG,165817,20713.0,20709.75,20710.0,20716.0,12,-65.0,14.2,-69.2,-1.1533333333333333,STOP,2024-07-09,2.15625,19.47826086956522,42.0,2024
2024-07-09 19:05:00-04:00,2024-07-09 19:10:00-04:00,2024-07-09 19:10:00-04:00,LONG,166093,20702.5,20699.25,20699.5,20705.5,12,-65.0,14.2,-69.2,-1.1533333333333333,STOP,2024-07-10,1.6586538461538463,18.08695652173913,30.0,2024
2024-07-09 22:05:00-04:00,2024-07-09 22:10:00-04:00,2024-07-09 22:19:00-04:00,LONG,166129,20705.5,20708.25,20702.5,20708.5,12,55.0,14.2,50.8,0.8466666666666666,TARGET,2024-07-10,1.3248,18.115942028985508,24.0,2024
2024-07-10 18:25:00-04:00,2024-07-10 18:30:00-04:00,2024-07-10 18:31:00-04:00,LONG,166361,20895.25,20892.0,20892.25,20898.25,12,-65.0,14.2,-69.2,-1.1533333333333333,STOP,2024-07-11,1.3636363636363635,14.666666666666666,30.0,2024
2024-07-10 18:55:00-04:00,2024-07-10 19:00:00-04:00,2024-07-10 19:01:00-04:00,LONG,166367,20891.25,20888.0,20888.25,20894.25,12,-65.0,14.2,-69.2,-1.1533333333333333,STOP,2024-07-11,1.840909090909091,16.0,27.0,2024
2024-07-11 18:10:00-04:00,2024-07-11 18:15:00-04:00,2024-07-11 18:17:00-04:00,SHORT,166634,20428.75,20426.0,20431.75,20425.75,12,55.0,14.2,50.8,0.8466666666666666,TARGET,2024-07-12,2.772727272727273,22.0,61.0,2024
2024-07-11 19:05:00-04:00,2024-07-11 19:10:00-04:00,2024-07-11 19:14:00-04:00,LONG,166645,20451.75,20454.5,20448.75,20454.75,12,55.0,14.2,50.8,0.8466666666666666,TARGET,2024-07-12,1.5,16.0,24.0,2024
2024-07-14 18:05:00-04:00,2024-07-14 18:10:00-04:00,2024-07-14 18:10:00-04:00,SHORT,166910,20531.0,20527.5,20534.75,20527.25,15,70.0,14.2,65.8,0.8773333333333333,TARGET,2024-07-15,7.840909090909091,28.695652173913043,225.0,2024
2024-07-14 18:35:00-04:00,2024-07-14 18:40:00-04:00,2024-07-14 18:41:00-04:00,LONG,166916,20542.5,20539.25,20539.5,20545.5,12,-65.0,14.2,-69.2,-1.1533333333333333,STOP,2024-07-15,1.9863636363636363,19.130434782608695,38.0,2024
2024-07-15 18:40:00-04:00,2024-07-15 18:45:00-04:00,2024-07-15 18:49:00-04:00,SHORT,167193,20634.75,20638.0,20637.75,20631.75,12,-65.0,14.2,-69.2,-1.1533333333333333,STOP,2024-07-16,2.0234604105571847,19.768115942028984,40.0,2024
2024-07-15 19:55:00-04:00,2024-07-15 20:00:00-04:00,2024-07-15 20:01:00-04:00,SHORT,167208,20630.0,20633.75,20633.5,20626.5,14,-75.0,14.2,-79.2,-1.1314285714285715,STOP,2024-07-16,1.2580645161290325,27.855072463768117,26.0,2024
2024-07-16 19:05:00-04:00,2024-07-16 19:10:00-04:00,2024-07-16 19:11:00-04:00,SHORT,167475,20579.75,20577.0,20582.75,20576.75,12,55.0,14.2,50.8,0.8466666666666666,TARGET,2024-07-17,1.6553030303030303,22.956521739130434,38.0,2024
2024-07-16 19:35:00-04:00,2024-07-16 19:40:00-04:00,2024-07-16 19:40:00-04:00,LONG,167481,20568.25,20571.0,20565.25,20571.25,12,55.0,14.2,50.8,0.8466666666666666,TARGET,2024-07-17,1.4090909090909092,22.0,31.0,2024
2024-07-17 18:05:00-04:00,2024-07-17 18:10:00-04:00,2024-07-17 18:13:00-04:00,LONG,167740,20045.25,20049.75,20040.5,20050.0,19,90.0,14.2,85.8,0.903157894736842,TARGET,2024-07-18,5.529904306220096,36.34782608695652,201.0,2024
2024-07-17 19:00:00-04:00,2024-07-17 19:05:00-04:00,2024-07-17 19:07:00-04:00,LONG,167751,20058.25,20054.5,20054.75,20061.75,14,-75.0,14.2,-79.2,-1.1314285714285715,STOP,2024-07-18,2.4210526315789473,26.434782608695652,64.0,2024
2024-07-18 18:10:00-04:00,2024-07-18 18:15:00-04:00,2024-07-18 18:20:00-04:00,LONG,168017,19974.0,19968.25,19968.5,19979.5,22,-115.0,14.2,-119.2,-1.0836363636363637,STOP,2024-07-19,1.3409090909090908,44.0,59.0,2024
2024-07-18 18:50:00-04:00,2024-07-18 18:55:00-04:00,2024-07-18 18:59:00-04:00,LONG,168025,19957.75,19953.75,19954.0,19961.5,15,-80.0,14.2,-84.2,-1.1226666666666667,STOP,2024-07-19,1.935203094777563,29.97101449275362,58.0,2024
2024-07-21 18:20:00-04:00,2024-07-21 18:25:00-04:00,2024-07-21 18:26:00-04:00,LONG,168295,19772.5,19778.5,19766.25,19778.75,25,120.0,14.2,115.8,0.9264,TARGET,2024-07-22,1.5480769230769231,49.73913043478261,77.0,2024
2024-07-21 18:55:00-04:00,2024-07-21 19:00:00-04:00,2024-07-21 19:01:00-04:00,LONG,168302,19792.75,19797.25,19788.0,19797.5,19,90.0,14.2,85.8,0.903157894736842,TARGET,2024-07-22,1.4777097902097902,36.17391304347826,49.0,2024
2024-07-22 20:45:00-04:00,2024-07-22 20:50:00-04:00,2024-07-22 20:56:00-04:00,SHORT,168600,19933.25,19939.5,19939.25,19927.25,24,-125.0,14.2,-129.2,-1.0766666666666667,STOP,2024-07-23,2.379310344827586,47.072463768115945,112.0,2024
2024-07-22 21:25:00-04:00,2024-07-22 21:30:00-04:00,2024-07-22 21:36:00-04:00,LONG,168608,19962.75,19956.25,19956.5,19969.0,25,-130.0,14.2,-134.2,-1.0735999999999999,STOP,2024-07-23,1.2557471264367817,48.7536231884058,57.0,2024
2024-07-23 18:15:00-04:00,2024-07-23 18:20:00-04:00,2024-07-23 18:20:00-04:00,SHORT,168846,19812.75,19805.75,19820.0,19805.5,29,140.0,14.2,135.8,0.9365517241379311,TARGET,2024-07-24,1.5159090909090909,57.391304347826086,87.0,2024
2024-07-23 19:05:00-04:00,2024-07-23 19:10:00-04:00,2024-07-23 19:10:00-04:00,SHORT,168856,19812.5,19807.5,19817.75,19807.25,21,100.0,14.2,95.8,0.9123809523809524,TARGET,2024-07-24,1.5333333333333332,41.73913043478261,64.0,2024
2024-07-24 18:05:00-04:00,2024-07-24 18:10:00-04:00,2024-07-24 18:15:00-04:00,LONG,169120,19280.0,19287.5,19272.25,19287.75,31,150.0,14.2,145.8,0.9406451612903226,TARGET,2024-07-25,1.4105339105339105,60.26086956521739,85.0,2024
2024-07-24 18:35:00-04:00,2024-07-24 18:40:00-04:00,2024-07-24 18:43:00-04:00,LONG,169126,19286.5,19291.5,19281.25,19291.75,21,100.0,14.2,95.8,0.9123809523809524,TARGET,2024-07-25,1.369047619047619,40.17391304347826,55.0,2024
2024-07-25 18:05:00-04:00,2024-07-25 18:10:00-04:00,2024-07-25 18:12:00-04:00,LONG,169396,19014.5,19022.5,19006.25,19022.75,33,160.0,14.2,155.8,0.9442424242424243,TARGET,2024-07-26,2.512211668928087,64.08695652173913,161.0,2024
2024-07-25 18:35:00-04:00,2024-07-25 18:40:00-04:00,2024-07-25 18:41:00-04:00,LONG,169402,19021.25,19015.5,19015.75,19026.75,22,-115.0,14.2,-119.2,-1.0836363636363637,STOP,2024-07-26,1.73202170963365,42.724637681159415,74.0,2024
2024-07-28 18:05:00-04:00,2024-07-28 18:10:00-04:00,2024-07-28 18:12:00-04:00,LONG,169674,19211.0,19202.5,19202.75,19219.25,33,-170.0,14.2,-174.2,-1.0557575757575757,STOP,2024-07-29,3.183175033921303,64.08695652173913,204.0,2024
2024-07-28 18:45:00-04:00,2024-07-28 18:50:00-04:00,2024-07-28 18:55:00-04:00,LONG,169682,19224.25,19229.5,19218.75,19229.75,22,105.0,14.2,100.8,0.9163636363636364,TARGET,2024-07-29,1.3707070707070708,42.724637681159415,59.0,2024
2024-07-29 18:05:00-04:00,2024-07-29 18:10:00-04:00,2024-07-29 18:32:00-04:00,LONG,169950,19229.75,19221.75,19222.0,19237.5,31,-160.0,14.2,-164.2,-1.0593548387096774,STOP,2024-07-30,1.4865056818181819,61.21739130434783,91.0,2024
2024-07-29 19:10:00-04:00,2024-07-29 19:15:00-04:00,2024-07-29 19:17:00-04:00,SHORT,169963,19169.5,19164.25,19175.0,19164.0,22,105.0,14.2,100.8,0.9163636363636364,TARGET,2024-07-30,4.084325396825397,43.826086956521735,179.0,2024
2024-07-30 18:05:00-04:00,2024-07-30 18:10:00-04:00,2024-07-30 18:10:00-04:00,LONG,170226,18980.25,18988.0,18972.25,18988.25,32,155.0,14.2,150.8,0.9425000000000001,TARGET,2024-07-31,6.209366391184573,63.130434782608695,392.0,2024
2024-07-30 18:35:00-04:00,2024-07-30 18:40:00-04:00,2024-07-30 18:42:00-04:00,LONG,170232,18975.5,18980.75,18970.0,18981.0,22,105.0,14.2,100.8,0.9163636363636364,TARGET,2024-07-31,1.9572795625427206,42.405797101449274,83.0,2024
2024-07-31 18:05:00-04:00,2024-07-31 18:10:00-04:00,2024-07-31 18:11:00-04:00,LONG,170502,19641.5,19632.75,19633.0,19650.0,34,-175.0,14.2,-179.2,-1.0541176470588234,STOP,2024-08-01,2.8525974025974024,66.95652173913044,191.0,2024
2024-07-31 18:55:00-04:00,2024-07-31 19:00:00-04:00,2024-07-31 19:01:00-04:00,LONG,170512,19630.0,19636.0,19623.75,19636.25,25,120.0,14.2,115.8,0.9264,TARGET,2024-08-01,1.837012987012987,48.69565217391304,82.0,2024
2024-08-01 18:10:00-04:00,2024-08-01 18:15:00-04:00,2024-08-01 18:15:00-04:00,SHORT,170779,18934.0,18925.0,18943.25,18924.75,37,180.0,14.2,175.8,0.9502702702702703,TARGET,2024-08-02,2.5448564593301435,72.69565217391305,185.0,2024
2024-08-01 18:40:00-04:00,2024-08-01 18:45:00-04:00,2024-08-01 18:45:00-04:00,SHORT,170785,18869.25,18875.75,18875.5,18863.0,25,-130.0,14.2,-134.2,-1.0735999999999999,STOP,2024-08-02,4.910885167464115,48.463768115942024,238.0,2024
2024-08-04 18:15:00-04:00,2024-08-04 18:20:00-04:00,2024-08-04 18:20:00-04:00,LONG,171055,18319.5,18309.5,18309.75,18329.25,39,-200.0,14.2,-204.2,-1.047179487179487,STOP,2024-08-05,1.3939393939393938,77.47826086956522,108.0,2024
2024-08-04 18:45:00-04:00,2024-08-04 18:50:00-04:00,2024-08-04 18:50:00-04:00,LONG,171061,18376.75,18383.25,18370.0,18383.5,27,130.0,14.2,125.8,0.9318518518518518,TARGET,2024-08-05,2.390521064301552,52.289855072463766,125.0,2024
2024-08-05 18:10:00-04:00,2024-08-05 18:15:00-04:00,2024-08-05 18:20:00-04:00,LONG,171330,18222.75,18234.5,18210.75,18234.75,48,235.0,14.2,230.8,0.9616666666666667,TARGET,2024-08-06,1.6099999999999999,96.1304347826087,154.0,2024
2024-08-05 18:55:00-04:00,2024-08-05 19:00:00-04:00,2024-08-05 19:00:00-04:00,SHORT,171339,18198.0,18207.25,18207.0,18189.0,36,-185.0,14.2,-189.2,-1.051111111111111,STOP,2024-08-06,2.6239873987398745,70.26086956521739,169.0,2024
2024-08-06 18:05:00-04:00,2024-08-06 18:10:00-04:00,2024-08-06 18:10:00-04:00,LONG,171605,18088.75,18076.5,18076.75,18100.75,48,-245.0,14.2,-249.2,-1.0383333333333333,STOP,2024-08-07,2.4364406779661016,112.86956521739131,275.0,2024
2024-08-06 18:40:00-04:00,2024-08-06 18:45:00-04:00,2024-08-06 18:48:00-04:00,SHORT,171612,18089.25,18080.0,18098.75,18079.75,38,185.0,14.2,180.8,0.9515789473684211,TARGET,2024-08-07,1.3177998472116121,75.88405797101449,100.0,2024
2024-08-07 18:30:00-04:00,2024-08-07 18:35:00-04:00,2024-08-07 18:39:00-04:00,LONG,171886,17924.25,17913.75,17914.0,17934.5,41,-210.0,14.2,-214.2,-1.0448780487804878,STOP,2024-08-08,1.5187902648532572,80.9855072463768,123.0,2024
2024-08-07 19:10:00-04:00,2024-08-07 19:15:00-04:00,2024-08-07 19:20:00-04:00,SHORT,171894,17879.5,17868.5,17890.75,17868.25,45,220.0,14.2,215.8,0.9591111111111111,TARGET,2024-08-08,1.4488188976377954,88.69565217391305,128.0,2024
2024-08-08 19:15:00-04:00,2024-08-08 19:20:00-04:00,2024-08-08 19:22:00-04:00,LONG,172171,18594.0,18581.75,18582.0,18606.0,48,-245.0,14.2,-249.2,-1.0383333333333333,STOP,2024-08-09,1.6488970588235294,94.6086956521739,156.0,2024
2024-08-08 20:05:00-04:00,2024-08-08 20:10:00-04:00,2024-08-08 20:12:00-04:00,SHORT,172181,18574.0,18562.25,18586.0,18562.0,48,235.0,14.2,230.8,0.9616666666666667,TARGET,2024-08-09,1.2648494226877753,122.20289855072464,154.0,2024
2024-08-11 18:05:00-04:00,2024-08-11 18:10:00-04:00,2024-08-11 18:10:00-04:00,LONG,172433,18634.25,18646.0,18622.25,18646.25,48,235.0,14.2,230.8,0.9616666666666667,TARGET,2024-08-12,2.2904233171408745,125.30434782608695,287.0,2024
2024-08-11 18:55:00-04:00,2024-08-11 19:00:00-04:00,2024-08-11 19:04:00-04:00,LONG,172443,18596.75,18608.0,18585.25,18608.25,46,225.0,14.2,220.8,0.9600000000000001,TARGET,2024-08-12,1.9871616932685636,91.13043478260869,166.0,2024
2024-08-13 06:40:00-04:00,2024-08-13 06:45:00-04:00,2024-08-13 06:52:00-04:00,SHORT,172860,18669.0,18657.25,18681.0,18657.0,48,235.0,14.2,230.8,0.9616666666666667,TARGET,2024-08-13,1.3172727272727272,95.65217391304348,126.0,2024
2024-08-13 08:35:00-04:00,2024-08-13 08:40:00-04:00,2024-08-13 08:44:00-04:00,LONG,172883,18816.75,18804.5,18804.75,18828.75,48,-245.0,14.2,-249.2,-1.0383333333333333,STOP,2024-08-13,2.140731375218829,149.0144927536232,319.0,2024
2024-08-13 18:05:00-04:00,2024-08-13 18:10:00-04:00,2024-08-13 18:19:00-04:00,LONG,172985,19118.75,19107.0,19107.25,19130.25,46,-235.0,14.2,-239.2,-1.04,STOP,2024-08-14,1.2985645933014354,90.86956521739131,118.0,2024
2024-08-13 21:35:00-04:00,2024-08-13 21:40:00-04:00,2024-08-13 21:45:00-04:00,LONG,173027,19143.25,19152.75,19133.5,19153.0,39,190.0,14.2,185.8,0.9528205128205128,TARGET,2024-08-14,1.398825312618416,76.4927536231884,107.0,2024
2024-08-14 19:35:00-04:00,2024-08-14 19:40:00-04:00,2024-08-14 19:47:00-04:00,SHORT,173279,19116.5,19110.0,19123.25,19109.75,27,130.0,14.2,125.8,0.9318518518518518,TARGET,2024-08-15,1.9177215189873418,52.666666666666664,101.0,2024
2024-08-14 22:15:00-04:00,2024-08-14 22:20:00-04:00,2024-08-14 22:26:00-04:00,LONG,173311,19186.5,19193.25,19179.5,19193.5,28,135.0,14.2,130.8,0.9342857142857144,TARGET,2024-08-15,1.3262337662337662,55.79710144927536,74.0,2024
2024-08-15 18:05:00-04:00,2024-08-15 18:10:00-04:00,2024-08-15 18:15:00-04:00,LONG,173537,19573.75,19581.75,19565.5,19582.0,33,160.0,14.2,155.8,0.9442424242424243,TARGET,2024-08-16,1.5447761194029852,64.08695652173913,99.0,2024
2024-08-15 18:40:00-04:00,2024-08-15 18:45:00-04:00,2024-08-15 18:45:00-04:00,LONG,173544,19601.0,19595.25,19595.5,19606.5,22,-115.0,14.2,-119.2,-1.0836363636363637,STOP,2024-08-16,2.2703527815468116,42.724637681159415,97.0,2024
2024-08-18 18:20:00-04:00,2024-08-18 18:25:00-04:00,2024-08-18 18:25:00-04:00,SHORT,173816,19638.5,19631.75,19645.5,19631.5,28,135.0,14.2,130.8,0.9342857142857144,TARGET,2024-08-19,1.5011655011655012,55.95652173913044,84.0,2024
2024-08-18 18:50:00-04:00,2024-08-18 18:55:00-04:00,2024-08-18 18:55:00-04:00,LONG,173822,19647.5,19652.0,19642.75,19652.25,19,90.0,14.2,85.8,0.903157894736842,TARGET,2024-08-19,1.6222570532915364,36.985507246376805,60.0,2024
2024-08-19 21:10:00-04:00,2024-08-19 21:15:00-04:00,2024-08-19 21:20:00-04:00,SHORT,174126,19863.0,19868.5,19868.25,19857.75,21,-110.0,14.2,-114.2,-1.0876190476190477,STOP,2024-08-20,1.7692307692307692,40.69565217391305,72.0,2024
2024-08-19 22:35:00-04:00,2024-08-19 22:40:00-04:00,2024-08-19 22:42:00-04:00,LONG,174143,19907.5,19903.0,19903.25,19911.75,17,-90.0,14.2,-94.2,-1.108235294117647,STOP,2024-08-20,1.8094405594405596,33.15942028985507,60.0,2024
2024-08-20 18:35:00-04:00,2024-08-20 18:40:00-04:00,2024-08-20 18:47:00-04:00,LONG,174371,19804.0,19799.75,19800.0,19808.0,16,-85.0,14.2,-89.2,-1.115,STOP,2024-08-21,1.3800000000000001,31.88405797101449,44.0,2024
2024-08-20 19:35:00-04:00,2024-08-20 19:40:00-04:00,2024-08-20 19:45:00-04:00,LONG,174383,19801.25,19796.75,19797.0,19805.5,17,-90.0,14.2,-94.2,-1.108235294117647,STOP,2024-08-21,1.5,32.666666666666664,49.0,2024
2024-08-21 22:20:00-04:00,2024-08-21 22:25:00-04:00,2024-08-21 22:29:00-04:00,SHORT,174692,19896.0,19891.75,19900.5,19891.5,18,85.0,14.2,80.8,0.8977777777777778,TARGET,2024-08-22,2.5544680851063832,34.05797101449275,87.0,2024
2024-08-21 23:10:00-04:00,2024-08-21 23:15:00-04:00,2024-08-21 23:15:00-04:00,SHORT,174702,19870.5,19867.25,19874.0,19867.0,14,65.0,14.2,60.8,0.8685714285714285,TARGET,2024-08-22,3.046276595744681,27.246376811594203,83.0,2024
2024-08-22 18:35:00-04:00,2024-08-22 18:40:00-04:00,2024-08-22 18:45:00-04:00,LONG,174923,19629.25,19632.75,19625.5,19633.0,15,70.0,14.2,65.8,0.8773333333333333,TARGET,2024-08-23,1.2954545454545454,29.333333333333332,38.0,2024
2024-08-22 19:10:00-04:00,2024-08-22 19:15:00-04:00,2024-08-22 19:18:00-04:00,SHORT,174930,19628.0,19624.25,19632.0,19624.0,16,75.0,14.2,70.8,0.885,TARGET,2024-08-23,1.84375,32.0,59.0,2024
2024-08-25 18:05:00-04:00,2024-08-25 18:10:00-04:00,2024-08-25 18:19:00-04:00,LONG,175194,19816.5,19821.75,19811.0,19822.0,22,105.0,14.2,100.8,0.9163636363636364,TARGET,2024-08-26,2.927272727272727,43.04347826086957,126.0,2024
2024-08-25 18:35:00-04:00,2024-08-25 18:40:00-04:00,2024-08-25 18:40:00-04:00,SHORT,175200,19759.25,19755.75,19763.0,19755.5,15,70.0,14.2,65.8,0.8773333333333333,TARGET,2024-08-26,8.363636363636365,28.69565217391304,240.0,2024
2024-08-26 18:10:00-04:00,2024-08-26 18:15:00-04:00,2024-08-26 18:20:00-04:00,SHORT,175471,19549.25,19544.0,19554.75,19543.75,22,105.0,14.2,100.8,0.9163636363636364,TARGET,2024-08-27,3.4927685950413223,42.08695652173913,147.0,2024
2024-08-26 19:05:00-04:00,2024-08-26 19:10:00-04:00,2024-08-26 19:17:00-04:00,LONG,175482,19543.5,19547.25,19539.5,19547.5,16,75.0,14.2,70.8,0.885,TARGET,2024-08-27,1.796875,30.608695652173914,55.0,2024
2024-08-27 18:15:00-04:00,2024-08-27 18:20:00-04:00,2024-08-27 18:21:00-04:00,SHORT,175748,19589.5,19584.25,19595.0,19584.0,22,105.0,14.2,100.8,0.9163636363636364,TARGET,2024-08-28,3.227272727272727,44.0,142.0,2024
2024-08-27 18:55:00-04:00,2024-08-27 19:00:00-04:00,2024-08-27 19:08:00-04:00,SHORT,175756,19594.5,19598.75,19598.5,19590.5,16,-85.0,14.2,-89.2,-1.115,STOP,2024-08-28,1.3295454545454546,32.0,39.0,2024
2024-08-28 18:10:00-04:00,2024-08-28 18:15:00-04:00,2024-08-28 18:15:00-04:00,SHORT,176023,19224.75,19230.75,19230.5,19219.0,23,-120.0,14.2,-124.2,-1.08,STOP,2024-08-29,3.8636363636363638,44.47826086956522,170.0,2024
2024-08-28 18:45:00-04:00,2024-08-28 18:50:00-04:00,2024-08-28 18:50:00-04:00,SHORT,176030,19168.25,19172.25,19172.0,19164.5,15,-80.0,14.2,-84.2,-1.1226666666666667,STOP,2024-08-29,7.373791102514507,29.97101449275362,221.0,2024
2024-08-29 18:10:00-04:00,2024-08-29 18:15:00-04:00,2024-08-29 18:17:00-04:00,SHORT,176299,19426.25,19432.75,19432.5,19420.0,25,-130.0,14.2,-134.2,-1.0735999999999999,STOP,2024-08-30,2.9956293706293704,49.73913043478261,149.0,2024
2024-08-29 19:35:00-04:00,2024-08-29 19:40:00-04:00,2024-08-29 19:44:00-04:00,SHORT,176316,19428.25,19433.0,19432.75,19423.75,18,-95.0,14.2,-99.2,-1.1022222222222222,STOP,2024-08-30,1.2692307692307694,34.666666666666664,44.0,2024
2024-09-01 18:05:00-04:00,2024-09-01 18:10:00-04:00,2024-09-01 18:11:00-04:00,LONG,176574,19615.25,19608.5,19608.75,19621.75,26,-135.0,14.2,-139.2,-1.0707692307692307,STOP,2024-09-02,2.5942760942760943,51.65217391304348,134.0,2024
2024-09-01 18:45:00-04:00,2024-09-01 18:50:00-04:00,2024-09-01 18:50:00-04:00,SHORT,176582,19581.75,19577.5,19586.25,19577.25,18,85.0,14.2,80.8,0.8977777777777778,TARGET,2024-09-02,1.6553030303030305,34.43478260869565,57.0,2024
2024-09-02 18:05:00-04:00,2024-09-02 18:10:00-04:00,2024-09-02 18:12:00-04:00,LONG,176802,19675.0,19680.75,19669.0,19681.0,24,115.0,14.2,110.8,0.9233333333333333,TARGET,2024-09-03,3.027462121212121,46.391304347826086,139.0,2024
2024-09-02 18:35:00-04:00,2024-09-02 18:40:00-04:00,2024-09-02 18:40:00-04:00,SHORT,176808,19638.75,19635.0,19642.75,19634.75,16,75.0,14.2,70.8,0.885,TARGET,2024-09-03,1.2610121836925963,30.927536231884055,39.0,2024
2024-09-03 18:10:00-04:00,2024-09-03 18:15:00-04:00,2024-09-03 18:15:00-04:00,SHORT,177079,18974.75,18981.25,18981.0,18968.5,25,-130.0,14.2,-134.2,-1.0735999999999999,STOP,2024-09-04,2.9755244755244754,49.73913043478261,148.0,2024
2024-09-03 18:55:00-04:00,2024-09-03 19:00:00-04:00,2024-09-03 19:00:00-04:00,SHORT,177088,18959.75,18964.75,18964.5,18955.0,19,-100.0,14.2,-104.2,-1.0968421052631578,STOP,2024-09-04,2.7517152658662094,36.869565217391305,93.0,2024
2024-09-04 18:05:00-04:00,2024-09-04 18:10:00-04:00,2024-09-04 18:16:00-04:00,LONG,177354,18975.0,18967.5,18967.75,18982.25,29,-150.0,14.2,-154.2,-1.063448275862069,STOP,2024-09-05,1.3644067796610169,56.434782608695656,77.0,2024
2024-09-04 18:35:00-04:00,2024-09-04 18:40:00-04:00,2024-09-04 18:41:00-04:00,LONG,177360,18978.5,18973.5,18973.75,18983.25,19,-100.0,14.2,-104.2,-1.0968421052631578,STOP,2024-09-05,1.4618644067796611,37.6231884057971,55.0,2024
2024-09-05 19:20:00-04:00,2024-09-05 19:25:00-04:00,2024-09-05 19:31:00-04:00,SHORT,177645,18900.25,18906.0,18905.75,18894.75,22,-115.0,14.2,-119.2,-1.0836363636363637,STOP,2024-09-06,1.7852822580645162,43.130434782608695,77.0,2024
2024-09-05 20:15:00-04:00,2024-09-05 20:20:00-04:00,2024-09-05 20:22:00-04:00,SHORT,177656,18881.25,18874.5,18888.25,18874.25,28,135.0,14.2,130.8,0.9342857142857144,TARGET,2024-09-06,1.9565556711758585,55.710144927536234,109.0,2024
2024-09-08 18:05:00-04:00,2024-09-08 18:10:00-04:00,2024-09-08 18:11:00-04:00,LONG,177906,18405.25,18397.25,18397.5,18413.0,31,-160.0,14.2,-164.2,-1.0593548387096774,STOP,2024-09-09,3.501057082452431,61.69565217391305,216.0,2024
2024-09-08 18:45:00-04:00,2024-09-08 18:50:00-04:00,2024-09-08 18:50:00-04:00,SHORT,177914,18432.5,18427.5,18437.75,18427.25,21,100.0,14.2,95.8,0.9123809523809524,TARGET,2024-09-09,2.412587412587413,41.449275362318836,100.0,2024
2024-09-09 18:45:00-04:00,2024-09-09 18:50:00-04:00,2024-09-09 18:58:00-04:00,SHORT,178190,18703.75,18698.5,18709.25,18698.25,22,105.0,14.2,100.8,0.9163636363636364,TARGET,2024-09-10,1.521370420624152,42.724637681159415,65.0,2024
2024-09-09 19:55:00-04:00,2024-09-09 20:00:00-04:00,2024-09-09 20:01:00-04:00,SHORT,178204,18713.75,18706.25,18721.5,18706.0,31,150.0,14.2,145.8,0.9406451612903226,TARGET,2024-09-10,1.3880597014925373,60.20289855072464,62.0,2024
2024-09-10 21:35:00-04:00,2024-09-10 21:40:00-04:00,2024-09-10 21:40:00-04:00,SHORT,178500,18767.0,18774.75,18774.5,18759.5,30,-155.0,14.2,-159.2,-1.0613333333333332,STOP,2024-09-11,5.144001942690627,59.68115942028985,307.0,2024
2024-09-10 22:15:00-04:00,2024-09-10 22:20:00-04:00,2024-09-10 22:20:00-04:00,SHORT,178508,18767.25,18774.0,18773.75,18760.75,26,-135.0,14.2,-139.2,-1.0707692307692307,STOP,2024-09-11,1.8270422535211266,51.44927536231884,94.0,2024
2024-09-11 20:55:00-04:00,2024-09-11 21:00:00-04:00,2024-09-11 21:02:00-04:00,SHORT,178768,19249.0,19242.5,19255.75,19242.25,27,130.0,14.2,125.8,0.9318518518518518,TARGET,2024-09-12,1.2502626050420167,53.21739130434783,69.0,2024
2024-09-11 22:25:00-04:00,2024-09-11 22:30:00-04:00,2024-09-11 22:30:00-04:00,LONG,178786,19291.75,19297.0,19286.25,19297.25,22,105.0,14.2,100.8,0.9163636363636364,TARGET,2024-09-12,1.400294117647059,43.362318840579704,69.0,2024
2024-09-12 19:55:00-04:00,2024-09-12 20:00:00-04:00,2024-09-12 20:12:00-04:00,SHORT,179032,19452.75,19460.5,19460.25,19445.25,30,-155.0,14.2,-159.2,-1.0613333333333332,STOP,2024-09-13,1.7272727272727273,59.30434782608695,76.0,2024
2024-09-12 20:35:00-04:00,2024-09-12 20:40:00-04:00,2024-09-12 20:55:00-04:00,LONG,179040,19468.25,19461.25,19461.5,19475.0,27,-140.0,14.2,-144.2,-1.068148148148148,STOP,2024-09-13,1.3254870129870129,53.56521739130435,71.0,2024
2024-09-15 18:20:00-04:00,2024-09-15 18:25:00-04:00,2024-09-15 18:26:00-04:00,SHORT,179289,19723.75,19716.5,19731.25,19716.25,30,145.0,14.2,140.8,0.9386666666666668,TARGET,2024-09-16,1.8338301043219076,58.82608695652174,107.0,2024
2024-09-15 20:45:00-04:00,2024-09-15 20:50:00-04:00,2024-09-15 20:52:00-04:00,LONG,179318,19759.75,19765.75,19753.5,19766.0,25,120.0,14.2,115.8,0.9264,TARGET,2024-09-16,1.6361241217798594,49.507246376811594,81.0,2024
2024-09-16 19:35:00-04:00,2024-09-16 19:40:00-04:00,2024-09-16 19:58:00-04:00,SHORT,179580,19677.25,19672.75,19682.0,19672.5,19,90.0,14.2,85.8,0.903157894736842,TARGET,2024-09-17,1.309090909090909,36.666666666666664,48.0,2024
2024-09-16 23:15:00-04:00,2024-09-16 23:20:00-04:00,2024-09-16 23:21:00-04:00,SHORT,179624,19642.25,19638.5,19646.25,19638.25,16,75.0,14.2,70.8,0.885,TARGET,2024-09-17,1.9023364485981307,31.01449275362319,59.0,2024
2024-09-17 19:40:00-04:00,2024-09-17 19:45:00-04:00,2024-09-17 19:48:00-04:00,LONG,179857,19704.5,19700.0,19700.25,19708.75,17,-90.0,14.2,-94.2,-1.108235294117647,STOP,2024-09-18,1.6176470588235294,34.0,55.0,2024
2024-09-17 21:10:00-04:00,2024-09-17 21:15:00-04:00,2024-09-17 21:19:00-04:00,LONG,179875,19701.5,19706.25,19696.5,19706.5,20,95.0,14.2,90.8,0.9079999999999999,TARGET,2024-09-18,1.65359477124183,39.913043478260875,66.0,2024
2024-09-18 18:15:00-04:00,2024-09-18 18:20:00-04:00,2024-09-18 18:29:00-04:00,LONG,180116,19674.5,19680.0,19668.75,19680.25,23,110.0,14.2,105.8,0.9199999999999999,TARGET,2024-09-19,1.3939393939393938,45.913043478260875,64.0,2024
2024-09-18 18:50:00-04:00,2024-09-18 18:55:00-04:00,2024-09-18 18:55:00-04:00,SHORT,180123,19669.0,19665.25,19673.0,19665.0,16,75.0,14.2,70.8,0.885,TARGET,2024-09-19,2.4176136363636367,30.60869565217391,74.0,2024
2024-09-19 18:20:00-04:00,2024-09-19 18:25:00-04:00,2024-09-19 18:37:00-04:00,SHORT,180393,20062.5,20056.75,20068.5,20056.5,24,115.0,14.2,110.8,0.9233333333333333,TARGET,2024-09-20,1.7068645640074211,46.869565217391305,80.0,2024
2024-09-19 18:50:00-04:00,2024-09-19 18:55:00-04:00,2024-09-19 18:58:00-04:00,SHORT,180399,20042.75,20047.0,20046.75,20038.75,16,-85.0,14.2,-89.2,-1.115,STOP,2024-09-20,1.3121521335807051,31.2463768115942,41.0,2024
2024-09-22 18:05:00-04:00,2024-09-22 18:10:00-04:00,2024-09-22 18:11:00-04:00,SHORT,180667,20002.75,20008.75,20008.5,19997.0,23,-120.0,14.2,-124.2,-1.08,STOP,2024-09-23,3.833333333333333,45.913043478260875,176.0,2024
2024-09-22 19:35:00-04:00,2024-09-22 19:40:00-04:00,2024-09-22 19:40:00-04:00,LONG,180685,20045.5,20049.25,20041.5,20049.5,16,75.0,14.2,70.8,0.885,TARGET,2024-09-23,1.28125,32.0,41.0,2024
2024-09-23 18:10:00-04:00,2024-09-23 18:15:00-04:00,2024-09-23 18:17:00-04:00,SHORT,180944,20049.5,20055.75,20055.5,20043.5,24,-125.0,14.2,-129.2,-1.0766666666666667,STOP,2024-09-24,1.450834879406308,46.869565217391305,68.0,2024
2024-09-23 19:50:00-04:00,2024-09-23 19:55:00-04:00,2024-09-23 20:01:00-04:00,LONG,180964,20070.25,20065.75,20066.0,20074.5,17,-90.0,14.2,-94.2,-1.108235294117647,STOP,2024-09-24,1.469387755102041,32.666666666666664,48.0,2024
2024-09-24 18:45:00-04:00,2024-09-24 18:50:00-04:00,2024-09-24 18:56:00-04:00,LONG,181227,20184.25,20188.25,20180.0,20188.5,17,80.0,14.2,75.8,0.8917647058823529,TARGET,2024-09-25,1.2606951871657754,32.52173913043478,41.0,2024
2024-09-24 20:15:00-04:00,2024-09-24 20:20:00-04:00,2024-09-24 20:24:00-04:00,SHORT,181245,20152.5,20147.0,20158.25,20146.75,23,110.0,14.2,105.8,0.9199999999999999,TARGET,2024-09-25,1.6916129032258065,44.927536231884055,76.0,2024
2024-09-25 18:05:00-04:00,2024-09-25 18:10:00-04:00,2024-09-25 18:22:00-04:00,SHORT,181495,20238.75,20233.0,20244.75,20232.75,24,115.0,14.2,110.8,0.9233333333333333,TARGET,2024-09-26,1.3172727272727272,47.82608695652174,63.0,2024
2024-09-25 18:35:00-04:00,2024-09-25 18:40:00-04:00,2024-09-25 18:41:00-04:00,LONG,181501,20248.75,20252.5,20244.75,20252.75,16,75.0,14.2,70.8,0.885,TARGET,2024-09-26,1.6622727272727276,31.88405797101449,53.0,2024
2024-09-26 18:10:00-04:00,2024-09-26 18:15:00-04:00,2024-09-26 18:18:00-04:00,LONG,181772,20369.0,20374.5,20363.25,20374.75,23,110.0,14.2,105.8,0.9199999999999999,TARGET,2024-09-27,1.589962121212121,45.913043478260875,73.0,2024
2024-09-26 19:05:00-04:00,2024-09-26 19:10:00-04:00,2024-09-26 19:22:00-04:00,SHORT,181783,20363.0,20359.0,20367.25,20358.75,17,80.0,14.2,75.8,0.8917647058823529,TARGET,2024-09-27,1.8567708333333335,33.391304347826086,62.0,2024
2024-09-29 18:10:00-04:00,2024-09-29 18:15:00-04:00,2024-09-29 18:18:00-04:00,LONG,182049,20228.0,20221.75,20222.0,20234.0,24,-125.0,14.2,-129.2,-1.0766666666666667,STOP,2024-09-30,2.368274582560297,46.869565217391305,111.0,2024
2024-09-29 19:10:00-04:00,2024-09-29 19:15:00-04:00,2024-09-29 19:19:00-04:00,SHORT,182061,20244.75,20249.5,20249.25,20240.25,18,-95.0,14.2,-99.2,-1.1022222222222222,STOP,2024-09-30,1.4375,34.08695652173913,49.0,2024
2024-09-30 18:10:00-04:00,2024-09-30 18:15:00-04:00,2024-09-30 18:17:00-04:00,SHORT,182325,20222.75,20217.0,20228.75,20216.75,24,115.0,14.2,110.8,0.9233333333333333,TARGET,2024-10-01,1.6309090909090909,47.82608695652174,78.0,2024
2024-09-30 19:55:00-04:00,2024-09-30 20:00:00-04:00,2024-09-30 20:01:00-04:00,LONG,182346,20248.25,20253.75,20242.5,20254.0,23,110.0,14.2,105.8,0.9199999999999999,TARGET,2024-10-01,1.5151515151515151,44.927536231884055,50.0,2024
2024-10-01 18:05:00-04:00,2024-10-01 18:10:00-04:00,2024-10-01 18:11:00-04:00,SHORT,182600,19937.5,19931.5,19943.75,19931.25,25,120.0,14.2,115.8,0.9264,TARGET,2024-10-02,4.407308377896613,48.78260869565217,215.0,2024
2024-10-01 18:40:00-04:00,2024-10-01 18:45:00-04:00,2024-10-01 18:45:00-04:00,LONG,182607,19926.25,19921.75,19922.0,19930.5,17,-90.0,14.2,-94.2,-1.108235294117647,STOP,2024-10-02,1.5380244755244756,33.15942028985507,51.0,2024
2024-10-02 20:05:00-04:00,2024-10-02 20:10:00-04:00,2024-10-02 20:13:00-04:00,SHORT,182900,20029.25,20023.0,20035.75,20022.75,26,125.0,14.2,120.8,0.9292307692307692,TARGET,2024-10-03,2.5040322580645165,50.31884057971014,126.0,2024
2024-10-02 21:05:00-04:00,2024-10-02 21:10:00-04:00,2024-10-02 21:10:00-04:00,LONG,182912,20001.0,19995.0,19995.25,20006.75,23,-120.0,14.2,-124.2,-1.08,STOP,2024-10-03,1.4571150097465886,44.608695652173914,65.0,2024
2024-10-03 18:05:00-04:00,2024-10-03 18:10:00-04:00,2024-10-03 18:18:00-04:00,SHORT,183152,19951.25,19944.25,19958.5,19944.0,29,140.0,14.2,135.8,0.9365517241379311,TARGET,2024-10-04,1.4984848484848485,57.391304347826086,86.0,2024
2024-10-03 18:35:00-04:00,2024-10-03 18:40:00-04:00,2024-10-03 18:42:00-04:00,LONG,183158,19967.5,19972.25,19962.5,19972.5,20,95.0,14.2,90.8,0.9079999999999999,TARGET,2024-10-04,1.5943181818181817,38.26086956521739,61.0,2024
2024-10-06 18:30:00-04:00,2024-10-06 18:35:00-04:00,2024-10-06 18:35:00-04:00,LONG,183433,20244.75,20239.5,20239.75,20249.75,20,-105.0,14.2,-109.2,-1.092,STOP,2024-10-07,1.3911290322580645,39.53623188405797,55.0,2024
2024-10-06 19:05:00-04:00,2024-10-06 19:10:00-04:00,2024-10-06 19:22:00-04:00,LONG,183440,20257.75,20252.0,20252.25,20263.25,22,-115.0,14.2,-119.2,-1.0836363636363637,STOP,2024-10-07,1.5766129032258065,43.130434782608695,68.0,2024
2024-10-07 18:35:00-04:00,2024-10-07 18:40:00-04:00,2024-10-07 18:40:00-04:00,SHORT,183710,19972.75,19978.0,19977.75,19967.75,20,-105.0,14.2,-109.2,-1.092,STOP,2024-10-08,11.103739002932551,39.53623188405797,439.0,2024
2024-10-07 19:10:00-04:00,2024-10-07 19:15:00-04:00,2024-10-07 19:15:00-04:00,LONG,183717,19982.75,19977.0,19977.25,19988.25,22,-115.0,14.2,-119.2,-1.0836363636363637,STOP,2024-10-08,3.408266129032258,43.130434782608695,147.0,2024
2024-10-08 19:00:00-04:00,2024-10-08 19:05:00-04:00,2024-10-08 19:06:00-04:00,LONG,183991,20290.75,20285.0,20285.25,20296.25,22,-115.0,14.2,-119.2,-1.0836363636363637,STOP,2024-10-09,1.622983870967742,43.130434782608695,70.0,2024
2024-10-08 22:05:00-04:00,2024-10-08 22:10:00-04:00,2024-10-08 22:11:00-04:00,SHORT,184028,20251.5,20246.0,20257.25,20245.75,23,110.0,14.2,105.8,0.9199999999999999,TARGET,2024-10-09,1.8919354838709679,44.927536231884055,85.0,2024
2024-10-09 19:25:00-04:00,2024-10-09 19:30:00-04:00,2024-10-09 19:39:00-04:00,SHORT,184272,20444.25,20439.75,20449.0,20439.5,19,90.0,14.2,85.8,0.903157894736842,TARGET,2024-10-10,1.4375,38.0,57.0,2024
2024-10-09 22:35:00-04:00,2024-10-09 22:40:00-04:00,2024-10-09 22:53:00-04:00,LONG,184310,20465.0,20469.25,20460.5,20469.5,18,85.0,14.2,80.8,0.8977777777777778,TARGET,2024-10-10,1.2881493506493509,35.71014492753623,46.0,2024
2024-10-10 19:05:00-04:00,2024-10-10 19:10:00-04:00,2024-10-10 19:18:00-04:00,LONG,184544,20455.0,20459.5,20450.25,20459.75,19,90.0,14.2,85.8,0.903157894736842,TARGET,2024-10-11,1.8172169811320755,36.869565217391305,67.0,2024
2024-10-10 20:15:00-04:00,2024-10-10 20:20:00-04:00,2024-10-10 20:25:00-04:00,SHORT,184558,20443.75,20450.0,20449.75,20437.75,24,-125.0,14.2,-129.2,-1.0766666666666667,STOP,2024-10-11,1.3648813146682897,47.6231884057971,65.0,2024
2024-10-13 19:20:00-04:00,2024-10-13 19:25:00-04:00,2024-10-13 19:36:00-04:00,SHORT,184826,20434.25,20439.0,20438.75,20429.75,18,-95.0,14.2,-99.2,-1.1022222222222222,STOP,2024-10-14,1.3201530612244896,34.08695652173913,45.0,2024
2024-10-13 19:50:00-04:00,2024-10-13 19:55:00-04:00,2024-10-13 20:01:00-04:00,SHORT,184832,20426.75,20431.25,20431.0,20422.5,17,-90.0,14.2,-94.2,-1.108235294117647,STOP,2024-10-14,2.295918367346939,32.666666666666664,75.0,2024
2024-10-14 18:10:00-04:00,2024-10-14 18:15:00-04:00,2024-10-14 18:17:00-04:00,SHORT,185088,20624.25,20630.0,20629.75,20618.75,22,-115.0,14.2,-119.2,-1.0836363636363637,STOP,2024-10-15,1.4545454545454546,44.0,64.0,2024
2024-10-14 18:40:00-04:00,2024-10-14 18:45:00-04:00,2024-10-14 18:47:00-04:00,SHORT,185094,20616.25,20620.25,20620.0,20612.5,15,-80.0,14.2,-84.2,-1.1226666666666667,STOP,2024-10-15,1.9431818181818183,29.333333333333332,57.0,2024
2024-10-15 18:05:00-04:00,2024-10-15 18:10:00-04:00,2024-10-15 18:11:00-04:00,SHORT,185363,20317.25,20322.5,20322.25,20312.25,20,-105.0,14.2,-109.2,-1.092,STOP,2024-10-16,3.314855875831485,39.21739130434783,130.0,2024
2024-10-15 18:45:00-04:00,2024-10-15 18:50:00-04:00,2024-10-15 18:51:00-04:00,SHORT,185371,20335.25,20339.0,20338.75,20331.75,14,-75.0,14.2,-79.2,-1.1314285714285715,STOP,2024-10-16,1.4916851441241685,26.144927536231883,39.0,2024
2024-10-16 19:10:00-04:00,2024-10-16 19:15:00-04:00,2024-10-16 19:19:00-04:00,SHORT,185652,20325.25,20322.0,20328.75,20321.75,14,65.0,14.2,60.8,0.8685714285714285,TARGET,2024-10-17,1.2578125,27.82608695652174,35.0,2024
2024-10-16 20:15:00-04:00,2024-10-16 20:20:00-04:00,2024-10-16 20:21:00-04:00,SHORT,185665,20293.75,20298.5,20298.25,20289.25,18,-95.0,14.2,-99.2,-1.1022222222222222,STOP,2024-10-17,2.1979838709677417,35.94202898550725,79.0,2024
2024-10-17 18:35:00-04:00,2024-10-17 18:40:00-04:00,2024-10-17 18:43:00-04:00,LONG,185921,20410.25,20406.5,20406.75,20413.75,14,-75.0,14.2,-79.2,-1.1314285714285715,STOP,2024-10-18,2.0271618625277164,26.144927536231883,53.0,2024
2024-10-17 19:15:00-04:00,2024-10-17 19:20:00-04:00,2024-10-17 19:31:00-04:00,LONG,185929,20402.75,20406.25,20399.0,20406.5,15,70.0,14.2,65.8,0.8773333333333333,TARGET,2024-10-18,1.2621951219512195,28.52173913043478,36.0,2024
2024-10-20 18:45:00-04:00,2024-10-20 18:50:00-04:00,2024-10-20 18:52:00-04:00,LONG,186200,20519.25,20515.5,20515.75,20522.75,14,-75.0,14.2,-79.2,-1.1314285714285715,STOP,2024-10-21,1.418831168831169,26.782608695652172,38.0,2024
2024-10-20 19:50:00-04:00,2024-10-20 19:55:00-04:00,2024-10-20 19:55:00-04:00,SHORT,186213,20510.0,20513.75,20513.5,20506.5,14,-75.0,14.2,-79.2,-1.1314285714285715,STOP,2024-10-21,2.2682926829268295,27.333333333333332,62.0,2024
2024-10-21 19:05:00-04:00,2024-10-21 19:10:00-04:00,2024-10-21 19:10:00-04:00,LONG,186480,20522.0,20518.0,20518.25,20525.75,15,-80.0,14.2,-84.2,-1.1226666666666667,STOP,2024-10-22,1.4375,29.217391304347824,42.0,2024
2024-10-21 20:05:00-04:00,2024-10-21 20:10:00-04:00,2024-10-21 20:16:00-04:00,SHORT,186492,20495.5,20491.0,20500.25,20490.75,19,90.0,14.2,85.8,0.903157894736842,TARGET,2024-10-22,2.013824884792627,37.73913043478261,76.0,2024
2024-10-22 18:05:00-04:00,2024-10-22 18:10:00-04:00,2024-10-22 18:18:00-04:00,SHORT,186744,20510.75,20505.5,20516.25,20505.25,22,105.0,14.2,100.8,0.9163636363636364,TARGET,2024-10-23,1.9282828282828282,43.04347826086957,83.0,2024
2024-10-22 19:25:00-04:00,2024-10-22 19:30:00-04:00,2024-10-22 19:31:00-04:00,LONG,186760,20512.25,20515.75,20508.5,20516.0,15,70.0,14.2,65.8,0.8773333333333333,TARGET,2024-10-23,1.3736111111111111,30.0,43.0,2024
2024-10-23 19:35:00-04:00,2024-10-23 19:40:00-04:00,2024-10-23 19:41:00-04:00,LONG,187038,20293.75,20289.75,20290.0,20297.5,15,-80.0,14.2,-84.2,-1.1226666666666667,STOP,2024-10-24,1.3333333333333333,30.0,40.0,2024
2024-10-23 20:35:00-04:00,2024-10-23 20:40:00-04:00,2024-10-23 20:40:00-04:00,LONG,187050,20316.5,20321.0,20311.75,20321.25,19,90.0,14.2,85.8,0.903157894736842,TARGET,2024-10-24,1.2595238095238095,36.52173913043478,46.0,2024
2024-10-24 18:35:00-04:00,2024-10-24 18:40:00-04:00,2024-10-24 19:02:00-04:00,SHORT,187302,20378.0,20374.5,20381.75,20374.25,15,70.0,14.2,65.8,0.8773333333333333,TARGET,2024-10-25,1.4984848484848488,28.69565217391304,43.0,2024
2024-10-24 19:55:00-04:00,2024-10-24 20:00:00-04:00,2024-10-24 20:01:00-04:00,LONG,187318,20377.25,20382.25,20372.0,20382.5,21,100.0,14.2,95.8,0.9123809523809524,TARGET,2024-10-25,1.3,40.43478260869565,39.0,2024
2024-10-27 18:05:00-04:00,2024-10-27 18:10:00-04:00,2024-10-27 18:12:00-04:00,LONG,187575,20601.75,20596.0,20596.25,20607.25,22,-115.0,14.2,-119.2,-1.0836363636363637,STOP,2024-10-28,10.71590909090909,42.08695652173913,451.0,2024
2024-10-27 18:45:00-04:00,2024-10-27 18:50:00-04:00,2024-10-27 18:51:00-04:00,SHORT,187583,20608.25,20604.75,20612.0,20604.5,15,70.0,14.2,65.8,0.8773333333333333,TARGET,2024-10-28,1.3186983471074383,28.05797101449275,37.0,2024
2024-10-28 19:10:00-04:00,2024-10-28 19:15:00-04:00,2024-10-28 19:42:00-04:00,LONG,187864,20504.25,20508.25,20500.0,20508.5,17,80.0,14.2,75.8,0.8917647058823529,TARGET,2024-10-29,1.3151595744680853,32.69565217391304,43.0,2024
2024-10-28 19:50:00-04:00,2024-10-28 19:55:00-04:00,2024-10-28 19:56:00-04:00,SHORT,187872,20498.0,20502.25,20502.0,20494.0,16,-85.0,14.2,-89.2,-1.115,STOP,2024-10-29,1.8913043478260871,30.666666666666664,58.0,2024
2024-10-29 18:35:00-04:00,2024-10-29 18:40:00-04:00,2024-10-29 18:41:00-04:00,LONG,188133,20745.25,20748.75,20741.5,20749.0,15,70.0,14.2,65.8,0.8773333333333333,TARGET,2024-10-30,1.4680851063829787,29.97101449275362,44.0,2024
2024-10-29 19:05:00-04:00,2024-10-29 19:10:00-04:00,2024-10-29 19:11:00-04:00,SHORT,188139,20730.0,20734.5,20734.25,20725.75,17,-90.0,14.2,-94.2,-1.108235294117647,STOP,2024-10-30,2.0492021276595747,32.69565217391304,67.0,2024
2024-10-30 18:25:00-04:00,2024-10-30 18:30:00-04:00,2024-10-30 18:30:00-04:00,SHORT,188407,20446.5,20450.75,20450.5,20442.5,16,-85.0,14.2,-89.2,-1.115,STOP,2024-10-31,1.633522727272727,30.60869565217391,75.0,2024
2024-10-30 19:40:00-04:00,2024-10-30 19:45:00-04:00,2024-10-30 19:45:00-04:00,LONG,188422,20431.5,20435.25,20427.5,20435.5,16,75.0,14.2,70.8,0.885,TARGET,2024-10-31,1.59375,32.0,51.0,2024
2024-10-31 18:10:00-04:00,2024-10-31 18:15:00-04:00,2024-10-31 18:18:00-04:00,SHORT,188680,20079.25,20073.5,20085.25,20073.25,24,115.0,14.2,110.8,0.9233333333333333,TARGET,2024-11-01,1.4636363636363636,47.82608695652174,70.0,2024
2024-10-31 18:45:00-04:00,2024-10-31 18:50:00-04:00,2024-10-31 18:51:00-04:00,SHORT,188687,20098.5,20094.75,20102.5,20094.5,16,75.0,14.2,70.8,0.885,TARGET,2024-11-01,1.8190909090909093,31.88405797101449,58.0,2024
2024-11-03 18:25:00-05:00,2024-11-03 18:30:00-05:00,2024-11-03 18:30:00-05:00,LONG,188960,20131.25,20135.25,20127.0,20135.5,17,80.0,14.2,75.8,0.8917647058823529,TARGET,2024-11-04,1.6174957118353344,33.79710144927536,82.0,2024
2024-11-03 18:55:00-05:00,2024-11-03 19:00:00-05:00,2024-11-03 19:01:00-05:00,SHORT,188966,20138.75,20134.25,20143.5,20134.0,19,90.0,14.2,85.8,0.903157894736842,TARGET,2024-11-04,1.5681818181818183,36.869565217391305,53.0,2024
2024-11-04 18:30:00-05:00,2024-11-04 18:35:00-05:00,2024-11-04 18:35:00-05:00,SHORT,189237,20097.0,20101.75,20101.5,20092.5,18,-95.0,14.2,-99.2,-1.1022222222222222,STOP,2024-11-05,1.8005050505050506,34.43478260869565,62.0,2024
2024-11-04 19:05:00-05:00,2024-11-04 19:10:00-05:00,2024-11-04 19:11:00-05:00,SHORT,189244,20080.75,20076.25,20085.5,20076.0,19,90.0,14.2,85.8,0.903157894736842,TARGET,2024-11-05,1.3310185185185186,37.565217391304344,50.0,2024
2024-11-05 18:10:00-05:00,2024-11-05 18:15:00-05:00,2024-11-05 18:16:00-05:00,LONG,189509,20352.25,20345.5,20345.75,20358.75,26,-135.0,14.2,-139.2,-1.0707692307692307,STOP,2024-11-06,1.8344768439108061,50.69565217391305,93.0,2024
2024-11-05 18:40:00-05:00,2024-11-05 18:45:00-05:00,2024-11-05 18:47:00-05:00,SHORT,189515,20348.75,20353.5,20353.25,20344.25,18,-95.0,14.2,-99.2,-1.1022222222222222,STOP,2024-11-06,1.6569468267581478,34.11594202898551,56.0,2024
2024-11-06 19:25:00-05:00,2024-11-06 19:30:00-05:00,2024-11-06 19:30:00-05:00,SHORT,189800,20882.5,20877.5,20887.75,20877.25,21,100.0,14.2,95.8,0.9123809523809524,TARGET,2024-11-07,2.3329918032786887,40.666666666666664,99.0,2024
2024-11-06 20:35:00-05:00,2024-11-06 20:40:00-05:00,2024-11-06 20:41:00-05:00,LONG,189814,20919.75,20913.25,20913.5,20926.0,25,-130.0,14.2,-134.2,-1.0735999999999999,STOP,2024-11-07,1.7044642857142855,48.69565217391305,83.0,2024
2024-11-08 00:35:00-05:00,2024-11-08 00:40:00-05:00,2024-11-08 00:41:00-05:00,LONG,190138,21245.75,21249.5,21241.75,21249.75,16,75.0,14.2,70.8,0.885,TARGET,2024-11-08,1.3379501385041552,31.391304347826086,42.0,2024
2024-11-08 01:10:00-05:00,2024-11-08 01:15:00-05:00,2024-11-08 01:19:00-05:00,SHORT,190145,21237.0,21232.25,21242.0,21232.0,20,95.0,14.2,90.8,0.9079999999999999,TARGET,2024-11-08,1.361842105263158,39.30434782608695,54.0,2024
2024-11-10 18:10:00-05:00,2024-11-10 18:15:00-05:00,2024-11-10 18:21:00-05:00,LONG,190337,21299.0,21305.5,21292.25,21305.75,27,130.0,14.2,125.8,0.9318518518518518,TARGET,2024-11-11,2.128925619834711,52.608695652173914,112.0,2024
2024-11-10 20:35:00-05:00,2024-11-10 20:40:00-05:00,2024-11-10 20:47:00-05:00,LONG,190366,21284.75,21279.0,21279.25,21290.25,22,-115.0,14.2,-119.2,-1.0836363636363637,STOP,2024-11-11,1.2777777777777777,43.82608695652174,56.0,2024
2024-11-11 18:05:00-05:00,2024-11-11 18:10:00-05:00,2024-11-11 18:14:00-05:00,SHORT,190612,21214.25,21208.25,21220.5,21208.0,25,120.0,14.2,115.8,0.9264,TARGET,2024-11-12,1.507867132867133,49.73913043478261,75.0,2024
2024-11-11 19:05:00-05:00,2024-11-11 19:10:00-05:00,2024-11-11 19:11:00-05:00,LONG,190624,21213.0,21208.25,21208.5,21217.5,18,-95.0,14.2,-99.2,-1.1022222222222222,STOP,2024-11-12,1.2965686274509804,35.47826086956522,46.0,2024
2024-11-12 18:05:00-05:00,2024-11-12 18:10:00-05:00,2024-11-12 18:12:00-05:00,SHORT,190888,21165.0,21159.0,21171.25,21158.75,25,120.0,14.2,115.8,0.9264,TARGET,2024-11-13,2.1536363636363633,48.30434782608696,103.0,2024
2024-11-12 19:05:00-05:00,2024-11-12 19:10:00-05:00,2024-11-12 19:13:00-05:00,SHORT,190900,21150.0,21145.75,21154.5,21145.5,18,85.0,14.2,80.8,0.8977777777777778,TARGET,2024-11-13,1.2683823529411764,35.130434782608695,45.0,2024
2024-11-13 18:05:00-05:00,2024-11-13 18:10:00-05:00,2024-11-13 18:12:00-05:00,SHORT,191164,21155.25,21149.75,21161.0,21149.5,23,110.0,14.2,105.8,0.9199999999999999,TARGET,2024-11-14,1.8239845261121856,44.95652173913044,82.0,2024
2024-11-13 18:40:00-05:00,2024-11-13 18:45:00-05:00,2024-11-13 18:47:00-05:00,LONG,191171,21172.25,21168.25,21168.5,21176.0,15,-80.0,14.2,-84.2,-1.1226666666666667,STOP,2024-11-14,1.8351063829787235,29.97101449275362,55.0,2024
2024-11-14 18:05:00-05:00,2024-11-14 18:10:00-05:00,2024-11-14 18:10:00-05:00,SHORT,191440,20962.0,20957.0,20967.25,20956.75,21,100.0,14.2,95.8,0.9123809523809524,TARGET,2024-11-15,2.5771670190274842,41.130434782608695,106.0,2024
2024-11-14 18:35:00-05:00,2024-11-14 18:40:00-05:00,2024-11-14 18:42:00-05:00,LONG,191446,20957.75,20954.0,20954.25,20961.25,14,-75.0,14.2,-79.2,-1.1314285714285715,STOP,2024-11-15,2.5893234672304444,27.42028985507246,71.0,2024
2024-11-17 18:10:00-05:00,2024-11-17 18:15:00-05:00,2024-11-17 18:16:00-05:00,LONG,191717,20540.75,20535.0,20535.25,20546.25,22,-115.0,14.2,-119.2,-1.0836363636363637,STOP,2024-11-18,2.589876033057851,42.08695652173913,109.0,2024
2024-11-17 19:00:00-05:00,2024-11-17 19:05:00-05:00,2024-11-17 19:06:00-05:00,LONG,191727,20566.75,20570.5,20562.75,20570.75,16,75.0,14.2,70.8,0.885,TARGET,2024-11-18,1.5182584269662922,31.304347826086957,47.0,2024
2024-11-18 18:10:00-05:00,2024-11-18 18:15:00-05:00,2024-11-18 18:19:00-05:00,SHORT,191993,20608.0,20614.0,20613.75,20602.25,23,-120.0,14.2,-124.2,-1.08,STOP,2024-11-19,1.80174081237911,44.95652173913044,81.0,2024
2024-11-18 18:40:00-05:00,2024-11-18 18:45:00-05:00,2024-11-18 18:46:00-05:00,SHORT,191999,20618.25,20622.25,20622.0,20614.5,15,-80.0,14.2,-84.2,-1.1226666666666667,STOP,2024-11-19,1.2678916827853,29.97101449275362,38.0,2024
2024-11-19 18:10:00-05:00,2024-11-19 18:15:00-05:00,2024-11-19 18:16:00-05:00,LONG,192269,20779.25,20773.0,20773.25,20785.25,24,-125.0,14.2,-129.2,-1.0766666666666667,STOP,2024-11-20,1.38,47.82608695652174,66.0,2024
2024-11-19 19:05:00-05:00,2024-11-19 19:10:00-05:00,2024-11-19 19:10:00-05:00,LONG,192280,20790.0,20794.25,20785.5,20794.5,18,85.0,14.2,80.8,0.8977777777777778,TARGET,2024-11-20,1.495,34.78260869565217,52.0,2024
2024-11-20 18:15:00-05:00,2024-11-20 18:20:00-05:00,2024-11-20 18:20:00-05:00,SHORT,192546,20705.25,20699.25,20711.5,20699.0,25,120.0,14.2,115.8,0.9264,TARGET,2024-11-21,1.93006993006993,49.73913043478261,96.0,2024
2024-11-20 19:05:00-05:00,2024-11-20 19:10:00-05:00,2024-11-20 19:10:00-05:00,SHORT,192556,20719.25,20724.25,20724.0,20714.5,19,-100.0,14.2,-104.2,-1.0968421052631578,STOP,2024-11-21,4.0360576923076925,36.17391304347826,146.0,2024
2024-11-21 18:30:00-05:00,2024-11-21 18:35:00-05:00,2024-11-21 18:39:00-05:00,LONG,192825,20805.5,20800.5,20800.75,20810.25,19,-100.0,14.2,-104.2,-1.0968421052631578,STOP,2024-11-22,1.297805642633229,36.985507246376805,48.0,2024
2024-11-21 19:05:00-05:00,2024-11-21 19:10:00-05:00,2024-11-21 19:11:00-05:00,LONG,192832,20784.75,20779.25,20779.5,20790.0,21,-110.0,14.2,-114.2,-1.0876190476190477,STOP,2024-11-22,2.3793103448275863,40.34782608695652,96.0,2024
2024-11-25 09:00:00-05:00,2024-11-25 09:05:00-05:00,2024-11-25 09:06:00-05:00,SHORT,193279,21002.25,21012.25,21012.0,20992.5,39,-200.0,14.2,-204.2,-1.047179487179487,STOP,2024-11-25,1.4897727272727272,76.52173913043478,114.0,2024
2024-11-25 09:40:00-05:00,2024-11-25 09:45:00-05:00,2024-11-25 09:45:00-05:00,LONG,193287,21064.25,21052.0,21052.25,21076.25,48,-245.0,14.2,-249.2,-1.0383333333333333,STOP,2024-11-25,1.278305785123967,212.34782608695653,269.0,2024
2024-11-25 18:05:00-05:00,2024-11-25 18:10:00-05:00,2024-11-25 18:38:00-05:00,LONG,193376,20926.75,20919.25,20919.5,20934.0,29,-150.0,14.2,-154.2,-1.063448275862069,STOP,2024-11-26,2.2326656394453,56.434782608695656,126.0,2024
2024-11-25 18:40:00-05:00,2024-11-25 18:45:00-05:00,2024-11-25 18:45:00-05:00,SHORT,193383,20868.5,20873.5,20873.25,20863.75,19,-100.0,14.2,-104.2,-1.0968421052631578,STOP,2024-11-26,2.471879815100154,37.6231884057971,93.0,2024
2024-11-26 18:35:00-05:00,2024-11-26 18:40:00-05:00,2024-11-26 18:41:00-05:00,LONG,193658,20992.0,20986.75,20987.0,20997.0,20,-105.0,14.2,-109.2,-1.092,STOP,2024-11-27,1.5943181818181817,38.26086956521739,61.0,2024
2024-11-27 03:05:00-05:00,2024-11-27 03:10:00-05:00,2024-11-27 03:11:00-05:00,SHORT,193760,20968.0,20958.5,20977.75,20958.25,39,190.0,14.2,185.8,0.9528205128205128,TARGET,2024-11-27,1.4244318181818183,76.52173913043478,109.0,2024
2024-11-27 18:05:00-05:00,2024-11-27 18:10:00-05:00,2024-11-27 18:12:00-05:00,LONG,193928,20829.5,20822.25,20822.5,20836.5,28,-145.0,14.2,-149.2,-1.0657142857142856,STOP,2024-11-28,1.8708133971291867,54.52173913043478,102.0,2024
2024-11-27 19:10:00-05:00,2024-11-27 19:15:00-05:00,2024-11-27 19:16:00-05:00,LONG,193941,20837.0,20841.75,20832.0,20842.0,20,95.0,14.2,90.8,0.9079999999999999,TARGET,2024-11-28,1.3366228070175439,39.65217391304348,53.0,2024
2024-11-28 18:50:00-05:00,2024-11-28 18:55:00-05:00,2024-11-28 18:56:00-05:00,SHORT,194166,20884.5,20888.5,20888.25,20880.75,15,-80.0,14.2,-84.2,-1.1226666666666667,STOP,2024-11-29,1.4347195357833658,29.97101449275362,43.0,2024
2024-11-28 19:35:00-05:00,2024-11-28 19:40:00-05:00,2024-11-28 19:41:00-05:00,SHORT,194175,20858.75,20855.0,20862.75,20854.75,16,75.0,14.2,70.8,0.885,TARGET,2024-11-29,2.393617021276596,31.333333333333332,75.0,2024
2024-12-01 18:10:00-05:00,2024-12-01 18:15:00-05:00,2024-12-01 18:16:00-05:00,SHORT,194391,20976.75,20982.0,20981.75,20971.75,20,-105.0,14.2,-109.2,-1.092,STOP,2024-12-02,2.779379157427938,39.21739130434783,109.0,2024
2024-12-01 18:40:00-05:00,2024-12-01 18:45:00-05:00,2024-12-01 18:46:00-05:00,SHORT,194397,20958.75,20962.5,20962.25,20955.25,14,-75.0,14.2,-79.2,-1.1314285714285715,STOP,2024-12-02,2.333148558758315,26.144927536231883,61.0,2024
2024-12-02 18:05:00-05:00,2024-12-02 18:10:00-05:00,2024-12-02 18:17:00-05:00,SHORT,194666,21212.5,21217.25,21217.0,21208.0,18,-95.0,14.2,-99.2,-1.1022222222222222,STOP,2024-12-03,1.8366093366093366,35.391304347826086,65.0,2024
2024-12-02 18:35:00-05:00,2024-12-02 18:40:00-05:00,2024-12-02 18:40:00-05:00,SHORT,194672,21217.25,21214.5,21220.25,21214.25,12,55.0,14.2,50.8,0.8466666666666666,TARGET,2024-12-03,1.2714987714987716,23.594202898550723,30.0,2024
2024-12-03 18:05:00-05:00,2024-12-03 18:10:00-05:00,2024-12-03 18:12:00-05:00,SHORT,194942,21309.0,21313.75,21313.5,21304.5,18,-95.0,14.2,-99.2,-1.1022222222222222,STOP,2024-12-04,2.0343980343980346,35.391304347826086,72.0,2024
2024-12-03 18:45:00-05:00,2024-12-03 18:50:00-05:00,2024-12-03 18:50:00-05:00,LONG,194950,21335.75,21332.5,21332.75,21338.75,12,-65.0,14.2,-69.2,-1.1533333333333333,STOP,2024-12-04,2.047348484848485,22.956521739130434,47.0,2024
2024-12-04 18:40:00-05:00,2024-12-04 18:45:00-05:00,2024-12-04 18:59:00-05:00,SHORT,195225,21516.5,21513.75,21519.5,21513.5,12,55.0,14.2,50.8,0.8466666666666666,TARGET,2024-12-05,1.7151988636363638,20.405797101449274,35.0,2024
2024-12-04 19:30:00-05:00,2024-12-04 19:35:00-05:00,2024-12-04 19:36:00-05:00,SHORT,195235,21503.0,21506.25,21506.0,21500.0,12,-65.0,14.2,-69.2,-1.1533333333333333,STOP,2024-12-05,1.265625,21.333333333333332,27.0,2024
2024-12-05 18:10:00-05:00,2024-12-05 18:15:00-05:00,2024-12-05 18:21:00-05:00,SHORT,195495,21443.0,21447.0,21446.75,21439.25,15,-80.0,14.2,-84.2,-1.1226666666666667,STOP,2024-12-06,3.3049853372434015,29.65217391304348,98.0,2024
2024-12-05 18:50:00-05:00,2024-12-05 18:55:00-05:00,2024-12-05 18:58:00-05:00,LONG,195503,21457.25,21454.0,21454.25,21460.25,12,-65.0,14.2,-69.2,-1.1533333333333333,STOP,2024-12-06,1.7705278592375366,19.768115942028984,35.0,2024
2024-12-08 18:10:00-05:00,2024-12-08 18:15:00-05:00,2024-12-08 18:25:00-05:00,LONG,195773,21654.5,21658.25,21650.5,21658.5,16,75.0,14.2,70.8,0.885,TARGET,2024-12-09,1.9958677685950412,31.565217391304348,63.0,2024
2024-12-08 18:40:00-05:00,2024-12-08 18:45:00-05:00,2024-12-08 18:47:00-05:00,LONG,195779,21667.25,21664.0,21664.25,21670.25,12,-65.0,14.2,-69.2,-1.1533333333333333,STOP,2024-12-09,1.7107438016528929,21.043478260869563,36.0,2024
2024-12-09 18:05:00-05:00,2024-12-09 18:10:00-05:00,2024-12-09 18:12:00-05:00,SHORT,196048,21472.75,21468.75,21477.0,21468.5,17,80.0,14.2,75.8,0.8917647058823529,TARGET,2024-12-10,1.2795115332428766,32.52173913043478,41.0,2024
2024-12-09 18:35:00-05:00,2024-12-09 18:40:00-05:00,2024-12-09 18:40:00-05:00,SHORT,196054,21461.0,21464.25,21464.0,21458.0,12,-65.0,14.2,-69.2,-1.1533333333333333,STOP,2024-12-10,2.1677807486631018,21.681159420289852,47.0,2024
2024-12-10 18:35:00-05:00,2024-12-10 18:40:00-05:00,2024-12-10 18:43:00-05:00,LONG,196330,21425.25,21422.0,21422.25,21428.25,12,-65.0,14.2,-69.2,-1.1533333333333333,STOP,2024-12-11,1.5191761363636365,20.405797101449274,31.0,2024
2024-12-10 19:05:00-05:00,2024-12-10 19:10:00-05:00,2024-12-10 19:25:00-05:00,SHORT,196336,21417.25,21420.5,21420.25,21414.25,12,-65.0,14.2,-69.2,-1.1533333333333333,STOP,2024-12-11,1.931640625,22.26086956521739,43.0,2024
2024-12-11 18:15:00-05:00,2024-12-11 18:20:00-05:00,2024-12-11 18:22:00-05:00,LONG,196602,21764.75,21760.5,21760.75,21768.75,16,-85.0,14.2,-89.2,-1.115,STOP,2024-12-12,1.5681818181818181,30.608695652173914,48.0,2024
2024-12-11 18:50:00-05:00,2024-12-11 18:55:00-05:00,2024-12-11 18:57:00-05:00,LONG,196609,21760.25,21757.0,21757.25,21763.25,12,-65.0,14.2,-69.2,-1.1533333333333333,STOP,2024-12-12,1.5191761363636365,20.405797101449274,31.0,2024
2024-12-12 18:20:00-05:00,2024-12-12 18:25:00-05:00,2024-12-12 18:26:00-05:00,LONG,196879,21728.25,21732.0,21724.25,21732.25,16,75.0,14.2,70.8,0.885,TARGET,2024-12-13,1.3721590909090908,30.608695652173914,42.0,2024
2024-12-12 19:00:00-05:00,2024-12-12 19:05:00-05:00,2024-12-12 19:07:00-05:00,LONG,196887,21742.5,21745.25,21739.5,21745.5,12,55.0,14.2,50.8,0.8466666666666666,TARGET,2024-12-13,1.4375,22.26086956521739,32.0,2024
2024-12-15 18:10:00-05:00,2024-12-15 18:15:00-05:00,2024-12-15 18:21:00-05:00,LONG,197154,22056.25,22060.25,22052.0,22060.5,17,80.0,14.2,75.8,0.8917647058823529,TARGET,2024-12-16,3.2857142857142856,33.47826086956522,110.0,2024
2024-12-15 18:40:00-05:00,2024-12-15 18:45:00-05:00,2024-12-15 18:45:00-05:00,LONG,197160,22078.75,22081.5,22075.75,22081.75,12,55.0,14.2,50.8,0.8466666666666666,TARGET,2024-12-16,1.5681818181818181,22.318840579710145,35.0,2024
2024-12-16 18:05:00-05:00,2024-12-16 18:10:00-05:00,2024-12-16 18:12:00-05:00,SHORT,197429,22388.5,22393.0,22392.75,22384.25,17,-90.0,14.2,-94.2,-1.108235294117647,STOP,2024-12-17,1.344155844155844,33.47826086956522,45.0,2024
2024-12-16 19:05:00-05:00,2024-12-16 19:10:00-05:00,2024-12-16 19:11:00-05:00,SHORT,197441,22394.0,22391.0,22397.25,22390.75,13,60.0,14.2,55.8,0.8584615384615384,TARGET,2024-12-17,1.2732142857142859,24.34782608695652,31.0,2024
2024-12-17 18:05:00-05:00,2024-12-17 18:10:00-05:00,2024-12-17 18:10:00-05:00,SHORT,197705,22245.75,22250.5,22250.25,22241.25,18,-95.0,14.2,-99.2,-1.1022222222222222,STOP,2024-12-18,11.761363636363635,34.434782608695656,405.0,2024
2024-12-17 18:35:00-05:00,2024-12-17 18:40:00-05:00,2024-12-17 18:41:00-05:00,LONG,197711,22273.5,22270.25,22270.5,22276.5,12,-65.0,14.2,-69.2,-1.1533333333333333,STOP,2024-12-18,2.0193026151930265,23.594202898550723,47.0,2024
2024-12-18 18:30:00-05:00,2024-12-18 18:35:00-05:00,2024-12-18 18:35:00-05:00,LONG,197986,21527.5,21524.0,21524.25,21530.75,13,-70.0,14.2,-74.2,-1.1415384615384616,STOP,2024-12-19,5.026223776223777,24.8695652173913,125.0,2024
2024-12-18 19:05:00-05:00,2024-12-18 19:10:00-05:00,2024-12-18 19:10:00-05:00,LONG,197993,21476.5,21479.75,21473.0,21480.0,14,65.0,14.2,60.8,0.8685714285714285,TARGET,2024-12-19,3.4208860759493676,27.82608695652174,94.0,2024
2024-12-19 18:05:00-05:00,2024-12-19 18:10:00-05:00,2024-12-19 18:11:00-05:00,SHORT,198257,21390.25,21396.25,21396.0,21384.5,23,-120.0,14.2,-124.2,-1.08,STOP,2024-12-20,2.482954545454545,45.913043478260875,114.0,2024
2024-12-19 18:40:00-05:00,2024-12-19 18:45:00-05:00,2024-12-19 18:46:00-05:00,SHORT,198264,21376.25,21380.5,21380.25,21372.25,16,-85.0,14.2,-89.2,-1.115,STOP,2024-12-20,3.9364564007421157,31.2463768115942,123.0,2024
2024-12-22 18:05:00-05:00,2024-12-22 18:10:00-05:00,2024-12-22 18:10:00-05:00,LONG,198533,21665.5,21672.25,21658.5,21672.5,28,135.0,14.2,130.8,0.9342857142857144,TARGET,2024-12-23,8.615987460815047,55.47826086956522,478.0,2024
2024-12-22 18:40:00-05:00,2024-12-22 18:45:00-05:00,2024-12-22 18:47:00-05:00,LONG,198540,21650.5,21645.5,21645.75,21655.25,19,-100.0,14.2,-104.2,-1.0968421052631578,STOP,2024-12-23,1.8655956112852667,36.985507246376805,69.0,2024
2024-12-23 18:35:00-05:00,2024-12-23 18:40:00-05:00,2024-12-23 18:44:00-05:00,SHORT,198815,21730.25,21725.25,21735.5,21725.0,21,100.0,14.2,95.8,0.9123809523809524,TARGET,2024-12-24,2.316083916083916,41.449275362318836,96.0,2024
2024-12-23 19:05:00-05:00,2024-12-23 19:10:00-05:00,2024-12-23 19:11:00-05:00,SHORT,198821,21710.75,21716.75,21716.5,21705.0,23,-120.0,14.2,-124.2,-1.08,STOP,2024-12-24,1.8798076923076923,45.21739130434783,85.0,2024
2024-12-25 18:25:00-05:00,2024-12-25 18:30:00-05:00,2024-12-25 18:30:00-05:00,SHORT,199044,22057.5,22063.25,22063.0,22052.0,22,-115.0,14.2,-119.2,-1.0836363636363637,STOP,2024-12-26,1.596113809854268,42.086956521739125,100.0,2024
2024-12-25 19:10:00-05:00,2024-12-25 19:15:00-05:00,2024-12-25 19:18:00-05:00,SHORT,199053,22050.75,22045.25,22056.5,22045.0,23,110.0,14.2,105.8,0.9199999999999999,TARGET,2024-12-26,1.3068181818181819,45.91304347826087,60.0,2024
2024-12-26 19:20:00-05:00,2024-12-26 19:25:00-05:00,2024-12-26 19:25:00-05:00,SHORT,199331,21965.25,21971.5,21971.25,21959.25,24,-125.0,14.2,-129.2,-1.0766666666666667,STOP,2024-12-27,2.1884328358208953,46.608695652173914,102.0,2024
2024-12-26 19:50:00-05:00,2024-12-26 19:55:00-05:00,2024-12-26 20:04:00-05:00,LONG,199337,21973.25,21967.25,21967.5,21979.0,23,-120.0,14.2,-124.2,-1.08,STOP,2024-12-27,1.5895522388059702,44.666666666666664,71.0,2024
2024-12-29 18:05:00-05:00,2024-12-29 18:10:00-05:00,2024-12-29 18:11:00-05:00,LONG,199593,21730.5,21722.25,21722.5,21738.5,32,-165.0,14.2,-169.2,-1.0574999999999999,STOP,2024-12-30,2.4150810429880196,62.173913043478265,149.0,2024
2024-12-29 18:35:00-05:00,2024-12-29 18:40:00-05:00,2024-12-29 18:41:00-05:00,SHORT,199599,21675.0,21680.5,21680.25,21669.75,21,-110.0,14.2,-114.2,-1.0876190476190477,STOP,2024-12-30,2.3402097902097903,41.449275362318836,97.0,2024
2024-12-30 18:10:00-05:00,2024-12-30 18:15:00-05:00,2024-12-30 18:18:00-05:00,SHORT,199870,21360.0,21367.5,21367.25,21352.75,29,-150.0,14.2,-154.2,-1.063448275862069,STOP,2024-12-31,2.474242424242424,57.391304347826086,142.0,2024
2024-12-30 19:25:00-05:00,2024-12-30 19:30:00-05:00,2024-12-30 19:31:00-05:00,SHORT,199885,21384.5,21379.75,21389.5,21379.5,20,95.0,14.2,90.8,0.9079999999999999,TARGET,2024-12-31,1.315677966101695,39.33333333333333,54.0,2024
2025-01-01 18:05:00-05:00,2025-01-01 18:10:00-05:00,2025-01-01 18:11:00-05:00,LONG,200145,21313.5,21306.75,21307.0,21320.0,26,-135.0,14.2,-139.2,-1.0707692307692307,STOP,2025-01-02,6.679292929292929,51.65217391304348,345.0,2025
2025-01-01 18:45:00-05:00,2025-01-01 18:50:00-05:00,2025-01-01 18:51:00-05:00,SHORT,200153,21248.75,21253.5,21253.25,21244.25,18,-95.0,14.2,-99.2,-1.1022222222222222,STOP,2025-01-02,1.5391414141414144,34.43478260869565,53.0,2025
2025-01-02 18:05:00-05:00,2025-01-02 18:10:00-05:00,2025-01-02 18:14:00-05:00,SHORT,200421,21171.75,21179.0,21178.75,21164.75,28,-145.0,14.2,-149.2,-1.0657142857142856,STOP,2025-01-03,1.3572567783094098,54.52173913043478,74.0,2025
2025-01-02 19:10:00-05:00,2025-01-02 19:15:00-05:00,2025-01-02 19:15:00-05:00,LONG,200434,21206.0,21200.75,21201.0,21211.0,20,-105.0,14.2,-109.2,-1.092,STOP,2025-01-03,3.2532894736842106,39.65217391304348,129.0,2025
2025-01-05 18:15:00-05:00,2025-01-05 18:20:00-05:00,2025-01-05 18:22:00-05:00,LONG,200699,21525.0,21517.25,21517.5,21532.5,30,-155.0,14.2,-159.2,-1.0613333333333332,STOP,2025-01-06,1.2682563338301043,58.34782608695652,74.0,2025
2025-01-05 19:15:00-05:00,2025-01-05 19:20:00-05:00,2025-01-05 19:21:00-05:00,SHORT,200711,21503.25,21498.0,21508.75,21497.75,22,105.0,14.2,100.8,0.9163636363636364,TARGET,2025-01-06,2.1444672131147544,42.43478260869565,91.0,2025
2025-01-06 18:05:00-05:00,2025-01-06 18:10:00-05:00,2025-01-06 18:18:00-05:00,LONG,200973,21785.5,21777.75,21778.0,21793.0,30,-155.0,14.2,-159.2,-1.0613333333333332,STOP,2025-01-07,1.3321114369501466,59.30434782608696,79.0,2025
2025-01-06 21:55:00-05:00,2025-01-06 22:00:00-05:00,2025-01-06 22:00:00-05:00,SHORT,201019,21743.5,21738.0,21749.25,21737.75,23,110.0,14.2,105.8,0.9199999999999999,TARGET,2025-01-07,1.6967213114754098,44.20289855072464,87.0,2025
2025-01-07 18:05:00-05:00,2025-01-07 18:10:00-05:00,2025-01-07 18:11:00-05:00,SHORT,201249,21347.25,21355.0,21354.75,21339.75,30,-155.0,14.2,-159.2,-1.0613333333333332,STOP,2025-01-08,1.500733137829912,59.30434782608696,89.0,2025
2025-01-07 18:55:00-05:00,2025-01-07 19:00:00-05:00,2025-01-07 19:03:00-05:00,LONG,201259,21394.25,21399.5,21388.75,21399.75,22,105.0,14.2,100.8,0.9163636363636364,TARGET,2025-01-08,1.4417155425219943,43.130434782608695,57.0,2025
2025-01-08 18:50:00-05:00,2025-01-08 18:55:00-05:00,2025-01-08 18:55:00-05:00,SHORT,201534,21329.0,21324.0,21334.25,21323.75,21,100.0,14.2,95.8,0.9123809523809524,TARGET,2025-01-09,2.2402597402597406,40.17391304347826,90.0,2025
2025-01-08 19:30:00-05:00,2025-01-08 19:35:00-05:00,2025-01-08 19:36:00-05:00,SHORT,201542,21285.5,21291.0,21290.75,21280.25,21,-110.0,14.2,-114.2,-1.0876190476190477,STOP,2025-01-09,2.380952380952381,42.0,100.0,2025
2025-01-09 18:05:00-05:00,2025-01-09 18:10:00-05:00,2025-01-09 18:10:00-05:00,SHORT,201711,21296.25,21289.5,21303.25,21289.25,28,135.0,14.2,130.8,0.9342857142857144,TARGET,2025-01-10,1.7607655502392345,54.52173913043478,96.0,2025
2025-01-09 18:35:00-05:00,2025-01-09 18:40:00-05:00,2025-01-09 18:40:00-05:00,SHORT,201717,21233.25,21228.75,21238.0,21228.5,19,90.0,14.2,85.8,0.903157894736842,TARGET,2025-01-10,2.613636363636364,36.347826086956516,95.0,2025
2025-01-12 18:05:00-05:00,2025-01-12 18:10:00-05:00,2025-01-12 18:10:00-05:00,SHORT,201991,20952.5,20946.0,20959.25,20945.75,27,130.0,14.2,125.8,0.9318518518518518,TARGET,2025-01-13,5.096590909090909,53.56521739130435,273.0,2025
2025-01-12 18:35:00-05:00,2025-01-12 18:40:00-05:00,2025-01-12 18:46:00-05:00,LONG,201997,21024.25,21019.5,21019.75,21028.75,18,-95.0,14.2,-99.2,-1.1022222222222222,STOP,2025-01-13,3.19237012987013,35.71014492753623,114.0,2025
2025-01-13 18:10:00-05:00,2025-01-13 18:15:00-05:00,2025-01-13 18:15:00-05:00,LONG,202268,21042.25,21034.5,21034.75,21049.75,30,-155.0,14.2,-159.2,-1.0613333333333332,STOP,2025-01-14,1.7679231337767922,59.30434782608696,104.0,2025
2025-01-13 18:40:00-05:00,2025-01-13 18:45:00-05:00,2025-01-13 18:46:00-05:00,LONG,202274,21075.25,21070.0,21070.25,21080.25,20,-105.0,14.2,-109.2,-1.092,STOP,2025-01-14,2.2880029806259317,39.21739130434782,89.0,2025
2025-01-14 18:05:00-05:00,2025-01-14 18:10:00-05:00,2025-01-14 18:11:00-05:00,SHORT,202543,20953.0,20961.0,20960.75,20945.25,31,-160.0,14.2,-164.2,-1.0593548387096774,STOP,2025-01-15,1.2904829545454546,61.21739130434783,79.0,2025
2025-01-14 23:35:00-05:00,2025-01-14 23:40:00-05:00,2025-01-14 23:50:00-05:00,LONG,202609,20939.0,20943.25,20934.5,20943.5,18,85.0,14.2,80.8,0.8977777777777778,TARGET,2025-01-15,1.2681704260651627,34.69565217391305,44.0,2025
2025-01-15 18:35:00-05:00,2025-01-15 18:40:00-05:00,2025-01-15 18:44:00-05:00,LONG,202825,21413.25,21418.0,21408.25,21418.25,20,95.0,14.2,90.8,0.9079999999999999,TARGET,2025-01-16,1.3152492668621703,39.53623188405797,52.0,2025
2025-01-15 20:55:00-05:00,2025-01-15 21:00:00-05:00,2025-01-15 21:00:00-05:00,SHORT,202853,21404.0,21398.0,21410.25,21397.75,25,120.0,14.2,115.8,0.9264,TARGET,2025-01-16,1.3315092165898617,48.52173913043478,67.0,2025
2025-01-16 20:05:00-05:00,2025-01-16 20:10:00-05:00,2025-01-16 20:22:00-05:00,LONG,203119,21254.75,21247.5,21247.75,21261.75,28,-145.0,14.2,-149.2,-1.0657142857142856,STOP,2025-01-17,1.3752950432730133,55.710144927536234,76.0,2025
2025-01-16 22:35:00-05:00,2025-01-16 22:40:00-05:00,2025-01-16 22:51:00-05:00,LONG,203149,21271.5,21276.25,21266.5,21276.5,20,95.0,14.2,90.8,0.9079999999999999,TARGET,2025-01-17,1.3259423503325944,39.21739130434782,52.0,2025
2025-01-19 18:10:00-05:00,2025-01-19 18:15:00-05:00,2025-01-19 18:15:00-05:00,SHORT,203373,21550.0,21558.25,21558.0,21542.0,32,-165.0,14.2,-169.2,-1.0574999999999999,STOP,2025-01-20,2.9755244755244754,62.173913043478265,185.0,2025
2025-01-19 18:45:00-05:00,2025-01-19 18:50:00-05:00,2025-01-19 18:50:00-05:00,LONG,203380,21531.5,21536.5,21526.25,21536.75,21,100.0,14.2,95.8,0.9123809523809524,TARGET,2025-01-20,1.8094405594405596,41.449275362318836,75.0,2025
2025-01-20 18:10:00-05:00,2025-01-20 18:15:00-05:00,2025-01-20 18:17:00-05:00,LONG,203601,21713.0,21719.75,21706.0,21720.0,28,135.0,14.2,130.8,0.9342857142857144,TARGET,2025-01-21,2.1990595611285264,55.47826086956522,122.0,2025
2025-01-20 18:40:00-05:00,2025-01-20 18:45:00-05:00,2025-01-20 18:46:00-05:00,SHORT,203607,21714.75,21719.75,21719.5,21710.0,19,-100.0,14.2,-104.2,-1.0968421052631578,STOP,2025-01-21,2.163009404388715,36.985507246376805,80.0,2025
2025-01-21 18:05:00-05:00,2025-01-21 18:10:00-05:00,2025-01-21 18:10:00-05:00,SHORT,203876,21786.75,21793.75,21793.5,21780.0,27,-140.0,14.2,-144.2,-1.068148148148148,STOP,2025-01-22,3.565746753246753,53.56521739130435,191.0,2025
2025-01-21 18:35:00-05:00,2025-01-21 18:40:00-05:00,2025-01-21 18:41:00-05:00,LONG,203882,21791.75,21796.0,21787.25,21796.25,18,85.0,14.2,80.8,0.8977777777777778,TARGET,2025-01-22,1.848214285714286,35.71014492753623,66.0,2025
2025-01-22 18:45:00-05:00,2025-01-22 18:50:00-05:00,2025-01-22 18:52:00-05:00,LONG,204160,21966.0,21970.0,21961.75,21970.25,17,80.0,14.2,75.8,0.8917647058823529,TARGET,2025-01-23,1.3872377622377623,33.15942028985507,46.0,2025
2025-01-22 19:25:00-05:00,2025-01-22 19:30:00-05:00,2025-01-22 19:38:00-05:00,SHORT,204168,21956.25,21961.0,21960.75,21951.75,18,-95.0,14.2,-99.2,-1.1022222222222222,STOP,2025-01-23,1.5204326923076925,34.666666666666664,55.0,2025
2025-01-23 18:05:00-05:00,2025-01-23 18:10:00-05:00,2025-01-23 18:31:00-05:00,SHORT,204426,22000.25,22006.75,22006.5,21994.0,25,-130.0,14.2,-134.2,-1.0735999999999999,STOP,2025-01-24,2.049910873440285,48.78260869565217,100.0,2025
2025-01-23 20:10:00-05:00,2025-01-23 20:15:00-05:00,2025-01-23 20:17:00-05:00,LONG,204451,22027.25,22033.0,22021.25,22033.25,24,115.0,14.2,110.8,0.9233333333333333,TARGET,2025-01-24,1.2965862824929533,46.72463768115942,60.0,2025
2025-01-26 18:20:00-05:00,2025-01-26 18:25:00-05:00,2025-01-26 18:25:00-05:00,SHORT,204705,21655.0,21649.25,21661.0,21649.0,24,115.0,14.2,110.8,0.9233333333333333,TARGET,2025-01-27,2.688311688311688,46.869565217391305,126.0,2025
2025-01-26 18:50:00-05:00,2025-01-26 18:55:00-05:00,2025-01-26 18:55:00-05:00,LONG,204711,21679.5,21675.25,21675.5,21683.5,16,-85.0,14.2,-89.2,-1.115,STOP,2025-01-27,1.6001855287569575,31.2463768115942,50.0,2025
2025-01-27 18:10:00-05:00,2025-01-27 18:15:00-05:00,2025-01-27 18:15:00-05:00,LONG,204979,21334.5,21327.75,21328.0,21341.0,26,-135.0,14.2,-139.2,-1.0707692307692307,STOP,2025-01-28,3.8267581475128645,50.69565217391305,194.0,2025
2025-01-27 18:45:00-05:00,2025-01-27 18:50:00-05:00,2025-01-27 18:50:00-05:00,LONG,204986,21291.5,21295.5,21287.25,21295.75,17,80.0,14.2,75.8,0.8917647058823529,TARGET,2025-01-28,2.66295025728988,33.79710144927536,90.0,2025
2025-01-28 18:05:00-05:00,2025-01-28 18:10:00-05:00,2025-01-28 18:11:00-05:00,SHORT,205254,21548.5,21555.75,21555.5,21541.5,28,-145.0,14.2,-149.2,-1.0657142857142856,STOP,2025-01-29,2.090909090909091,54.52173913043478,114.0,2025
2025-01-28 18:35:00-05:00,2025-01-28 18:40:00-05:00,2025-01-28 18:41:00-05:00,SHORT,205260,21552.0,21547.5,21556.75,21547.25,19,90.0,14.2,85.8,0.903157894736842,TARGET,2025-01-29,1.6232057416267944,36.347826086956516,59.0,2025
2025-01-29 18:15:00-05:00,2025-01-29 18:20:00-05:00,2025-01-29 18:21:00-05:00,SHORT,205532,21554.0,21547.25,21561.0,21547.0,28,135.0,14.2,130.8,0.9342857142857144,TARGET,2025-01-30,1.5141065830721003,55.47826086956522,84.0,2025
2025-01-29 18:50:00-05:00,2025-01-29 18:55:00-05:00,2025-01-29 18:56:00-05:00,LONG,205539,21542.25,21537.25,21537.5,21547.0,19,-100.0,14.2,-104.2,-1.0968421052631578,STOP,2025-01-30,1.6763322884012541,36.985507246376805,62.0,2025
2025-01-30 18:30:00-05:00,2025-01-30 18:35:00-05:00,2025-01-30 18:36:00-05:00,SHORT,205811,21669.5,21664.5,21674.75,21664.25,21,100.0,14.2,95.8,0.9123809523809524,TARGET,2025-01-31,2.8951048951048954,41.449275362318836,120.0,2025
2025-01-30 19:00:00-05:00,2025-01-30 19:05:00-05:00,2025-01-30 19:07:00-05:00,LONG,205817,21686.75,21680.75,21681.0,21692.5,23,-120.0,14.2,-124.2,-1.08,STOP,2025-01-31,1.4153846153846152,45.21739130434783,64.0,2025
2025-02-02 18:10:00-05:00,2025-02-02 18:15:00-05:00,2025-02-02 18:15:00-05:00,LONG,206084,21076.5,21068.0,21068.25,21084.75,33,-170.0,14.2,-174.2,-1.0557575757575757,STOP,2025-02-03,7.181818181818182,66.0,474.0,2025
2025-02-02 19:15:00-05:00,2025-02-02 19:20:00-05:00,2025-02-02 19:20:00-05:00,LONG,206097,21110.0,21103.5,21103.75,21116.25,25,-130.0,14.2,-134.2,-1.0735999999999999,STOP,2025-02-03,2.5258928571428574,48.69565217391304,123.0,2025
2025-02-03 19:05:00-05:00,2025-02-03 19:10:00-05:00,2025-02-03 19:14:00-05:00,SHORT,206371,21551.0,21544.25,21558.0,21544.0,28,135.0,14.2,130.8,0.9342857142857144,TARGET,2025-02-04,1.3283227848101267,54.95652173913043,73.0,2025
2025-02-03 19:50:00-05:00,2025-02-03 19:55:00-05:00,2025-02-03 19:59:00-05:00,SHORT,206380,21544.75,21551.5,21551.25,21538.25,26,-135.0,14.2,-139.2,-1.0707692307692307,STOP,2025-02-04,1.4230769230769231,52.0,74.0,2025
2025-02-04 18:15:00-05:00,2025-02-04 18:20:00-05:00,2025-02-04 18:26:00-05:00,LONG,206637,21587.0,21577.75,21578.0,21596.0,36,-185.0,14.2,-189.2,-1.051111111111111,STOP,2025-02-05,1.2856265356265357,70.78260869565217,91.0,2025
2025-02-04 19:10:00-05:00,2025-02-04 19:15:00-05:00,2025-02-04 19:20:00-05:00,LONG,206648,21590.0,21583.25,21583.5,21596.5,26,-135.0,14.2,-139.2,-1.0707692307692307,STOP,2025-02-05,1.3784246575342467,50.78260869565217,70.0,2025
2025-02-05 18:50:00-05:00,2025-02-05 18:55:00-05:00,2025-02-05 19:01:00-05:00,LONG,206920,21771.25,21776.75,21765.5,21777.0,23,110.0,14.2,105.8,0.9199999999999999,TARGET,2025-02-06,1.4356594110115237,45.27536231884058,65.0,2025
2025-02-06 00:40:00-05:00,2025-02-06 00:45:00-05:00,2025-02-06 00:46:00-05:00,LONG,206990,21830.0,21824.75,21825.0,21835.0,20,-105.0,14.2,-109.2,-1.092,STOP,2025-02-06,1.2710526315789474,38.55072463768116,49.0,2025
2025-02-06 18:10:00-05:00,2025-02-06 18:15:00-05:00,2025-02-06 18:28:00-05:00,LONG,207188,21844.0,21852.0,21835.75,21852.25,33,160.0,14.2,155.8,0.9442424242424243,TARGET,2025-02-07,1.3375668449197862,65.04347826086956,87.0,2025
2025-02-06 20:40:00-05:00,2025-02-06 20:45:00-05:00,2025-02-06 21:01:00-05:00,LONG,207218,21891.25,21898.0,21884.25,21898.25,28,135.0,14.2,130.8,0.9342857142857144,TARGET,2025-02-07,1.5515873015873014,55.18840579710145,85.0,2025
2025-02-09 18:10:00-05:00,2025-02-09 18:15:00-05:00,2025-02-09 18:15:00-05:00,LONG,207464,21530.25,21538.0,21522.25,21538.25,32,155.0,14.2,150.8,0.9425000000000001,TARGET,2025-02-10,2.4125874125874125,62.173913043478265,150.0,2025
2025-02-09 18:40:00-05:00,2025-02-09 18:45:00-05:00,2025-02-09 18:46:00-05:00,LONG,207470,21588.5,21593.5,21583.25,21593.75,21,100.0,14.2,95.8,0.9123809523809524,TARGET,2025-02-10,1.3751748251748253,41.449275362318836,57.0,2025
2025-02-10 18:05:00-05:00,2025-02-10 18:10:00-05:00,2025-02-10 18:10:00-05:00,SHORT,207739,21797.5,21804.75,21804.5,21790.5,28,-145.0,14.2,-149.2,-1.0657142857142856,STOP,2025-02-11,2.109250398724083,54.52173913043478,115.0,2025
2025-02-10 18:40:00-05:00,2025-02-10 18:45:00-05:00,2025-02-10 18:49:00-05:00,LONG,207746,21790.0,21794.5,21785.25,21794.75,19,90.0,14.2,85.8,0.903157894736842,TARGET,2025-02-11,1.40311004784689,36.347826086956516,51.0,2025
2025-02-11 18:05:00-05:00,2025-02-11 18:10:00-05:00,2025-02-11 18:12:00-05:00,LONG,208015,21794.0,21787.75,21788.0,21800.0,24,-125.0,14.2,-129.2,-1.0766666666666667,STOP,2025-02-12,1.8818181818181816,47.82608695652174,90.0,2025
2025-02-11 18:35:00-05:00,2025-02-11 18:40:00-05:00,2025-02-11 18:42:00-05:00,LONG,208021,21813.0,21816.75,21809.0,21817.0,16,75.0,14.2,70.8,0.885,TARGET,2025-02-12,1.8504545454545458,31.88405797101449,59.0,2025
2025-02-12 18:45:00-05:00,2025-02-12 18:50:00-05:00,2025-02-12 18:50:00-05:00,LONG,208299,21882.75,21886.25,21879.0,21886.5,15,70.0,14.2,65.8,0.8773333333333333,TARGET,2025-02-13,3.375,29.333333333333332,99.0,2025
2025-02-12 19:40:00-05:00,2025-02-12 19:45:00-05:00,2025-02-12 19:46:00-05:00,LONG,208310,21903.25,21899.0,21899.25,21907.25,16,-85.0,14.2,-89.2,-1.115,STOP,2025-02-13,1.4673913043478262,30.666666666666664,45.0,2025
2025-02-13 18:15:00-05:00,2025-02-13 18:20:00-05:00,2025-02-13 18:21:00-05:00,LONG,208569,22086.25,22091.5,22080.75,22091.75,22,105.0,14.2,100.8,0.9163636363636364,TARGET,2025-02-14,1.4545454545454546,44.0,64.0,2025
2025-02-13 19:10:00-05:00,2025-02-13 19:15:00-05:00,2025-02-13 19:17:00-05:00,SHORT,208580,22083.75,22088.0,22087.75,22079.75,16,-85.0,14.2,-89.2,-1.115,STOP,2025-02-14,1.59375,32.0,51.0,2025
2025-02-16 18:05:00-05:00,2025-02-16 18:10:00-05:00,2025-02-16 18:11:00-05:00,SHORT,208845,22209.25,22215.0,22214.75,22203.75,22,-115.0,14.2,-119.2,-1.0836363636363637,STOP,2025-02-17,3.1828282828282823,43.04347826086957,137.0,2025
2025-02-16 18:35:00-05:00,2025-02-16 18:40:00-05:00,2025-02-16 18:40:00-05:00,LONG,208851,22202.75,22198.75,22199.0,22206.5,15,-80.0,14.2,-84.2,-1.1226666666666667,STOP,2025-02-17,1.2893939393939395,28.69565217391304,37.0,2025
2025-02-17 18:40:00-05:00,2025-02-17 18:45:00-05:00,2025-02-17 18:45:00-05:00,SHORT,209080,22206.0,22209.75,22209.5,22202.5,14,-75.0,14.2,-79.2,-1.1314285714285715,STOP,2025-02-18,2.4096452328159645,26.144927536231883,63.0,2025
2025-02-17 19:25:00-05:00,2025-02-17 19:30:00-05:00,2025-02-17 19:34:00-05:00,SHORT,209089,22217.25,22221.0,22220.75,22213.75,14,-75.0,14.2,-79.2,-1.1314285714285715,STOP,2025-02-18,1.6478658536585367,27.333333333333332,47.0,2025
2025-02-18 18:05:00-05:00,2025-02-18 18:10:00-05:00,2025-02-18 18:20:00-05:00,LONG,209349,22242.25,22247.0,22237.25,22247.25,20,95.0,14.2,90.8,0.9079999999999999,TARGET,2025-02-19,3.110227272727273,38.26086956521739,119.0,2025
2025-02-18 18:40:00-05:00,2025-02-18 18:45:00-05:00,2025-02-18 18:46:00-05:00,LONG,209356,22246.0,22242.5,22242.75,22249.25,13,-70.0,14.2,-74.2,-1.1415384615384616,STOP,2025-02-19,1.7642045454545454,25.507246376811594,45.0,2025
2025-02-19 18:05:00-05:00,2025-02-19 18:10:00-05:00,2025-02-19 18:10:00-05:00,LONG,209625,22231.25,22226.25,22226.5,22236.0,19,-100.0,14.2,-104.2,-1.0968421052631578,STOP,2025-02-20,2.627039627039627,37.30434782608696,98.0,2025
2025-02-19 18:50:00-05:00,2025-02-19 18:55:00-05:00,2025-02-19 18:59:00-05:00,SHORT,209634,22214.75,22218.25,22218.0,22211.5,13,-70.0,14.2,-74.2,-1.1415384615384616,STOP,2025-02-20,1.88986013986014,24.8695652173913,47.0,2025
2025-02-20 18:05:00-05:00,2025-02-20 18:10:00-05:00,2025-02-20 18:11:00-05:00,LONG,209901,22147.25,22151.75,22142.5,22152.0,19,90.0,14.2,85.8,0.903157894736842,TARGET,2025-02-21,3.2188995215311005,36.82608695652174,117.0,2025
2025-02-20 18:35:00-05:00,2025-02-20 18:40:00-05:00,2025-02-20 18:41:00-05:00,LONG,209907,22161.5,22164.5,22158.25,22164.75,13,60.0,14.2,55.8,0.8584615384615384,TARGET,2025-02-21,2.7342657342657346,24.8695652173913,68.0,2025
2025-02-23 18:10:00-05:00,2025-02-23 18:15:00-05:00,2025-02-23 18:15:00-05:00,LONG,210179,21733.25,21728.5,21728.75,21737.75,18,-95.0,14.2,-99.2,-1.1022222222222222,STOP,2025-02-24,4.152777777777778,34.434782608695656,143.0,2025
2025-02-23 18:45:00-05:00,2025-02-23 18:50:00-05:00,2025-02-23 18:50:00-05:00,LONG,210186,21765.0,21761.75,21762.0,21768.0,12,-65.0,14.2,-69.2,-1.1533333333333333,STOP,2025-02-24,2.3734643734643734,23.594202898550723,56.0,2025
2025-02-24 18:35:00-05:00,2025-02-24 18:40:00-05:00,2025-02-24 18:40:00-05:00,SHORT,210460,21403.5,21400.5,21406.75,21400.25,13,60.0,14.2,55.8,0.8584615384615384,TARGET,2025-02-25,6.7266746411483265,24.231884057971012,163.0,2025
2025-02-24 19:05:00-05:00,2025-02-24 19:10:00-05:00,2025-02-24 19:10:00-05:00,LONG,210466,21412.5,21408.75,21409.0,21416.0,14,-75.0,14.2,-79.2,-1.1314285714285715,STOP,2025-02-25,3.6121794871794872,27.130434782608695,98.0,2025
2025-02-25 18:10:00-05:00,2025-02-25 18:15:00-05:00,2025-02-25 18:21:00-05:00,SHORT,210731,21219.25,21225.25,21225.0,21213.5,23,-120.0,14.2,-124.2,-1.08,STOP,2025-02-26,1.4374999999999998,45.913043478260875,66.0,2025
2025-02-25 19:00:00-05:00,2025-02-25 19:05:00-05:00,2025-02-25 19:06:00-05:00,LONG,210741,21235.5,21231.0,21231.25,21239.75,17,-90.0,14.2,-94.2,-1.108235294117647,STOP,2025-02-26,1.34765625,33.391304347826086,45.0,2025
2025-02-26 18:15:00-05:00,2025-02-26 18:20:00-05:00,2025-02-26 18:20:00-05:00,SHORT,211008,21227.75,21234.5,21234.25,21221.25,26,-135.0,14.2,-139.2,-1.0707692307692307,STOP,2025-02-27,2.820754716981132,50.69565217391305,143.0,2025
2025-02-26 18:45:00-05:00,2025-02-26 18:50:00-05:00,2025-02-26 18:51:00-05:00,SHORT,211014,21214.75,21210.75,21219.0,21210.5,17,80.0,14.2,75.8,0.8917647058823529,TARGET,2025-02-27,2.012006861063465,33.79710144927536,68.0,2025
2025-02-27 18:05:00-05:00,2025-02-27 18:10:00-05:00,2025-02-27 18:12:00-05:00,LONG,211282,20669.75,20662.25,20662.5,20677.0,29,-150.0,14.2,-154.2,-1.063448275862069,STOP,2025-02-28,2.817411402157165,56.434782608695656,159.0,2025
2025-02-27 18:40:00-05:00,2025-02-27 18:45:00-05:00,2025-02-27 18:45:00-05:00,LONG,211289,20667.5,20662.5,20662.75,20672.25,19,-100.0,14.2,-104.2,-1.0968421052631578,STOP,2025-02-28,2.471879815100154,37.6231884057971,93.0,2025
2025-03-02 18:10:00-05:00,2025-03-02 18:15:00-05:00,2025-03-02 18:16:00-05:00,LONG,211560,21031.5,21022.75,21023.0,21040.0,34,-175.0,14.2,-179.2,-1.0541176470588234,STOP,2025-03-03,3.1363636363636362,67.43478260869566,210.0,2025
2025-03-02 18:55:00-05:00,2025-03-02 19:00:00-05:00,2025-03-02 19:02:00-05:00,SHORT,211569,20966.25,20960.25,20972.5,20960.0,25,120.0,14.2,115.8,0.9264,TARGET,2025-03-03,2.054097311139565,49.391304347826086,93.0,2025
2025-03-03 18:05:00-05:00,2025-03-03 18:10:00-05:00,2025-03-03 18:12:00-05:00,SHORT,211835,20509.75,20500.5,20519.25,20500.25,38,185.0,14.2,180.8,0.9515789473684211,TARGET,2025-03-04,2.2131050767414404,74.1304347826087,163.0,2025
2025-03-03 18:45:00-05:00,2025-03-03 18:50:00-05:00,2025-03-03 18:50:00-05:00,SHORT,211843,20513.75,20507.75,20520.0,20507.5,25,120.0,14.2,115.8,0.9264,TARGET,2025-03-04,1.9501748251748254,49.7391304347826,97.0,2025
2025-03-04 18:30:00-05:00,2025-03-04 18:35:00-05:00,2025-03-04 18:36:00-05:00,LONG,212116,20587.5,20580.25,20580.5,20594.5,28,-145.0,14.2,-149.2,-1.0657142857142856,STOP,2025-03-05,2.4874608150470223,55.47826086956521,138.0,2025
2025-03-04 19:00:00-05:00,2025-03-04 19:05:00-05:00,2025-03-04 19:05:00-05:00,LONG,212122,20580.5,20572.5,20572.75,20588.25,31,-160.0,14.2,-164.2,-1.0593548387096774,STOP,2025-03-05,1.3548850574712643,60.52173913043478,82.0,2025
2025-03-05 18:35:00-05:00,2025-03-05 18:40:00-05:00,2025-03-05 18:41:00-05:00,SHORT,212393,20601.5,20609.25,20609.0,20594.0,30,-155.0,14.2,-159.2,-1.0613333333333332,STOP,2025-03-06,2.0853481624758223,59.94202898550724,125.0,2025
2025-03-05 19:15:00-05:00,2025-03-05 19:20:00-05:00,2025-03-05 19:46:00-05:00,LONG,212401,20629.0,20620.5,20620.75,20637.25,33,-170.0,14.2,-174.2,-1.0557575757575757,STOP,2025-03-06,1.5292553191489364,65.39130434782608,100.0,2025
2025-03-06 19:25:00-05:00,2025-03-06 19:30:00-05:00,2025-03-06 19:30:00-05:00,SHORT,212679,20146.5,20155.25,20155.0,20138.0,34,-175.0,14.2,-179.2,-1.0541176470588234,STOP,2025-03-07,1.6988636363636365,66.33333333333333,117.0,2025
2025-03-06 20:10:00-05:00,2025-03-06 20:15:00-05:00,2025-03-06 20:21:00-05:00,LONG,212688,20212.25,20200.75,20201.0,20223.5,45,-230.0,14.2,-234.2,-1.0408888888888888,STOP,2025-03-07,1.84741935483871,89.85507246376811,166.0,2025
2025-03-09 18:10:00-04:00,2025-03-09 18:15:00-04:00,2025-03-09 18:16:00-04:00,SHORT,212943,20031.0,20043.25,20043.0,20019.0,48,-245.0,14.2,-249.2,-1.0383333333333333,STOP,2025-03-10,2.9146005509641872,94.69565217391305,276.0,2025
2025-03-09 18:40:00-04:00,2025-03-09 18:45:00-04:00,2025-03-09 18:45:00-04:00,LONG,212949,20062.75,20054.5,20054.75,20070.75,32,-165.0,14.2,-169.2,-1.0574999999999999,STOP,2025-03-10,1.5525000000000002,63.76811594202898,99.0,2025
2025-03-10 18:10:00-04:00,2025-03-10 18:15:00-04:00,2025-03-10 18:17:00-04:00,SHORT,213219,19396.0,19408.25,19408.0,19384.0,48,-245.0,14.2,-249.2,-1.0383333333333333,STOP,2025-03-11,3.008869179600887,98.04347826086956,295.0,2025
2025-03-10 18:50:00-04:00,2025-03-10 18:55:00-04:00,2025-03-10 18:57:00-04:00,SHORT,213227,19404.75,19396.75,19413.0,19396.5,33,160.0,14.2,155.8,0.9442424242424243,TARGET,2025-03-11,1.5377316857899384,65.3623188405797,101.0,2025
2025-03-11 18:40:00-04:00,2025-03-11 18:45:00-04:00,2025-03-11 18:46:00-04:00,LONG,213501,19460.25,19468.75,19451.5,19469.0,35,170.0,14.2,165.8,0.9474285714285715,TARGET,2025-03-12,1.4034869240348693,69.82608695652173,98.0,2025
2025-03-11 19:55:00-04:00,2025-03-11 20:00:00-04:00,2025-03-11 20:01:00-04:00,LONG,213516,19473.5,19485.25,19461.5,19485.5,48,235.0,14.2,230.8,0.9616666666666667,TARGET,2025-03-12,1.6401869158878506,96.59420289855072,117.0,2025
2025-03-12 18:35:00-04:00,2025-03-12 18:40:00-04:00,2025-03-12 18:46:00-04:00,SHORT,213776,19620.25,19628.75,19628.5,19612.0,33,-170.0,14.2,-174.2,-1.0557575757575757,STOP,2025-03-13,1.4059561128526645,64.72463768115942,91.0,2025
2025-03-12 19:05:00-04:00,2025-03-12 19:10:00-04:00,2025-03-12 19:16:00-04:00,LONG,213782,19656.0,19646.75,19647.0,19665.0,36,-185.0,14.2,-189.2,-1.051111111111111,STOP,2025-03-13,1.6367574257425743,70.26086956521739,115.0,2025
2025-03-13 18:40:00-04:00,2025-03-13 18:45:00-04:00,2025-03-13 18:51:00-04:00,LONG,214053,19362.75,19370.75,19354.5,19371.0,33,160.0,14.2,155.8,0.9442424242424243,TARGET,2025-03-14,1.2727272727272727,65.68115942028984,84.0,2025
2025-03-13 19:20:00-04:00,2025-03-13 19:25:00-04:00,2025-03-13 19:38:00-04:00,SHORT,214061,19371.25,19362.5,19380.25,19362.25,36,175.0,14.2,170.8,0.948888888888889,TARGET,2025-03-14,1.3182926829268293,70.95652173913044,94.0,2025
2025-03-16 18:05:00-04:00,2025-03-16 18:10:00-04:00,2025-03-16 18:13:00-04:00,SHORT,214324,19829.5,19818.0,19841.25,19817.75,47,230.0,14.2,225.8,0.9608510638297872,TARGET,2025-03-17,1.7029053420805997,92.78260869565217,158.0,2025
2025-03-16 18:45:00-04:00,2025-03-16 18:50:00-04:00,2025-03-16 18:52:00-04:00,LONG,214332,19812.75,19804.75,19805.0,19820.5,31,-160.0,14.2,-164.2,-1.0593548387096774,STOP,2025-03-17,1.5196813495782568,61.85507246376811,94.0,2025
2025-03-17 19:15:00-04:00,2025-03-17 19:20:00-04:00,2025-03-17 19:21:00-04:00,SHORT,214614,20027.75,20036.0,20035.75,20019.75,32,-165.0,14.2,-169.2,-1.0574999999999999,STOP,2025-03-18,1.328125,64.0,85.0,2025
2025-03-17 21:35:00-04:00,2025-03-17 21:40:00-04:00,2025-03-17 21:47:00-04:00,SHORT,214642,19971.5,19962.25,19981.0,19962.0,38,185.0,14.2,180.8,0.9515789473684211,TARGET,2025-03-18,1.2689655172413794,75.65217391304347,96.0,2025
2025-03-18 18:30:00-04:00,2025-03-18 18:35:00-04:00,2025-03-18 18:37:00-04:00,SHORT,214881,19679.25,19686.0,19685.75,19672.75,26,-135.0,14.2,-139.2,-1.0707692307692307,STOP,2025-03-19,1.940625,51.01449275362319,99.0,2025
2025-03-18 19:20:00-04:00,2025-03-18 19:25:00-04:00,2025-03-18 19:28:00-04:00,SHORT,214891,19692.0,19699.25,19699.0,19685.0,28,-145.0,14.2,-149.2,-1.0657142857142856,STOP,2025-03-19,1.4375,55.65217391304348,80.0,2025
2025-03-19 18:15:00-04:00,2025-03-19 18:20:00-04:00,2025-03-19 18:27:00-04:00,LONG,215154,19988.75,19997.5,19979.75,19997.75,36,175.0,14.2,170.8,0.948888888888889,TARGET,2025-03-20,1.2769981696156192,71.73913043478261,91.0,2025
2025-03-19 18:50:00-04:00,2025-03-19 18:55:00-04:00,2025-03-19 18:56:00-04:00,LONG,215161,20022.5,20016.25,20016.5,20028.5,24,-125.0,14.2,-129.2,-1.0766666666666667,STOP,2025-03-20,1.9072481572481574,47.188405797101446,90.0,2025
2025-03-20 18:20:00-04:00,2025-03-20 18:25:00-04:00,2025-03-20 18:28:00-04:00,LONG,215431,19891.0,19899.5,19882.25,19899.75,35,170.0,14.2,165.8,0.9474285714285715,TARGET,2025-03-21,1.2777777777777777,68.86956521739131,88.0,2025
2025-03-20 19:05:00-04:00,2025-03-20 19:10:00-04:00,2025-03-20 19:10:00-04:00,SHORT,215440,19859.0,19853.0,19865.25,19852.75,25,120.0,14.2,115.8,0.9264,TARGET,2025-03-21,1.5994718309859155,49.391304347826086,79.0,2025
2025-03-23 18:30:00-04:00,2025-03-23 18:35:00-04:00,2025-03-23 18:35:00-04:00,LONG,215709,20072.5,20077.75,20067.0,20078.0,22,105.0,14.2,100.8,0.9163636363636364,TARGET,2025-03-24,1.4277476255088197,42.724637681159415,61.0,2025
2025-03-23 19:35:00-04:00,2025-03-23 19:40:00-04:00,2025-03-23 19:57:00-04:00,LONG,215722,20083.0,20088.5,20077.25,20088.75,23,110.0,14.2,105.8,0.9199999999999999,TARGET,2025-03-24,1.746268656716418,44.666666666666664,78.0,2025
2025-03-24 22:05:00-04:00,2025-03-24 22:10:00-04:00,2025-03-24 22:28:00-04:00,SHORT,216028,20345.5,20351.25,20351.0,20340.0,22,-115.0,14.2,-119.2,-1.0836363636363637,STOP,2025-03-25,1.2864406779661017,42.7536231884058,55.0,2025
2025-03-24 23:20:00-04:00,2025-03-24 23:25:00-04:00,2025-03-24 23:31:00-04:00,SHORT,216043,20337.5,20333.25,20342.0,20333.0,18,85.0,14.2,80.8,0.8977777777777778,TARGET,2025-03-25,1.608050847457627,34.20289855072464,55.0,2025
2025-03-25 22:25:00-04:00,2025-03-25 22:30:00-04:00,2025-03-25 22:37:00-04:00,SHORT,216308,20478.0,20482.75,20482.5,20473.5,18,-95.0,14.2,-99.2,-1.1022222222222222,STOP,2025-03-26,2.3585454545454545,35.07246376811594,94.0,2025
2025-03-25 23:40:00-04:00,2025-03-25 23:45:00-04:00,2025-03-25 23:48:00-04:00,SHORT,216323,20475.25,20471.75,20479.0,20471.5,15,70.0,14.2,65.8,0.8773333333333333,TARGET,2025-03-26,1.3660067600193144,29.73913043478261,41.0,2025
2025-03-26 18:15:00-04:00,2025-03-26 18:20:00-04:00,2025-03-26 18:20:00-04:00,SHORT,216535,20023.75,20017.5,20030.25,20017.25,26,125.0,14.2,120.8,0.9292307692307692,TARGET,2025-03-27,2.5051457975986278,50.69565217391305,127.0,2025
2025-03-26 19:00:00-04:00,2025-03-26 19:05:00-04:00,2025-03-26 19:05:00-04:00,SHORT,216544,20029.75,20025.25,20034.5,20025.0,19,90.0,14.2,85.8,0.903157894736842,TARGET,2025-03-27,2.0151869158878504,37.21739130434783,75.0,2025
2025-03-27 18:10:00-04:00,2025-03-27 18:15:00-04:00,2025-03-27 18:19:00-04:00,SHORT,216811,19987.75,19994.75,19994.5,19981.0,27,-140.0,14.2,-144.2,-1.068148148148148,STOP,2025-03-28,1.2545454545454546,52.608695652173914,66.0,2025
2025-03-27 18:40:00-04:00,2025-03-27 18:45:00-04:00,2025-03-27 18:50:00-04:00,LONG,216817,20002.75,19998.0,19998.25,20007.25,18,-95.0,14.2,-99.2,-1.1022222222222222,STOP,2025-03-28,1.7392561983471075,35.07246376811594,61.0,2025
2025-03-30 18:45:00-04:00,2025-03-30 18:50:00-04:00,2025-03-30 18:54:00-04:00,LONG,217098,19315.25,19310.5,19310.75,19319.75,18,-95.0,14.2,-99.2,-1.1022222222222222,STOP,2025-03-31,2.3950413223140496,35.07246376811594,84.0,2025
2025-03-30 19:15:00-04:00,2025-03-30 19:20:00-04:00,2025-03-30 19:20:00-04:00,SHORT,217104,19288.25,19283.5,19293.25,19283.25,20,95.0,14.2,90.8,0.9079999999999999,TARGET,2025-03-31,1.8295454545454546,38.26086956521739,70.0,2025
2025-03-31 18:05:00-04:00,2025-03-31 18:10:00-04:00,2025-03-31 18:10:00-04:00,SHORT,217366,19398.25,19391.25,19405.5,19391.0,29,140.0,14.2,135.8,0.9365517241379311,TARGET,2025-04-01,1.2935285053929122,56.434782608695656,73.0,2025
2025-03-31 18:40:00-04:00,2025-03-31 18:45:00-04:00,2025-03-31 18:46:00-04:00,LONG,217373,19377.75,19382.25,19373.0,19382.5,19,90.0,14.2,85.8,0.903157894736842,TARGET,2025-04-01,1.647919876733436,37.6231884057971,62.0,2025
2025-04-01 18:10:00-04:00,2025-04-01 18:15:00-04:00,2025-04-01 18:15:00-04:00,LONG,217643,19662.0,19653.5,19653.75,19670.25,33,-170.0,14.2,-174.2,-1.0557575757575757,STOP,2025-04-02,1.5406698564593302,64.08695652173913,98.0,2025
2025-04-01 18:55:00-04:00,2025-04-01 19:00:00-04:00,2025-04-01 19:01:00-04:00,SHORT,217652,19645.25,19639.5,19651.25,19639.25,24,115.0,14.2,110.8,0.9233333333333333,TARGET,2025-04-02,1.4511533242876529,46.608695652173914,62.0,2025
2025-04-02 18:20:00-04:00,2025-04-02 18:25:00-04:00,2025-04-02 18:25:00-04:00,SHORT,217921,18855.0,18864.5,18864.25,18845.75,37,-190.0,14.2,-194.2,-1.0497297297297297,STOP,2025-04-03,3.5531788472964942,73.65217391304348,260.0,2025
2025-04-02 18:50:00-04:00,2025-04-02 18:55:00-04:00,2025-04-02 18:55:00-04:00,LONG,217927,18959.5,18953.0,18953.25,18965.75,25,-130.0,14.2,-134.2,-1.0735999999999999,STOP,2025-04-03,3.48258559622196,49.10144927536231,171.0,2025
2025-04-03 18:05:00-04:00,2025-04-03 18:10:00-04:00,2025-04-03 18:11:00-04:00,LONG,218194,18666.5,18655.0,18655.25,18677.75,45,-230.0,14.2,-234.2,-1.0408888888888888,STOP,2025-04-04,2.202127659574468,89.91304347826087,198.0,2025
2025-04-03 19:00:00-04:00,2025-04-03 19:05:00-04:00,2025-04-03 19:05:00-04:00,LONG,218205,18641.75,18633.25,18633.5,18650.0,33,-170.0,14.2,-174.2,-1.0557575757575757,STOP,2025-04-04,1.3151595744680853,65.39130434782608,86.0,2025
2025-04-06 19:10:00-04:00,2025-04-06 19:15:00-04:00,2025-04-06 19:15:00-04:00,SHORT,218483,16555.0,16564.75,16564.5,16545.5,38,-195.0,14.2,-199.2,-1.048421052631579,STOP,2025-04-07,9.703125000000002,75.47826086956522,729.0,2025
2025-04-06 19:55:00-04:00,2025-04-06 20:00:00-04:00,2025-04-06 20:00:00-04:00,SHORT,218492,16704.0,16716.25,16716.0,16692.0,48,-245.0,14.2,-249.2,-1.0383333333333333,STOP,2025-04-07,3.1100917431192663,98.3913043478261,226.0,2025
2025-04-07 18:35:00-04:00,2025-04-07 18:40:00-04:00,2025-04-07 18:41:00-04:00,SHORT,218752,17719.75,17708.75,17731.0,17708.5,45,220.0,14.2,215.8,0.9591111111111111,TARGET,2025-04-08,1.2522890778286462,88.63768115942028,111.0,2025
2025-04-07 19:20:00-04:00,2025-04-07 19:25:00-04:00,2025-04-07 19:29:00-04:00,SHORT,218761,17751.75,17764.0,17763.75,17739.75,48,-245.0,14.2,-249.2,-1.0383333333333333,STOP,2025-04-08,1.2766245487364623,96.34782608695652,123.0,2025
2025-04-08 18:05:00-04:00,2025-04-08 18:10:00-04:00,2025-04-08 18:11:00-04:00,SHORT,219022,17095.25,17107.5,17107.25,17083.25,48,-245.0,14.2,-249.2,-1.0383333333333333,STOP,2025-04-09,4.57469600463231,150.17391304347828,687.0,2025
2025-04-08 19:05:00-04:00,2025-04-08 19:10:00-04:00,2025-04-08 19:15:00-04:00,SHORT,219034,17012.5,17000.75,17024.5,17000.5,48,235.0,14.2,230.8,0.9616666666666667,TARGET,2025-04-09,2.0859621451104102,110.26086956521739,230.0,2025
2025-04-09 20:55:00-04:00,2025-04-09 21:00:00-04:00,2025-04-09 21:01:00-04:00,LONG,219332,19223.25,19211.0,19211.25,19235.25,48,-245.0,14.2,-249.2,-1.0383333333333333,STOP,2025-04-10,1.4090500179920833,155.73913043478262,227.0,2025
2025-04-09 21:30:00-04:00,2025-04-09 21:35:00-04:00,2025-04-09 21:35:00-04:00,SHORT,219339,19149.5,19137.75,19161.5,19137.5,48,235.0,14.2,230.8,0.9616666666666667,TARGET,2025-04-10,1.3032403396291805,167.27536231884056,218.0,2025
2025-04-10 18:35:00-04:00,2025-04-10 18:40:00-04:00,2025-04-10 18:40:00-04:00,LONG,219580,18553.75,18565.5,18541.75,18565.75,48,235.0,14.2,230.8,0.9616666666666667,TARGET,2025-04-11,1.2830578512396695,140.28985507246375,180.0,2025
2025-04-10 19:15:00-04:00,2025-04-10 19:20:00-04:00,2025-04-10 19:24:00-04:00,SHORT,219588,18453.5,18465.75,18465.5,18441.5,48,-245.0,14.2,-249.2,-1.0383333333333333,STOP,2025-04-11,1.803409090909091,153.04347826086956,276.0,2025
2025-04-13 18:40:00-04:00,2025-04-13 18:45:00-04:00,2025-04-13 18:48:00-04:00,LONG,219858,18978.75,18966.5,18966.75,18990.75,48,-245.0,14.2,-249.2,-1.0383333333333333,STOP,2025-04-14,1.346944549226707,153.68115942028984,207.0,2025
2025-04-14 00:50:00-04:00,2025-04-14 00:55:00-04:00,2025-04-14 01:16:00-04:00,LONG,219932,19117.25,19105.0,19105.25,19129.25,48,-245.0,14.2,-249.2,-1.0383333333333333,STOP,2025-04-14,1.5420717398592023,129.42028985507247,200.0,2025
2025-04-14 18:30:00-04:00,2025-04-14 18:35:00-04:00,2025-04-14 18:43:00-04:00,SHORT,220132,18852.75,18865.0,18864.75,18840.75,48,-245.0,14.2,-249.2,-1.0383333333333333,STOP,2025-04-15,1.326923076923077,132.63768115942028,176.0,2025
2025-04-15 00:40:00-04:00,2025-04-15 00:45:00-04:00,2025-04-15 01:02:00-04:00,SHORT,220206,18905.25,18917.5,18917.25,18893.25,48,-245.0,14.2,-249.2,-1.0383333333333333,STOP,2025-04-15,1.5053176983910554,106.28985507246377,160.0,2025
2025-04-15 18:30:00-04:00,2025-04-15 18:35:00-04:00,2025-04-15 18:37:00-04:00,LONG,220408,18769.5,18757.25,18757.5,18781.5,48,-245.0,14.2,-249.2,-1.0383333333333333,STOP,2025-04-16,1.3242424242424244,114.78260869565216,152.0,2025
2025-04-15 20:35:00-04:00,2025-04-15 20:40:00-04:00,2025-04-15 20:51:00-04:00,SHORT,220433,18663.5,18675.75,18675.5,18651.5,48,-245.0,14.2,-249.2,-1.0383333333333333,STOP,2025-04-16,1.3883299798792756,144.05797101449275,200.0,2025
2025-04-16 18:05:00-04:00,2025-04-16 18:10:00-04:00,2025-04-16 18:11:00-04:00,LONG,220679,18404.0,18415.75,18392.0,18416.0,48,235.0,14.2,230.8,0.9616666666666667,TARGET,2025-04-17,1.592414208308248,144.43478260869566,230.0,2025
2025-04-16 19:10:00-04:00,2025-04-16 19:15:00-04:00,2025-04-16 19:17:00-04:00,SHORT,220692,18383.0,18395.25,18395.0,18371.0,48,-245.0,14.2,-249.2,-1.0383333333333333,STOP,2025-04-17,1.3842592592592593,102.95652173913044,143.0,2025
2025-04-20 19:05:00-04:00,2025-04-20 19:10:00-04:00,2025-04-20 19:12:00-04:00,LONG,220970,18321.5,18309.75,18310.0,18333.0,46,-235.0,14.2,-239.2,-1.04,STOP,2025-04-21,1.470673076923077,90.43478260869566,133.0,2025
2025-04-20 21:10:00-04:00,2025-04-20 21:15:00-04:00,2025-04-20 21:19:00-04:00,SHORT,220995,18275.75,18264.0,18287.75,18263.75,48,235.0,14.2,230.8,0.9616666666666667,TARGET,2025-04-21,1.4096119929453261,98.60869565217392,139.0,2025
2025-04-21 18:35:00-04:00,2025-04-21 18:40:00-04:00,2025-04-21 18:43:00-04:00,LONG,221240,17909.0,17917.25,17900.5,17917.5,34,165.0,14.2,160.8,0.9458823529411765,TARGET,2025-04-22,1.5531031468531469,66.31884057971014,103.0,2025
2025-04-21 19:40:00-04:00,2025-04-21 19:45:00-04:00,2025-04-21 19:48:00-04:00,LONG,221253,17917.25,17908.25,17908.5,17926.0,35,-180.0,14.2,-184.2,-1.0525714285714285,STOP,2025-04-22,1.3106796116504855,68.66666666666666,90.0,2025
2025-04-22 18:10:00-04:00,2025-04-22 18:15:00-04:00,2025-04-22 18:15:00-04:00,SHORT,221511,18667.0,18678.5,18678.25,18655.75,45,-230.0,14.2,-234.2,-1.0408888888888888,STOP,2025-04-23,3.923264907135875,88.95652173913044,349.0,2025
2025-04-22 18:45:00-04:00,2025-04-22 18:50:00-04:00,2025-04-22 18:53:00-04:00,LONG,221518,18743.25,18750.5,18735.75,18750.75,30,145.0,14.2,140.8,0.9386666666666668,TARGET,2025-04-23,2.1020309477756287,59.94202898550724,126.0,2025
2025-04-23 18:05:00-04:00,2025-04-23 18:10:00-04:00,2025-04-23 18:10:00-04:00,SHORT,221786,18756.0,18745.25,18767.0,18745.0,44,215.0,14.2,210.8,0.9581818181818182,TARGET,2025-04-24,3.8863636363636362,88.0,342.0,2025
2025-04-23 18:35:00-04:00,2025-04-23 18:40:00-04:00,2025-04-23 18:41:00-04:00,LONG,221792,18808.0,18815.25,18800.5,18815.5,30,145.0,14.2,140.8,0.9386666666666668,TARGET,2025-04-24,1.474938574938575,58.985507246376805,87.0,2025
2025-04-24 18:05:00-04:00,2025-04-24 18:10:00-04:00,2025-04-24 18:11:00-04:00,SHORT,222062,19370.5,19359.75,19381.5,19359.5,44,215.0,14.2,210.8,0.9581818181818182,TARGET,2025-04-25,3.6136363636363638,88.0,318.0,2025
2025-04-24 18:40:00-04:00,2025-04-24 18:45:00-04:00,2025-04-24 18:53:00-04:00,LONG,222069,19410.5,19402.75,19403.0,19418.0,30,-155.0,14.2,-159.2,-1.0613333333333332,STOP,2025-04-25,1.3636363636363638,58.666666666666664,80.0,2025
2025-04-27 18:05:00-04:00,2025-04-27 18:10:00-04:00,2025-04-27 18:12:00-04:00,SHORT,222341,19460.0,19471.0,19470.75,19449.25,43,-220.0,14.2,-224.2,-1.0427906976744186,STOP,2025-04-28,4.017364657814095,85.1304347826087,342.0,2025
2025-04-27 18:35:00-04:00,2025-04-27 18:40:00-04:00,2025-04-27 18:40:00-04:00,SHORT,222347,19486.5,19479.5,19493.75,19479.25,29,140.0,14.2,135.8,0.9365517241379311,TARGET,2025-04-28,1.4462121212121215,57.07246376811594,83.0,2025
2025-04-28 18:35:00-04:00,2025-04-28 18:40:00-04:00,2025-04-28 18:42:00-04:00,LONG,222623,19480.5,19473.5,19473.75,19487.25,27,-140.0,14.2,-144.2,-1.068148148148148,STOP,2025-04-29,1.3733189887036044,53.884057971014485,74.0,2025
2025-04-28 19:30:00-04:00,2025-04-28 19:35:00-04:00,2025-04-28 19:47:00-04:00,LONG,222634,19510.0,19517.0,19502.75,19517.25,29,140.0,14.2,135.8,0.9365517241379311,TARGET,2025-04-29,1.3313609467455623,56.33333333333333,75.0,2025
2025-04-29 18:05:00-04:00,2025-04-29 18:10:00-04:00,2025-04-29 18:13:00-04:00,SHORT,222893,19581.25,19591.75,19591.5,19571.0,41,-210.0,14.2,-214.2,-1.0448780487804878,STOP,2025-04-30,1.8668831168831166,80.34782608695653,150.0,2025
2025-04-29 20:10:00-04:00,2025-04-29 20:15:00-04:00,2025-04-29 20:18:00-04:00,LONG,222918,19572.75,19563.0,19563.25,19582.25,38,-195.0,14.2,-199.2,-1.048421052631579,STOP,2025-04-30,1.9308200544111933,74.57971014492753,144.0,2025
2025-04-30 18:10:00-04:00,2025-04-30 18:15:00-04:00,2025-04-30 18:15:00-04:00,LONG,223170,19930.5,19920.25,19920.5,19940.5,40,-205.0,14.2,-209.2,-1.046,STOP,2025-05-01,3.3882803943044904,79.3913043478261,269.0,2025
2025-04-30 18:40:00-04:00,2025-04-30 18:45:00-04:00,2025-04-30 18:52:00-04:00,SHORT,223176,19888.0,19881.5,19894.75,19881.25,27,130.0,14.2,125.8,0.9318518518518518,TARGET,2025-05-01,1.4737130339539979,52.927536231884055,78.0,2025
2025-05-01 19:20:00-04:00,2025-05-01 19:25:00-04:00,2025-05-01 19:29:00-04:00,LONG,223460,19821.25,19814.0,19814.25,19828.25,28,-145.0,14.2,-149.2,-1.0657142857142856,STOP,2025-05-02,1.7468354430379749,54.95652173913043,96.0,2025
2025-05-01 19:50:00-04:00,2025-05-01 19:55:00-04:00,2025-05-01 20:00:00-04:00,SHORT,223466,19796.5,19790.0,19803.25,19789.75,27,130.0,14.2,125.8,0.9318518518518518,TARGET,2025-05-02,1.4810126582278482,52.666666666666664,78.0,2025
2025-05-04 18:30:00-04:00,2025-05-04 18:35:00-04:00,2025-05-04 18:35:00-04:00,SHORT,223726,20140.0,20134.0,20146.25,20133.75,25,120.0,14.2,115.8,0.9264,TARGET,2025-05-05,2.9152097902097904,49.7391304347826,145.0,2025
2025-05-04 19:40:00-04:00,2025-05-04 19:45:00-04:00,2025-05-04 19:45:00-04:00,SHORT,223740,20084.75,20078.5,20091.25,20078.25,26,125.0,14.2,120.8,0.9292307692307692,TARGET,2025-05-05,1.6363636363636365,51.33333333333333,84.0,2025
2025-05-05 19:55:00-04:00,2025-05-05 20:00:00-04:00,2025-05-05 20:02:00-04:00,SHORT,224019,20006.5,20015.0,20014.75,19998.25,33,-170.0,14.2,-174.2,-1.0557575757575757,STOP,2025-05-06,1.3356164383561644,65.59420289855072,65.0,2025
2025-05-05 20:40:00-04:00,2025-05-05 20:45:00-04:00,2025-05-05 20:46:00-04:00,SHORT,224028,19978.75,19986.5,19986.25,19971.25,30,-155.0,14.2,-159.2,-1.0613333333333332,STOP,2025-05-06,1.5022015655577299,59.2463768115942,89.0,2025
2025-05-06 18:05:00-04:00,2025-05-06 18:10:00-04:00,2025-05-06 18:10:00-04:00,LONG,224273,20103.0,20094.0,20094.25,20111.75,35,-180.0,14.2,-184.2,-1.0525714285714285,STOP,2025-05-07,16.942092154420923,69.82608695652173,1183.0,2025
2025-05-06 18:35:00-04:00,2025-05-06 18:40:00-04:00,2025-05-06 18:40:00-04:00,SHORT,224279,20016.75,20023.0,20022.75,20010.75,24,-125.0,14.2,-129.2,-1.0766666666666667,STOP,2025-05-07,3.708538083538084,47.188405797101446,175.0,2025
2025-05-07 19:05:00-04:00,2025-05-07 19:10:00-04:00,2025-05-07 19:27:00-04:00,LONG,224561,19960.5,19967.0,19953.75,19967.25,27,130.0,14.2,125.8,0.9318518518518518,TARGET,2025-05-08,1.61,52.17391304347826,84.0,2025
2025-05-07 19:45:00-04:00,2025-05-07 19:50:00-04:00,2025-05-07 20:01:00-04:00,SHORT,224569,19951.75,19958.25,19958.0,19945.5,25,-130.0,14.2,-134.2,-1.0735999999999999,STOP,2025-05-08,1.54,50.0,77.0,2025
2025-05-08 18:35:00-04:00,2025-05-08 18:40:00-04:00,2025-05-08 18:41:00-04:00,SHORT,224831,20146.75,20153.0,20152.75,20140.75,24,-125.0,14.2,-129.2,-1.0766666666666667,STOP,2025-05-09,1.7400373599003738,46.55072463768116,81.0,2025
2025-05-08 19:30:00-04:00,2025-05-08 19:35:00-04:00,2025-05-08 19:36:00-04:00,SHORT,224842,20134.75,20141.25,20141.0,20128.5,25,-130.0,14.2,-134.2,-1.0735999999999999,STOP,2025-05-09,1.2945205479452055,48.666666666666664,63.0,2025
2025-05-11 18:15:00-04:00,2025-05-11 18:20:00-04:00,2025-05-11 18:22:00-04:00,LONG,225104,20450.0,20441.5,20441.75,20458.25,33,-170.0,14.2,-174.2,-1.0557575757575757,STOP,2025-05-12,2.1515151515151514,66.0,142.0,2025
2025-05-11 19:05:00-04:00,2025-05-11 19:10:00-04:00,2025-05-11 19:10:00-04:00,LONG,225114,20431.5,20425.25,20425.5,20437.5,24,-125.0,14.2,-129.2,-1.0766666666666667,STOP,2025-05-12,2.375,48.0,114.0,2025
2025-05-12 18:10:00-04:00,2025-05-12 18:15:00-04:00,2025-05-12 18:17:00-04:00,SHORT,225379,20935.5,20927.5,20943.75,20927.25,33,160.0,14.2,155.8,0.9442424242424243,TARGET,2025-05-13,1.4090909090909092,66.0,93.0,2025
2025-05-12 19:05:00-04:00,2025-05-12 19:10:00-04:00,2025-05-12 19:17:00-04:00,LONG,225390,20939.0,20944.75,20933.0,20945.0,24,115.0,14.2,110.8,0.9233333333333333,TARGET,2025-05-13,1.375,48.0,66.0,2025
2025-05-13 19:10:00-04:00,2025-05-13 19:15:00-04:00,2025-05-13 19:19:00-04:00,LONG,225667,21274.25,21268.0,21268.25,21280.25,24,-125.0,14.2,-129.2,-1.0766666666666667,STOP,2025-05-14,1.8958333333333333,48.0,91.0,2025
2025-05-13 19:40:00-04:00,2025-05-13 19:45:00-04:00,2025-05-13 19:50:00-04:00,LONG,225673,21289.75,21295.25,21284.0,21295.5,23,110.0,14.2,105.8,0.9199999999999999,TARGET,2025-05-14,1.7391304347826086,46.0,80.0,2025
2025-05-14 18:50:00-04:00,2025-05-14 18:55:00-04:00,2025-05-14 19:01:00-04:00,LONG,225939,21377.0,21382.0,21371.75,21382.25,21,100.0,14.2,95.8,0.9123809523809524,TARGET,2025-05-15,1.2545454545454546,41.449275362318836,52.0,2025
2025-05-14 21:05:00-04:00,2025-05-14 21:10:00-04:00,2025-05-14 21:21:00-04:00,LONG,225966,21385.0,21378.25,21378.5,21391.5,26,-135.0,14.2,-139.2,-1.0707692307692307,STOP,2025-05-15,1.4973958333333333,50.08695652173913,75.0,2025
2025-05-15 19:40:00-04:00,2025-05-15 19:45:00-04:00,2025-05-15 19:49:00-04:00,LONG,226225,21413.0,21407.5,21407.75,21418.25,21,-110.0,14.2,-114.2,-1.0876190476190477,STOP,2025-05-16,1.6666666666666667,42.0,70.0,2025
2025-05-15 20:50:00-04:00,2025-05-15 20:55:00-04:00,2025-05-15 20:57:00-04:00,SHORT,226239,21370.5,21364.25,21377.0,21364.0,26,125.0,14.2,120.8,0.9292307692307692,TARGET,2025-05-16,3.0705782312925165,51.1304347826087,157.0,2025
2025-05-18 18:15:00-04:00,2025-05-18 18:20:00-04:00,2025-05-18 18:20:00-04:00,SHORT,226486,21312.75,21320.5,21320.25,21305.25,30,-155.0,14.2,-159.2,-1.0613333333333332,STOP,2025-05-19,2.2280178837555886,58.34782608695652,130.0,2025
2025-05-18 18:50:00-04:00,2025-05-18 18:55:00-04:00,2025-05-18 18:57:00-04:00,LONG,226493,21347.5,21352.25,21342.5,21352.5,20,95.0,14.2,90.8,0.9079999999999999,TARGET,2025-05-19,1.38822652757079,38.89855072463768,54.0,2025
2025-05-19 19:15:00-04:00,2025-05-19 19:20:00-04:00,2025-05-19 19:22:00-04:00,LONG,226774,21523.5,21528.75,21518.0,21529.0,22,105.0,14.2,100.8,0.9163636363636364,TARGET,2025-05-20,2.1330645161290325,43.130434782608695,92.0,2025
2025-05-19 19:55:00-04:00,2025-05-19 20:00:00-04:00,2025-05-19 20:01:00-04:00,SHORT,226782,21536.25,21543.5,21543.25,21529.25,28,-145.0,14.2,-149.2,-1.0657142857142856,STOP,2025-05-20,2.7049180327868854,54.81159420289855,110.0,2025
2025-05-20 18:10:00-04:00,2025-05-20 18:15:00-04:00,2025-05-20 18:15:00-04:00,SHORT,227037,21357.25,21364.75,21364.5,21350.0,29,-150.0,14.2,-154.2,-1.063448275862069,STOP,2025-05-21,3.362878787878788,57.391304347826086,193.0,2025
2025-05-20 19:05:00-04:00,2025-05-20 19:10:00-04:00,2025-05-20 19:20:00-04:00,LONG,227048,21421.25,21415.75,21416.0,21426.5,21,-110.0,14.2,-114.2,-1.0876190476190477,STOP,2025-05-21,2.3958333333333335,41.73913043478261,100.0,2025
2025-05-21 18:10:00-04:00,2025-05-21 18:15:00-04:00,2025-05-21 18:15:00-04:00,SHORT,227313,21118.0,21125.75,21125.5,21110.5,30,-155.0,14.2,-159.2,-1.0613333333333332,STOP,2025-05-22,2.6907600596125185,58.34782608695652,157.0,2025
2025-05-21 19:15:00-04:00,2025-05-21 19:20:00-04:00,2025-05-21 19:22:00-04:00,LONG,227326,21158.5,21163.75,21153.0,21164.0,22,105.0,14.2,100.8,0.9163636363636364,TARGET,2025-05-22,1.6260245901639345,42.43478260869565,69.0,2025
2025-05-22 18:05:00-04:00,2025-05-22 18:10:00-04:00,2025-05-22 18:14:00-04:00,SHORT,227588,21206.25,21198.75,21214.0,21198.5,31,150.0,14.2,145.8,0.9406451612903226,TARGET,2025-05-23,2.041903409090909,61.21739130434783,125.0,2025
2025-05-22 18:55:00-04:00,2025-05-22 19:00:00-04:00,2025-05-22 19:02:00-04:00,SHORT,227598,21146.5,21141.0,21152.25,21140.75,23,110.0,14.2,105.8,0.9199999999999999,TARGET,2025-05-23,3.9939630681818183,44.52173913043478,163.0,2025
2025-05-25 18:10:00-04:00,2025-05-25 18:15:00-04:00,2025-05-25 18:15:00-04:00,LONG,227879,21110.25,21102.0,21102.25,21118.25,32,-165.0,14.2,-169.2,-1.0574999999999999,STOP,2025-05-26,8.300275482093664,63.130434782608695,524.0,2025
2025-05-25 18:40:00-04:00,2025-05-25 18:45:00-04:00,2025-05-25 18:45:00-04:00,SHORT,227885,21151.0,21145.75,21156.5,21145.5,22,105.0,14.2,100.8,0.9163636363636364,TARGET,2025-05-26,2.328512396694215,42.086956521739125,98.0,2025
2025-05-26 18:35:00-04:00,2025-05-26 18:40:00-04:00,2025-05-26 18:41:00-04:00,SHORT,228112,21234.75,21240.0,21239.75,21229.75,20,-105.0,14.2,-109.2,-1.092,STOP,2025-05-27,2.2258064516129035,39.53623188405797,88.0,2025
2025-05-26 19:25:00-04:00,2025-05-26 19:30:00-04:00,2025-05-26 19:30:00-04:00,SHORT,228122,21225.0,21230.5,21230.25,21219.75,21,-110.0,14.2,-114.2,-1.0876190476190477,STOP,2025-05-27,1.2983870967741935,41.33333333333333,56.0,2025
2025-05-27 18:05:00-04:00,2025-05-27 18:10:00-04:00,2025-05-27 18:18:00-04:00,SHORT,228382,21460.75,21468.25,21468.0,21453.5,29,-150.0,14.2,-154.2,-1.063448275862069,STOP,2025-05-28,1.2758089368258858,56.434782608695656,72.0,2025
2025-05-27 19:25:00-04:00,2025-05-27 19:30:00-04:00,2025-05-27 19:34:00-04:00,SHORT,228398,21470.25,21475.5,21475.25,21465.25,20,-105.0,14.2,-109.2,-1.092,STOP,2025-05-28,1.364406779661017,39.33333333333333,56.0,2025
2025-05-28 18:40:00-04:00,2025-05-28 18:45:00-04:00,2025-05-28 18:48:00-04:00,LONG,228665,21541.0,21545.5,21536.25,21545.75,19,90.0,14.2,85.8,0.903157894736842,TARGET,2025-05-29,3.217476489028214,36.985507246376805,119.0,2025
2025-05-28 19:10:00-04:00,2025-05-28 19:15:00-04:00,2025-05-28 19:15:00-04:00,LONG,228671,21702.5,21707.5,21697.25,21707.75,21,100.0,14.2,95.8,0.9123809523809524,TARGET,2025-05-29,5.725215517241379,40.34782608695652,231.0,2025
2025-05-29 18:25:00-04:00,2025-05-29 18:30:00-04:00,2025-05-29 18:32:00-04:00,SHORT,228938,21348.0,21353.25,21353.0,21343.0,20,-105.0,14.2,-109.2,-1.092,STOP,2025-05-30,1.4984848484848485,38.26086956521739,86.0,2025
2025-05-29 19:00:00-04:00,2025-05-29 19:05:00-04:00,2025-05-29 19:08:00-04:00,LONG,228945,21354.5,21359.5,21349.25,21359.75,21,100.0,14.2,95.8,0.9123809523809524,TARGET,2025-05-30,1.2697916666666667,41.73913043478261,53.0,2025
2025-06-01 18:15:00-04:00,2025-06-01 18:20:00-04:00,2025-06-01 18:20:00-04:00,LONG,229212,21340.25,21332.75,21333.0,21347.5,29,-150.0,14.2,-154.2,-1.063448275862069,STOP,2025-06-02,1.968939393939394,57.391304347826086,113.0,2025
2025-06-01 18:55:00-04:00,2025-06-01 19:00:00-04:00,2025-06-01 19:00:00-04:00,SHORT,229220,21310.75,21316.25,21316.0,21305.5,21,-110.0,14.2,-114.2,-1.0876190476190477,STOP,2025-06-02,1.3590909090909091,41.73913043478261,52.0,2025
2025-06-02 18:05:00-04:00,2025-06-02 18:10:00-04:00,2025-06-02 18:11:00-04:00,SHORT,229486,21542.0,21535.25,21549.0,21535.0,28,135.0,14.2,130.8,0.9342857142857144,TARGET,2025-06-03,1.4780564263322884,55.47826086956522,82.0,2025
2025-06-02 19:05:00-04:00,2025-06-02 19:10:00-04:00,2025-06-02 19:12:00-04:00,LONG,229498,21528.5,21533.5,21523.25,21533.75,21,100.0,14.2,95.8,0.9123809523809524,TARGET,2025-06-03,1.5614224137931034,40.34782608695652,63.0,2025
2025-06-03 18:30:00-04:00,2025-06-03 18:35:00-04:00,2025-06-03 18:39:00-04:00,LONG,229767,21717.75,21712.5,21712.75,21722.75,20,-105.0,14.2,-109.2,-1.092,STOP,2025-06-04,1.3152492668621703,39.53623188405797,52.0,2025
2025-06-03 19:35:00-04:00,2025-06-03 19:40:00-04:00,2025-06-03 19:40:00-04:00,SHORT,229780,21706.5,21712.0,21711.75,21701.25,21,-110.0,14.2,-114.2,-1.0876190476190477,STOP,2025-06-04,1.9112903225806455,41.33333333333333,79.0,2025
2025-06-04 18:45:00-04:00,2025-06-04 18:50:00-04:00,2025-06-04 19:03:00-04:00,SHORT,230046,21752.75,21758.0,21757.75,21747.75,20,-105.0,14.2,-109.2,-1.092,STOP,2025-06-05,2.2880029806259317,38.89855072463768,89.0,2025
2025-06-04 22:35:00-04:00,2025-06-04 22:40:00-04:00,2025-06-04 22:40:00-04:00,LONG,230092,21744.75,21739.5,21739.75,21749.75,20,-105.0,14.2,-109.2,-1.092,STOP,2025-06-05,1.2596870342771982,38.89855072463768,49.0,2025
2025-06-05 18:05:00-04:00,2025-06-05 18:10:00-04:00,2025-06-05 18:11:00-04:00,LONG,230314,21499.75,21492.25,21492.5,21507.0,29,-150.0,14.2,-154.2,-1.063448275862069,STOP,2025-06-06,3.066666666666667,57.391304347826086,176.0,2025
2025-06-05 18:50:00-04:00,2025-06-05 18:55:00-04:00,2025-06-05 18:55:00-04:00,LONG,230323,21551.25,21556.0,21546.25,21556.25,20,95.0,14.2,90.8,0.9079999999999999,TARGET,2025-06-06,2.3,38.26086956521739,88.0,2025
2025-06-08 18:15:00-04:00,2025-06-08 18:20:00-04:00,2025-06-08 18:21:00-04:00,SHORT,230593,21755.25,21762.5,21762.25,21748.25,28,-145.0,14.2,-149.2,-1.0657142857142856,STOP,2025-06-09,2.6228070175438596,54.52173913043478,143.0,2025
2025-06-08 18:50:00-04:00,2025-06-08 18:55:00-04:00,2025-06-08 18:55:00-04:00,SHORT,230600,21740.5,21745.5,21745.25,21735.75,19,-100.0,14.2,-104.2,-1.0968421052631578,STOP,2025-06-09,1.5131578947368423,36.347826086956516,55.0,2025
2025-06-09 18:05:00-04:00,2025-06-09 18:10:00-04:00,2025-06-09 18:14:00-04:00,LONG,230867,21832.75,21839.0,21826.25,21839.25,26,125.0,14.2,120.8,0.9292307692307692,TARGET,2025-06-10,2.012006861063465,50.69565217391305,102.0,2025
2025-06-09 20:05:00-04:00,2025-06-09 20:10:00-04:00,2025-06-09 20:17:00-04:00,SHORT,230891,21820.25,21826.5,21826.25,21814.25,24,-125.0,14.2,-129.2,-1.0766666666666667,STOP,2025-06-10,1.2841191066997517,46.72463768115942,60.0,2025
2025-06-10 18:55:00-04:00,2025-06-10 19:00:00-04:00,2025-06-10 19:01:00-04:00,LONG,231153,21975.75,21970.75,21971.0,21980.5,19,-100.0,14.2,-104.2,-1.0968421052631578,STOP,2025-06-11,3.980769230769231,36.17391304347826,132.0,2025
2025-06-10 19:25:00-04:00,2025-06-10 19:30:00-04:00,2025-06-10 19:30:00-04:00,SHORT,231159,21971.25,21976.0,21975.75,21966.75,18,-95.0,14.2,-99.2,-1.1022222222222222,STOP,2025-06-11,2.183894230769231,34.666666666666664,79.0,2025
2025-06-11 18:05:00-04:00,2025-06-11 18:10:00-04:00,2025-06-11 18:15:00-04:00,SHORT,231419,21868.0,21874.5,21874.25,21861.75,25,-130.0,14.2,-134.2,-1.0735999999999999,STOP,2025-06-12,3.277097902097902,49.73913043478261,163.0,2025
2025-06-11 18:40:00-04:00,2025-06-11 18:45:00-04:00,2025-06-11 18:45:00-04:00,SHORT,231426,21881.0,21877.0,21885.25,21876.75,17,80.0,14.2,75.8,0.8917647058823529,TARGET,2025-06-12,1.8697552447552448,33.15942028985507,62.0,2025
2025-06-12 18:05:00-04:00,2025-06-12 18:10:00-04:00,2025-06-12 18:22:00-04:00,SHORT,231695,21891.0,21884.25,21898.0,21884.0,28,135.0,14.2,130.8,0.9342857142857144,TARGET,2025-06-13,1.9228896103896103,54.04347826086957,103.0,2025
2025-06-12 18:50:00-04:00,2025-06-12 18:55:00-04:00,2025-06-12 19:02:00-04:00,LONG,231704,21880.5,21875.5,21875.75,21885.25,19,-100.0,14.2,-104.2,-1.0968421052631578,STOP,2025-06-13,1.40311004784689,36.347826086956516,51.0,2025
2025-06-15 18:10:00-04:00,2025-06-15 18:15:00-04:00,2025-06-15 18:15:00-04:00,SHORT,231973,21814.0,21821.75,21821.5,21806.5,30,-155.0,14.2,-159.2,-1.0613333333333332,STOP,2025-06-16,3.581967213114754,58.34782608695652,209.0,2025
2025-06-15 18:40:00-04:00,2025-06-15 18:45:00-04:00,2025-06-15 18:45:00-04:00,SHORT,231979,21851.75,21857.0,21856.75,21846.75,20,-105.0,14.2,-109.2,-1.092,STOP,2025-06-16,2.2108792846497765,38.89855072463768,86.0,2025
2025-06-16 18:05:00-04:00,2025-06-16 18:10:00-04:00,2025-06-16 18:12:00-04:00,SHORT,232248,22157.75,22150.5,22165.25,22150.25,30,145.0,14.2,140.8,0.9386666666666668,TARGET,2025-06-17,1.4164222873900292,59.30434782608696,84.0,2025
2025-06-16 18:35:00-04:00,2025-06-16 18:40:00-04:00,2025-06-16 18:41:00-04:00,SHORT,232254,22115.0,22110.25,22120.0,22110.0,20,95.0,14.2,90.8,0.9079999999999999,TARGET,2025-06-17,3.237536656891496,39.53623188405797,128.0,2025
2025-06-17 18:10:00-04:00,2025-06-17 18:15:00-04:00,2025-06-17 18:15:00-04:00,LONG,232525,21914.5,21922.5,21906.25,21922.75,33,160.0,14.2,155.8,0.9442424242424243,TARGET,2025-06-18,1.522058823529412,65.04347826086956,99.0,2025
2025-06-17 18:40:00-04:00,2025-06-17 18:45:00-04:00,2025-06-17 18:45:00-04:00,SHORT,232531,21891.25,21886.0,21896.75,21885.75,22,105.0,14.2,100.8,0.9163636363636364,TARGET,2025-06-18,1.406751336898396,43.362318840579704,61.0,2025
2025-06-18 18:10:00-04:00,2025-06-18 18:15:00-04:00,2025-06-18 18:23:00-04:00,SHORT,232801,21928.5,21920.25,21937.0,21920.0,34,165.0,14.2,160.8,0.9458823529411765,TARGET,2025-06-19,1.612987012987013,66.95652173913044,108.0,2025
2025-06-18 19:50:00-04:00,2025-06-18 19:55:00-04:00,2025-06-18 20:01:00-04:00,LONG,232821,21943.25,21949.0,21937.25,21949.25,24,115.0,14.2,110.8,0.9233333333333333,TARGET,2025-06-19,2.357142857142857,46.666666666666664,110.0,2025
2025-06-19 18:05:00-04:00,2025-06-19 18:10:00-04:00,2025-06-19 18:10:00-04:00,LONG,233028,21831.0,21822.5,21822.75,21839.25,33,-170.0,14.2,-174.2,-1.0557575757575757,STOP,2025-06-20,8.671122994652407,65.04347826086956,564.0,2025
2025-06-19 18:35:00-04:00,2025-06-19 18:40:00-04:00,2025-06-19 18:40:00-04:00,LONG,233034,21887.25,21881.5,21881.75,21892.75,22,-115.0,14.2,-119.2,-1.0836363636363637,STOP,2025-06-20,3.045454545454546,43.99999999999999,134.0,2025
2025-06-22 18:30:00-04:00,2025-06-22 18:35:00-04:00,2025-06-22 18:36:00-04:00,LONG,233310,21754.0,21748.25,21748.5,21759.5,22,-115.0,14.2,-119.2,-1.0836363636363637,STOP,2025-06-23,3.2977941176470593,43.362318840579704,143.0,2025
2025-06-22 19:05:00-04:00,2025-06-22 19:10:00-04:00,2025-06-22 19:10:00-04:00,SHORT,233317,21747.25,21741.5,21753.25,21741.25,24,115.0,14.2,110.8,0.9233333333333333,TARGET,2025-06-23,1.6185185185185187,47.30434782608695,76.0,2025
2025-06-23 18:05:00-04:00,2025-06-23 18:10:00-04:00,2025-06-23 18:10:00-04:00,LONG,233581,22142.0,22149.5,22134.25,22149.75,31,150.0,14.2,145.8,0.9406451612903226,TARGET,2025-06-24,5.592352092352092,60.26086956521739,337.0,2025
2025-06-23 18:55:00-04:00,2025-06-23 19:00:00-04:00,2025-06-23 19:00:00-04:00,LONG,233591,22197.0,22202.5,22191.25,22202.75,23,110.0,14.2,105.8,0.9199999999999999,TARGET,2025-06-24,1.4701704545454546,44.52173913043478,60.0,2025
2025-06-24 18:05:00-04:00,2025-06-24 18:10:00-04:00,2025-06-24 18:11:00-04:00,SHORT,233857,22392.5,22400.25,22400.0,22385.0,30,-155.0,14.2,-159.2,-1.0613333333333332,STOP,2025-06-25,1.8548387096774193,59.30434782608696,110.0,2025
2025-06-24 20:00:00-04:00,2025-06-24 20:05:00-04:00,2025-06-24 20:08:00-04:00,LONG,233880,22416.75,22423.5,22409.75,22423.75,28,135.0,14.2,130.8,0.9342857142857144,TARGET,2025-06-25,1.884755463059313,55.710144927536234,105.0,2025
2025-06-25 18:15:00-04:00,2025-06-25 18:20:00-04:00,2025-06-25 18:24:00-04:00,LONG,234135,22473.0,22466.0,22466.25,22479.75,27,-140.0,14.2,-144.2,-1.068148148148148,STOP,2025-06-26,1.5586776859504132,52.608695652173914,82.0,2025
2025-06-25 19:05:00-04:00,2025-06-25 19:10:00-04:00,2025-06-25 19:10:00-04:00,SHORT,234145,22448.75,22454.0,22453.75,22443.75,20,-105.0,14.2,-109.2,-1.092,STOP,2025-06-26,2.5613636363636365,38.26086956521739,98.0,2025
2025-06-26 18:10:00-04:00,2025-06-26 18:15:00-04:00,2025-06-26 18:15:00-04:00,LONG,234410,22687.75,22681.5,22681.75,22693.75,24,-125.0,14.2,-129.2,-1.0766666666666667,STOP,2025-06-27,1.4636363636363636,47.82608695652174,70.0,2025
2025-06-26 19:25:00-04:00,2025-06-26 19:30:00-04:00,2025-06-26 19:33:00-04:00,LONG,234425,22684.5,22680.0,22680.25,22688.75,17,-90.0,14.2,-94.2,-1.108235294117647,STOP,2025-06-27,1.3225,33.33333333333333,46.0,2025
2025-06-29 18:30:00-04:00,2025-06-29 18:35:00-04:00,2025-06-29 18:36:00-04:00,LONG,234693,22808.75,22812.5,22804.75,22812.75,16,75.0,14.2,70.8,0.885,TARGET,2025-06-30,2.678977272727273,30.60869565217391,82.0,2025
2025-06-29 19:05:00-04:00,2025-06-29 19:10:00-04:00,2025-06-29 19:10:00-04:00,LONG,234700,22840.5,22836.0,22836.25,22844.75,17,-90.0,14.2,-94.2,-1.108235294117647,STOP,2025-06-30,2.0364583333333335,33.391304347826086,68.0,2025
2025-06-30 18:10:00-04:00,2025-06-30 18:15:00-04:00,2025-06-30 18:27:00-04:00,LONG,234965,22879.25,22873.5,22873.75,22884.75,22,-115.0,14.2,-119.2,-1.0836363636363637,STOP,2025-07-01,1.4636363636363634,43.04347826086957,63.0,2025
2025-06-30 19:30:00-04:00,2025-06-30 19:35:00-04:00,2025-06-30 19:36:00-04:00,SHORT,234981,22854.75,22858.75,22858.5,22851.0,15,-80.0,14.2,-84.2,-1.1226666666666667,STOP,2025-07-01,1.7,30.0,51.0,2025
2025-07-01 18:35:00-04:00,2025-07-01 18:40:00-04:00,2025-07-01 18:42:00-04:00,LONG,235246,22709.5,22712.75,22706.0,22713.0,14,65.0,14.2,60.8,0.8685714285714285,TARGET,2025-07-02,1.978896103896104,26.782608695652172,53.0,2025
2025-07-01 19:15:00-04:00,2025-07-01 19:20:00-04:00,2025-07-01 19:22:00-04:00,SHORT,235254,22713.25,22709.75,22717.0,22709.5,15,70.0,14.2,65.8,0.8773333333333333,TARGET,2025-07-02,1.642857142857143,29.217391304347824,48.0,2025
2025-07-02 20:20:00-04:00,2025-07-02 20:25:00-04:00,2025-07-02 20:27:00-04:00,LONG,235543,22851.75,22846.75,22847.0,22856.5,19,-100.0,14.2,-104.2,-1.0968421052631578,STOP,2025-07-03,1.4114870180959873,36.84057971014493,52.0,2025
2025-07-02 21:25:00-04:00,2025-07-02 21:30:00-04:00,2025-07-02 21:39:00-04:00,LONG,235556,22859.25,22854.5,22854.75,22863.75,18,-95.0,14.2,-99.2,-1.1022222222222222,STOP,2025-07-03,1.4336043360433603,34.463768115942024,46.0,2025
2025-07-03 18:05:00-04:00,2025-07-03 18:10:00-04:00,2025-07-03 18:10:00-04:00,SHORT,235747,23044.75,23050.0,23049.75,23039.75,20,-105.0,14.2,-109.2,-1.092,STOP,2025-07-04,3.9523281596452327,39.21739130434783,155.0,2025
2025-07-03 19:05:00-04:00,2025-07-03 19:10:00-04:00,2025-07-03 19:14:00-04:00,LONG,235759,23043.0,23039.0,23039.25,23046.75,15,-80.0,14.2,-84.2,-1.1226666666666667,STOP,2025-07-04,1.6478658536585367,28.52173913043478,47.0,2025
2025-07-06 18:20:00-04:00,2025-07-06 18:25:00-04:00,2025-07-06 18:25:00-04:00,LONG,235978,22996.75,22991.5,22991.75,23001.75,20,-105.0,14.2,-109.2,-1.092,STOP,2025-07-07,1.6319290465631928,39.21739130434783,64.0,2025
2025-07-06 19:00:00-04:00,2025-07-06 19:05:00-04:00,2025-07-06 19:06:00-04:00,SHORT,235986,22970.5,22967.0,22974.25,22966.75,15,70.0,14.2,65.8,0.8773333333333333,TARGET,2025-07-07,2.9451219512195124,28.52173913043478,84.0,2025
2025-07-07 18:10:00-04:00,2025-07-07 18:15:00-04:00,2025-07-07 18:17:00-04:00,LONG,236252,22833.5,22828.0,22828.25,22838.75,21,-110.0,14.2,-114.2,-1.0876190476190477,STOP,2025-07-08,1.4101479915433404,41.130434782608695,58.0,2025
2025-07-07 18:40:00-04:00,2025-07-07 18:45:00-04:00,2025-07-07 18:45:00-04:00,LONG,236258,22850.5,22846.75,22847.0,22854.0,14,-75.0,14.2,-79.2,-1.1314285714285715,STOP,2025-07-08,1.6411205073995774,27.42028985507246,45.0,2025
2025-07-08 18:05:00-04:00,2025-07-08 18:10:00-04:00,2025-07-08 18:13:00-04:00,LONG,236527,22915.25,22909.75,22910.0,22920.5,21,-110.0,14.2,-114.2,-1.0876190476190477,STOP,2025-07-09,1.945031712473573,41.130434782608695,80.0,2025
2025-07-08 19:25:00-04:00,2025-07-08 19:30:00-04:00,2025-07-08 19:33:00-04:00,SHORT,236543,22904.75,22901.25,22908.5,22901.0,15,70.0,14.2,65.8,0.8773333333333333,TARGET,2025-07-09,3.242732558139535,28.666666666666664,97.0,2025
2025-07-09 18:30:00-04:00,2025-07-09 18:35:00-04:00,2025-07-09 18:35:00-04:00,SHORT,236808,23054.75,23058.5,23058.25,23051.25,14,-75.0,14.2,-79.2,-1.1314285714285715,STOP,2025-07-10,1.6411205073995774,27.42028985507246,45.0,2025
2025-07-09 20:05:00-04:00,2025-07-09 20:10:00-04:00,2025-07-09 20:13:00-04:00,SHORT,236827,23021.0,23016.25,23026.0,23016.0,20,95.0,14.2,90.8,0.9079999999999999,TARGET,2025-07-10,1.5787696924231058,38.63768115942029,61.0,2025
2025-07-10 18:05:00-04:00,2025-07-10 18:10:00-04:00,2025-07-10 18:13:00-04:00,LONG,237079,23023.5,23028.25,23018.5,23028.5,20,95.0,14.2,90.8,0.9079999999999999,TARGET,2025-07-11,1.9889135254988912,39.21739130434783,78.0,2025
2025-07-10 19:50:00-04:00,2025-07-10 19:55:00-04:00,2025-07-10 19:58:00-04:00,LONG,237100,23047.75,23044.0,23044.25,23051.25,14,-75.0,14.2,-79.2,-1.1314285714285715,STOP,2025-07-11,1.3902439024390245,27.333333333333332,38.0,2025
2025-07-13 18:25:00-04:00,2025-07-13 18:30:00-04:00,2025-07-13 18:32:00-04:00,LONG,237359,22848.0,22851.5,22844.25,22851.75,15,70.0,14.2,65.8,0.8773333333333333,TARGET,2025-07-14,2.6611570247933884,28.05797101449275,112.0,2025
2025-07-13 19:05:00-04:00,2025-07-13 19:10:00-04:00,2025-07-13 19:10:00-04:00,SHORT,237367,22864.5,22868.75,22868.5,22860.5,16,-85.0,14.2,-89.2,-1.115,STOP,2025-07-14,3.953125,30.608695652173914,121.0,2025
2025-07-14 18:05:00-04:00,2025-07-14 18:10:00-04:00,2025-07-14 18:17:00-04:00,SHORT,237631,23021.25,23016.0,23026.75,23015.75,22,105.0,14.2,100.8,0.9163636363636364,TARGET,2025-07-15,1.853305785123967,42.08695652173913,78.0,2025
2025-07-14 18:35:00-04:00,2025-07-14 18:40:00-04:00,2025-07-14 18:43:00-04:00,SHORT,237637,23003.75,23007.5,23007.25,23000.25,14,-75.0,14.2,-79.2,-1.1314285714285715,STOP,2025-07-15,1.312896405919662,27.42028985507246,36.0,2025
2025-07-15 18:05:00-04:00,2025-07-15 18:10:00-04:00,2025-07-15 18:10:00-04:00,LONG,237907,23023.25,23017.75,23018.0,23028.5,21,-110.0,14.2,-114.2,-1.0876190476190477,STOP,2025-07-16,1.653276955602537,41.130434782608695,68.0,2025
2025-07-15 18:35:00-04:00,2025-07-15 18:40:00-04:00,2025-07-15 18:40:00-04:00,SHORT,237913,22989.25,22986.0,22992.75,22985.75,14,65.0,14.2,60.8,0.8685714285714285,TARGET,2025-07-16,5.616279069767442,27.42028985507246,154.0,2025
2025-07-16 18:05:00-04:00,2025-07-16 18:10:00-04:00,2025-07-16 18:12:00-04:00,SHORT,238183,23053.25,23048.0,23058.75,23047.75,22,105.0,14.2,100.8,0.9163636363636364,TARGET,2025-07-17,1.7345041322314048,42.08695652173913,73.0,2025
2025-07-16 19:45:00-04:00,2025-07-16 19:50:00-04:00,2025-07-16 19:51:00-04:00,LONG,238203,23044.25,23040.25,23040.5,23048.0,15,-80.0,14.2,-84.2,-1.1226666666666667,STOP,2025-07-17,1.6395348837209303,29.0,47.0,2025
2025-07-17 18:05:00-04:00,2025-07-17 18:10:00-04:00,2025-07-17 18:12:00-04:00,SHORT,238459,23252.0,23257.5,23257.25,23246.75,21,-110.0,14.2,-114.2,-1.0876190476190477,STOP,2025-07-18,1.9693446088794926,41.130434782608695,81.0,2025
2025-07-17 19:10:00-04:00,2025-07-17 19:15:00-04:00,2025-07-17 19:16:00-04:00,LONG,238472,23273.25,23276.75,23269.5,23277.0,15,70.0,14.2,65.8,0.8773333333333333,TARGET,2025-07-18,1.6380813953488373,29.913043478260867,49.0,2025
2025-07-20 18:05:00-04:00,2025-07-20 18:10:00-04:00,2025-07-20 18:13:00-04:00,SHORT,238738,23212.5,23218.0,23217.75,23207.25,21,-110.0,14.2,-114.2,-1.0876190476190477,STOP,2025-07-21,2.016233766233766,40.173913043478265,81.0,2025
2025-07-20 18:40:00-04:00,2025-07-20 18:45:00-04:00,2025-07-20 18:53:00-04:00,LONG,238745,23239.25,23242.5,23235.75,23242.75,14,65.0,14.2,60.8,0.8685714285714285,TARGET,2025-07-21,2.1655844155844157,26.782608695652172,58.0,2025
2025-07-21 18:05:00-04:00,2025-07-21 18:10:00-04:00,2025-07-21 18:13:00-04:00,LONG,239014,23347.25,23342.25,23342.5,23352.0,19,-100.0,14.2,-104.2,-1.0968421052631578,STOP,2025-07-22,1.8708133971291865,36.34782608695652,68.0,2025
2025-07-21 19:50:00-04:00,2025-07-21 19:55:00-04:00,2025-07-21 19:55:00-04:00,SHORT,239035,23341.0,23344.5,23344.25,23337.75,13,-70.0,14.2,-74.2,-1.1415384615384616,STOP,2025-07-22,2.22972972972973,24.666666666666664,55.0,2025
2025-07-22 18:05:00-04:00,2025-07-22 18:10:00-04:00,2025-07-22 18:10:00-04:00,LONG,239290,23194.0,23189.25,23189.5,23198.5,18,-95.0,14.2,-99.2,-1.1022222222222222,STOP,2025-07-23,1.9457070707070705,34.434782608695656,67.0,2025
2025-07-22 18:55:00-04:00,2025-07-22 19:00:00-04:00,2025-07-22 19:03:00-04:00,LONG,239300,23181.25,23184.25,23178.0,23184.5,13,60.0,14.2,55.8,0.8584615384615384,TARGET,2025-07-23,1.960227272727273,25.043478260869563,45.0,2025
2025-07-23 18:40:00-04:00,2025-07-23 18:45:00-04:00,2025-07-23 18:46:00-04:00,SHORT,239573,23390.0,23387.25,23393.0,23387.0,12,55.0,14.2,50.8,0.8466666666666666,TARGET,2025-07-24,1.960227272727273,22.956521739130434,45.0,2025
2025-07-23 19:10:00-04:00,2025-07-23 19:15:00-04:00,2025-07-23 19:15:00-04:00,LONG,239579,23401.5,23398.0,23398.25,23404.75,13,-70.0,14.2,-74.2,-1.1415384615384616,STOP,2025-07-24,2.0763888888888893,25.043478260869563,52.0,2025
2025-07-24 18:35:00-04:00,2025-07-24 18:40:00-04:00,2025-07-24 18:52:00-04:00,SHORT,239848,23407.0,23404.25,23410.0,23404.0,12,55.0,14.2,50.8,0.8466666666666666,TARGET,2025-07-25,1.5233766233766235,22.318840579710145,34.0,2025
2025-07-24 19:15:00-04:00,2025-07-24 19:20:00-04:00,2025-07-24 19:20:00-04:00,SHORT,239856,23394.25,23397.75,23397.5,23391.0,13,-70.0,14.2,-74.2,-1.1415384615384616,STOP,2025-07-25,1.7660714285714287,24.34782608695652,43.0,2025
2025-07-27 18:20:00-04:00,2025-07-27 18:25:00-04:00,2025-07-27 18:26:00-04:00,LONG,240121,23519.5,23523.5,23515.25,23523.75,17,80.0,14.2,75.8,0.8917647058823529,TARGET,2025-07-28,1.4759358288770055,32.52173913043478,48.0,2025
2025-07-27 18:50:00-04:00,2025-07-27 18:55:00-04:00,2025-07-27 18:56:00-04:00,SHORT,240127,23509.0,23512.25,23512.0,23506.0,12,-65.0,14.2,-69.2,-1.1533333333333333,STOP,2025-07-28,1.8910427807486634,21.681159420289852,41.0,2025
2025-07-28 20:15:00-04:00,2025-07-28 20:20:00-04:00,2025-07-28 20:22:00-04:00,SHORT,240420,23523.5,23527.75,23527.5,23519.5,16,-85.0,14.2,-89.2,-1.115,STOP,2025-07-29,1.374762808349146,30.55072463768116,42.0,2025
2025-07-28 22:00:00-04:00,2025-07-28 22:05:00-04:00,2025-07-28 22:06:00-04:00,SHORT,240441,23525.5,23529.0,23528.75,23522.25,13,-70.0,14.2,-74.2,-1.1415384615384616,STOP,2025-07-29,1.3394117647058823,24.63768115942029,33.0,2025
2025-07-29 18:05:00-04:00,2025-07-29 18:10:00-04:00,2025-07-29 18:17:00-04:00,LONG,240670,23461.75,23465.75,23457.5,23466.0,17,80.0,14.2,75.8,0.8917647058823529,TARGET,2025-07-30,2.552139037433155,32.52173913043478,83.0,2025
2025-07-29 19:15:00-04:00,2025-07-29 19:20:00-04:00,2025-07-29 19:21:00-04:00,SHORT,240684,23471.75,23475.0,23474.75,23468.75,12,-65.0,14.2,-69.2,-1.1533333333333333,STOP,2025-07-30,1.3106617647058825,23.652173913043477,31.0,2025
2025-07-30 18:10:00-04:00,2025-07-30 18:15:00-04:00,2025-07-30 18:17:00-04:00,SHORT,240947,23693.75,23698.0,23697.75,23689.75,16,-85.0,14.2,-89.2,-1.115,STOP,2025-07-31,2.756198347107438,31.565217391304348,87.0,2025
2025-07-30 18:40:00-04:00,2025-07-30 18:45:00-04:00,2025-07-30 18:45:00-04:00,LONG,240953,23725.5,23728.25,23722.5,23728.5,12,55.0,14.2,50.8,0.8466666666666666,TARGET,2025-07-31,1.8057851239669425,21.043478260869563,38.0,2025
2025-07-31 18:05:00-04:00,2025-07-31 18:10:00-04:00,2025-07-31 18:10:00-04:00,LONG,241222,23344.25,23339.75,23340.0,23348.5,17,-90.0,14.2,-94.2,-1.108235294117647,STOP,2025-08-01,4.550802139037433,32.52173913043478,148.0,2025
2025-07-31 18:40:00-04:00,2025-07-31 18:45:00-04:00,2025-07-31 18:45:00-04:00,SHORT,241229,23272.5,23275.75,23275.5,23269.5,12,-65.0,14.2,-69.2,-1.1533333333333333,STOP,2025-08-01,8.163770053475938,21.681159420289852,177.0,2025
2025-08-03 18:10:00-04:00,2025-08-03 18:15:00-04:00,2025-08-03 18:16:00-04:00,SHORT,241502,22832.25,22837.5,22837.25,22827.25,20,-105.0,14.2,-109.2,-1.092,STOP,2025-08-04,5.671590909090909,38.26086956521739,217.0,2025
2025-08-03 18:40:00-04:00,2025-08-03 18:45:00-04:00,2025-08-03 18:45:00-04:00,LONG,241508,22892.0,22888.5,22888.75,22895.25,13,-70.0,14.2,-74.2,-1.1415384615384616,STOP,2025-08-04,3.7636363636363637,25.507246376811594,96.0,2025
2025-08-04 18:05:00-04:00,2025-08-04 18:10:00-04:00,2025-08-04 18:13:00-04:00,SHORT,241777,23335.5,23341.25,23341.0,23330.0,22,-115.0,14.2,-119.2,-1.0836363636363637,STOP,2025-08-05,2.3464646464646464,43.04347826086957,101.0,2025
2025-08-04 18:35:00-04:00,2025-08-04 18:40:00-04:00,2025-08-04 18:41:00-04:00,SHORT,241783,23322.0,23318.5,23325.75,23318.25,15,70.0,14.2,65.8,0.8773333333333333,TARGET,2025-08-05,1.7075757575757577,28.69565217391304,49.0,2025
2025-08-05 18:10:00-04:00,2025-08-05 18:15:00-04:00,2025-08-05 18:15:00-04:00,SHORT,242054,23061.25,23055.5,23067.25,23055.25,24,115.0,14.2,110.8,0.9233333333333333,TARGET,2025-08-06,2.1954545454545453,47.82608695652174,105.0,2025
2025-08-05 19:25:00-04:00,2025-08-05 19:30:00-04:00,2025-08-05 19:32:00-04:00,SHORT,242069,23079.0,23075.0,23083.25,23074.75,17,80.0,14.2,75.8,0.8917647058823529,TARGET,2025-08-06,1.35125,33.33333333333333,47.0,2025
2025-08-06 18:05:00-04:00,2025-08-06 18:10:00-04:00,2025-08-06 18:10:00-04:00,SHORT,242329,23400.75,23407.5,23407.25,23394.25,26,-135.0,14.2,-139.2,-1.0707692307692307,STOP,2025-08-07,4.201543739279588,51.173913043478265,213.0,2025
2025-08-06 18:40:00-04:00,2025-08-06 18:45:00-04:00,2025-08-06 18:47:00-04:00,SHORT,242336,23463.75,23459.5,23468.25,23459.25,18,85.0,14.2,80.8,0.8977777777777778,TARGET,2025-08-07,1.5391414141414144,34.43478260869565,53.0,2025
2025-08-07 18:10:00-04:00,2025-08-07 18:15:00-04:00,2025-08-07 18:16:00-04:00,LONG,242606,23547.5,23554.25,23540.5,23554.5,28,135.0,14.2,130.8,0.9342857142857144,TARGET,2025-08-08,1.6323763955342903,54.52173913043478,89.0,2025
2025-08-07 18:40:00-04:00,2025-08-07 18:45:00-04:00,2025-08-07 18:47:00-04:00,SHORT,242612,23544.25,23549.25,23549.0,23539.5,19,-100.0,14.2,-104.2,-1.0968421052631578,STOP,2025-08-08,1.5956937799043065,36.347826086956516,58.0,2025
2025-08-10 18:05:00-04:00,2025-08-10 18:10:00-04:00,2025-08-10 18:12:00-04:00,SHORT,242882,23731.75,23725.5,23738.25,23725.25,26,125.0,14.2,120.8,0.9292307692307692,TARGET,2025-08-11,3.1363636363636362,50.69565217391305,159.0,2025
2025-08-10 20:05:00-04:00,2025-08-10 20:10:00-04:00,2025-08-10 20:15:00-04:00,LONG,242906,23726.75,23732.5,23720.75,23732.75,24,115.0,14.2,110.8,0.9233333333333333,TARGET,2025-08-11,1.6265508684863523,46.72463768115942,76.0,2025
2025-08-11 18:20:00-04:00,2025-08-11 18:25:00-04:00,2025-08-11 18:32:00-04:00,SHORT,243161,23616.75,23622.75,23622.5,23611.0,23,-120.0,14.2,-124.2,-1.08,STOP,2025-08-12,1.611742424242424,45.913043478260875,74.0,2025
2025-08-11 18:55:00-04:00,2025-08-11 19:00:00-04:00,2025-08-11 19:01:00-04:00,LONG,243168,23637.75,23641.75,23633.5,23642.0,17,80.0,14.2,75.8,0.8917647058823529,TARGET,2025-08-12,1.7350096711798841,32.69565217391304,52.0,2025
2025-08-12 22:25:00-04:00,2025-08-12 22:30:00-04:00,2025-08-12 22:32:00-04:00,LONG,243486,23945.5,23941.5,23941.75,23949.25,15,-80.0,14.2,-84.2,-1.1226666666666667,STOP,2025-08-13,1.38,29.333333333333332,46.0,2025
2025-08-12 23:30:00-04:00,2025-08-12 23:35:00-04:00,2025-08-12 23:43:00-04:00,SHORT,243499,23942.75,23946.25,23946.0,23939.5,13,-70.0,14.2,-74.2,-1.1415384615384616,STOP,2025-08-13,1.6578947368421053,25.333333333333332,42.0,2025
2025-08-13 18:30:00-04:00,2025-08-13 18:35:00-04:00,2025-08-13 18:43:00-04:00,LONG,243715,23933.5,23937.0,23929.75,23937.25,15,70.0,14.2,65.8,0.8773333333333333,TARGET,2025-08-14,1.425619834710744,28.05797101449275,40.0,2025
2025-08-13 19:45:00-04:00,2025-08-13 19:50:00-04:00,2025-08-13 19:55:00-04:00,LONG,243730,23955.75,23951.75,23952.0,23959.5,15,-80.0,14.2,-84.2,-1.1226666666666667,STOP,2025-08-14,1.5340909090909092,29.333333333333332,45.0,2025
2025-08-14 18:10:00-04:00,2025-08-14 18:15:00-04:00,2025-08-14 18:18:00-04:00,LONG,243987,23894.75,23889.25,23889.5,23900.0,21,-110.0,14.2,-114.2,-1.0876190476190477,STOP,2025-08-15,1.3192640692640691,40.173913043478265,53.0,2025
2025-08-14 19:05:00-04:00,2025-08-14 19:10:00-04:00,2025-08-14 19:15:00-04:00,LONG,243998,23905.25,23901.25,23901.5,23909.0,15,-80.0,14.2,-84.2,-1.1226666666666667,STOP,2025-08-15,1.6626506024096386,28.869565217391305,48.0,2025
2025-08-17 18:05:00-04:00,2025-08-17 18:10:00-04:00,2025-08-17 18:17:00-04:00,LONG,244262,23841.5,23836.5,23836.75,23846.25,19,-100.0,14.2,-104.2,-1.0968421052631578,STOP,2025-08-18,3.565268065268065,37.30434782608696,133.0,2025
2025-08-17 19:45:00-04:00,2025-08-17 19:50:00-04:00,2025-08-17 19:50:00-04:00,LONG,244282,23849.0,23845.5,23845.75,23852.25,13,-70.0,14.2,-74.2,-1.1415384615384616,STOP,2025-08-18,1.4230769230769231,26.0,37.0,2025
2025-08-18 18:05:00-04:00,2025-08-18 18:10:00-04:00,2025-08-18 18:19:00-04:00,LONG,244538,23826.75,23821.5,23821.75,23831.75,20,-105.0,14.2,-109.2,-1.092,STOP,2025-08-19,3.528409090909091,38.26086956521739,135.0,2025
2025-08-18 18:55:00-04:00,2025-08-18 19:00:00-04:00,2025-08-18 19:02:00-04:00,LONG,244548,23822.0,23818.25,23818.5,23825.5,14,-75.0,14.2,-79.2,-1.1314285714285715,STOP,2025-08-19,1.6857954545454545,27.82608695652174,43.0,2025
2025-08-19 18:05:00-04:00,2025-08-19 18:10:00-04:00,2025-08-19 18:11:00-04:00,LONG,244814,23478.25,23482.75,23473.5,23483.0,19,90.0,14.2,85.8,0.903157894736842,TARGET,2025-08-20,3.779720279720279,37.30434782608696,141.0,2025
2025-08-19 18:35:00-04:00,2025-08-19 18:40:00-04:00,2025-08-19 18:41:00-04:00,LONG,244820,23467.0,23463.5,23463.75,23470.25,13,-70.0,14.2,-74.2,-1.1415384615384616,STOP,2025-08-20,2.7342657342657346,24.8695652173913,68.0,2025
2025-08-20 18:20:00-04:00,2025-08-20 18:25:00-04:00,2025-08-20 18:25:00-04:00,SHORT,245093,23325.75,23331.25,23331.0,23320.5,21,-110.0,14.2,-114.2,-1.0876190476190477,STOP,2025-08-21,1.4101479915433404,41.130434782608695,58.0,2025
2025-08-20 19:35:00-04:00,2025-08-20 19:40:00-04:00,2025-08-20 19:43:00-04:00,SHORT,245108,23311.75,23315.75,23315.5,23308.0,15,-80.0,14.2,-84.2,-1.1226666666666667,STOP,2025-08-21,1.36046511627907,28.666666666666664,39.0,2025
2025-08-21 18:30:00-04:00,2025-08-21 18:35:00-04:00,2025-08-21 18:36:00-04:00,SHORT,245371,23230.25,23234.25,23234.0,23226.5,15,-80.0,14.2,-84.2,-1.1226666666666667,STOP,2025-08-22,1.2954545454545454,29.333333333333332,38.0,2025
2025-08-21 19:20:00-04:00,2025-08-21 19:25:00-04:00,2025-08-21 19:29:00-04:00,LONG,245381,23249.5,23245.25,23245.5,23253.5,16,-85.0,14.2,-89.2,-1.115,STOP,2025-08-22,1.28125,32.0,41.0,2025
2025-08-24 18:05:00-04:00,2025-08-24 18:10:00-04:00,2025-08-24 18:10:00-04:00,SHORT,245644,23551.5,23557.5,23557.25,23545.75,23,-120.0,14.2,-124.2,-1.08,STOP,2025-08-25,3.3759469696969693,45.913043478260875,155.0,2025
2025-08-24 18:45:00-04:00,2025-08-24 18:50:00-04:00,2025-08-24 18:53:00-04:00,LONG,245652,23564.5,23568.25,23560.5,23568.5,16,75.0,14.2,70.8,0.885,TARGET,2025-08-25,1.4048295454545456,30.60869565217391,43.0,2025
2025-08-25 19:25:00-04:00,2025-08-25 19:30:00-04:00,2025-08-25 19:35:00-04:00,SHORT,245936,23503.0,23507.25,23507.0,23499.0,16,-85.0,14.2,-89.2,-1.115,STOP,2025-08-26,1.345744680851064,31.333333333333332,44.0,2025
2025-08-25 20:25:00-04:00,2025-08-25 20:30:00-04:00,2025-08-25 20:31:00-04:00,SHORT,245948,23459.25,23464.25,23464.0,23454.5,19,-100.0,14.2,-104.2,-1.0968421052631578,STOP,2025-08-26,2.346774193548387,37.333333333333336,97.0,2025
2025-08-26 20:05:00-04:00,2025-08-26 20:10:00-04:00,2025-08-26 20:29:00-04:00,SHORT,246220,23605.25,23600.0,23610.75,23599.75,22,105.0,14.2,100.8,0.9163636363636364,TARGET,2025-08-27,1.2786547700754975,42.231884057971016,54.0,2025
2025-08-26 22:05:00-04:00,2025-08-26 22:10:00-04:00,2025-08-26 22:14:00-04:00,SHORT,246244,23614.25,23619.0,23618.75,23609.75,18,-95.0,14.2,-99.2,-1.1022222222222222,STOP,2025-08-27,1.2625531914893617,34.05797101449275,43.0,2025
2025-08-27 18:05:00-04:00,2025-08-27 18:10:00-04:00,2025-08-27 18:11:00-04:00,SHORT,246472,23501.75,23507.5,23507.25,23496.25,22,-115.0,14.2,-119.2,-1.0836363636363637,STOP,2025-08-28,4.855555555555555,43.04347826086957,209.0,2025
2025-08-27 18:35:00-04:00,2025-08-27 18:40:00-04:00,2025-08-27 18:40:00-04:00,LONG,246478,23533.75,23529.75,23530.0,23537.5,15,-80.0,14.2,-84.2,-1.1226666666666667,STOP,2025-08-28,3.4500000000000006,28.69565217391304,99.0,2025
2025-08-28 18:30:00-04:00,2025-08-28 18:35:00-04:00,2025-08-28 18:37:00-04:00,SHORT,246753,23746.0,23742.75,23749.5,23742.5,14,65.0,14.2,60.8,0.8685714285714285,TARGET,2025-08-29,1.3493657505285415,27.42028985507246,37.0,2025
2025-08-28 20:20:00-04:00,2025-08-28 20:25:00-04:00,2025-08-28 20:30:00-04:00,LONG,246775,23749.25,23753.75,23744.5,23754.0,19,90.0,14.2,85.8,0.903157894736842,TARGET,2025-08-29,1.324884792626728,37.73913043478261,50.0,2025
2025-08-31 18:10:00-04:00,2025-08-31 18:15:00-04:00,2025-08-31 18:15:00-04:00,LONG,247026,23508.75,23503.5,23503.75,23513.75,20,-105.0,14.2,-109.2,-1.092,STOP,2025-09-01,3.6852272727272726,38.26086956521739,141.0,2025
2025-08-31 18:40:00-04:00,2025-08-31 18:45:00-04:00,2025-08-31 18:45:00-04:00,LONG,247032,23517.0,23520.0,23513.75,23520.25,13,60.0,14.2,55.8,0.8584615384615384,TARGET,2025-09-01,1.450568181818182,25.507246376811594,37.0,2025
2025-09-01 18:30:00-04:00,2025-09-01 18:35:00-04:00,2025-09-01 18:35:00-04:00,SHORT,247258,23482.75,23486.25,23486.0,23479.5,13,-70.0,14.2,-74.2,-1.1415384615384616,STOP,2025-09-02,1.8983253588516749,24.231884057971012,46.0,2025
2025-09-01 19:00:00-04:00,2025-09-01 19:05:00-04:00,2025-09-01 19:05:00-04:00,SHORT,247264,23455.5,23452.25,23459.0,23452.0,14,65.0,14.2,60.8,0.8685714285714285,TARGET,2025-09-02,1.550986842105263,26.434782608695652,41.0,2025
2025-09-02 18:05:00-04:00,2025-09-02 18:10:00-04:00,2025-09-02 18:11:00-04:00,SHORT,247529,23359.75,23355.0,23364.75,23354.75,20,95.0,14.2,90.8,0.9079999999999999,TARGET,2025-09-03,2.2738636363636364,38.26086956521739,87.0,2025
2025-09-02 18:40:00-04:00,2025-09-02 18:45:00-04:00,2025-09-02 18:46:00-04:00,LONG,247536,23352.5,23355.5,23349.25,23355.75,13,60.0,14.2,55.8,0.8584615384615384,TARGET,2025-09-03,2.8227272727272728,25.507246376811594,72.0,2025
2025-09-03 18:05:00-04:00,2025-09-03 18:10:00-04:00,2025-09-03 18:11:00-04:00,SHORT,247805,23448.25,23453.75,23453.5,23443.0,21,-110.0,14.2,-114.2,-1.0876190476190477,STOP,2025-09-04,1.9166666666666665,40.173913043478265,77.0,2025
2025-09-03 19:05:00-04:00,2025-09-03 19:10:00-04:00,2025-09-03 19:11:00-04:00,LONG,247817,23443.75,23447.25,23440.0,23447.5,15,70.0,14.2,65.8,0.8773333333333333,TARGET,2025-09-04,1.505952380952381,29.217391304347824,44.0,2025
2025-09-04 18:50:00-04:00,2025-09-04 18:55:00-04:00,2025-09-04 18:57:00-04:00,LONG,248090,23701.5,23705.0,23697.75,23705.25,15,70.0,14.2,65.8,0.8773333333333333,TARGET,2025-09-05,1.3186983471074383,28.05797101449275,37.0,2025
2025-09-04 20:10:00-04:00,2025-09-04 20:15:00-04:00,2025-09-04 20:20:00-04:00,LONG,248106,23720.75,23725.5,23715.75,23725.75,20,95.0,14.2,90.8,0.9079999999999999,TARGET,2025-09-05,1.9728739002932552,39.53623188405797,78.0,2025
2025-09-07 18:15:00-04:00,2025-09-07 18:20:00-04:00,2025-09-07 18:25:00-04:00,LONG,248361,23674.25,23679.5,23668.75,23679.75,22,105.0,14.2,100.8,0.9163636363636364,TARGET,2025-09-08,1.3543388429752066,42.08695652173913,57.0,2025
2025-09-07 18:45:00-04:00,2025-09-07 18:50:00-04:00,2025-09-07 18:50:00-04:00,LONG,248367,23738.25,23734.25,23734.5,23742.0,15,-80.0,14.2,-84.2,-1.1226666666666667,STOP,2025-09-08,2.5304752066115705,28.05797101449275,71.0,2025
2025-09-08 18:05:00-04:00,2025-09-08 18:10:00-04:00,2025-09-08 18:21:00-04:00,LONG,248635,23814.0,23819.25,23808.5,23819.5,22,105.0,14.2,100.8,0.9163636363636364,TARGET,2025-09-09,1.9483471074380165,42.08695652173913,82.0,2025
2025-09-08 18:50:00-04:00,2025-09-08 18:55:00-04:00,2025-09-08 18:58:00-04:00,LONG,248644,23820.5,23824.0,23816.75,23824.25,15,70.0,14.2,65.8,0.8773333333333333,TARGET,2025-09-09,1.3899793388429753,28.05797101449275,39.0,2025
2025-09-09 18:10:00-04:00,2025-09-09 18:15:00-04:00,2025-09-09 18:18:00-04:00,LONG,248912,23907.25,23901.5,23901.75,23912.75,22,-115.0,14.2,-119.2,-1.0836363636363637,STOP,2025-09-10,1.3939393939393938,43.04347826086957,60.0,2025
2025-09-09 19:05:00-04:00,2025-09-09 19:10:00-04:00,2025-09-09 19:10:00-04:00,SHORT,248923,23890.0,23894.25,23894.0,23886.0,16,-85.0,14.2,-89.2,-1.115,STOP,2025-09-10,1.3736111111111111,31.304347826086957,43.0,2025
2025-09-10 18:05:00-04:00,2025-09-10 18:10:00-04:00,2025-09-10 18:11:00-04:00,LONG,249187,23873.0,23877.75,23868.0,23878.0,20,95.0,14.2,90.8,0.9079999999999999,TARGET,2025-09-11,2.728381374722838,39.21739130434783,107.0,2025
2025-09-10 18:50:00-04:00,2025-09-10 18:55:00-04:00,2025-09-10 18:56:00-04:00,LONG,249196,23891.0,23894.25,23887.5,23894.5,14,65.0,14.2,60.8,0.8685714285714285,TARGET,2025-09-11,1.9889135254988914,26.144927536231883,52.0,2025
2025-09-11 18:35:00-04:00,2025-09-11 18:40:00-04:00,2025-09-11 18:42:00-04:00,SHORT,249469,24006.0,24003.0,24009.25,24002.75,13,60.0,14.2,55.8,0.8584615384615384,TARGET,2025-09-12,1.5681818181818183,24.231884057971012,38.0,2025
2025-09-11 19:15:00-04:00,2025-09-11 19:20:00-04:00,2025-09-11 19:22:00-04:00,LONG,249477,24017.25,24020.25,24014.0,24020.5,13,60.0,14.2,55.8,0.8584615384615384,TARGET,2025-09-12,1.8260135135135134,25.73913043478261,47.0,2025
2025-09-14 18:10:00-04:00,2025-09-14 18:15:00-04:00,2025-09-14 18:15:00-04:00,LONG,249741,24353.25,24357.5,24348.75,24357.75,18,85.0,14.2,80.8,0.8977777777777778,TARGET,2025-09-15,2.352272727272727,34.434782608695656,81.0,2025
2025-09-14 19:35:00-04:00,2025-09-14 19:40:00-04:00,2025-09-14 19:40:00-04:00,SHORT,249758,24341.25,24344.5,24344.25,24338.25,12,-65.0,14.2,-69.2,-1.1533333333333333,STOP,2025-09-15,1.9583333333333333,24.0,47.0,2025
2025-09-15 19:20:00-04:00,2025-09-15 19:25:00-04:00,2025-09-15 19:27:00-04:00,LONG,250031,24544.0,24547.0,24540.75,24547.25,13,60.0,14.2,55.8,0.8584615384615384,TARGET,2025-09-16,1.560714285714286,24.34782608695652,38.0,2025
2025-09-15 21:45:00-04:00,2025-09-15 21:50:00-04:00,2025-09-15 21:52:00-04:00,LONG,250060,24561.25,24557.25,24557.5,24565.0,15,-80.0,14.2,-84.2,-1.1226666666666667,STOP,2025-09-16,1.3256157635467982,29.42028985507246,39.0,2025
2025-09-16 20:15:00-04:00,2025-09-16 20:20:00-04:00,2025-09-16 20:30:00-04:00,SHORT,250318,24536.0,24540.25,24540.0,24532.0,16,-85.0,14.2,-89.2,-1.115,STOP,2025-09-17,2.3894686907020875,30.55072463768116,73.0,2025
2025-09-16 21:35:00-04:00,2025-09-16 21:40:00-04:00,2025-09-16 21:46:00-04:00,SHORT,250334,24531.75,24535.75,24535.5,24528.0,15,-80.0,14.2,-84.2,-1.1226666666666667,STOP,2025-09-17,1.5045638945233266,28.579710144927535,43.0,2025
2025-09-17 18:05:00-04:00,2025-09-17 18:10:00-04:00,2025-09-17 18:15:00-04:00,LONG,250568,24513.25,24517.25,24509.0,24517.5,17,80.0,14.2,75.8,0.8917647058823529,TARGET,2025-09-18,1.6911764705882353,32.52173913043478,55.0,2025
2025-09-17 18:35:00-04:00,2025-09-17 18:40:00-04:00,2025-09-17 18:43:00-04:00,LONG,250574,24540.25,24543.0,24537.25,24543.25,12,55.0,14.2,50.8,0.8466666666666666,TARGET,2025-09-18,1.3375668449197864,21.681159420289852,29.0,2025
2025-09-18 18:05:00-04:00,2025-09-18 18:10:00-04:00,2025-09-18 18:14:00-04:00,LONG,250844,24737.0,24732.5,24732.75,24741.25,17,-90.0,14.2,-94.2,-1.108235294117647,STOP,2025-09-19,2.21038961038961,33.47826086956522,74.0,2025
2025-09-18 18:35:00-04:00,2025-09-18 18:40:00-04:00,2025-09-18 18:41:00-04:00,SHORT,250850,24723.75,24721.0,24726.75,24720.75,12,55.0,14.2,50.8,0.8466666666666666,TARGET,2025-09-19,1.9714285714285715,22.318840579710145,44.0,2025
2025-09-21 18:10:00-04:00,2025-09-21 18:15:00-04:00,2025-09-21 18:17:00-04:00,SHORT,251121,24831.75,24827.5,24836.25,24827.25,18,85.0,14.2,80.8,0.8977777777777778,TARGET,2025-09-22,1.5823095823095823,35.391304347826086,56.0,2025
2025-09-21 19:55:00-04:00,2025-09-21 20:00:00-04:00,2025-09-21 20:01:00-04:00,LONG,251142,24850.5,24854.5,24846.25,24854.75,17,80.0,14.2,75.8,0.8917647058823529,TARGET,2025-09-22,1.337837837837838,33.2463768115942,33.0,2025
2025-09-22 19:00:00-04:00,2025-09-22 19:05:00-04:00,2025-09-22 19:08:00-04:00,LONG,251407,24991.25,24987.5,24987.75,24994.75,14,-75.0,14.2,-79.2,-1.1314285714285715,STOP,2025-09-23,1.4375,26.434782608695652,38.0,2025
2025-09-23 00:25:00-04:00,2025-09-23 00:30:00-04:00,2025-09-23 00:32:00-04:00,SHORT,251472,24989.5,24986.75,24992.5,24986.5,12,55.0,14.2,50.8,0.8466666666666666,TARGET,2025-09-23,1.4813019390581716,20.92753623188406,31.0,2025
2025-09-23 18:05:00-04:00,2025-09-23 18:10:00-04:00,2025-09-23 18:17:00-04:00,LONG,251672,24858.5,24853.5,24853.75,24863.25,19,-100.0,14.2,-104.2,-1.0968421052631578,STOP,2025-09-24,2.1184210526315788,36.34782608695652,77.0,2025
2025-09-23 20:10:00-04:00,2025-09-23 20:15:00-04:00,2025-09-23 20:19:00-04:00,SHORT,251697,24824.25,24829.0,24828.75,24819.75,18,-95.0,14.2,-99.2,-1.1022222222222222,STOP,2025-09-24,3.133701188455009,34.14492753623188,107.0,2025
2025-09-24 19:50:00-04:00,2025-09-24 19:55:00-04:00,2025-09-24 19:56:00-04:00,LONG,251969,24748.75,24751.75,24745.5,24752.0,13,60.0,14.2,55.8,0.8584615384615384,TARGET,2025-09-25,1.5,26.0,39.0,2025
2025-09-24 20:30:00-04:00,2025-09-24 20:35:00-04:00,2025-09-24 20:40:00-04:00,LONG,251977,24773.0,24776.75,24769.0,24777.0,16,75.0,14.2,70.8,0.885,TARGET,2025-09-25,1.2953296703296702,31.65217391304348,41.0,2025
2025-09-25 18:10:00-04:00,2025-09-25 18:15:00-04:00,2025-09-25 18:17:00-04:00,LONG,252225,24656.25,24651.0,24651.25,24661.25,20,-105.0,14.2,-109.2,-1.092,STOP,2025-09-26,2.1164079822616406,39.21739130434783,83.0,2025
2025-09-25 18:40:00-04:00,2025-09-25 18:45:00-04:00,2025-09-25 18:46:00-04:00,LONG,252231,24660.25,24656.5,24656.75,24663.75,14,-75.0,14.2,-79.2,-1.1314285714285715,STOP,2025-09-26,1.644678492239468,26.144927536231883,43.0,2025
2025-09-28 18:10:00-04:00,2025-09-28 18:15:00-04:00,2025-09-28 18:16:00-04:00,LONG,252502,24745.5,24740.25,24740.5,24750.5,20,-105.0,14.2,-109.2,-1.092,STOP,2025-09-29,2.5753880266075386,39.21739130434783,101.0,2025
2025-09-28 18:40:00-04:00,2025-09-28 18:45:00-04:00,2025-09-28 18:46:00-04:00,LONG,252508,24760.0,24756.25,24756.5,24763.5,14,-75.0,14.2,-79.2,-1.1314285714285715,STOP,2025-09-29,2.600886917960089,26.144927536231883,68.0,2025
2025-09-29 18:55:00-04:00,2025-09-29 19:00:00-04:00,2025-09-29 19:05:00-04:00,LONG,252787,24834.0,24830.0,24830.25,24837.75,15,-80.0,14.2,-84.2,-1.1226666666666667,STOP,2025-09-30,1.7594235033259424,28.52173913043478,46.0,2025
2025-09-29 19:55:00-04:00,2025-09-29 20:00:00-04:00,2025-09-29 20:01:00-04:00,SHORT,252799,24822.25,24827.25,24827.0,24817.5,19,-100.0,14.2,-104.2,-1.0968421052631578,STOP,2025-09-30,1.8658536585365855,36.84057971014493,51.0,2025
2025-09-30 18:05:00-04:00,2025-09-30 18:10:00-04:00,2025-09-30 18:15:00-04:00,LONG,253053,24858.0,24863.25,24852.5,24863.5,22,105.0,14.2,100.8,0.9163636363636364,TARGET,2025-10-01,3.4690082644628095,42.08695652173913,146.0,2025
2025-09-30 18:55:00-04:00,2025-09-30 19:00:00-04:00,2025-09-30 19:00:00-04:00,SHORT,253063,24832.0,24836.25,24836.0,24828.0,16,-85.0,14.2,-89.2,-1.115,STOP,2025-10-01,2.209710743801653,30.608695652173914,62.0,2025
2025-10-01 19:20:00-04:00,2025-10-01 19:25:00-04:00,2025-10-01 19:27:00-04:00,LONG,253344,25027.5,25023.25,25023.5,25031.5,16,-85.0,14.2,-89.2,-1.115,STOP,2025-10-02,1.625,32.0,52.0,2025
2025-10-01 20:25:00-04:00,2025-10-01 20:30:00-04:00,2025-10-01 20:32:00-04:00,LONG,253357,25045.25,25040.25,25040.5,25050.0,19,-100.0,14.2,-104.2,-1.0968421052631578,STOP,2025-10-02,1.282258064516129,37.333333333333336,53.0,2025
2025-10-02 18:35:00-04:00,2025-10-02 18:40:00-04:00,2025-10-02 18:41:00-04:00,SHORT,253611,25083.75,25087.75,25087.5,25080.0,15,-80.0,14.2,-84.2,-1.1226666666666667,STOP,2025-10-03,1.9431818181818183,29.333333333333332,57.0,2025
2025-10-02 19:15:00-04:00,2025-10-02 19:20:00-04:00,2025-10-02 19:20:00-04:00,LONG,253619,25115.5,25111.25,25111.5,25119.5,16,-85.0,14.2,-89.2,-1.115,STOP,2025-10-03,1.375,32.0,44.0,2025
2025-10-05 18:50:00-04:00,2025-10-05 18:55:00-04:00,2025-10-05 18:58:00-04:00,LONG,253893,25054.25,25057.5,25050.75,25057.75,14,65.0,14.2,60.8,0.8685714285714285,TARGET,2025-10-06,1.7140591966173364,27.42028985507246,47.0,2025
2025-10-05 19:30:00-04:00,2025-10-05 19:35:00-04:00,2025-10-05 19:42:00-04:00,LONG,253901,25078.5,25082.0,25074.75,25082.25,15,70.0,14.2,65.8,0.8773333333333333,TARGET,2025-10-06,1.3255813953488373,28.666666666666664,38.0,2025
2025-10-06 18:35:00-04:00,2025-10-06 18:40:00-04:00,2025-10-06 18:40:00-04:00,SHORT,254166,25178.0,25174.75,25181.5,25174.5,14,65.0,14.2,60.8,0.8685714285714285,TARGET,2025-10-07,1.4534368070953438,26.144927536231883,38.0,2025
2025-10-06 19:20:00-04:00,2025-10-06 19:25:00-04:00,2025-10-06 19:31:00-04:00,LONG,254175,25147.75,25143.75,25144.0,25151.5,15,-80.0,14.2,-84.2,-1.1226666666666667,STOP,2025-10-07,1.402439024390244,28.52173913043478,40.0,2025
2025-10-07 18:05:00-04:00,2025-10-07 18:10:00-04:00,2025-10-07 18:10:00-04:00,LONG,254436,25066.5,25061.25,25061.5,25071.5,20,-105.0,14.2,-109.2,-1.092,STOP,2025-10-08,1.810421286031042,39.21739130434783,71.0,2025
2025-10-07 19:15:00-04:00,2025-10-07 19:20:00-04:00,2025-10-07 19:20:00-04:00,SHORT,254450,25051.0,25047.5,25054.75,25047.25,15,70.0,14.2,65.8,0.8773333333333333,TARGET,2025-10-08,2.2439024390243905,28.52173913043478,64.0,2025
2025-10-08 18:20:00-04:00,2025-10-08 18:25:00-04:00,2025-10-08 18:28:00-04:00,SHORT,254715,25359.25,25364.25,25364.0,25354.5,19,-100.0,14.2,-104.2,-1.0968421052631578,STOP,2025-10-09,1.3403263403263401,37.30434782608696,50.0,2025
2025-10-08 19:15:00-04:00,2025-10-08 19:20:00-04:00,2025-10-08 19:27:00-04:00,LONG,254726,25387.5,25390.75,25384.0,25391.0,14,65.0,14.2,60.8,0.8685714285714285,TARGET,2025-10-09,1.5480769230769231,27.130434782608695,42.0,2025
2025-10-09 18:05:00-04:00,2025-10-09 18:10:00-04:00,2025-10-09 18:10:00-04:00,LONG,254988,25300.0,25295.0,25295.25,25304.75,19,-100.0,14.2,-104.2,-1.0968421052631578,STOP,2025-10-10,2.366028708133971,36.82608695652174,86.0,2025
2025-10-09 18:35:00-04:00,2025-10-09 18:40:00-04:00,2025-10-09 18:42:00-04:00,LONG,254994,25314.25,25317.25,25311.0,25317.5,13,60.0,14.2,55.8,0.8584615384615384,TARGET,2025-10-10,2.3723776223776225,24.8695652173913,59.0,2025
2025-10-12 18:30:00-04:00,2025-10-12 18:35:00-04:00,2025-10-12 18:35:00-04:00,SHORT,255273,24698.75,24695.5,24702.25,24695.25,14,65.0,14.2,60.8,0.8685714285714285,TARGET,2025-10-13,6.922949002217295,26.144927536231883,181.0,2025
2025-10-12 19:05:00-04:00,2025-10-12 19:10:00-04:00,2025-10-12 19:10:00-04:00,SHORT,255280,24705.5,24709.5,24709.25,24701.75,15,-80.0,14.2,-84.2,-1.1226666666666667,STOP,2025-10-13,6.451219512195122,28.52173913043478,184.0,2025
2025-10-13 18:25:00-04:00,2025-10-13 18:30:00-04:00,2025-10-13 18:30:00-04:00,SHORT,255549,24901.5,24898.0,24905.25,24897.75,15,70.0,14.2,65.8,0.8773333333333333,TARGET,2025-10-14,1.3568665377176015,29.97101449275362,61.0,2025
2025-10-13 19:10:00-04:00,2025-10-13 19:15:00-04:00,2025-10-13 19:16:00-04:00,SHORT,255558,24913.5,24909.5,24917.75,24909.25,17,80.0,14.2,75.8,0.8917647058823529,TARGET,2025-10-14,1.6210106382978726,32.69565217391304,53.0,2025
2025-10-14 18:05:00-04:00,2025-10-14 18:10:00-04:00,2025-10-14 18:10:00-04:00,LONG,255821,24787.75,24780.75,24781.0,24794.5,27,-140.0,14.2,-144.2,-1.068148148148148,STOP,2025-10-15,4.7978896103896105,53.56521739130435,257.0,2025
2025-10-14 18:40:00-04:00,2025-10-14 18:45:00-04:00,2025-10-14 18:45:00-04:00,LONG,255828,24779.75,24774.75,24775.0,24784.5,19,-100.0,14.2,-104.2,-1.0968421052631578,STOP,2025-10-15,1.4581339712918662,36.347826086956516,53.0,2025
2025-10-15 18:05:00-04:00,2025-10-15 18:10:00-04:00,2025-10-15 18:11:00-04:00,LONG,256097,24973.0,24980.5,24965.25,24980.75,31,150.0,14.2,145.8,0.9406451612903226,TARGET,2025-10-16,2.629971590909091,61.21739130434783,161.0,2025
2025-10-15 18:40:00-04:00,2025-10-15 18:45:00-04:00,2025-10-15 18:46:00-04:00,SHORT,256104,24956.25,24961.75,24961.5,24951.0,21,-110.0,14.2,-114.2,-1.0876190476190477,STOP,2025-10-16,1.8132102272727275,40.81159420289855,74.0,2025
2025-10-16 18:05:00-04:00,2025-10-16 18:10:00-04:00,2025-10-16 18:11:00-04:00,LONG,256373,24846.0,24854.25,24837.5,24854.5,34,165.0,14.2,160.8,0.9458823529411765,TARGET,2025-10-17,3.0038412291933416,67.91304347826087,204.0,2025
2025-10-16 18:40:00-04:00,2025-10-16 18:45:00-04:00,2025-10-16 18:45:00-04:00,SHORT,256380,24775.5,24781.5,24781.25,24769.75,23,-120.0,14.2,-124.2,-1.08,STOP,2025-10-17,2.0982714468629964,45.27536231884058,95.0,2025
2025-10-19 19:05:00-04:00,2025-10-19 19:10:00-04:00,2025-10-19 19:21:00-04:00,SHORT,256662,25039.75,25032.25,25047.5,25032.0,31,150.0,14.2,145.8,0.9406451612903226,TARGET,2025-10-20,1.4375,60.52173913043478,87.0,2025
2025-10-19 20:20:00-04:00,2025-10-19 20:25:00-04:00,2025-10-19 20:25:00-04:00,SHORT,256677,24960.0,24970.25,24970.0,24950.0,40,-205.0,14.2,-209.2,-1.046,STOP,2025-10-20,1.343159065628476,78.17391304347827,105.0,2025
2025-10-20 23:50:00-04:00,2025-10-20 23:55:00-04:00,2025-10-20 23:56:00-04:00,SHORT,256995,25325.5,25331.25,25331.0,25320.0,22,-115.0,14.2,-119.2,-1.0836363636363637,STOP,2025-10-21,1.4620642515379358,42.405797101449274,62.0,2025
2025-10-21 00:35:00-04:00,2025-10-21 00:40:00-04:00,2025-10-21 00:43:00-04:00,SHORT,257004,25317.25,25322.75,25322.5,25312.0,21,-110.0,14.2,-114.2,-1.0876190476190477,STOP,2025-10-21,1.2662742382271468,41.85507246376812,53.0,2025
2025-10-21 18:05:00-04:00,2025-10-21 18:10:00-04:00,2025-10-21 18:18:00-04:00,SHORT,257202,25260.75,25269.5,25269.25,25252.25,34,-175.0,14.2,-179.2,-1.0541176470588234,STOP,2025-10-22,1.3252240717029449,67.91304347826087,90.0,2025
2025-10-21 19:05:00-04:00,2025-10-21 19:10:00-04:00,2025-10-21 19:14:00-04:00,SHORT,257214,25248.5,25255.0,25254.75,25242.25,25,-130.0,14.2,-134.2,-1.0735999999999999,STOP,2025-10-22,1.58125,48.69565217391304,77.0,2025
2025-10-22 18:15:00-04:00,2025-10-22 18:20:00-04:00,2025-10-22 18:21:00-04:00,LONG,257480,25050.5,25058.25,25042.5,25058.5,32,155.0,14.2,150.8,0.9425000000000001,TARGET,2025-10-23,1.6405594405594404,62.173913043478265,102.0,2025
2025-10-22 18:50:00-04:00,2025-10-22 18:55:00-04:00,2025-10-22 18:55:00-04:00,LONG,257487,25041.0,25046.0,25035.75,25046.25,21,100.0,14.2,95.8,0.9123809523809524,TARGET,2025-10-23,1.326923076923077,41.449275362318836,55.0,2025
2025-10-23 22:45:00-04:00,2025-10-23 22:50:00-04:00,2025-10-23 22:51:00-04:00,SHORT,257810,25308.75,25314.0,25313.75,25303.75,20,-105.0,14.2,-109.2,-1.092,STOP,2025-10-24,1.6967213114754098,38.89855072463768,66.0,2025
2025-10-23 23:20:00-04:00,2025-10-23 23:25:00-04:00,2025-10-23 23:31:00-04:00,LONG,257817,25323.5,25327.75,25319.0,25328.0,18,85.0,14.2,80.8,0.8977777777777778,TARGET,2025-10-24,1.5270491803278687,35.36231884057971,54.0,2025
2025-10-26 18:10:00-04:00,2025-10-26 18:15:00-04:00,2025-10-26 18:16:00-04:00,SHORT,258031,25708.25,25715.0,25714.75,25701.75,26,-135.0,14.2,-139.2,-1.0707692307692307,STOP,2025-10-27,1.5875420875420876,51.65217391304348,82.0,2025
2025-10-26 18:45:00-04:00,2025-10-26 18:50:00-04:00,2025-10-26 18:53:00-04:00,SHORT,258038,25727.75,25723.5,25732.25,25723.25,18,85.0,14.2,80.8,0.8977777777777778,TARGET,2025-10-27,1.8876262626262628,34.43478260869565,65.0,2025
2025-10-27 18:05:00-04:00,2025-10-27 18:10:00-04:00,2025-10-27 18:18:00-04:00,SHORT,258306,25986.75,25992.75,25992.5,25981.0,23,-120.0,14.2,-124.2,-1.08,STOP,2025-10-28,1.3714565004887584,44.47826086956522,61.0,2025
2025-10-27 19:05:00-04:00,2025-10-27 19:10:00-04:00,2025-10-27 19:15:00-04:00,LONG,258318,25999.5,26003.25,25995.5,26003.5,16,75.0,14.2,70.8,0.885,TARGET,2025-10-28,1.375,32.0,44.0,2025
2025-10-28 18:40:00-04:00,2025-10-28 18:45:00-04:00,2025-10-28 18:46:00-04:00,SHORT,258589,26176.25,26172.75,26180.0,26172.5,15,70.0,14.2,65.8,0.8773333333333333,TARGET,2025-10-29,1.3242424242424244,28.69565217391304,38.0,2025
2025-10-28 19:30:00-04:00,2025-10-28 19:35:00-04:00,2025-10-28 19:35:00-04:00,SHORT,258599,26178.25,26182.25,26182.0,26174.5,15,-80.0,14.2,-84.2,-1.1226666666666667,STOP,2025-10-29,1.6179775280898878,29.666666666666664,48.0,2025
2025-10-29 18:10:00-04:00,2025-10-29 18:15:00-04:00,2025-10-29 18:15:00-04:00,LONG,258859,26229.5,26223.75,26224.0,26235.0,22,-115.0,14.2,-119.2,-1.0836363636363637,STOP,2025-10-30,5.087878787878787,43.04347826086957,219.0,2025
2025-10-29 18:50:00-04:00,2025-10-29 18:55:00-04:00,2025-10-29 18:55:00-04:00,LONG,258867,26206.75,26202.75,26203.0,26210.5,15,-80.0,14.2,-84.2,-1.1226666666666667,STOP,2025-10-30,1.4318181818181819,29.014492753623188,42.0,2025
2025-10-30 18:25:00-04:00,2025-10-30 18:30:00-04:00,2025-10-30 18:31:00-04:00,LONG,259139,26165.5,26169.25,26161.5,26169.5,16,75.0,14.2,70.8,0.885,TARGET,2025-10-31,1.2632575757575757,30.60869565217391,58.0,2025
2025-10-30 19:20:00-04:00,2025-10-30 19:25:00-04:00,2025-10-30 19:26:00-04:00,SHORT,259150,26129.25,26133.75,26133.5,26125.0,17,-90.0,14.2,-94.2,-1.108235294117647,STOP,2025-10-31,2.2161458333333335,33.391304347826086,74.0,2025
2025-11-02 18:10:00-05:00,2025-11-02 18:15:00-05:00,2025-11-02 18:16:00-05:00,LONG,259417,26066.25,26072.0,26060.25,26072.25,24,115.0,14.2,110.8,0.9233333333333333,TARGET,2025-11-03,2.028181818181818,47.82608695652174,97.0,2025
2025-11-02 18:50:00-05:00,2025-11-02 18:55:00-05:00,2025-11-02 18:56:00-05:00,LONG,259425,26088.25,26084.0,26084.25,26092.25,16,-85.0,14.2,-89.2,-1.115,STOP,2025-11-03,1.2545454545454546,31.88405797101449,40.0,2025
2025-11-03 19:05:00-05:00,2025-11-03 19:10:00-05:00,2025-11-03 19:12:00-05:00,SHORT,259704,26043.0,26048.0,26047.75,26038.25,19,-100.0,14.2,-104.2,-1.0968421052631578,STOP,2025-11-04,2.342592592592593,37.565217391304344,88.0,2025
2025-11-03 19:35:00-05:00,2025-11-03 19:40:00-05:00,2025-11-03 19:40:00-05:00,LONG,259710,25998.25,26002.5,25993.75,26002.75,18,85.0,14.2,80.8,0.8977777777777778,TARGET,2025-11-04,2.1666666666666665,36.0,78.0,2025
2025-11-04 18:10:00-05:00,2025-11-04 18:15:00-05:00,2025-11-04 18:16:00-05:00,SHORT,259969,25531.0,25523.25,25539.0,25523.0,32,155.0,14.2,150.8,0.9425000000000001,TARGET,2025-11-05,1.7582644628099173,63.130434782608695,111.0,2025
2025-11-04 18:50:00-05:00,2025-11-04 18:55:00-05:00,2025-11-04 18:57:00-05:00,SHORT,259977,25510.25,25505.0,25515.75,25504.75,22,105.0,14.2,100.8,0.9163636363636364,TARGET,2025-11-05,2.2809917355371905,42.086956521739125,96.0,2025
2025-11-05 18:05:00-05:00,2025-11-05 18:10:00-05:00,2025-11-05 18:12:00-05:00,SHORT,260244,25714.75,25724.0,25723.75,25705.75,36,-185.0,14.2,-189.2,-1.051111111111111,STOP,2025-11-06,2.2581818181818183,71.73913043478261,162.0,2025
2025-11-05 18:45:00-05:00,2025-11-05 18:50:00-05:00,2025-11-05 18:51:00-05:00,LONG,260252,25758.75,25752.5,25752.75,25764.75,24,-125.0,14.2,-129.2,-1.0766666666666667,STOP,2025-11-06,2.8436363636363637,47.826086956521735,136.0,2025
2025-11-06 18:05:00-05:00,2025-11-06 18:10:00-05:00,2025-11-06 18:11:00-05:00,SHORT,260520,25294.5,25285.5,25303.75,25285.25,37,180.0,14.2,175.8,0.9502702702702703,TARGET,2025-11-07,1.9395933014354065,72.69565217391305,141.0,2025
2025-11-06 18:40:00-05:00,2025-11-06 18:45:00-05:00,2025-11-06 18:46:00-05:00,LONG,260527,25321.25,25327.25,25315.0,25327.5,25,120.0,14.2,115.8,0.9264,TARGET,2025-11-07,1.4856459330143543,48.463768115942024,72.0,2025
2025-11-09 18:20:00-05:00,2025-11-09 18:25:00-05:00,2025-11-09 18:25:00-05:00,SHORT,260801,25321.0,25311.5,25330.75,25311.25,39,190.0,14.2,185.8,0.9528205128205128,TARGET,2025-11-10,1.845679012345679,77.47826086956522,143.0,2025
2025-11-09 18:55:00-05:00,2025-11-09 19:00:00-05:00,2025-11-09 19:01:00-05:00,LONG,260808,25341.25,25333.75,25334.0,25348.5,29,-150.0,14.2,-154.2,-1.063448275862069,STOP,2025-11-10,1.7811447811447811,56.69565217391304,92.0,2025
2025-11-10 18:50:00-05:00,2025-11-10 18:55:00-05:00,2025-11-10 18:57:00-05:00,LONG,261083,25736.5,25729.75,25730.0,25743.0,26,-135.0,14.2,-139.2,-1.0707692307692307,STOP,2025-11-11,2.400673400673401,51.97101449275362,124.0,2025
2025-11-10 20:40:00-05:00,2025-11-10 20:45:00-05:00,2025-11-10 21:02:00-05:00,SHORT,261105,25742.0,25733.75,25750.5,25733.5,34,165.0,14.2,160.8,0.9458823529411765,TARGET,2025-11-11,1.5777439024390245,66.55072463768116,105.0,2025
2025-11-11 19:00:00-05:00,2025-11-11 19:05:00-05:00,2025-11-11 19:07:00-05:00,SHORT,261361,25664.25,25657.25,25671.5,25657.0,29,140.0,14.2,135.8,0.9365517241379311,TARGET,2025-11-12,1.3665123456790123,56.34782608695652,77.0,2025
2025-11-11 19:55:00-05:00,2025-11-11 20:00:00-05:00,2025-11-11 20:04:00-05:00,SHORT,261372,25684.25,25693.75,25693.5,25675.0,37,-190.0,14.2,-194.2,-1.0497297297297297,STOP,2025-11-12,1.5555555555555556,72.78260869565217,84.0,2025
2025-11-12 18:05:00-05:00,2025-11-12 18:10:00-05:00,2025-11-12 18:11:00-05:00,SHORT,261626,25544.0,25553.0,25552.75,25535.25,35,-180.0,14.2,-184.2,-1.0525714285714285,STOP,2025-11-13,6.25820707070707,68.86956521739131,431.0,2025
2025-11-12 18:35:00-05:00,2025-11-12 18:40:00-05:00,2025-11-12 18:40:00-05:00,SHORT,261632,25534.5,25540.5,25540.25,25528.75,23,-120.0,14.2,-124.2,-1.08,STOP,2025-11-13,2.896780303030303,45.91304347826087,133.0,2025
2025-11-13 18:05:00-05:00,2025-11-13 18:10:00-05:00,2025-11-13 18:12:00-05:00,LONG,261902,25127.75,25118.5,25118.75,25136.75,36,-185.0,14.2,-189.2,-1.051111111111111,STOP,2025-11-14,2.7972972972972974,70.78260869565217,198.0,2025
2025-11-13 18:50:00-05:00,2025-11-13 18:55:00-05:00,2025-11-13 18:56:00-05:00,SHORT,261911,25120.75,25115.0,25126.75,25114.75,24,115.0,14.2,110.8,0.9233333333333333,TARGET,2025-11-14,1.9496314496314497,47.188405797101446,92.0,2025
2025-11-16 18:05:00-05:00,2025-11-16 18:10:00-05:00,2025-11-16 18:10:00-05:00,SHORT,262180,25083.75,25074.5,25093.25,25074.25,38,185.0,14.2,180.8,0.9515789473684211,TARGET,2025-11-17,6.444764096662831,75.56521739130434,487.0,2025
2025-11-16 18:40:00-05:00,2025-11-16 18:45:00-05:00,2025-11-16 18:48:00-05:00,LONG,262187,25166.25,25172.5,25159.75,25172.75,26,125.0,14.2,120.8,0.9292307692307692,TARGET,2025-11-17,2.861931818181818,51.01449275362319,146.0,2025
2025-11-17 18:05:00-05:00,2025-11-17 18:10:00-05:00,2025-11-17 18:11:00-05:00,LONG,262456,24924.0,24914.0,24914.25,24933.75,39,-200.0,14.2,-204.2,-1.047179487179487,STOP,2025-11-18,2.44375,76.52173913043478,187.0,2025
2025-11-17 18:40:00-05:00,2025-11-17 18:45:00-05:00,2025-11-17 18:46:00-05:00,LONG,262463,24923.0,24916.25,24916.5,24929.5,26,-135.0,14.2,-139.2,-1.0707692307692307,STOP,2025-11-18,1.3636363636363638,51.33333333333333,70.0,2025
2025-11-18 18:05:00-05:00,2025-11-18 18:10:00-05:00,2025-11-18 18:10:00-05:00,LONG,262732,24598.25,24586.5,24586.75,24609.75,46,-235.0,14.2,-239.2,-1.04,STOP,2025-11-19,2.57511961722488,90.86956521739131,234.0,2025
2025-11-18 18:40:00-05:00,2025-11-18 18:45:00-05:00,2025-11-18 18:48:00-05:00,SHORT,262739,24607.0,24599.5,24614.75,24599.25,31,150.0,14.2,145.8,0.9406451612903226,TARGET,2025-11-19,2.244976076555024,60.57971014492753,136.0,2025
2025-11-19 18:05:00-05:00,2025-11-19 18:10:00-05:00,2025-11-19 18:10:00-05:00,LONG,263008,25016.75,25028.5,25004.75,25028.75,48,235.0,14.2,230.8,0.9616666666666667,TARGET,2025-11-20,2.8823279524214103,102.34782608695653,295.0,2025
2025-11-19 18:35:00-05:00,2025-11-19 18:40:00-05:00,2025-11-19 18:41:00-05:00,LONG,263014,25084.25,25092.75,25075.5,25093.0,35,170.0,14.2,165.8,0.9474285714285715,TARGET,2025-11-20,1.931186868686869,68.8695652173913,133.0,2025
2025-11-20 18:10:00-05:00,2025-11-20 18:15:00-05:00,2025-11-20 18:18:00-05:00,SHORT,263285,24077.75,24090.0,24089.75,24065.75,48,-245.0,14.2,-249.2,-1.0383333333333333,STOP,2025-11-21,2.172727272727273,110.47826086956522,239.0,2025
2025-11-20 18:40:00-05:00,2025-11-20 18:45:00-05:00,2025-11-20 18:46:00-05:00,SHORT,263291,24129.5,24139.0,24138.75,24120.25,37,-190.0,14.2,-194.2,-1.0497297297297297,STOP,2025-11-21,2.29819749216301,73.97101449275361,170.0,2025
2025-11-23 18:55:00-05:00,2025-11-23 19:00:00-05:00,2025-11-23 19:00:00-05:00,SHORT,263576,24463.25,24474.25,24474.0,24452.5,43,-220.0,14.2,-224.2,-1.0427906976744186,STOP,2025-11-24,1.402439024390244,85.56521739130434,110.0,2025
2025-11-23 19:40:00-05:00,2025-11-23 19:45:00-05:00,2025-11-23 19:46:00-05:00,LONG,263585,24452.5,24462.5,24442.25,24462.75,41,200.0,14.2,195.8,0.9551219512195123,TARGET,2025-11-24,1.3780487804878048,82.0,113.0,2025
2025-11-24 19:05:00-05:00,2025-11-24 19:10:00-05:00,2025-11-24 19:17:00-05:00,SHORT,263854,24939.75,24929.75,24950.0,24929.5,41,200.0,14.2,195.8,0.9551219512195123,TARGET,2025-11-25,1.3514957264957266,81.39130434782608,110.0,2025
2025-11-24 22:35:00-05:00,2025-11-24 22:40:00-05:00,2025-11-24 22:41:00-05:00,SHORT,263896,24933.75,24924.75,24943.0,24924.5,37,180.0,14.2,175.8,0.9502702702702703,TARGET,2025-11-25,1.324843260188088,73.97101449275361,98.0,2025
2025-11-25 19:00:00-05:00,2025-11-25 19:05:00-05:00,2025-11-25 19:06:00-05:00,LONG,264130,25081.75,25072.0,25072.25,25091.25,38,-195.0,14.2,-199.2,-1.048421052631579,STOP,2025-11-26,1.518107476635514,74.43478260869566,113.0,2025
2025-11-26 00:10:00-05:00,2025-11-26 00:15:00-05:00,2025-11-26 00:22:00-05:00,LONG,264192,25184.5,25191.5,25177.25,25191.75,29,140.0,14.2,135.8,0.9365517241379311,TARGET,2025-11-26,1.6042411854879919,56.44927536231884,91.0,2025
2025-11-28 13:00:00-05:00,2025-11-28 13:05:00-05:00,2025-11-28 13:05:00-05:00,LONG,264721,25491.25,25479.0,25479.25,25503.25,48,-245.0,14.2,-249.2,-1.0383333333333333,STOP,2025-11-28,1.4825248281130632,151.768115942029,225.0,2025
2025-11-30 18:30:00-05:00,2025-11-30 18:35:00-05:00,2025-11-30 18:35:00-05:00,SHORT,264730,25474.75,25468.75,25481.0,25468.5,25,120.0,14.2,115.8,0.9264,TARGET,2025-12-01,2.3420897284533653,49.10144927536231,115.0,2025
2025-11-30 19:05:00-05:00,2025-11-30 19:10:00-05:00,2025-11-30 19:10:00-05:00,SHORT,264737,25418.0,25425.0,25424.75,25411.25,27,-140.0,14.2,-144.2,-1.068148148148148,STOP,2025-12-01,2.650974025974026,53.565217391304344,142.0,2025
2025-12-01 18:10:00-05:00,2025-12-01 18:15:00-05:00,2025-12-01 18:16:00-05:00,SHORT,265002,25382.75,25391.25,25391.0,25374.5,33,-170.0,14.2,-174.2,-1.0557575757575757,STOP,2025-12-02,1.983288770053476,65.04347826086956,129.0,2025
2025-12-01 19:10:00-05:00,2025-12-01 19:15:00-05:00,2025-12-01 19:15:00-05:00,LONG,265014,25406.5,25400.25,25400.5,25412.5,24,-125.0,14.2,-129.2,-1.0766666666666667,STOP,2025-12-02,1.3106617647058825,46.95652173913043,62.0,2025
2025-12-02 19:05:00-05:00,2025-12-02 19:10:00-05:00,2025-12-02 19:14:00-05:00,LONG,265289,25628.0,25622.25,25622.5,25633.5,22,-115.0,14.2,-119.2,-1.0836363636363637,STOP,2025-12-03,1.3903688524590165,42.43478260869565,59.0,2025
2025-12-02 19:40:00-05:00,2025-12-02 19:45:00-05:00,2025-12-02 19:45:00-05:00,LONG,265296,25602.25,25607.25,25597.0,25607.5,21,100.0,14.2,95.8,0.9123809523809524,TARGET,2025-12-03,1.9426229508196722,40.666666666666664,79.0,2025
2025-12-03 19:05:00-05:00,2025-12-03 19:10:00-05:00,2025-12-03 19:11:00-05:00,LONG,265565,25659.25,25664.0,25654.25,25664.25,20,95.0,14.2,90.8,0.9079999999999999,TARGET,2025-12-04,2.130580357142857,38.95652173913044,83.0,2025
2025-12-03 19:55:00-05:00,2025-12-03 20:00:00-05:00,2025-12-03 20:01:00-05:00,SHORT,265575,25628.5,25635.0,25634.75,25622.25,25,-130.0,14.2,-134.2,-1.0735999999999999,STOP,2025-12-04,2.809090909090909,49.42028985507246,103.0,2025
2025-12-04 18:05:00-05:00,2025-12-04 18:10:00-05:00,2025-12-04 18:14:00-05:00,LONG,265829,25637.0,25630.0,25630.25,25643.75,27,-140.0,14.2,-144.2,-1.068148148148148,STOP,2025-12-05,1.4446280991735536,52.608695652173914,76.0,2025
2025-12-04 18:35:00-05:00,2025-12-04 18:40:00-05:00,2025-12-04 18:43:00-05:00,SHORT,265835,25618.75,25623.5,25623.25,25614.25,18,-95.0,14.2,-99.2,-1.1022222222222222,STOP,2025-12-05,2.5090909090909093,35.07246376811594,88.0,2025
2025-12-07 18:25:00-05:00,2025-12-07 18:30:00-05:00,2025-12-07 18:31:00-05:00,LONG,266111,25746.25,25750.5,25741.75,25750.75,18,85.0,14.2,80.8,0.8977777777777778,TARGET,2025-12-08,1.4132996632996633,34.43478260869565,73.0,2025
2025-12-07 19:05:00-05:00,2025-12-07 19:10:00-05:00,2025-12-07 19:11:00-05:00,SHORT,266119,25714.25,25709.75,25719.0,25709.5,19,90.0,14.2,85.8,0.903157894736842,TARGET,2025-12-08,4.152777777777779,37.565217391304344,156.0,2025
2025-12-08 18:40:00-05:00,2025-12-08 18:45:00-05:00,2025-12-08 18:47:00-05:00,LONG,266390,25704.25,25708.25,25700.0,25708.5,17,80.0,14.2,75.8,0.8917647058823529,TARGET,2025-12-09,1.33147512864494,33.79710144927536,45.0,2025
2025-12-08 20:05:00-05:00,2025-12-08 20:10:00-05:00,2025-12-08 20:11:00-05:00,SHORT,266407,25713.5,25719.5,25719.25,25707.75,23,-120.0,14.2,-124.2,-1.08,STOP,2025-12-09,1.4402277039848197,45.82608695652174,66.0,2025
2025-12-09 19:10:00-05:00,2025-12-09 19:15:00-05:00,2025-12-09 19:16:00-05:00,LONG,266672,25688.75,25684.25,25684.5,25693.0,17,-90.0,14.2,-94.2,-1.108235294117647,STOP,2025-12-10,1.8045212765957448,32.69565217391304,59.0,2025
2025-12-09 19:50:00-05:00,2025-12-09 19:55:00-05:00,2025-12-09 19:56:00-05:00,SHORT,266680,25656.75,25653.0,25660.75,25652.75,16,75.0,14.2,70.8,0.885,TARGET,2025-12-10,1.5319148936170213,31.333333333333332,48.0,2025
2025-12-10 18:15:00-05:00,2025-12-10 18:20:00-05:00,2025-12-10 18:20:00-05:00,SHORT,266937,25719.25,25725.25,25725.0,25713.5,23,-120.0,14.2,-124.2,-1.08,STOP,2025-12-11,2.758220502901354,44.95652173913044,124.0,2025
2025-12-10 19:05:00-05:00,2025-12-10 19:10:00-05:00,2025-12-10 19:10:00-05:00,SHORT,266947,25717.0,25713.0,25721.25,25712.75,17,80.0,14.2,75.8,0.8917647058823529,TARGET,2025-12-11,2.722074468085107,32.69565217391304,89.0,2025
2025-12-11 18:10:00-05:00,2025-12-11 18:15:00-05:00,2025-12-11 18:15:00-05:00,SHORT,267212,25671.0,25664.75,25677.5,25664.5,26,125.0,14.2,120.8,0.9292307692307692,TARGET,2025-12-12,3.156089193825043,50.69565217391305,160.0,2025
2025-12-11 18:45:00-05:00,2025-12-11 18:50:00-05:00,2025-12-11 18:51:00-05:00,LONG,267219,25691.0,25686.25,25686.5,25695.5,18,-95.0,14.2,-99.2,-1.1022222222222222,STOP,2025-12-12,1.4810606060606062,34.43478260869565,51.0,2025
2025-12-14 18:10:00-05:00,2025-12-14 18:15:00-05:00,2025-12-14 18:15:00-05:00,SHORT,267490,25415.25,25408.75,25422.0,25408.5,27,130.0,14.2,125.8,0.9318518518518518,TARGET,2025-12-15,3.497520661157025,52.608695652173914,184.0,2025
2025-12-14 18:40:00-05:00,2025-12-14 18:45:00-05:00,2025-12-14 18:45:00-05:00,LONG,267496,25441.0,25436.25,25436.5,25445.5,18,-95.0,14.2,-99.2,-1.1022222222222222,STOP,2025-12-15,1.682231404958678,35.07246376811594,59.0,2025
2025-12-15 18:05:00-05:00,2025-12-15 18:10:00-05:00,2025-12-15 18:11:00-05:00,LONG,267765,25362.75,25369.25,25356.0,25369.5,27,130.0,14.2,125.8,0.9318518518518518,TARGET,2025-12-16,1.8295454545454544,53.56521739130435,98.0,2025
2025-12-15 18:35:00-05:00,2025-12-15 18:40:00-05:00,2025-12-15 18:41:00-05:00,SHORT,267771,25321.75,25317.5,25326.25,25317.25,18,85.0,14.2,80.8,0.8977777777777778,TARGET,2025-12-16,2.996347402597403,35.71014492753623,107.0,2025
2025-12-16 18:25:00-05:00,2025-12-16 18:30:00-05:00,2025-12-16 18:31:00-05:00,LONG,268045,25334.75,25339.75,25329.5,25340.0,21,100.0,14.2,95.8,0.9123809523809524,TARGET,2025-12-17,1.4105339105339105,40.17391304347826,85.0,2025
2025-12-16 18:55:00-05:00,2025-12-16 19:00:00-05:00,2025-12-16 19:01:00-05:00,SHORT,268051,25319.25,25314.0,25324.75,25313.75,22,105.0,14.2,100.8,0.9163636363636364,TARGET,2025-12-17,1.8170995670995673,43.826086956521735,73.0,2025
2025-12-17 18:10:00-05:00,2025-12-17 18:15:00-05:00,2025-12-17 18:21:00-05:00,SHORT,268318,24961.5,24953.25,24970.0,24953.0,34,165.0,14.2,160.8,0.9458823529411765,TARGET,2025-12-18,1.5570599613152805,67.91304347826087,105.0,2025
2025-12-17 18:55:00-05:00,2025-12-17 19:00:00-05:00,2025-12-17 19:00:00-05:00,SHORT,268327,24934.25,24928.25,24940.5,24928.0,25,120.0,14.2,115.8,0.9264,TARGET,2025-12-18,2.893405889884763,49.391304347826086,131.0,2025
2025-12-18 18:10:00-05:00,2025-12-18 18:15:00-05:00,2025-12-18 18:15:00-05:00,SHORT,268594,25223.0,25232.0,25231.75,25214.25,35,-180.0,14.2,-184.2,-1.0525714285714285,STOP,2025-12-19,1.831347962382445,69.82608695652173,127.0,2025
2025-12-18 19:00:00-05:00,2025-12-18 19:05:00-05:00,2025-12-18 19:05:00-05:00,LONG,268604,25261.25,25254.5,25254.75,25267.75,26,-135.0,14.2,-139.2,-1.0707692307692307,STOP,2025-12-19,1.4768835616438356,50.78260869565217,75.0,2025
2025-12-21 18:40:00-05:00,2025-12-21 18:45:00-05:00,2025-12-21 18:46:00-05:00,LONG,268877,25664.5,25670.25,25658.5,25670.5,24,115.0,14.2,110.8,0.9233333333333333,TARGET,2025-12-22,1.5252179327521793,46.55072463768116,71.0,2025
2025-12-21 20:05:00-05:00,2025-12-21 20:10:00-05:00,2025-12-21 20:29:00-05:00,LONG,268894,25680.75,25688.75,25672.5,25689.0,33,160.0,14.2,155.8,0.9442424242424243,TARGET,2025-12-22,1.700268817204301,64.69565217391305,110.0,2025
2025-12-22 20:35:00-05:00,2025-12-22 20:40:00-05:00,2025-12-22 20:42:00-05:00,SHORT,269176,25709.0,25715.75,25715.5,25702.5,26,-135.0,14.2,-139.2,-1.0707692307692307,STOP,2025-12-23,1.501674107142857,51.94202898550725,78.0,2025
2025-12-22 23:35:00-05:00,2025-12-22 23:40:00-05:00,2025-12-22 23:55:00-05:00,SHORT,269212,25689.5,25685.25,25694.0,25685.0,18,85.0,14.2,80.8,0.8977777777777778,TARGET,2025-12-23,1.3050986842105263,35.2463768115942,46.0,2025
2025-12-25 18:05:00-05:00,2025-12-25 18:10:00-05:00,2025-12-25 18:10:00-05:00,LONG,269653,25882.0,25876.0,25876.25,25887.75,23,-120.0,14.2,-124.2,-1.08,STOP,2025-12-26,2.6470019342359765,44.95652173913044,119.0,2025
2025-12-25 19:05:00-05:00,2025-12-25 19:10:00-05:00,2025-12-25 19:14:00-05:00,LONG,269665,25900.25,25904.25,25896.0,25904.5,17,80.0,14.2,75.8,0.8917647058823529,TARGET,2025-12-26,1.4375000000000002,32.69565217391304,47.0,2025
2025-12-28 18:35:00-05:00,2025-12-28 18:40:00-05:00,2025-12-28 18:42:00-05:00,LONG,269935,25875.0,25878.0,25871.75,25878.25,13,60.0,14.2,55.8,0.8584615384615384,TARGET,2025-12-29,3.2569930069930075,24.8695652173913,81.0,2025
2025-12-28 19:10:00-05:00,2025-12-28 19:15:00-05:00,2025-12-28 19:15:00-05:00,LONG,269942,25863.5,25859.75,25860.0,25867.0,14,-75.0,14.2,-79.2,-1.1314285714285715,STOP,2025-12-29,1.8060897435897436,27.130434782608695,49.0,2025
2025-12-29 18:20:00-05:00,2025-12-29 18:25:00-05:00,2025-12-29 18:25:00-05:00,SHORT,270208,25722.5,25718.5,25726.75,25718.25,17,80.0,14.2,75.8,0.8917647058823529,TARGET,2025-12-30,1.7324675324675325,33.47826086956522,58.0,2025
2025-12-29 19:25:00-05:00,2025-12-29 19:30:00-05:00,2025-12-29 19:32:00-05:00,LONG,270221,25721.5,25718.25,25718.5,25724.5,12,-65.0,14.2,-69.2,-1.1533333333333333,STOP,2025-12-30,1.6017857142857144,23.333333333333332,39.0,2025
2025-12-30 18:15:00-05:00,2025-12-30 18:20:00-05:00,2025-12-30 18:20:00-05:00,SHORT,270483,25668.5,25664.75,25672.5,25664.5,16,75.0,14.2,70.8,0.885,TARGET,2025-12-31,3.674931129476584,31.565217391304348,116.0,2025
2025-12-30 18:45:00-05:00,2025-12-30 18:50:00-05:00,2025-12-30 18:51:00-05:00,LONG,270489,25652.0,25654.75,25649.0,25655.0,12,55.0,14.2,50.8,0.8466666666666666,TARGET,2025-12-31,1.9483471074380168,21.043478260869563,41.0,2025
2026-01-01 18:10:00-05:00,2026-01-01 18:15:00-05:00,2026-01-01 18:15:00-05:00,LONG,270758,25482.25,25477.75,25478.0,25486.5,17,-90.0,14.2,-94.2,-1.108235294117647,STOP,2026-01-02,2.090909090909091,32.52173913043478,68.0,2026
2026-01-01 18:50:00-05:00,2026-01-01 18:55:00-05:00,2026-01-01 18:59:00-05:00,LONG,270766,25491.0,25493.75,25488.0,25494.0,12,55.0,14.2,50.8,0.8466666666666666,TARGET,2026-01-02,2.3522727272727275,21.681159420289852,51.0,2026
2026-01-04 18:20:00-05:00,2026-01-04 18:25:00-05:00,2026-01-04 18:26:00-05:00,LONG,271037,25448.25,25452.5,25443.75,25452.75,18,85.0,14.2,80.8,0.8977777777777778,TARGET,2026-01-05,2.401719901719902,35.391304347826086,85.0,2026
2026-01-04 19:00:00-05:00,2026-01-04 19:05:00-05:00,2026-01-04 19:05:00-05:00,LONG,271045,25468.0,25471.0,25464.75,25471.25,13,60.0,14.2,55.8,0.8584615384615384,TARGET,2026-01-05,1.9425675675675675,25.73913043478261,50.0,2026
2026-01-05 18:35:00-05:00,2026-01-05 18:40:00-05:00,2026-01-05 18:41:00-05:00,SHORT,271316,25573.25,25570.0,25576.75,25569.75,14,65.0,14.2,60.8,0.8685714285714285,TARGET,2026-01-06,3.2483766233766236,26.782608695652172,87.0,2026
2026-01-05 19:05:00-05:00,2026-01-05 19:10:00-05:00,2026-01-05 19:10:00-05:00,LONG,271322,25570.25,25566.25,25566.5,25574.0,15,-80.0,14.2,-84.2,-1.1226666666666667,STOP,2026-01-06,1.9166666666666667,29.217391304347824,56.0,2026
2026-01-06 19:05:00-05:00,2026-01-06 19:10:00-05:00,2026-01-06 19:10:00-05:00,LONG,271598,25833.75,25837.5,25829.75,25837.75,16,75.0,14.2,70.8,0.885,TARGET,2026-01-07,2.5236111111111112,31.304347826086957,79.0,2026
2026-01-06 19:55:00-05:00,2026-01-06 20:00:00-05:00,2026-01-06 20:05:00-05:00,LONG,271608,25832.5,25827.25,25827.5,25837.5,20,-105.0,14.2,-109.2,-1.092,STOP,2026-01-07,1.465909090909091,39.53623188405797,43.0,2026
2026-01-07 18:55:00-05:00,2026-01-07 19:00:00-05:00,2026-01-07 19:03:00-05:00,SHORT,271872,25821.75,25826.0,25825.75,25817.75,16,-85.0,14.2,-89.2,-1.115,STOP,2026-01-08,1.6751033057851241,30.608695652173914,47.0,2026
2026-01-07 19:30:00-05:00,2026-01-07 19:35:00-05:00,2026-01-07 19:36:00-05:00,SHORT,271879,25817.0,25821.0,25820.75,25813.25,15,-80.0,14.2,-84.2,-1.1226666666666667,STOP,2026-01-08,2.1136363636363638,29.333333333333332,62.0,2026
2026-01-08 18:05:00-05:00,2026-01-08 18:10:00-05:00,2026-01-08 18:11:00-05:00,SHORT,272138,25719.0,25713.5,25724.75,25713.25,23,110.0,14.2,105.8,0.9199999999999999,TARGET,2026-01-09,1.3568665377176015,44.95652173913044,61.0,2026
2026-01-08 18:55:00-05:00,2026-01-08 19:00:00-05:00,2026-01-08 19:01:00-05:00,SHORT,272148,25675.0,25679.5,25679.25,25670.75,17,-90.0,14.2,-94.2,-1.108235294117647,STOP,2026-01-09,1.5681818181818183,32.69565217391304,47.0,2026
2026-01-11 18:05:00-05:00,2026-01-11 18:10:00-05:00,2026-01-11 18:10:00-05:00,SHORT,272415,25901.0,25907.0,25906.75,25895.25,23,-120.0,14.2,-124.2,-1.08,STOP,2026-01-12,7.84090909090909,45.913043478260875,360.0,2026
2026-01-11 18:45:00-05:00,2026-01-11 18:50:00-05:00,2026-01-11 18:50:00-05:00,LONG,272423,25899.25,25903.0,25895.25,25903.25,16,75.0,14.2,70.8,0.885,TARGET,2026-01-12,1.3068181818181819,30.60869565217391,40.0,2026
2026-01-12 18:05:00-05:00,2026-01-12 18:10:00-05:00,2026-01-12 18:10:00-05:00,SHORT,272691,25916.75,25922.75,25922.5,25911.0,23,-120.0,14.2,-124.2,-1.08,STOP,2026-01-13,3.4630681818181817,45.913043478260875,159.0,2026
2026-01-12 18:50:00-05:00,2026-01-12 18:55:00-05:00,2026-01-12 18:56:00-05:00,SHORT,272700,25900.25,25896.5,25904.25,25896.25,16,75.0,14.2,70.8,0.885,TARGET,2026-01-13,2.15625,30.60869565217391,66.0,2026
2026-01-13 18:15:00-05:00,2026-01-13 18:20:00-05:00,2026-01-13 18:22:00-05:00,SHORT,272969,25894.5,25900.5,25900.25,25888.75,23,-120.0,14.2,-124.2,-1.08,STOP,2026-01-14,1.9166666666666665,45.913043478260875,88.0,2026
2026-01-13 19:55:00-05:00,2026-01-13 20:00:00-05:00,2026-01-13 20:00:00-05:00,LONG,272989,25916.5,25910.75,25911.0,25922.0,22,-115.0,14.2,-119.2,-1.0836363636363637,STOP,2026-01-14,1.3125,43.130434782608695,42.0,2026
2026-01-14 18:05:00-05:00,2026-01-14 18:10:00-05:00,2026-01-14 18:10:00-05:00,LONG,273243,25585.75,25591.75,25579.5,25592.0,25,120.0,14.2,115.8,0.9264,TARGET,2026-01-15,2.5623885918003566,48.78260869565217,125.0,2026
2026-01-14 18:45:00-05:00,2026-01-14 18:50:00-05:00,2026-01-14 18:51:00-05:00,SHORT,273251,25595.0,25599.5,25599.25,25590.75,17,-90.0,14.2,-94.2,-1.108235294117647,STOP,2026-01-15,2.121657754010695,32.84057971014492,69.0,2026
2026-01-15 18:50:00-05:00,2026-01-15 18:55:00-05:00,2026-01-15 18:55:00-05:00,LONG,273528,25744.25,25748.5,25739.75,25748.75,18,85.0,14.2,80.8,0.8977777777777778,TARGET,2026-01-16,1.7677685950413224,35.07246376811594,62.0,2026
2026-01-15 20:35:00-05:00,2026-01-15 20:40:00-05:00,2026-01-15 20:44:00-05:00,LONG,273549,25775.75,25769.75,25770.0,25781.5,23,-120.0,14.2,-124.2,-1.08,STOP,2026-01-16,2.128246753246753,44.637681159420296,95.0,2026
2026-01-18 18:50:00-05:00,2026-01-18 18:55:00-05:00,2026-01-18 18:55:00-05:00,SHORT,273806,25437.25,25442.0,25441.75,25432.75,18,-95.0,14.2,-99.2,-1.1022222222222222,STOP,2026-01-19,1.9388429752066119,35.07246376811594,68.0,2026
2026-01-18 19:30:00-05:00,2026-01-18 19:35:00-05:00,2026-01-18 19:35:00-05:00,SHORT,273814,25405.75,25401.25,25410.5,25401.0,19,90.0,14.2,85.8,0.903157894736842,TARGET,2026-01-19,3.409090909090909,36.666666666666664,125.0,2026
2026-01-19 18:20:00-05:00,2026-01-19 18:25:00-05:00,2026-01-19 18:25:00-05:00,LONG,274028,25380.75,25373.5,25373.75,25387.75,28,-145.0,14.2,-149.2,-1.0657142857142856,STOP,2026-01-20,1.5039872408293462,54.52173913043478,82.0,2026
2026-01-19 18:50:00-05:00,2026-01-19 18:55:00-05:00,2026-01-19 18:56:00-05:00,LONG,274034,25380.25,25375.25,25375.5,25385.0,19,-100.0,14.2,-104.2,-1.0968421052631578,STOP,2026-01-20,1.5131578947368423,36.347826086956516,55.0,2026
2026-01-20 18:40:00-05:00,2026-01-20 18:45:00-05:00,2026-01-20 18:48:00-05:00,LONG,274308,25157.5,25152.0,25152.25,25162.75,21,-110.0,14.2,-114.2,-1.0876190476190477,STOP,2026-01-21,1.369047619047619,40.17391304347826,55.0,2026
2026-01-20 19:10:00-05:00,2026-01-20 19:15:00-05:00,2026-01-20 19:16:00-05:00,LONG,274314,25140.5,25134.75,25135.0,25146.0,22,-115.0,14.2,-119.2,-1.0836363636363637,STOP,2026-01-21,1.9394841269841272,43.826086956521735,85.0,2026
2026-01-21 18:05:00-05:00,2026-01-21 18:10:00-05:00,2026-01-21 18:10:00-05:00,LONG,274577,25555.5,25563.5,25547.25,25563.75,33,160.0,14.2,155.8,0.9442424242424243,TARGET,2026-01-22,3.4016282225237453,64.08695652173913,218.0,2026
2026-01-21 18:35:00-05:00,2026-01-21 18:40:00-05:00,2026-01-21 18:40:00-05:00,SHORT,274583,25534.5,25529.25,25540.0,25529.0,22,105.0,14.2,100.8,0.9163636363636364,TARGET,2026-01-22,2.5090909090909093,43.362318840579704,108.0,2026
2026-01-22 18:25:00-05:00,2026-01-22 18:30:00-05:00,2026-01-22 18:31:00-05:00,LONG,274857,25618.75,25613.0,25613.25,25624.25,22,-115.0,14.2,-119.2,-1.0836363636363637,STOP,2026-01-23,1.7164179104477613,42.724637681159415,110.0,2026
2026-01-22 19:00:00-05:00,2026-01-22 19:05:00-05:00,2026-01-22 19:05:00-05:00,LONG,274864,25600.25,25606.0,25594.25,25606.25,24,115.0,14.2,110.8,0.9233333333333333,TARGET,2026-01-23,1.630597014925373,46.608695652173914,76.0,2026
2026-01-25 19:10:00-05:00,2026-01-25 19:15:00-05:00,2026-01-25 19:16:00-05:00,LONG,275130,25577.75,25583.5,25571.75,25583.75,24,115.0,14.2,110.8,0.9233333333333333,TARGET,2026-01-26,2.2830882352941178,47.30434782608695,108.0,2026
2026-01-25 19:40:00-05:00,2026-01-25 19:45:00-05:00,2026-01-25 19:45:00-05:00,SHORT,275136,25575.25,25581.25,25581.0,25569.5,23,-120.0,14.2,-124.2,-1.08,STOP,2026-01-26,2.6250000000000004,45.33333333333333,119.0,2026
2026-01-26 18:05:00-05:00,2026-01-26 18:10:00-05:00,2026-01-26 18:10:00-05:00,SHORT,275393,25853.75,25862.25,25862.0,25845.5,33,-170.0,14.2,-174.2,-1.0557575757575757,STOP,2026-01-27,1.5528074866310162,65.04347826086956,101.0,2026
2026-01-26 22:00:00-05:00,2026-01-26 22:05:00-05:00,2026-01-26 22:12:00-05:00,LONG,275440,25975.25,25968.75,25969.0,25981.5,25,-130.0,14.2,-134.2,-1.0735999999999999,STOP,2026-01-27,1.3191176470588235,49.27536231884058,65.0,2026
2026-01-27 18:05:00-05:00,2026-01-27 18:10:00-05:00,2026-01-27 18:11:00-05:00,LONG,275669,26133.75,26141.25,26126.0,26141.5,31,150.0,14.2,145.8,0.9406451612903226,TARGET,2026-01-28,2.4829545454545454,61.21739130434783,152.0,2026
2026-01-27 19:15:00-05:00,2026-01-27 19:20:00-05:00,2026-01-27 19:26:00-05:00,LONG,275683,26156.25,26161.5,26150.75,26161.75,22,105.0,14.2,100.8,0.9163636363636364,TARGET,2026-01-28,1.4375000000000002,43.826086956521735,63.0,2026
2026-01-28 18:10:00-05:00,2026-01-28 18:15:00-05:00,2026-01-28 18:15:00-05:00,SHORT,275946,26208.25,26201.25,26215.5,26201.0,29,140.0,14.2,135.8,0.9365517241379311,TARGET,2026-01-29,2.7110939907550073,56.434782608695656,153.0,2026
2026-01-28 18:40:00-05:00,2026-01-28 18:45:00-05:00,2026-01-28 18:45:00-05:00,SHORT,275952,26184.75,26190.0,26189.75,26179.75,20,-105.0,14.2,-109.2,-1.092,STOP,2026-01-29,2.5565317035905273,38.26086956521739,97.0,2026
2026-01-29 18:05:00-05:00,2026-01-29 18:10:00-05:00,2026-01-29 18:11:00-05:00,SHORT,276221,25961.0,25954.0,25968.25,25953.75,29,140.0,14.2,135.8,0.9365517241379311,TARGET,2026-01-30,4.286363636363636,57.391304347826086,246.0,2026
2026-01-29 18:35:00-05:00,2026-01-29 18:40:00-05:00,2026-01-29 18:40:00-05:00,LONG,276227,26012.25,26007.0,26007.25,26017.25,20,-105.0,14.2,-109.2,-1.092,STOP,2026-01-30,6.4541697971450045,38.57971014492753,249.0,2026
2026-02-01 18:10:00-05:00,2026-02-01 18:15:00-05:00,2026-02-01 18:15:00-05:00,SHORT,276501,25444.5,25453.0,25452.75,25436.25,33,-170.0,14.2,-174.2,-1.0557575757575757,STOP,2026-02-02,4.962008141112619,64.08695652173913,318.0,2026
2026-02-01 18:40:00-05:00,2026-02-01 18:45:00-05:00,2026-02-01 18:45:00-05:00,LONG,276507,25539.25,25544.5,25533.75,25544.75,22,105.0,14.2,100.8,0.9163636363636364,TARGET,2026-02-02,3.6437165775401077,43.362318840579704,158.0,2026
2026-02-02 18:05:00-05:00,2026-02-02 18:10:00-05:00,2026-02-02 18:10:00-05:00,LONG,276776,25929.0,25919.75,25920.0,25938.0,36,-185.0,14.2,-189.2,-1.051111111111111,STOP,2026-02-03,2.2452715070164735,71.73913043478261,160.0,2026
2026-02-02 18:35:00-05:00,2026-02-02 18:40:00-05:00,2026-02-02 18:40:00-05:00,LONG,276782,25970.75,25976.5,25964.75,25976.75,24,115.0,14.2,110.8,0.9233333333333333,TARGET,2026-02-03,1.84,47.826086956521735,88.0,2026
2026-02-03 18:15:00-05:00,2026-02-03 18:20:00-05:00,2026-02-03 18:20:00-05:00,LONG,277054,25438.5,25428.5,25428.75,25448.25,39,-200.0,14.2,-204.2,-1.047179487179487,STOP,2026-02-04,2.090909090909091,76.52173913043478,160.0,2026
2026-02-03 18:50:00-05:00,2026-02-03 18:55:00-05:00,2026-02-03 18:59:00-05:00,LONG,277061,25418.75,25425.0,25412.25,25425.25,26,125.0,14.2,120.8,0.9292307692307692,TARGET,2026-02-04,2.3425925925925926,51.65217391304348,121.0,2026
2026-02-04 18:05:00-05:00,2026-02-04 18:10:00-05:00,2026-02-04 18:10:00-05:00,LONG,277329,25060.25,25071.25,25049.0,25071.5,45,220.0,14.2,215.8,0.9591111111111111,TARGET,2026-02-05,2.784090909090909,88.47826086956522,245.0,2026
2026-02-04 18:40:00-05:00,2026-02-04 18:45:00-05:00,2026-02-04 18:46:00-05:00,SHORT,277336,25083.75,25076.5,25091.25,25076.25,30,145.0,14.2,140.8,0.9386666666666668,TARGET,2026-02-05,2.0065982404692084,59.30434782608695,119.0,2026
2026-02-05 18:05:00-05:00,2026-02-05 18:10:00-05:00,2026-02-05 18:11:00-05:00,LONG,277606,24456.75,24444.5,24444.75,24468.75,48,-245.0,14.2,-249.2,-1.0383333333333333,STOP,2026-02-06,2.2367864693446085,103.30434782608695,230.0,2026
2026-02-05 18:35:00-05:00,2026-02-05 18:40:00-05:00,2026-02-05 18:40:00-05:00,SHORT,277612,24355.0,24364.0,24363.75,24346.25,35,-180.0,14.2,-184.2,-1.0525714285714285,STOP,2026-02-06,3.0496439044826147,69.5072463768116,211.0,2026
2026-02-08 18:05:00-05:00,2026-02-08 18:10:00-05:00,2026-02-08 18:11:00-05:00,LONG,277882,25246.25,25234.0,25234.25,25258.25,48,-245.0,14.2,-249.2,-1.0383333333333333,STOP,2026-02-09,5.171761866452131,108.08695652173914,559.0,2026
2026-02-08 18:40:00-05:00,2026-02-08 18:45:00-05:00,2026-02-08 18:45:00-05:00,LONG,277889,25265.25,25274.0,25256.25,25274.25,36,175.0,14.2,170.8,0.948888888888889,TARGET,2026-02-09,1.8202110389610393,71.42028985507245,130.0,2026
2026-02-09 18:05:00-05:00,2026-02-09 18:10:00-05:00,2026-02-09 18:11:00-05:00,LONG,278158,25382.5,25370.5,25370.75,25394.25,47,-240.0,14.2,-244.2,-1.0391489361702126,STOP,2026-02-10,1.401124648547329,92.78260869565217,130.0,2026
2026-02-09 18:45:00-05:00,2026-02-09 18:50:00-05:00,2026-02-09 18:54:00-05:00,LONG,278166,25339.25,25331.25,25331.5,25347.0,31,-160.0,14.2,-164.2,-1.0593548387096774,STOP,2026-02-10,1.4873477038425493,61.85507246376811,92.0,2026
2026-02-10 23:40:00-05:00,2026-02-10 23:45:00-05:00,2026-02-10 23:46:00-05:00,SHORT,278501,25300.25,25307.25,25307.0,25293.5,27,-140.0,14.2,-144.2,-1.068148148148148,STOP,2026-02-11,1.399671052631579,52.869565217391305,74.0,2026
2026-02-11 01:05:00-05:00,2026-02-11 01:10:00-05:00,2026-02-11 01:11:00-05:00,LONG,278518,25312.25,25303.5,25303.75,25320.75,34,-175.0,14.2,-179.2,-1.0541176470588234,STOP,2026-02-11,1.5123697916666667,67.13043478260869,101.0,2026
2026-02-11 18:30:00-05:00,2026-02-11 18:35:00-05:00,2026-02-11 18:36:00-05:00,SHORT,278715,25226.75,25219.25,25234.5,25219.0,31,150.0,14.2,145.8,0.9406451612903226,TARGET,2026-02-12,1.3866028708133973,60.57971014492753,84.0,2026
2026-02-11 19:45:00-05:00,2026-02-11 19:50:00-05:00,2026-02-11 20:01:00-05:00,LONG,278730,25266.25,25274.0,25258.25,25274.25,32,155.0,14.2,150.8,0.9425000000000001,TARGET,2026-02-12,1.4603174603174602,63.0,92.0,2026
2026-02-12 18:05:00-05:00,2026-02-12 18:10:00-05:00,2026-02-12 18:11:00-05:00,SHORT,278986,24836.25,24847.0,24846.75,24825.75,42,-215.0,14.2,-219.2,-1.0438095238095237,STOP,2026-02-13,1.6342737722048066,83.21739130434783,136.0,2026
2026-02-12 18:35:00-05:00,2026-02-12 18:40:00-05:00,2026-02-12 18:40:00-05:00,SHORT,278992,24767.25,24760.5,24774.25,24760.25,28,135.0,14.2,130.8,0.9342857142857144,TARGET,2026-02-13,5.2272727272727275,55.47826086956521,290.0,2026
2026-02-15 18:15:00-05:00,2026-02-15 18:20:00-05:00,2026-02-15 18:22:00-05:00,LONG,279264,24819.75,24809.25,24809.5,24830.0,41,-210.0,14.2,-214.2,-1.0448780487804878,STOP,2026-02-16,1.5183982683982682,80.34782608695653,122.0,2026
2026-02-15 18:45:00-05:00,2026-02-15 18:50:00-05:00,2026-02-15 18:50:00-05:00,LONG,279270,24807.0,24813.5,24800.25,24813.75,27,130.0,14.2,125.8,0.9318518518518518,TARGET,2026-02-16,1.530844155844156,53.565217391304344,82.0,2026
2026-02-16 18:10:00-05:00,2026-02-16 18:15:00-05:00,2026-02-16 18:17:00-05:00,LONG,279491,24777.75,24768.5,24768.75,24786.75,36,-185.0,14.2,-189.2,-1.051111111111111,STOP,2026-02-17,1.393939393939394,71.73913043478261,100.0,2026
2026-02-16 18:40:00-05:00,2026-02-16 18:45:00-05:00,2026-02-16 18:46:00-05:00,LONG,279497,24811.75,24805.5,24805.75,24817.75,24,-125.0,14.2,-129.2,-1.0766666666666667,STOP,2026-02-17,1.2963636363636364,47.826086956521735,62.0,2026
2026-02-17 18:30:00-05:00,2026-02-17 18:35:00-05:00,2026-02-17 18:36:00-05:00,SHORT,279771,24725.5,24719.25,24732.0,24719.0,26,125.0,14.2,120.8,0.9292307692307692,TARGET,2026-02-18,1.3721590909090908,51.01449275362319,70.0,2026
2026-02-17 19:05:00-05:00,2026-02-17 19:10:00-05:00,2026-02-17 19:10:00-05:00,LONG,279778,24726.0,24732.75,24719.0,24733.0,28,135.0,14.2,130.8,0.9342857142857144,TARGET,2026-02-18,1.796875,55.65217391304348,100.0,2026
2026-02-18 18:05:00-05:00,2026-02-18 18:10:00-05:00,2026-02-18 18:11:00-05:00,LONG,280042,24981.25,24990.75,24971.5,24991.0,39,190.0,14.2,185.8,0.9528205128205128,TARGET,2026-02-19,2.1039772727272728,77.0,161.0,2026
2026-02-18 19:25:00-05:00,2026-02-18 19:30:00-05:00,2026-02-18 19:32:00-05:00,SHORT,280058,24931.0,24924.5,24937.75,24924.25,27,130.0,14.2,125.8,0.9318518518518518,TARGET,2026-02-19,1.7214506172839505,54.0,97.0,2026
2026-02-19 18:35:00-05:00,2026-02-19 18:40:00-05:00,2026-02-19 18:44:00-05:00,LONG,280324,24879.75,24873.0,24873.25,24886.25,26,-135.0,14.2,-139.2,-1.0707692307692307,STOP,2026-02-20,1.3745791245791246,51.65217391304348,71.0,2026
2026-02-19 19:15:00-05:00,2026-02-19 19:20:00-05:00,2026-02-19 19:22:00-05:00,LONG,280332,24874.0,24866.5,24866.75,24881.25,29,-150.0,14.2,-154.2,-1.063448275862069,STOP,2026-02-20,1.4375,56.34782608695652,81.0,2026
2026-02-22 18:15:00-05:00,2026-02-22 18:20:00-05:00,2026-02-22 18:21:00-05:00,LONG,280596,25040.0,25030.0,25030.25,25049.75,39,-200.0,14.2,-204.2,-1.047179487179487,STOP,2026-02-23,1.3198863636363636,76.52173913043478,101.0,2026
2026-02-22 18:45:00-05:00,2026-02-22 18:50:00-05:00,2026-02-22 18:50:00-05:00,SHORT,280602,24958.75,24965.5,24965.25,24952.25,26,-135.0,14.2,-139.2,-1.0707692307692307,STOP,2026-02-23,2.371875,51.01449275362319,121.0,2026
2026-02-23 18:30:00-05:00,2026-02-23 18:35:00-05:00,2026-02-23 18:43:00-05:00,LONG,280875,24819.0,24812.75,24813.0,24825.0,24,-125.0,14.2,-129.2,-1.0766666666666667,STOP,2026-02-24,1.5263636363636366,47.826086956521735,73.0,2026
2026-02-23 19:00:00-05:00,2026-02-23 19:05:00-05:00,2026-02-23 19:06:00-05:00,SHORT,280881,24801.0,24808.0,24807.75,24794.25,27,-140.0,14.2,-144.2,-1.068148148148148,STOP,2026-02-24,1.6866666666666668,52.17391304347826,88.0,2026
2026-02-24 18:05:00-05:00,2026-02-24 18:10:00-05:00,2026-02-24 18:11:00-05:00,SHORT,281146,24998.5,25007.75,25007.5,24989.5,36,-185.0,14.2,-189.2,-1.051111111111111,STOP,2026-02-25,1.352121212121212,71.73913043478261,97.0,2026
2026-02-24 18:35:00-05:00,2026-02-24 18:40:00-05:00,2026-02-24 18:41:00-05:00,LONG,281152,25031.0,25036.75,25025.0,25037.0,24,115.0,14.2,110.8,0.9233333333333333,TARGET,2026-02-25,1.3590909090909091,47.826086956521735,65.0,2026
2026-02-25 18:10:00-05:00,2026-02-25 18:15:00-05:00,2026-02-25 18:16:00-05:00,LONG,281423,25379.5,25387.5,25371.25,25387.75,33,160.0,14.2,155.8,0.9442424242424243,TARGET,2026-02-26,2.6515151515151514,66.0,175.0,2026
2026-02-25 18:40:00-05:00,2026-02-25 18:45:00-05:00,2026-02-25 18:45:00-05:00,SHORT,281429,25298.0,25304.0,25303.75,25292.25,23,-120.0,14.2,-124.2,-1.08,STOP,2026-02-26,3.0227272727272734,44.31884057971014,133.0,2026
2026-02-26 18:05:00-05:00,2026-02-26 18:10:00-05:00,2026-02-26 18:12:00-05:00,SHORT,281698,24983.5,24992.0,24991.75,24975.25,33,-170.0,14.2,-174.2,-1.0557575757575757,STOP,2026-02-27,3.3823529411764706,65.04347826086956,220.0,2026
2026-02-26 18:35:00-05:00,2026-02-26 18:40:00-05:00,2026-02-26 18:42:00-05:00,SHORT,281704,25005.0,24999.75,25010.5,24999.5,22,105.0,14.2,100.8,0.9163636363636364,TARGET,2026-02-27,1.844919786096257,43.362318840579704,80.0,2026
2026-03-01 18:10:00-05:00,2026-03-01 18:15:00-05:00,2026-03-01 18:15:00-05:00,LONG,281975,24783.5,24774.75,24775.0,24792.0,34,-175.0,14.2,-179.2,-1.0541176470588234,STOP,2026-03-02,3.7785714285714285,66.95652173913044,253.0,2026
2026-03-01 18:45:00-05:00,2026-03-01 18:50:00-05:00,2026-03-01 18:50:00-05:00,LONG,281982,24755.25,24749.25,24749.5,24761.0,23,-120.0,14.2,-124.2,-1.08,STOP,2026-03-02,2.9375800256081948,45.27536231884058,133.0,2026
2026-03-02 18:25:00-05:00,2026-03-02 18:30:00-05:00,2026-03-02 18:30:00-05:00,SHORT,282254,24959.0,24965.25,24965.0,24953.0,24,-125.0,14.2,-129.2,-1.0766666666666667,STOP,2026-03-03,1.4218181818181819,47.826086956521735,102.0,2026
2026-03-02 18:55:00-05:00,2026-03-02 19:00:00-05:00,2026-03-02 19:01:00-05:00,LONG,282260,24965.75,24958.75,24959.0,24972.5,27,-140.0,14.2,-144.2,-1.068148148148148,STOP,2026-03-03,1.3800000000000001,52.17391304347826,66.0,2026
2026-03-03 18:05:00-05:00,2026-03-03 18:10:00-05:00,2026-03-03 18:10:00-05:00,SHORT,282526,24710.75,24721.0,24720.75,24700.75,40,-205.0,14.2,-209.2,-1.046,STOP,2026-03-04,1.8767798466593646,79.86956521739131,149.0,2026
2026-03-03 18:55:00-05:00,2026-03-03 19:00:00-05:00,2026-03-03 19:00:00-05:00,SHORT,282536,24710.5,24703.25,24718.0,24703.0,30,145.0,14.2,140.8,0.9386666666666668,TARGET,2026-03-04,1.8108766233766236,58.43478260869565,97.0,2026
2026-03-04 18:45:00-05:00,2026-03-04 18:50:00-05:00,2026-03-04 18:51:00-05:00,LONG,282810,25181.0,25173.0,25173.25,25188.75,31,-160.0,14.2,-164.2,-1.0593548387096774,STOP,2026-03-05,2.1340206185567014,61.85507246376811,132.0,2026
2026-03-04 19:20:00-05:00,2026-03-04 19:25:00-05:00,2026-03-04 19:26:00-05:00,LONG,282817,25221.75,25213.0,25213.25,25230.25,34,-175.0,14.2,-179.2,-1.0541176470588234,STOP,2026-03-05,3.038015463917526,67.47826086956522,205.0,2026
2026-03-05 19:05:00-05:00,2026-03-05 19:10:00-05:00,2026-03-05 19:15:00-05:00,LONG,283090,25087.25,25096.5,25077.75,25096.75,38,185.0,14.2,180.8,0.9515789473684211,TARGET,2026-03-06,1.2792431192660552,75.82608695652173,97.0,2026
2026-03-05 21:15:00-05:00,2026-03-05 21:20:00-05:00,2026-03-05 21:21:00-05:00,LONG,283116,25100.0,25110.5,25089.25,25110.75,43,210.0,14.2,205.8,0.9572093023255814,TARGET,2026-03-06,1.3129459734964322,85.30434782608695,112.0,2026
2026-03-08 18:20:00-04:00,2026-03-08 18:25:00-04:00,2026-03-08 18:25:00-04:00,LONG,283357,24283.25,24271.0,24271.25,24295.25,48,-245.0,14.2,-249.2,-1.0383333333333333,STOP,2026-03-09,2.109012199921291,110.95652173913044,233.0,2026
2026-03-08 19:10:00-04:00,2026-03-08 19:15:00-04:00,2026-03-08 19:17:00-04:00,SHORT,283367,24277.0,24287.5,24287.25,24266.75,41,-210.0,14.2,-214.2,-1.0448780487804878,STOP,2026-03-09,1.5614224137931034,80.69565217391305,126.0,2026
2026-03-09 18:05:00-04:00,2026-03-09 18:10:00-04:00,2026-03-09 18:10:00-04:00,SHORT,283630,24929.25,24941.5,24941.25,24917.25,48,-245.0,14.2,-249.2,-1.0383333333333333,STOP,2026-03-10,3.3014354066985643,118.60869565217392,390.0,2026
2026-03-09 18:35:00-04:00,2026-03-09 18:40:00-04:00,2026-03-09 18:41:00-04:00,SHORT,283636,24893.25,24903.5,24903.25,24883.25,40,-205.0,14.2,-209.2,-1.046,STOP,2026-03-10,2.2510997067448684,79.07246376811594,178.0,2026
2026-03-10 18:30:00-04:00,2026-03-10 18:35:00-04:00,2026-03-10 18:39:00-04:00,SHORT,283911,24966.75,24957.0,24976.75,24956.75,40,195.0,14.2,190.8,0.9540000000000001,TARGET,2026-03-11,1.4929090909090912,79.71014492753622,119.0,2026
2026-03-10 20:10:00-04:00,2026-03-10 20:15:00-04:00,2026-03-10 20:16:00-04:00,LONG,283931,25068.0,25055.75,25056.0,25080.0,48,-245.0,14.2,-249.2,-1.0383333333333333,STOP,2026-03-11,2.261851900222019,110.97101449275362,251.0,2026
2026-03-11 18:05:00-04:00,2026-03-11 18:10:00-04:00,2026-03-11 18:24:00-04:00,SHORT,284182,24902.0,24890.25,24914.0,24890.0,48,235.0,14.2,230.8,0.9616666666666667,TARGET,2026-03-12,1.5215097402597402,107.1304347826087,163.0,2026
2026-03-11 18:40:00-04:00,2026-03-11 18:45:00-04:00,2026-03-11 18:46:00-04:00,SHORT,284189,24833.0,24842.25,24842.0,24824.0,36,-185.0,14.2,-189.2,-1.051111111111111,STOP,2026-03-12,1.7642045454545456,71.42028985507245,126.0,2026
2026-03-12 18:05:00-04:00,2026-03-12 18:10:00-04:00,2026-03-12 18:10:00-04:00,SHORT,284458,24570.5,24558.75,24582.5,24558.5,48,235.0,14.2,230.8,0.9616666666666667,TARGET,2026-03-13,1.596694214876033,105.21739130434783,168.0,2026
2026-03-12 18:50:00-04:00,2026-03-12 18:55:00-04:00,2026-03-12 19:01:00-04:00,SHORT,284467,24581.5,24590.75,24590.5,24572.5,36,-185.0,14.2,-189.2,-1.051111111111111,STOP,2026-03-13,1.525413223140496,70.14492753623188,107.0,2026
2026-03-15 18:05:00-04:00,2026-03-15 18:10:00-04:00,2026-03-15 18:10:00-04:00,LONG,284734,24321.5,24333.25,24309.5,24333.5,48,235.0,14.2,230.8,0.9616666666666667,TARGET,2026-03-16,4.917508417508418,103.30434782608695,508.0,2026
2026-03-15 18:40:00-04:00,2026-03-15 18:45:00-04:00,2026-03-15 18:45:00-04:00,LONG,284741,24379.0,24387.5,24370.25,24387.75,35,170.0,14.2,165.8,0.9474285714285715,TARGET,2026-03-16,1.916666666666667,68.8695652173913,132.0,2026
2026-03-16 18:05:00-04:00,2026-03-16 18:10:00-04:00,2026-03-16 18:18:00-04:00,SHORT,285010,24856.25,24844.5,24868.25,24844.25,48,235.0,14.2,230.8,0.9616666666666667,TARGET,2026-03-17,1.4889807162534434,94.69565217391305,141.0,2026
2026-03-16 18:35:00-04:00,2026-03-16 18:40:00-04:00,2026-03-16 18:40:00-04:00,SHORT,285016,24848.0,24840.25,24856.0,24840.0,32,155.0,14.2,150.8,0.9425000000000001,TARGET,2026-03-17,1.3305785123966944,63.13043478260869,84.0,2026
2026-03-17 20:50:00-04:00,2026-03-17 20:55:00-04:00,2026-03-17 21:02:00-04:00,LONG,285319,25078.0,25086.75,25069.0,25087.0,36,175.0,14.2,170.8,0.948888888888889,TARGET,2026-03-18,1.3312807881773399,70.60869565217392,94.0,2026
2026-03-18 07:30:00-04:00,2026-03-18 07:35:00-04:00,2026-03-18 07:37:00-04:00,SHORT,285447,25126.25,25116.0,25136.75,25115.75,42,205.0,14.2,200.8,0.9561904761904763,TARGET,2026-03-18,2.9527027027027026,83.65217391304348,247.0,2026
2026-03-18 18:05:00-04:00,2026-03-18 18:10:00-04:00,2026-03-18 18:11:00-04:00,SHORT,285562,24604.0,24594.0,24614.25,24593.75,41,200.0,14.2,195.8,0.9551219512195123,TARGET,2026-03-19,1.4188311688311688,80.34782608695653,114.0,2026
2026-03-18 19:05:00-04:00,2026-03-18 19:10:00-04:00,2026-03-18 19:11:00-04:00,LONG,285574,24603.5,24610.75,24596.0,24611.0,30,145.0,14.2,140.8,0.9386666666666668,TARGET,2026-03-19,1.5230654761904763,58.43478260869565,89.0,2026
2026-03-19 19:25:00-04:00,2026-03-19 19:30:00-04:00,2026-03-19 19:34:00-04:00,SHORT,285854,24620.0,24613.0,24627.25,24612.75,29,140.0,14.2,135.8,0.9365517241379311,TARGET,2026-03-20,1.5230654761904763,56.33333333333333,89.0,2026
2026-03-19 20:05:00-04:00,2026-03-19 20:10:00-04:00,2026-03-19 20:11:00-04:00,SHORT,285862,24612.5,24622.25,24622.0,24603.0,38,-195.0,14.2,-199.2,-1.048421052631579,STOP,2026-03-20,2.504032258064516,75.47826086956522,189.0,2026
2026-03-22 18:10:00-04:00,2026-03-22 18:15:00-04:00,2026-03-22 18:15:00-04:00,LONG,286115,23980.75,23970.25,23970.5,23991.0,41,-210.0,14.2,-214.2,-1.0448780487804878,STOP,2026-03-23,2.78375470683163,80.82608695652173,225.0,2026
2026-03-22 18:50:00-04:00,2026-03-22 18:55:00-04:00,2026-03-22 18:55:00-04:00,LONG,286123,24058.25,24051.0,24051.25,24065.25,28,-145.0,14.2,-149.2,-1.0657142857142856,STOP,2026-03-23,1.2914438502673797,54.20289855072463,70.0,2026
2026-03-23 18:05:00-04:00,2026-03-23 18:10:00-04:00,2026-03-23 18:10:00-04:00,SHORT,286390,24416.0,24427.25,24427.0,24405.0,44,-225.0,14.2,-229.2,-1.0418181818181818,STOP,2026-03-24,1.5681818181818181,88.0,138.0,2026
2026-03-23 18:55:00-04:00,2026-03-23 19:00:00-04:00,2026-03-23 19:01:00-04:00,LONG,286400,24486.25,24478.0,24478.25,24494.25,32,-165.0,14.2,-169.2,-1.0574999999999999,STOP,2026-03-24,2.3522727272727275,64.0,138.0,2026
2026-03-24 18:45:00-04:00,2026-03-24 18:50:00-04:00,2026-03-24 18:54:00-04:00,LONG,286674,24416.25,24407.75,24408.0,24424.5,33,-170.0,14.2,-174.2,-1.0557575757575757,STOP,2026-03-25,1.5060756075607562,64.40579710144927,97.0,2026
2026-03-24 19:45:00-04:00,2026-03-24 19:50:00-04:00,2026-03-24 20:01:00-04:00,SHORT,286686,24414.5,24406.25,24423.0,24406.0,34,165.0,14.2,160.8,0.9458823529411765,TARGET,2026-03-25,1.3811881188118813,67.33333333333333,93.0,2026
2026-03-25 18:05:00-04:00,2026-03-25 18:10:00-04:00,2026-03-25 18:17:00-04:00,SHORT,286942,24342.75,24331.0,24354.75,24330.75,48,235.0,14.2,230.8,0.9616666666666667,TARGET,2026-03-26,1.2624356775300172,101.3913043478261,128.0,2026
2026-03-25 18:55:00-04:00,2026-03-25 19:00:00-04:00,2026-03-25 19:00:00-04:00,SHORT,286952,24319.0,24310.0,24328.25,24309.75,37,180.0,14.2,175.8,0.9502702702702703,TARGET,2026-03-26,1.6569468267581478,73.73913043478261,112.0,2026
2026-03-26 18:05:00-04:00,2026-03-26 18:10:00-04:00,2026-03-26 18:11:00-04:00,LONG,287218,23836.25,23848.0,23824.25,23848.25,48,235.0,14.2,230.8,0.9616666666666667,TARGET,2026-03-27,1.5609551738583998,103.78260869565217,162.0,2026
2026-03-26 19:25:00-04:00,2026-03-26 19:30:00-04:00,2026-03-26 19:32:00-04:00,SHORT,287234,23848.5,23858.0,23857.75,23839.25,37,-190.0,14.2,-194.2,-1.0497297297297297,STOP,2026-03-27,1.5298165137614679,72.66666666666666,116.0,2026
2026-03-29 18:15:00-04:00,2026-03-29 18:20:00-04:00,2026-03-29 18:21:00-04:00,LONG,287496,23198.0,23209.75,23186.0,23210.0,48,235.0,14.2,230.8,0.9616666666666667,TARGET,2026-03-30,1.8147512864493995,101.3913043478261,184.0,2026
2026-03-29 18:45:00-04:00,2026-03-29 18:50:00-04:00,2026-03-29 18:50:00-04:00,SHORT,287502,23173.75,23182.75,23182.5,23165.0,35,-180.0,14.2,-184.2,-1.0525714285714285,STOP,2026-03-30,2.550127442650807,68.23188405797102,174.0,2026
2026-03-30 18:05:00-04:00,2026-03-30 18:10:00-04:00,2026-03-30 18:11:00-04:00,LONG,287770,23129.25,23117.0,23117.25,23141.25,48,-245.0,14.2,-249.2,-1.0383333333333333,STOP,2026-03-31,1.5581293706293706,99.47826086956522,155.0,2026
2026-03-30 19:05:00-04:00,2026-03-30 19:10:00-04:00,2026-03-30 19:10:00-04:00,SHORT,287782,23041.75,23033.0,23050.75,23032.75,36,175.0,14.2,170.8,0.948888888888889,TARGET,2026-03-31,2.3194444444444446,72.0,167.0,2026
2026-03-31 18:15:00-04:00,2026-03-31 18:20:00-04:00,2026-03-31 18:22:00-04:00,LONG,288048,23952.75,23940.5,23940.75,23964.75,48,-245.0,14.2,-249.2,-1.0383333333333333,STOP,2026-04-01,2.4867608120035305,98.52173913043478,245.0,2026
2026-03-31 19:30:00-04:00,2026-03-31 19:35:00-04:00,2026-03-31 19:35:00-04:00,LONG,288063,23985.25,23993.5,23976.75,23993.75,34,165.0,14.2,160.8,0.9458823529411765,TARGET,2026-04-01,1.2794117647058822,68.0,87.0,2026
2026-04-01 18:05:00-04:00,2026-04-01 18:10:00-04:00,2026-04-01 18:13:00-04:00,LONG,288322,24190.25,24178.25,24178.5,24202.0,47,-240.0,14.2,-244.2,-1.0391489361702126,STOP,2026-04-02,1.365491651205937,93.73913043478261,128.0,2026
2026-04-01 18:55:00-04:00,2026-04-01 19:00:00-04:00,2026-04-01 19:01:00-04:00,SHORT,288332,24174.75,24166.25,24183.5,24166.0,35,170.0,14.2,165.8,0.9474285714285715,TARGET,2026-04-02,1.8242115027829315,68.17391304347827,114.0,2026
2026-04-02 20:05:00-04:00,2026-04-02 20:10:00-04:00,2026-04-02 20:19:00-04:00,LONG,288622,24234.25,24223.0,24223.25,24245.25,44,-225.0,14.2,-229.2,-1.0418181818181818,STOP,2026-04-03,1.9160292650482207,87.15942028985508,167.0,2026
2026-04-02 22:25:00-04:00,2026-04-02 22:30:00-04:00,2026-04-02 22:34:00-04:00,SHORT,288650,24169.75,24162.25,24177.5,24162.0,31,150.0,14.2,145.8,0.9406451612903226,TARGET,2026-04-03,1.336421052631579,60.57971014492753,92.0,2026
2026-04-05 18:05:00-04:00,2026-04-05 18:10:00-04:00,2026-04-05 18:11:00-04:00,SHORT,288782,23998.75,23988.25,24009.5,23988.0,43,210.0,14.2,205.8,0.9572093023255814,TARGET,2026-04-06,5.262913223140496,84.17391304347827,443.0,2026
2026-04-05 18:35:00-04:00,2026-04-05 18:40:00-04:00,2026-04-05 18:40:00-04:00,SHORT,288788,24059.75,24067.25,24067.0,24052.5,29,-150.0,14.2,-154.2,-1.063448275862069,STOP,2026-04-06,2.4807395993836674,56.75362318840579,140.0,2026
2026-04-06 18:05:00-04:00,2026-04-06 18:10:00-04:00,2026-04-06 18:22:00-04:00,LONG,289058,24370.0,24359.25,24359.5,24380.5,42,-215.0,14.2,-219.2,-1.0438095238095237,STOP,2026-04-07,1.7784743991640544,83.21739130434783,148.0,2026
2026-04-06 18:35:00-04:00,2026-04-06 18:40:00-04:00,2026-04-06 18:40:00-04:00,SHORT,289064,24311.0,24318.25,24318.0,24304.0,28,-145.0,14.2,-149.2,-1.0657142857142856,STOP,2026-04-07,1.8746081504702197,55.47826086956521,104.0,2026
2026-04-07 18:25:00-04:00,2026-04-07 18:30:00-04:00,2026-04-07 18:30:00-04:00,LONG,289338,24610.25,24603.0,24603.25,24617.25,28,-145.0,14.2,-149.2,-1.0657142857142856,STOP,2026-04-08,1.4780564263322884,55.47826086956521,123.0,2026
2026-04-07 18:55:00-04:00,2026-04-07 19:00:00-04:00,2026-04-07 19:00:00-04:00,LONG,289344,24894.25,24901.75,24886.5,24902.0,31,150.0,14.2,145.8,0.9406451612903226,TARGET,2026-04-08,5.371473354231975,60.52173913043478,298.0,2026
2026-04-08 18:05:00-04:00,2026-04-08 18:10:00-04:00,2026-04-08 18:13:00-04:00,LONG,289610,25057.25,25047.25,25047.5,25067.0,39,-200.0,14.2,-204.2,-1.047179487179487,STOP,2026-04-09,1.4326599326599327,77.47826086956522,111.0,2026
2026-04-08 18:35:00-04:00,2026-04-08 18:40:00-04:00,2026-04-08 18:41:00-04:00,LONG,289616,25037.0,25030.25,25030.5,25043.5,26,-135.0,14.2,-139.2,-1.0707692307692307,STOP,2026-04-09,1.2971380471380471,51.65217391304348,67.0,2026
2026-04-09 18:30:00-04:00,2026-04-09 18:35:00-04:00,2026-04-09 18:35:00-04:00,SHORT,289891,25229.75,25223.75,25236.0,25223.5,25,120.0,14.2,115.8,0.9264,TARGET,2026-04-10,3.319657615112161,49.10144927536231,163.0,2026
2026-04-09 19:05:00-04:00,2026-04-09 19:10:00-04:00,2026-04-09 19:32:00-04:00,SHORT,289898,25210.25,25217.25,25217.0,25203.5,27,-140.0,14.2,-144.2,-1.068148148148148,STOP,2026-04-10,1.2881493506493507,53.565217391304344,69.0,2026
2026-04-12 18:10:00-04:00,2026-04-12 18:15:00-04:00,2026-04-12 18:16:00-04:00,LONG,290163,24998.25,24989.75,24990.0,25006.5,33,-170.0,14.2,-174.2,-1.0557575757575757,STOP,2026-04-13,2.6515151515151514,66.0,175.0,2026
2026-04-12 18:45:00-04:00,2026-04-12 18:50:00-04:00,2026-04-12 18:52:00-04:00,SHORT,290170,24940.75,24946.75,24946.5,24935.0,23,-120.0,14.2,-124.2,-1.08,STOP,2026-04-13,1.993831168831169,44.63768115942029,89.0,2026
2026-04-13 19:10:00-04:00,2026-04-13 19:15:00-04:00,2026-04-13 19:15:00-04:00,LONG,290451,25614.5,25608.0,25608.25,25620.75,25,-130.0,14.2,-134.2,-1.0735999999999999,STOP,2026-04-14,1.7209507042253522,49.391304347826086,85.0,2026
2026-04-13 19:50:00-04:00,2026-04-13 19:55:00-04:00,2026-04-13 19:55:00-04:00,SHORT,290459,25594.5,25588.75,25600.5,25588.5,24,115.0,14.2,110.8,0.9233333333333333,TARGET,2026-04-14,1.5214285714285716,46.666666666666664,71.0,2026
2026-04-14 18:10:00-04:00,2026-04-14 18:15:00-04:00,2026-04-14 18:18:00-04:00,LONG,290715,26004.25,26012.0,25996.25,26012.25,32,155.0,14.2,150.8,0.9425000000000001,TARGET,2026-04-15,1.5118881118881118,62.173913043478265,94.0,2026
2026-04-14 19:35:00-04:00,2026-04-14 19:40:00-04:00,2026-04-14 19:40:00-04:00,LONG,290732,26024.25,26029.5,26018.75,26029.75,22,105.0,14.2,100.8,0.9163636363636364,TARGET,2026-04-15,2.307692307692308,43.33333333333333,100.0,2026
2026-04-15 18:35:00-04:00,2026-04-15 18:40:00-04:00,2026-04-15 18:43:00-04:00,LONG,290996,26388.0,26383.0,26383.25,26392.75,19,-100.0,14.2,-104.2,-1.0968421052631578,STOP,2026-04-16,1.4181818181818182,36.347826086956516,52.0,2026
2026-04-15 19:50:00-04:00,2026-04-15 19:55:00-04:00,2026-04-15 20:01:00-04:00,LONG,291011,26409.75,26404.75,26405.0,26414.5,19,-100.0,14.2,-104.2,-1.0968421052631578,STOP,2026-04-16,2.473684210526316,38.0,94.0,2026
2026-04-16 19:20:00-04:00,2026-04-16 19:25:00-04:00,2026-04-16 19:29:00-04:00,LONG,291281,26485.75,26480.75,26481.0,26490.5,19,-100.0,14.2,-104.2,-1.0968421052631578,STOP,2026-04-17,1.4375000000000002,37.565217391304344,54.0,2026
2026-04-16 20:15:00-04:00,2026-04-16 20:20:00-04:00,2026-04-16 20:20:00-04:00,SHORT,291292,26472.75,26479.25,26479.0,26466.5,25,-130.0,14.2,-134.2,-1.0735999999999999,STOP,2026-04-17,1.6693548387096775,48.52173913043478,81.0,2026
2026-04-19 18:10:00-04:00,2026-04-19 18:15:00-04:00,2026-04-19 18:15:00-04:00,LONG,291543,26626.5,26619.75,26620.0,26633.0,26,-135.0,14.2,-139.2,-1.0707692307692307,STOP,2026-04-20,4.1423670668953685,50.69565217391305,210.0,2026
2026-04-19 18:40:00-04:00,2026-04-19 18:45:00-04:00,2026-04-19 18:45:00-04:00,LONG,291549,26651.5,26655.5,26647.25,26655.75,17,80.0,14.2,75.8,0.8917647058823529,TARGET,2026-04-20,1.864065180102916,33.79710144927536,63.0,2026
2026-04-20 20:30:00-04:00,2026-04-20 20:35:00-04:00,2026-04-20 20:39:00-04:00,SHORT,291847,26792.75,26787.5,26798.25,26787.25,22,105.0,14.2,100.8,0.9163636363636364,TARGET,2026-04-21,1.534366576819407,43.01449275362319,66.0,2026
2026-04-20 21:20:00-04:00,2026-04-20 21:25:00-04:00,2026-04-20 21:29:00-04:00,LONG,291857,26820.75,26825.75,26815.5,26826.0,21,100.0,14.2,95.8,0.9123809523809524,TARGET,2026-04-21,1.2777777777777777,41.47826086956522,53.0,2026
2026-04-21 18:05:00-04:00,2026-04-21 18:10:00-04:00,2026-04-21 18:10:00-04:00,LONG,292094,26750.5,26756.75,26744.0,26757.0,26,125.0,14.2,120.8,0.9292307692307692,TARGET,2026-04-22,2.361952861952862,51.65217391304348,122.0,2026
2026-04-21 19:50:00-04:00,2026-04-21 19:55:00-04:00,2026-04-21 20:01:00-04:00,LONG,292115,26772.5,26776.75,26768.0,26777.0,18,85.0,14.2,80.8,0.8977777777777778,TARGET,2026-04-22,1.4444444444444444,36.0,52.0,2026
2026-04-22 18:30:00-04:00,2026-04-22 18:35:00-04:00,2026-04-22 18:38:00-04:00,SHORT,292375,27082.75,27078.25,27087.5,27078.0,19,90.0,14.2,85.8,0.903157894736842,TARGET,2026-04-23,1.4856459330143543,36.347826086956516,54.0,2026
2026-04-22 20:05:00-04:00,2026-04-22 20:10:00-04:00,2026-04-22 20:10:00-04:00,SHORT,292394,27081.5,27075.25,27088.0,27075.0,26,125.0,14.2,120.8,0.9292307692307692,TARGET,2026-04-23,1.5229202037351444,51.21739130434783,78.0,2026
2026-04-23 18:40:00-04:00,2026-04-23 18:45:00-04:00,2026-04-23 18:45:00-04:00,SHORT,292653,27028.0,27033.25,27033.0,27023.0,20,-105.0,14.2,-109.2,-1.092,STOP,2026-04-24,1.5175953079178885,39.53623188405797,60.0,2026
2026-04-23 19:35:00-04:00,2026-04-23 19:40:00-04:00,2026-04-23 19:40:00-04:00,LONG,292664,27072.5,27067.0,27067.25,27077.75,21,-110.0,14.2,-114.2,-1.0876190476190477,STOP,2026-04-24,2.1048387096774195,41.33333333333333,87.0,2026
2026-04-26 18:05:00-04:00,2026-04-26 18:10:00-04:00,2026-04-26 18:11:00-04:00,SHORT,292922,27360.25,27352.5,27368.25,27352.25,32,155.0,14.2,150.8,0.9425000000000001,TARGET,2026-04-27,5.677622377622377,62.173913043478265,353.0,2026
2026-04-26 18:55:00-04:00,2026-04-26 19:00:00-04:00,2026-04-26 19:04:00-04:00,LONG,292932,27394.5,27388.5,27388.75,27400.25,23,-120.0,14.2,-124.2,-1.08,STOP,2026-04-27,1.7238029146426093,45.91304347826087,72.0,2026
2026-04-27 18:05:00-04:00,2026-04-27 18:10:00-04:00,2026-04-27 18:15:00-04:00,LONG,293198,27475.75,27483.25,27468.0,27483.5,31,150.0,14.2,145.8,0.9406451612903226,TARGET,2026-04-28,1.9275568181818181,61.21739130434783,118.0,2026
2026-04-27 19:10:00-04:00,2026-04-27 19:15:00-04:00,2026-04-27 19:19:00-04:00,SHORT,293211,27483.25,27489.25,27489.0,27477.5,23,-120.0,14.2,-124.2,-1.08,STOP,2026-04-28,1.3251953125,44.52173913043478,59.0,2026
2026-04-28 18:05:00-04:00,2026-04-28 18:10:00-04:00,2026-04-28 18:20:00-04:00,LONG,293474,27228.0,27219.5,27219.75,27236.25,33,-170.0,14.2,-174.2,-1.0557575757575757,STOP,2026-04-29,2.571043771043771,65.04347826086956,166.0,2026
2026-04-28 20:25:00-04:00,2026-04-28 20:30:00-04:00,2026-04-28 20:31:00-04:00,LONG,293502,27287.0,27293.75,27280.0,27294.0,28,135.0,14.2,130.8,0.9342857142857144,TARGET,2026-04-29,1.3786711603273951,54.376811594202906,83.0,2026
2026-04-29 18:05:00-04:00,2026-04-29 18:10:00-04:00,2026-04-29 18:10:00-04:00,LONG,293750,27363.5,27371.5,27355.25,27371.75,33,160.0,14.2,155.8,0.9442424242424243,TARGET,2026-04-30,9.608957219251337,65.04347826086956,625.0,2026
2026-04-29 18:45:00-04:00,2026-04-29 18:50:00-04:00,2026-04-29 18:53:00-04:00,LONG,293758,27489.0,27494.25,27483.5,27494.5,22,105.0,14.2,100.8,0.9163636363636364,TARGET,2026-04-30,1.8772395487723956,43.99999999999999,82.0,2026
2026-04-30 18:05:00-04:00,2026-04-30 18:10:00-04:00,2026-04-30 18:12:00-04:00,SHORT,294026,27640.0,27631.25,27649.0,27631.0,36,175.0,14.2,170.8,0.948888888888889,TARGET,2026-05-01,2.5147420147420148,70.78260869565217,178.0,2026
2026-04-30 18:50:00-04:00,2026-04-30 18:55:00-04:00,2026-04-30 18:57:00-04:00,SHORT,294035,27575.75,27570.0,27581.75,27569.75,24,115.0,14.2,110.8,0.9233333333333333,TARGET,2026-05-01,1.8436732186732188,47.188405797101446,87.0,2026
2026-05-03 18:25:00-04:00,2026-05-03 18:30:00-04:00,2026-05-03 18:30:00-04:00,SHORT,294306,27847.5,27842.0,27853.25,27841.75,23,110.0,14.2,105.8,0.9199999999999999,TARGET,2026-05-04,2.4884763124199742,45.27536231884058,169.0,2026
2026-05-03 19:15:00-04:00,2026-05-03 19:20:00-04:00,2026-05-03 19:21:00-04:00,SHORT,294316,27825.75,27819.75,27832.0,27819.5,25,120.0,14.2,115.8,0.9264,TARGET,2026-05-04,2.16637323943662,49.391304347826086,107.0,2026
2026-05-04 18:55:00-04:00,2026-05-04 19:00:00-04:00,2026-05-04 19:01:00-04:00,SHORT,294588,27751.75,27745.75,27758.0,27745.5,25,120.0,14.2,115.8,0.9264,TARGET,2026-05-05,1.3693982074263764,49.391304347826086,62.0,2026
2026-05-04 20:05:00-04:00,2026-05-04 20:10:00-04:00,2026-05-04 20:13:00-04:00,LONG,294602,27785.75,27777.5,27777.75,27793.75,32,-165.0,14.2,-169.2,-1.0574999999999999,STOP,2026-05-05,3.1506133575647435,63.79710144927536,201.0,2026
2026-05-05 18:40:00-04:00,2026-05-05 18:45:00-04:00,2026-05-05 18:50:00-04:00,LONG,294861,28294.25,28299.75,28288.5,28300.0,23,110.0,14.2,105.8,0.9199999999999999,TARGET,2026-05-06,1.5899621212121213,45.91304347826087,73.0,2026
2026-05-05 19:15:00-04:00,2026-05-05 19:20:00-04:00,2026-05-05 19:20:00-04:00,LONG,294868,28370.0,28363.25,28363.5,28376.5,26,-135.0,14.2,-139.2,-1.0707692307692307,STOP,2026-05-06,2.2960069444444446,50.086956521739125,115.0,2026
2026-05-06 18:25:00-04:00,2026-05-06 18:30:00-04:00,2026-05-06 18:33:00-04:00,SHORT,295134,28656.25,28662.5,28662.25,28650.25,24,-125.0,14.2,-129.2,-1.0766666666666667,STOP,2026-05-07,1.7615193026151932,46.55072463768116,123.0,2026
2026-05-06 19:55:00-04:00,2026-05-06 20:00:00-04:00,2026-05-06 20:01:00-04:00,LONG,295152,28669.5,28677.5,28661.25,28677.75,33,160.0,14.2,155.8,0.9442424242424243,TARGET,2026-05-07,1.4589041095890412,65.59420289855072,71.0,2026
2026-05-07 18:25:00-04:00,2026-05-07 18:30:00-04:00,2026-05-07 18:32:00-04:00,LONG,295410,28662.25,28656.5,28656.75,28667.75,22,-115.0,14.2,-119.2,-1.0836363636363637,STOP,2026-05-08,1.878787878787879,43.99999999999999,124.0,2026
2026-05-07 19:45:00-04:00,2026-05-07 19:50:00-04:00,2026-05-07 19:50:00-04:00,LONG,295426,28652.75,28658.25,28647.0,28658.5,23,110.0,14.2,105.8,0.9199999999999999,TARGET,2026-05-08,1.2826086956521738,46.0,59.0,2026
2026-05-10 18:10:00-04:00,2026-05-10 18:15:00-04:00,2026-05-10 18:18:00-04:00,LONG,295683,29273.0,29264.5,29264.75,29281.25,33,-170.0,14.2,-174.2,-1.0557575757575757,STOP,2026-05-11,1.9036635006784262,64.08695652173913,122.0,2026
2026-05-10 18:45:00-04:00,2026-05-10 18:50:00-04:00,2026-05-10 18:50:00-04:00,LONG,295690,29276.0,29281.25,29270.5,29281.5,22,105.0,14.2,100.8,0.9163636363636364,TARGET,2026-05-11,1.3474747474747475,43.04347826086956,58.0,2026
2026-05-11 18:05:00-04:00,2026-05-11 18:10:00-04:00,2026-05-11 18:13:00-04:00,LONG,295958,29420.5,29428.75,29412.0,29429.0,34,165.0,14.2,160.8,0.9458823529411765,TARGET,2026-05-12,1.7080665813060179,67.91304347826087,116.0,2026
2026-05-11 19:25:00-04:00,2026-05-11 19:30:00-04:00,2026-05-11 19:38:00-04:00,LONG,295974,29449.25,29443.0,29443.25,29455.25,24,-125.0,14.2,-129.2,-1.0766666666666667,STOP,2026-05-12,1.8221830985915493,47.33333333333333,90.0,2026
2026-05-12 18:05:00-04:00,2026-05-12 18:10:00-04:00,2026-05-12 18:18:00-04:00,LONG,296234,29162.25,29171.0,29153.25,29171.25,36,175.0,14.2,170.8,0.948888888888889,TARGET,2026-05-13,1.963759213759214,70.78260869565217,139.0,2026
2026-05-12 19:00:00-04:00,2026-05-12 19:05:00-04:00,2026-05-12 19:05:00-04:00,SHORT,296245,29144.25,29138.0,29150.75,29137.75,26,125.0,14.2,120.8,0.9292307692307692,TARGET,2026-05-13,2.1318027210884356,51.47826086956522,109.0,2026
2026-05-13 18:50:00-04:00,2026-05-13 18:55:00-04:00,2026-05-13 18:55:00-04:00,LONG,296519,29592.5,29598.5,29586.25,29598.75,25,120.0,14.2,115.8,0.9264,TARGET,2026-05-14,1.9222873900293256,49.7391304347826,95.0,2026
2026-05-13 19:55:00-04:00,2026-05-13 20:00:00-04:00,2026-05-13 20:01:00-04:00,LONG,296532,29628.25,29619.0,29619.25,29637.25,36,-185.0,14.2,-189.2,-1.051111111111111,STOP,2026-05-14,2.2115384615384617,70.08695652173913,115.0,2026
2026-05-14 18:30:00-04:00,2026-05-14 18:35:00-04:00,2026-05-14 18:47:00-04:00,LONG,296791,29704.75,29711.25,29698.0,29711.5,27,130.0,14.2,125.8,0.9318518518518518,TARGET,2026-05-15,1.2658817086527931,52.927536231884055,67.0,2026
2026-05-14 19:30:00-04:00,2026-05-14 19:35:00-04:00,2026-05-14 19:37:00-04:00,LONG,296803,29730.0,29722.75,29723.0,29737.0,28,-145.0,14.2,-149.2,-1.0657142857142856,STOP,2026-05-15,1.4819277108433737,55.33333333333333,82.0,2026
2026-05-17 18:05:00-04:00,2026-05-17 18:10:00-04:00,2026-05-17 18:10:00-04:00,LONG,297062,29272.5,29261.5,29261.75,29283.25,43,-220.0,14.2,-224.2,-1.0427906976744186,STOP,2026-05-18,5.7793667007150145,85.1304347826087,492.0,2026
2026-05-17 18:40:00-04:00,2026-05-17 18:45:00-04:00,2026-05-17 18:47:00-04:00,LONG,297069,29264.0,29256.5,29256.75,29271.25,29,-150.0,14.2,-154.2,-1.063448275862069,STOP,2026-05-18,4.321212121212122,57.39130434782608,248.0,2026
2026-05-18 18:25:00-04:00,2026-05-18 18:30:00-04:00,2026-05-18 18:30:00-04:00,LONG,297342,29148.5,29156.5,29140.25,29156.75,33,160.0,14.2,155.8,0.9442424242424243,TARGET,2026-05-19,1.380406001765225,65.68115942028984,136.0,2026
2026-05-18 19:05:00-04:00,2026-05-18 19:10:00-04:00,2026-05-18 19:12:00-04:00,LONG,297350,29174.0,29164.75,29165.0,29183.0,36,-185.0,14.2,-189.2,-1.051111111111111,STOP,2026-05-19,1.7026699029126215,71.65217391304347,122.0,2026
2026-05-19 18:10:00-04:00,2026-05-19 18:15:00-04:00,2026-05-19 18:16:00-04:00,LONG,297615,28933.75,28921.5,28921.75,28945.75,48,-245.0,14.2,-249.2,-1.0383333333333333,STOP,2026-05-20,1.3348214285714284,107.1304347826087,143.0,2026
2026-05-19 18:40:00-04:00,2026-05-19 18:45:00-04:00,2026-05-19 18:47:00-04:00,SHORT,297621,28889.0,28880.0,28898.25,28879.75,37,180.0,14.2,175.8,0.9502702702702703,TARGET,2026-05-20,1.2767497988736927,72.05797101449275,92.0,2026
2026-05-20 18:05:00-04:00,2026-05-20 18:10:00-04:00,2026-05-20 18:10:00-04:00,SHORT,297890,29162.5,29150.75,29174.5,29150.5,48,235.0,14.2,230.8,0.9616666666666667,TARGET,2026-05-21,2.1089341692789967,110.95652173913044,234.0,2026
2026-05-20 19:25:00-04:00,2026-05-20 19:30:00-04:00,2026-05-20 19:32:00-04:00,SHORT,297906,29185.75,29176.25,29195.5,29176.0,39,190.0,14.2,185.8,0.9528205128205128,TARGET,2026-05-21,1.4622844827586206,77.33333333333333,118.0,2026
2026-05-21 18:05:00-04:00,2026-05-21 18:10:00-04:00,2026-05-21 18:14:00-04:00,LONG,298166,29500.25,29512.0,29488.25,29512.25,48,235.0,14.2,230.8,0.9616666666666667,TARGET,2026-05-22,2.1423248882265273,116.69565217391305,250.0,2026
2026-05-21 18:45:00-04:00,2026-05-21 18:50:00-04:00,2026-05-21 18:50:00-04:00,LONG,298174,29535.5,29525.5,29525.75,29545.25,39,-200.0,14.2,-204.2,-1.047179487179487,STOP,2026-05-22,1.311102831594635,77.79710144927536,102.0,2026
2026-05-24 18:35:00-04:00,2026-05-24 18:40:00-04:00,2026-05-24 18:44:00-04:00,LONG,298448,29794.25,29803.5,29784.75,29803.75,38,185.0,14.2,180.8,0.9515789473684211,TARGET,2026-05-25,1.8185637891520245,75.88405797101449,138.0,2026
2026-05-24 19:35:00-04:00,2026-05-24 19:40:00-04:00,2026-05-24 19:41:00-04:00,LONG,298460,29869.25,29859.0,29859.25,29879.25,40,-205.0,14.2,-209.2,-1.046,STOP,2026-05-25,2.684873949579832,79.33333333333333,213.0,2026
2026-05-25 18:35:00-04:00,2026-05-25 18:40:00-04:00,2026-05-25 18:41:00-04:00,SHORT,298676,29899.0,29907.5,29907.25,29890.75,33,-170.0,14.2,-174.2,-1.0557575757575757,STOP,2026-05-26,1.7813327449249783,65.68115942028984,117.0,2026
2026-05-25 20:05:00-04:00,2026-05-25 20:10:00-04:00,2026-05-25 20:10:00-04:00,SHORT,298694,29818.0,29806.75,29829.5,29806.5,46,225.0,14.2,220.8,0.9600000000000001,TARGET,2026-05-26,2.0185009487666035,91.65217391304348,185.0,2026
2026-05-26 18:10:00-04:00,2026-05-26 18:15:00-04:00,2026-05-26 18:17:00-04:00,SHORT,298947,30047.0,30036.25,30058.0,30036.0,44,215.0,14.2,210.8,0.9581818181818182,TARGET,2026-05-27,1.4090909090909092,88.0,124.0,2026
2026-05-26 19:45:00-04:00,2026-05-26 19:50:00-04:00,2026-05-26 19:51:00-04:00,LONG,298966,30100.0,30092.0,30092.25,30107.75,31,-160.0,14.2,-164.2,-1.0593548387096774,STOP,2026-05-27,1.5164835164835166,60.666666666666664,92.0,2026
2026-05-27 18:10:00-04:00,2026-05-27 18:15:00-04:00,2026-05-27 18:16:00-04:00,SHORT,299223,30072.0,30082.25,30082.0,30062.0,40,-205.0,14.2,-209.2,-1.046,STOP,2026-05-28,2.486141906873614,78.43478260869566,195.0,2026
2026-05-27 19:25:00-04:00,2026-05-27 19:30:00-04:00,2026-05-27 19:33:00-04:00,SHORT,299238,30035.5,30028.75,30042.5,30028.5,28,135.0,14.2,130.8,0.9342857142857144,TARGET,2026-05-28,2.9977134146341466,54.666666666666664,171.0,2026
2026-05-28 18:05:00-04:00,2026-05-28 18:10:00-04:00,2026-05-28 18:11:00-04:00,LONG,299498,30325.5,30315.5,30315.75,30335.25,39,-200.0,14.2,-204.2,-1.047179487179487,STOP,2026-05-29,2.1954545454545453,76.52173913043478,168.0,2026
2026-05-28 19:05:00-04:00,2026-05-28 19:10:00-04:00,2026-05-28 19:15:00-04:00,LONG,299510,30308.75,30315.5,30301.75,30315.75,28,135.0,14.2,130.8,0.9342857142857144,TARGET,2026-05-29,1.52734375,55.65217391304348,85.0,2026
2026-05-31 18:05:00-04:00,2026-05-31 18:10:00-04:00,2026-05-31 18:10:00-04:00,SHORT,299774,30368.75,30378.0,30377.75,30359.75,36,-185.0,14.2,-189.2,-1.051111111111111,STOP,2026-06-01,4.432727272727273,71.73913043478261,318.0,2026
2026-05-31 18:35:00-04:00,2026-05-31 18:40:00-04:00,2026-05-31 18:41:00-04:00,LONG,299780,30435.25,30441.0,30429.25,30441.25,24,115.0,14.2,110.8,0.9233333333333333,TARGET,2026-06-01,1.860909090909091,47.826086956521735,89.0,2026
2026-06-01 18:05:00-04:00,2026-06-01 18:10:00-04:00,2026-06-01 18:10:00-04:00,SHORT,300050,30457.75,30466.75,30466.5,30449.0,35,-180.0,14.2,-184.2,-1.0525714285714285,STOP,2026-06-02,3.7171717171717167,69.34782608695653,256.0,2026
2026-06-01 19:00:00-04:00,2026-06-01 19:05:00-04:00,2026-06-01 19:06:00-04:00,LONG,300061,30462.25,30455.5,30455.75,30468.75,26,-135.0,14.2,-139.2,-1.0707692307692307,STOP,2026-06-02,2.441780821917808,50.78260869565217,124.0,2026
2026-06-02 18:05:00-04:00,2026-06-02 18:10:00-04:00,2026-06-02 18:12:00-04:00,SHORT,300326,30734.25,30744.0,30743.75,30724.75,38,-195.0,14.2,-199.2,-1.048421052631579,STOP,2026-06-03,1.4973607038123167,74.1304347826087,111.0,2026
2026-06-02 18:35:00-04:00,2026-06-02 18:40:00-04:00,2026-06-02 18:40:00-04:00,LONG,300332,30749.75,30743.25,30743.5,30756.0,25,-130.0,14.2,-134.2,-1.0735999999999999,STOP,2026-06-03,1.5378299120234604,49.42028985507246,76.0,2026
2026-06-03 18:15:00-04:00,2026-06-03 18:20:00-04:00,2026-06-03 18:20:00-04:00,SHORT,300604,30432.75,30423.5,30442.25,30423.25,38,185.0,14.2,180.8,0.9515789473684211,TARGET,2026-06-04,2.210011507479862,75.56521739130434,167.0,2026
2026-06-03 18:50:00-04:00,2026-06-03 18:55:00-04:00,2026-06-03 18:55:00-04:00,SHORT,300611,30389.5,30396.25,30396.0,30383.0,26,-135.0,14.2,-139.2,-1.0707692307692307,STOP,2026-06-04,3.0579545454545456,51.01449275362319,156.0,2026
2026-06-04 18:05:00-04:00,2026-06-04 18:10:00-04:00,2026-06-04 18:10:00-04:00,SHORT,300878,30385.75,30396.0,30395.75,30375.75,40,-205.0,14.2,-209.2,-1.046,STOP,2026-06-05,1.848669623059867,78.43478260869566,145.0,2026
2026-06-04 18:50:00-04:00,2026-06-04 18:55:00-04:00,2026-06-04 18:59:00-04:00,LONG,300887,30355.0,30361.5,30348.25,30361.75,27,130.0,14.2,125.8,0.9318518518518518,TARGET,2026-06-05,1.9315410199556542,52.289855072463766,101.0,2026
2026-06-07 18:05:00-04:00,2026-06-07 18:10:00-04:00,2026-06-07 18:10:00-04:00,LONG,301154,28883.0,28893.5,28872.25,28893.75,43,210.0,14.2,205.8,0.9572093023255814,TARGET,2026-06-08,6.084780388151175,85.1304347826087,518.0,2026
2026-06-07 18:45:00-04:00,2026-06-07 18:50:00-04:00,2026-06-07 18:50:00-04:00,SHORT,301162,28977.0,28984.5,28984.25,28969.75,29,-150.0,14.2,-154.2,-1.063448275862069,STOP,2026-06-08,3.3628787878787882,57.39130434782608,193.0,2026
2026-06-08 18:15:00-04:00,2026-06-08 18:20:00-04:00,2026-06-08 18:21:00-04:00,SHORT,301432,29335.5,29347.75,29347.5,29323.5,48,-245.0,14.2,-249.2,-1.0383333333333333,STOP,2026-06-09,1.7596759675967595,96.60869565217392,170.0,2026
2026-06-08 18:50:00-04:00,2026-06-08 18:55:00-04:00,2026-06-08 18:56:00-04:00,LONG,301439,29389.0,29397.0,29380.75,29397.25,33,160.0,14.2,155.8,0.9442424242424243,TARGET,2026-06-09,1.6923942394239426,64.72463768115942,109.0,2026
2026-06-09 18:35:00-04:00,2026-06-09 18:40:00-04:00,2026-06-09 18:40:00-04:00,SHORT,301712,29020.75,29030.0,29029.75,29011.75,36,-185.0,14.2,-189.2,-1.051111111111111,STOP,2026-06-10,1.5824380165289258,70.14492753623188,111.0,2026
2026-06-09 19:05:00-04:00,2026-06-09 19:10:00-04:00,2026-06-09 19:10:00-04:00,LONG,301718,29087.0,29077.0,29077.25,29096.75,39,-200.0,14.2,-204.2,-1.047179487179487,STOP,2026-06-10,3.3671171171171173,77.21739130434783,260.0,2026
2026-06-10 18:05:00-04:00,2026-06-10 18:10:00-04:00,2026-06-10 18:10:00-04:00,SHORT,301982,28382.75,28371.0,28394.75,28370.75,48,235.0,14.2,230.8,0.9616666666666667,TARGET,2026-06-11,2.973737373737374,129.1304347826087,384.0,2026
2026-06-10 18:40:00-04:00,2026-06-10 18:45:00-04:00,2026-06-10 18:45:00-04:00,LONG,301989,28451.25,28440.0,28440.25,28462.25,44,-225.0,14.2,-229.2,-1.0418181818181818,STOP,2026-06-11,2.1606060606060606,86.40579710144927,186.0,2026
2026-06-11 18:15:00-04:00,2026-06-11 18:20:00-04:00,2026-06-11 18:21:00-04:00,LONG,302253,29517.5,29529.25,29505.5,29529.5,48,235.0,14.2,230.8,0.9616666666666667,TARGET,2026-06-12,1.2684848484848485,143.47826086956522,182.0,2026
2026-06-11 18:45:00-04:00,2026-06-11 18:50:00-04:00,2026-06-11 18:51:00-04:00,LONG,302259,29570.25,29582.0,29558.25,29582.25,48,235.0,14.2,230.8,0.9616666666666667,TARGET,2026-06-12,1.400909090909091,95.65217391304347,134.0,2026
2026-06-14 18:10:00-04:00,2026-06-14 18:15:00-04:00,2026-06-14 18:15:00-04:00,LONG,302528,30369.0,30356.75,30357.0,30381.0,48,-245.0,14.2,-249.2,-1.0383333333333333,STOP,2026-06-15,1.6948051948051948,154.0,261.0,2026
2026-06-14 18:50:00-04:00,2026-06-14 18:55:00-04:00,2026-06-14 19:00:00-04:00,LONG,302536,30360.5,30348.25,30348.5,30372.5,48,-245.0,14.2,-249.2,-1.0383333333333333,STOP,2026-06-15,1.275974025974026,102.66666666666666,131.0,2026
2026-06-15 18:15:00-04:00,2026-06-15 18:20:00-04:00,2026-06-15 18:20:00-04:00,SHORT,302805,30800.0,30788.25,30812.0,30788.0,48,235.0,14.2,230.8,0.9616666666666667,TARGET,2026-06-16,2.156706929434202,136.7826086956522,295.0,2026
2026-06-15 21:10:00-04:00,2026-06-15 21:15:00-04:00,2026-06-15 21:15:00-04:00,SHORT,302840,30764.5,30776.75,30776.5,30752.5,48,-245.0,14.2,-249.2,-1.0383333333333333,STOP,2026-06-16,1.4318360914105595,110.34782608695653,158.0,2026
2026-06-16 20:05:00-04:00,2026-06-16 20:10:00-04:00,2026-06-16 20:15:00-04:00,LONG,303103,30367.25,30355.0,30355.25,30379.25,48,-245.0,14.2,-249.2,-1.0383333333333333,STOP,2026-06-17,1.7873900293255134,118.6086956521739,212.0,2026
2026-06-17 00:50:00-04:00,2026-06-17 00:55:00-04:00,2026-06-17 01:02:00-04:00,LONG,303160,30481.25,30490.25,30472.0,30490.5,37,180.0,14.2,175.8,0.9502702702702703,TARGET,2026-06-17,1.5940136601044594,72.14492753623189,115.0,2026
2026-06-17 18:10:00-04:00,2026-06-17 18:15:00-04:00,2026-06-17 18:19:00-04:00,LONG,303356,30197.25,30185.0,30185.25,30209.25,48,-245.0,14.2,-249.2,-1.0383333333333333,STOP,2026-06-18,2.3798965262379896,117.65217391304348,280.0,2026
2026-06-17 19:40:00-04:00,2026-06-17 19:45:00-04:00,2026-06-17 19:48:00-04:00,SHORT,303374,30271.75,30282.25,30282.0,30261.5,41,-210.0,14.2,-214.2,-1.0448780487804878,STOP,2026-06-18,1.2520661157024795,80.66666666666666,101.0,2026
2026-06-18 18:20:00-04:00,2026-06-18 18:25:00-04:00,2026-06-18 18:33:00-04:00,SHORT,303634,30686.0,30674.25,30698.0,30674.0,48,235.0,14.2,230.8,0.9616666666666667,TARGET,2026-06-19,1.430622009569378,100.43478260869566,143.0,2026
2026-06-18 18:50:00-04:00,2026-06-18 18:55:00-04:00,2026-06-18 18:56:00-04:00,LONG,303640,30676.75,30668.0,30668.25,30685.25,34,-175.0,14.2,-179.2,-1.0541176470588234,STOP,2026-06-19,1.6586538461538463,66.31884057971014,110.0,2026
2026-06-21 18:10:00-04:00,2026-06-21 18:15:00-04:00,2026-06-21 18:16:00-04:00,SHORT,303860,30502.25,30514.0,30513.75,30490.75,46,-235.0,14.2,-239.2,-1.04,STOP,2026-06-22,4.454071969696969,91.82608695652175,409.0,2026
2026-06-21 18:45:00-04:00,2026-06-21 18:50:00-04:00,2026-06-21 18:58:00-04:00,LONG,303867,30568.0,30560.0,30560.25,30575.75,31,-160.0,14.2,-164.2,-1.0593548387096774,STOP,2026-06-22,2.482954545454546,61.21739130434782,152.0,2026
2026-06-22 18:30:00-04:00,2026-06-22 18:35:00-04:00,2026-06-22 18:35:00-04:00,SHORT,304140,30614.0,30606.75,30621.5,30606.5,30,145.0,14.2,140.8,0.9386666666666668,TARGET,2026-06-23,2.4815184815184814,58.028985507246375,144.0,2026
2026-06-22 19:15:00-04:00,2026-06-22 19:20:00-04:00,2026-06-22 19:21:00-04:00,SHORT,304149,30547.5,30555.75,30555.5,30539.5,32,-165.0,14.2,-169.2,-1.0574999999999999,STOP,2026-06-23,1.453125,64.0,93.0,2026
2026-06-23 18:10:00-04:00,2026-06-23 18:15:00-04:00,2026-06-23 18:16:00-04:00,LONG,304412,29793.5,29781.25,29781.5,29805.5,48,-245.0,14.2,-249.2,-1.0383333333333333,STOP,2026-06-24,1.6975697569756973,96.60869565217392,164.0,2026
2026-06-23 18:45:00-04:00,2026-06-23 18:50:00-04:00,2026-06-23 18:51:00-04:00,SHORT,304419,29664.0,29672.5,29672.25,29655.75,33,-170.0,14.2,-174.2,-1.0557575757575757,STOP,2026-06-24,2.875,65.04347826086956,187.0,2026
2026-06-24 18:50:00-04:00,2026-06-24 18:55:00-04:00,2026-06-24 19:05:00-04:00,SHORT,304696,30055.0,30064.5,30064.25,30045.75,37,-190.0,14.2,-194.2,-1.0497297297297297,STOP,2026-06-25,1.5954545454545455,73.33333333333333,117.0,2026
2026-06-24 19:25:00-04:00,2026-06-24 19:30:00-04:00,2026-06-24 19:32:00-04:00,LONG,304703,30078.5,30088.0,30068.75,30088.25,39,190.0,14.2,185.8,0.9528205128205128,TARGET,2026-06-25,1.3125,76.66666666666666,105.0,2026
2026-06-25 18:05:00-04:00,2026-06-25 18:10:00-04:00,2026-06-25 18:11:00-04:00,SHORT,304963,29674.25,29662.5,29686.25,29662.25,48,235.0,14.2,230.8,0.9616666666666667,TARGET,2026-06-26,2.305361305361305,111.91304347826087,258.0,2026
2026-06-25 18:35:00-04:00,2026-06-25 18:40:00-04:00,2026-06-25 18:40:00-04:00,LONG,304969,29661.0,29651.25,29651.5,29670.5,38,-195.0,14.2,-199.2,-1.048421052631579,STOP,2026-06-26,2.224941724941725,74.6086956521739,166.0,2026
2026-06-28 18:05:00-04:00,2026-06-28 18:10:00-04:00,2026-06-28 18:10:00-04:00,LONG,305239,29508.25,29496.0,29496.25,29520.25,48,-245.0,14.2,-249.2,-1.0383333333333333,STOP,2026-06-29,7.502213142662581,128.17391304347825,958.0,2026
2026-06-28 18:45:00-04:00,2026-06-28 18:50:00-04:00,2026-06-28 18:50:00-04:00,LONG,305247,29592.0,29580.75,29581.0,29603.0,44,-225.0,14.2,-229.2,-1.0418181818181818,STOP,2026-06-29,1.4171717171717173,86.08695652173913,122.0,2026
2026-06-29 18:10:00-04:00,2026-06-29 18:15:00-04:00,2026-06-29 18:20:00-04:00,LONG,305516,30009.75,30021.5,29997.75,30021.75,48,235.0,14.2,230.8,0.9616666666666667,TARGET,2026-06-30,1.2617554858934168,138.69565217391306,175.0,2026
2026-06-29 18:45:00-04:00,2026-06-29 18:50:00-04:00,2026-06-29 18:52:00-04:00,LONG,305523,30015.75,30003.75,30004.0,30027.5,47,-240.0,14.2,-244.2,-1.0391489361702126,STOP,2026-06-30,1.3843260188087776,92.46376811594202,128.0,2026
2026-06-30 22:10:00-04:00,2026-06-30 22:15:00-04:00,2026-06-30 22:16:00-04:00,SHORT,305840,30394.5,30382.75,30406.5,30382.5,48,235.0,14.2,230.8,0.9616666666666667,TARGET,2026-07-01,1.4208888888888889,97.82608695652173,139.0,2026
2026-06-30 22:45:00-04:00,2026-06-30 22:50:00-04:00,2026-06-30 23:03:00-04:00,LONG,305847,30435.25,30446.0,30424.25,30446.25,44,215.0,14.2,210.8,0.9581818181818182,TARGET,2026-07-01,1.3474747474747475,86.08695652173913,116.0,2026
2026-07-01 19:00:00-04:00,2026-07-01 19:05:00-04:00,2026-07-01 19:06:00-04:00,LONG,306078,30100.25,30089.0,30089.25,30111.25,44,-225.0,14.2,-229.2,-1.0418181818181818,STOP,2026-07-02,1.5525,86.95652173913044,135.0,2026
2026-07-01 19:40:00-04:00,2026-07-01 19:45:00-04:00,2026-07-01 19:46:00-04:00,LONG,306086,30066.25,30055.5,30055.75,30076.75,42,-215.0,14.2,-219.2,-1.0438095238095237,STOP,2026-07-02,1.608,83.33333333333333,134.0,2026
2026-07-02 18:35:00-04:00,2026-07-02 18:40:00-04:00,2026-07-02 18:56:00-04:00,LONG,306349,29611.75,29621.75,29601.5,29622.0,41,200.0,14.2,195.8,0.9551219512195123,TARGET,2026-07-03,1.5558339298496782,80.9855072463768,126.0,2026
2026-07-02 19:15:00-04:00,2026-07-02 19:20:00-04:00,2026-07-02 19:20:00-04:00,SHORT,306357,29572.0,29561.0,29583.25,29560.75,45,220.0,14.2,215.8,0.9591111111111111,TARGET,2026-07-03,1.6072834645669292,88.34782608695652,142.0,2026
2026-07-05 18:25:00-04:00,2026-07-05 18:30:00-04:00,2026-07-05 18:33:00-04:00,LONG,306575,29941.75,29950.75,29932.5,29951.0,37,180.0,14.2,175.8,0.9502702702702703,TARGET,2026-07-06,1.7057416267942584,72.69565217391303,186.0,2026
2026-07-05 19:15:00-04:00,2026-07-05 19:20:00-04:00,2026-07-05 19:25:00-04:00,LONG,306585,29991.0,29980.75,29981.0,30001.0,40,-205.0,14.2,-209.2,-1.046,STOP,2026-07-06,4.159845132743363,78.6086956521739,327.0,2026
2026-07-06 18:50:00-04:00,2026-07-06 18:55:00-04:00,2026-07-06 18:56:00-04:00,SHORT,306856,29906.75,29898.75,29915.0,29898.5,33,160.0,14.2,155.8,0.9442424242424243,TARGET,2026-07-07,2.336898395721925,65.04347826086956,152.0,2026
2026-07-06 19:20:00-04:00,2026-07-06 19:25:00-04:00,2026-07-06 19:25:00-04:00,SHORT,306862,29889.25,29898.5,29898.25,29880.25,36,-185.0,14.2,-189.2,-1.051111111111111,STOP,2026-07-07,1.775735294117647,70.95652173913044,126.0,2026
2026-07-07 18:35:00-04:00,2026-07-07 18:40:00-04:00,2026-07-07 18:41:00-04:00,LONG,307129,29390.25,29398.25,29382.0,29398.5,33,160.0,14.2,155.8,0.9442424242424243,TARGET,2026-07-08,1.7065508021390374,65.04347826086956,111.0,2026
2026-07-07 19:20:00-04:00,2026-07-07 19:25:00-04:00,2026-07-07 19:31:00-04:00,LONG,307138,29395.25,29404.0,29386.25,29404.25,36,175.0,14.2,170.8,0.948888888888889,TARGET,2026-07-08,1.8180147058823528,70.95652173913044,129.0,2026
2026-07-08 19:10:00-04:00,2026-07-08 19:15:00-04:00,2026-07-08 19:17:00-04:00,LONG,307412,29444.25,29434.0,29434.25,29454.25,40,-205.0,14.2,-209.2,-1.046,STOP,2026-07-09,1.5257675438596492,79.30434782608695,121.0,2026
2026-07-08 19:45:00-04:00,2026-07-08 19:50:00-04:00,2026-07-08 19:50:00-04:00,LONG,307419,29481.75,29472.0,29472.25,29491.25,38,-195.0,14.2,-199.2,-1.048421052631579,STOP,2026-07-09,2.276315789473684,76.0,173.0,2026
2026-07-09 18:20:00-04:00,2026-07-09 18:25:00-04:00,2026-07-09 18:28:00-04:00,SHORT,307678,29920.0,29908.25,29932.0,29908.0,48,235.0,14.2,230.8,0.9616666666666667,TARGET,2026-07-10,1.2563795853269537,109.04347826086956,137.0,2026
2026-07-09 19:55:00-04:00,2026-07-09 20:00:00-04:00,2026-07-09 20:01:00-04:00,LONG,307697,29939.75,29951.5,29927.75,29951.75,48,235.0,14.2,230.8,0.9616666666666667,TARGET,2026-07-10,1.3141592920353984,101.53623188405797,99.0,2026
2026-07-12 18:15:00-04:00,2026-07-12 18:20:00-04:00,2026-07-12 18:21:00-04:00,SHORT,307953,29866.5,29878.75,29878.5,29854.5,48,-245.0,14.2,-249.2,-1.0383333333333333,STOP,2026-07-13,2.4242424242424243,99.0,240.0,2026
2026-07-12 18:50:00-04:00,2026-07-12 18:55:00-04:00,2026-07-12 18:56:00-04:00,SHORT,307960,29888.25,29897.0,29896.75,29879.75,34,-175.0,14.2,-179.2,-1.0541176470588234,STOP,2026-07-13,1.507867132867133,66.31884057971014,100.0,2026
2026-07-13 18:55:00-04:00,2026-07-13 19:00:00-04:00,2026-07-13 19:01:00-04:00,SHORT,308237,29404.0,29394.5,29413.75,29394.25,39,190.0,14.2,185.8,0.9528205128205128,TARGET,2026-07-14,2.076781326781327,77.21739130434783,147.0,2026
2026-07-13 19:30:00-04:00,2026-07-13 19:35:00-04:00,2026-07-13 19:36:00-04:00,SHORT,308244,29353.0,29362.5,29362.25,29343.75,37,-190.0,14.2,-194.2,-1.0497297297297297,STOP,2026-07-14,1.7567567567567568,74.0,130.0,2026
2026-07-14 18:15:00-04:00,2026-07-14 18:20:00-04:00,2026-07-14 18:21:00-04:00,SHORT,308505,29766.75,29779.0,29778.75,29754.75,48,-245.0,14.2,-249.2,-1.0383333333333333,STOP,2026-07-15,1.2655502392344498,109.04347826086956,138.0,2026
2026-07-14 19:30:00-04:00,2026-07-14 19:35:00-04:00,2026-07-14 19:44:00-04:00,LONG,308520,29868.0,29858.25,29858.5,29877.5,38,-195.0,14.2,-199.2,-1.048421052631579,STOP,2026-07-15,3.8026315789473686,76.0,289.0,2026
2026-07-15 18:05:00-04:00,2026-07-15 18:10:00-04:00,2026-07-15 18:17:00-04:00,LONG,308779,29736.5,29724.25,29724.5,29748.5,48,-245.0,14.2,-249.2,-1.0383333333333333,STOP,2026-07-16,1.5728910728910728,106.17391304347827,167.0,2026
2026-07-15 19:00:00-04:00,2026-07-15 19:05:00-04:00,2026-07-15 19:06:00-04:00,LONG,308790,29727.5,29717.5,29717.75,29737.25,39,-200.0,14.2,-204.2,-1.047179487179487,STOP,2026-07-16,2.365340909090909,76.8695652173913,181.0,2026
2026-07-16 18:05:00-04:00,2026-07-16 18:10:00-04:00,2026-07-16 18:14:00-04:00,LONG,309055,29203.5,29191.25,29191.5,29215.5,48,-245.0,14.2,-249.2,-1.0383333333333333,STOP,2026-07-17,1.6099018352539478,101.86956521739131,164.0,2026
2026-07-16 18:50:00-04:00,2026-07-16 18:55:00-04:00,2026-07-16 18:56:00-04:00,SHORT,309064,29124.0,29115.75,29132.5,29115.5,34,165.0,14.2,160.8,0.9458823529411765,TARGET,2026-07-17,1.5533876500857635,67.59420289855072,105.0,2026
2026-07-19 18:20:00-04:00,2026-07-19 18:25:00-04:00,2026-07-19 18:25:00-04:00,LONG,309322,28801.25,28789.0,28789.25,28813.25,48,-245.0,14.2,-249.2,-1.0383333333333333,STOP,2026-07-20,2.7545454545454544,110.0,303.0,2026
2026-07-19 18:55:00-04:00,2026-07-19 19:00:00-04:00,2026-07-19 19:01:00-04:00,SHORT,309329,28810.75,28821.25,28821.0,28800.5,41,-210.0,14.2,-214.2,-1.0448780487804878,STOP,2026-07-20,1.2707680250783702,80.69565217391305,94.0,2026
2026-07-20 18:05:00-04:00,2026-07-20 18:10:00-04:00,2026-07-20 18:12:00-04:00,SHORT,309595,28724.0,28736.25,28736.0,28712.0,48,-245.0,14.2,-249.2,-1.0383333333333333,STOP,2026-07-21,2.639344262295082,116.69565217391305,308.0,2026
2026-07-20 19:10:00-04:00,2026-07-20 19:15:00-04:00,2026-07-20 19:16:00-04:00,LONG,309608,28760.0,28770.5,28749.25,28770.75,43,210.0,14.2,205.8,0.9572093023255814,TARGET,2026-07-21,1.9795081967213117,84.8695652173913,168.0,2026
2026-07-21 19:20:00-04:00,2026-07-21 19:25:00-04:00,2026-07-21 19:33:00-04:00,LONG,309886,29291.75,29301.5,29281.75,29301.75,40,195.0,14.2,190.8,0.9540000000000001,TARGET,2026-07-22,1.6664823008849559,78.6086956521739,131.0,2026
2026-07-21 20:05:00-04:00,2026-07-21 20:10:00-04:00,2026-07-21 20:11:00-04:00,LONG,309895,29321.75,29309.5,29309.75,29333.75,48,-245.0,14.2,-249.2,-1.0383333333333333,STOP,2026-07-22,1.5462460747930347,101.53623188405797,157.0,2026
2026-07-22 18:40:00-04:00,2026-07-22 18:45:00-04:00,2026-07-22 18:46:00-04:00,SHORT,310154,29049.25,29040.5,29058.25,29040.25,36,175.0,14.2,170.8,0.948888888888889,TARGET,2026-07-23,2.296266233766234,71.42028985507245,164.0,2026
2026-07-22 19:15:00-04:00,2026-07-22 19:20:00-04:00,2026-07-22 19:26:00-04:00,LONG,310161,29047.5,29057.0,29037.75,29057.25,39,190.0,14.2,185.8,0.9528205128205128,TARGET,2026-07-23,2.06640625,77.91304347826087,161.0,2026
2026-07-23 18:25:00-04:00,2026-07-23 18:30:00-04:00,2026-07-23 18:30:00-04:00,LONG,310427,28670.25,28660.5,28660.75,28679.75,38,-195.0,14.2,-199.2,-1.048421052631579,STOP,2026-07-24,1.740928599297698,74.6086956521739,194.0,2026
2026-07-23 19:00:00-04:00,2026-07-23 19:05:00-04:00,2026-07-23 19:05:00-04:00,LONG,310434,28714.0,28703.5,28703.75,28724.25,41,-210.0,14.2,-214.2,-1.0448780487804878,STOP,2026-07-24,1.2887931034482758,80.69565217391305,104.0,2026
2026-07-26 18:20:00-04:00,2026-07-26 18:25:00-04:00,2026-07-26 18:28:00-04:00,LONG,310702,28630.25,28618.0,28618.25,28642.25,48,-245.0,14.2,-249.2,-1.0383333333333333,STOP,2026-07-27,1.6874003189792663,109.04347826086956,184.0,2026
2026-07-26 19:10:00-04:00,2026-07-26 19:15:00-04:00,2026-07-26 19:19:00-04:00,LONG,310712,28632.25,28622.0,28622.25,28642.25,40,-205.0,14.2,-209.2,-1.046,STOP,2026-07-27,1.8573008849557524,78.6086956521739,146.0,2026
2026-07-27 18:05:00-04:00,2026-07-27 18:10:00-04:00,2026-07-27 18:14:00-04:00,SHORT,310975,28176.0,28164.25,28188.0,28164.0,48,235.0,14.2,230.8,0.9616666666666667,TARGET,2026-07-28,1.5510029876227058,102.34782608695653,158.0,2026
2026-07-27 19:05:00-04:00,2026-07-27 19:10:00-04:00,2026-07-27 19:11:00-04:00,SHORT,310987,28135.75,28126.75,28145.0,28126.5,37,180.0,14.2,175.8,0.9502702702702703,TARGET,2026-07-28,1.5731132075471699,73.73913043478261,116.0,2026
2026-07-28 18:05:00-04:00,2026-07-28 18:10:00-04:00,2026-07-28 18:12:00-04:00,LONG,311251,28004.5,27992.25,27992.5,28016.5,48,-245.0,14.2,-249.2,-1.0383333333333333,STOP,2026-07-29,1.6576576576576576,106.17391304347827,176.0,2026
2026-07-28 18:35:00-04:00,2026-07-28 18:40:00-04:00,2026-07-28 18:40:00-04:00,SHORT,311257,27877.25,27868.5,27886.25,27868.25,36,175.0,14.2,170.8,0.948888888888889,TARGET,2026-07-29,3.390663390663391,70.78260869565217,240.0,2026
2026-07-29 18:05:00-04:00,2026-07-29 18:10:00-04:00,2026-07-29 18:10:00-04:00,LONG,311527,27417.25,27429.0,27405.25,27429.25,48,235.0,14.2,230.8,0.9616666666666667,TARGET,2026-07-30,5.06962481962482,120.52173913043478,611.0,2026
2026-07-29 19:00:00-04:00,2026-07-29 19:05:00-04:00,2026-07-29 19:09:00-04:00,LONG,311538,27475.5,27486.25,27464.5,27486.5,44,215.0,14.2,210.8,0.9581818181818182,TARGET,2026-07-30,1.2727272727272727,88.0,112.0,2026
2026-07-30 18:05:00-04:00,2026-07-30 18:10:00-04:00,2026-07-30 18:10:00-04:00,LONG,311803,28386.5,28398.25,28374.5,28398.5,48,235.0,14.2,230.8,0.9616666666666667,TARGET,2026-07-31,3.459504132231405,132.0,455.0,2026
2026-07-30 18:40:00-04:00,2026-07-30 18:45:00-04:00,2026-07-30 18:45:00-04:00,LONG,311810,28393.0,28403.75,28382.0,28404.0,44,215.0,14.2,210.8,0.9581818181818182,TARGET,2026-07-31,1.465909090909091,87.99999999999999,129.0,2026
2026-08-02 18:15:00-04:00,2026-08-02 18:20:00-04:00,2026-08-02 18:21:00-04:00,LONG,312081,28592.0,28603.75,28580.0,28604.0,48,235.0,14.2,230.8,0.9616666666666667,TARGET,2026-08-03,1.2727272727272727,132.0,168.0,2026
2026-08-02 19:10:00-04:00,2026-08-02 19:15:00-04:00,2026-08-02 19:23:00-04:00,SHORT,312092,28560.75,28573.0,28572.75,28548.75,48,-245.0,14.2,-249.2,-1.0383333333333333,STOP,2026-08-03,1.5104166666666667,96.0,145.0,2026
2026-08-03 21:05:00-04:00,2026-08-03 21:10:00-04:00,2026-08-03 21:10:00-04:00,SHORT,312391,28857.5,28845.75,28869.5,28845.5,48,235.0,14.2,230.8,0.9616666666666667,TARGET,2026-08-04,1.7617845117845117,103.30434782608697,182.0,2026
2026-08-03 21:45:00-04:00,2026-08-03 21:50:00-04:00,2026-08-03 21:52:00-04:00,LONG,312399,28963.5,28975.25,28951.5,28975.5,48,235.0,14.2,230.8,0.9616666666666667,TARGET,2026-08-04,1.3699059561128528,110.95652173913042,152.0,2026
2026-08-04 18:10:00-04:00,2026-08-04 18:15:00-04:00,2026-08-04 18:25:00-04:00,LONG,312632,29834.5,29822.25,29822.5,29846.5,48,-245.0,14.2,-249.2,-1.0383333333333333,STOP,2026-08-05,1.4105339105339105,120.52173913043478,170.0,2026
2026-08-04 18:45:00-04:00,2026-08-04 18:50:00-04:00,2026-08-04 18:58:00-04:00,SHORT,312639,29803.5,29814.0,29813.75,29793.25,41,-210.0,14.2,-214.2,-1.0448780487804878,STOP,2026-08-05,1.5681818181818183,80.34782608695652,126.0,2026
2026-08-05 18:25:00-04:00,2026-08-05 18:30:00-04:00,2026-08-05 18:33:00-04:00,LONG,312911,29628.0,29637.0,29618.75,29637.25,37,180.0,14.2,175.8,0.9502702702702703,TARGET,2026-08-06,1.593073593073593,73.65217391304347,176.0,2026
2026-08-05 19:35:00-04:00,2026-08-05 19:40:00-04:00,2026-08-05 19:42:00-04:00,SHORT,312925,29595.75,29605.75,29605.5,29586.0,39,-200.0,14.2,-204.2,-1.047179487179487,STOP,2026-08-06,2.321739130434783,76.66666666666666,178.0,2026
2026-08-06 18:15:00-04:00,2026-08-06 18:20:00-04:00,2026-08-06 18:23:00-04:00,LONG,313185,29569.5,29557.25,29557.5,29581.5,48,-245.0,14.2,-249.2,-1.0383333333333333,STOP,2026-08-07,1.4851316907391672,102.34782608695653,152.0,2026
2026-08-06 18:45:00-04:00,2026-08-06 18:50:00-04:00,2026-08-06 18:52:00-04:00,LONG,313191,29551.25,29559.75,29542.5,29560.0,35,170.0,14.2,165.8,0.9474285714285715,TARGET,2026-08-07,1.3483432455395072,68.23188405797102,92.0,2026
2026-08-09 18:15:00-04:00,2026-08-09 18:20:00-04:00,2026-08-09 18:21:00-04:00,SHORT,313461,29813.25,29825.5,29825.25,29801.25,48,-245.0,14.2,-249.2,-1.0383333333333333,STOP,2026-08-10,1.6665166516651664,96.60869565217392,161.0,2026
2026-08-09 19:35:00-04:00,2026-08-09 19:40:00-04:00,2026-08-09 19:40:00-04:00,SHORT,313477,29848.0,29856.75,29856.5,29839.5,34,-175.0,14.2,-179.2,-1.0541176470588234,STOP,2026-08-10,1.8600000000000003,66.66666666666666,124.0,2026
2026-08-10 18:35:00-04:00,2026-08-10 18:40:00-04:00,2026-08-10 19:02:00-04:00,SHORT,313741,29729.75,29722.25,29737.5,29722.0,31,150.0,14.2,145.8,0.9406451612903226,TARGET,2026-08-11,1.4526315789473685,60.57971014492753,88.0,2026
2026-08-10 19:25:00-04:00,2026-08-10 19:30:00-04:00,2026-08-10 19:36:00-04:00,SHORT,313751,29706.75,29715.0,29714.75,29698.75,32,-165.0,14.2,-169.2,-1.0574999999999999,STOP,2026-08-11,1.4375,63.33333333333333,95.0,2026
2026-08-11 18:15:00-04:00,2026-08-11 18:20:00-04:00,2026-08-11 18:31:00-04:00,LONG,314013,29653.5,29664.25,29642.5,29664.5,44,215.0,14.2,210.8,0.9581818181818182,TARGET,2026-08-12,1.3096903096903096,87.04347826086956,114.0,2026
2026-08-11 19:55:00-04:00,2026-08-11 20:00:00-04:00,2026-08-11 20:01:00-04:00,LONG,314033,29659.5,29649.0,29649.25,29669.75,41,-210.0,14.2,-214.2,-1.0448780487804878,STOP,2026-08-12,1.7472527472527473,81.76811594202898,106.0,2026
2026-08-12 18:05:00-04:00,2026-08-12 18:10:00-04:00,2026-08-12 18:15:00-04:00,SHORT,314287,29816.25,29806.25,29826.5,29806.0,41,200.0,14.2,195.8,0.9551219512195123,TARGET,2026-08-13,1.2867132867132869,81.30434782608695,104.0,2026
2026-08-12 19:50:00-04:00,2026-08-12 19:55:00-04:00,2026-08-12 20:01:00-04:00,SHORT,314308,29803.0,29810.25,29810.0,29796.0,28,-145.0,14.2,-149.2,-1.0657142857142856,STOP,2026-08-13,1.4464285714285714,56.0,81.0,2026
2026-08-13 19:20:00-04:00,2026-08-13 19:25:00-04:00,2026-08-13 19:26:00-04:00,SHORT,314578,30196.0,30202.75,30202.5,30189.5,26,-135.0,14.2,-139.2,-1.0707692307692307,STOP,2026-08-14,1.4569256756756757,51.47826086956522,75.0,2026
2026-08-13 20:05:00-04:00,2026-08-13 20:10:00-04:00,2026-08-13 20:13:00-04:00,LONG,314587,30206.75,30198.0,30198.25,30215.25,34,-175.0,14.2,-179.2,-1.0541176470588234,STOP,2026-08-14,1.925021795989538,66.4927536231884,128.0,2026
2026-08-16 18:50:00-04:00,2026-08-16 18:55:00-04:00,2026-08-16 18:57:00-04:00,LONG,314848,30207.25,30201.75,30202.0,30212.5,21,-110.0,14.2,-114.2,-1.0876190476190477,STOP,2026-08-17,1.7853146853146855,41.449275362318836,74.0,2026
2026-08-16 19:50:00-04:00,2026-08-16 19:55:00-04:00,2026-08-16 19:56:00-04:00,LONG,314860,30219.75,30214.0,30214.25,30225.25,22,-115.0,14.2,-119.2,-1.0836363636363637,STOP,2026-08-17,1.5923076923076924,43.33333333333333,69.0,2026
2026-08-17 19:10:00-04:00,2026-08-17 19:15:00-04:00,2026-08-17 19:19:00-04:00,LONG,315128,30081.75,30076.0,30076.25,30087.25,22,-115.0,14.2,-119.2,-1.0836363636363637,STOP,2026-08-18,1.4139344262295084,42.43478260869565,60.0,2026
2026-08-17 19:55:00-04:00,2026-08-17 20:00:00-04:00,2026-08-17 20:01:00-04:00,LONG,315137,30097.25,30090.0,30090.25,30104.25,28,-145.0,14.2,-149.2,-1.0657142857142856,STOP,2026-08-18,1.5,54.81159420289855,61.0,2026
2026-08-18 18:30:00-04:00,2026-08-18 18:35:00-04:00,2026-08-18 18:35:00-04:00,SHORT,315396,29541.0,29546.5,29546.25,29535.75,21,-110.0,14.2,-114.2,-1.0876190476190477,STOP,2026-08-19,3.285714285714286,40.4927536231884,132.0,2026
2026-08-18 19:05:00-04:00,2026-08-18 19:10:00-04:00,2026-08-18 19:10:00-04:00,LONG,315403,29536.5,29530.75,29531.0,29542.0,22,-115.0,14.2,-119.2,-1.0836363636363637,STOP,2026-08-19,1.642857142857143,43.826086956521735,72.0,2026
2026-08-19 18:05:00-04:00,2026-08-19 18:10:00-04:00,2026-08-19 18:10:00-04:00,LONG,315667,29597.0,29605.0,29588.75,29605.25,33,160.0,14.2,155.8,0.9442424242424243,TARGET,2026-08-20,3.5975935828877006,65.04347826086956,234.0,2026
2026-08-19 18:40:00-04:00,2026-08-19 18:45:00-04:00,2026-08-19 18:51:00-04:00,LONG,315674,29631.75,29637.0,29626.25,29637.25,22,105.0,14.2,100.8,0.9163636363636364,TARGET,2026-08-20,2.0985962566844925,43.362318840579704,91.0,2026
2026-08-20 18:05:00-04:00,2026-08-20 18:10:00-04:00,2026-08-20 18:14:00-04:00,SHORT,315943,29286.0,29277.25,29295.0,29277.0,36,175.0,14.2,170.8,0.948888888888889,TARGET,2026-08-21,3.666060606060606,71.73913043478261,263.0,2026
2026-08-20 18:35:00-04:00,2026-08-20 18:40:00-04:00,2026-08-20 18:40:00-04:00,LONG,315949,29307.0,29300.75,29301.0,29313.0,24,-125.0,14.2,-129.2,-1.0766666666666667,STOP,2026-08-21,1.9027272727272728,47.826086956521735,91.0,2026
