date,level_name,level,side,setup_time,entry_time,exit_time,entry,stop,target,exit,reason,gross,net,net_r
2019-12-12,ORH,11785.25,short,2019-12-12T11:15:00-05:00,2019-12-12T11:17:00-05:00,2019-12-12T11:31:00-05:00,11781.5,11793.25,11758.0,11758.0,target,470.0,465.0,1.9787234042553192
2019-12-13,PDH,11819.0,short,2019-12-13T10:15:00-05:00,2019-12-13T10:16:00-05:00,2019-12-13T12:00:00-05:00,11812.25,11843.25,11750.25,11811.0,noon,25.0,20.0,0.03225806451612903
2019-12-17,ORL,11897.25,long,2019-12-17T10:05:00-05:00,2019-12-17T10:06:00-05:00,2019-12-17T12:00:00-05:00,11903.25,11892.75,11924.25,11901.75,noon,-30.0,-35.0,-0.16666666666666666
2019-12-18,ORL,11912.25,long,2019-12-18T10:15:00-05:00,2019-12-18T10:17:00-05:00,2019-12-18T11:43:00-05:00,11915.25,11904.0,11937.75,11937.75,target,450.0,445.0,1.9777777777777779
2019-12-19,ORH,11933.25,short,2019-12-19T11:00:00-05:00,2019-12-19T11:01:00-05:00,2019-12-19T11:05:00-05:00,11931.25,11935.75,11922.25,11936.0,stop,-95.0,-100.0,-1.1111111111111112
2019-12-23,ORL,12019.75,long,2019-12-23T10:15:00-05:00,2019-12-23T10:19:00-05:00,2019-12-23T12:00:00-05:00,12024.75,12018.25,12037.75,12032.25,noon,150.0,145.0,1.1153846153846154
2019-12-27,PDH,12099.0,short,2019-12-27T10:00:00-05:00,2019-12-27T10:01:00-05:00,2019-12-27T10:23:00-05:00,12077.0,12104.0,12023.0,12104.25,stop,-545.0,-550.0,-1.0185185185185186
2019-12-30,ORL,12022.25,long,2019-12-30T11:20:00-05:00,2019-12-30T11:22:00-05:00,2019-12-30T12:00:00-05:00,12028.0,12017.0,12050.0,12033.5,noon,110.0,105.0,0.4772727272727273
2020-01-02,ORL,12112.5,long,2020-01-02T10:30:00-05:00,2020-01-02T10:31:00-05:00,2020-01-02T12:00:00-05:00,12116.25,12101.5,12145.75,12126.0,noon,195.0,190.0,0.6440677966101694
2020-01-07,PDH,12163.25,short,2020-01-07T10:25:00-05:00,2020-01-07T10:26:00-05:00,2020-01-07T10:59:00-05:00,12161.25,12172.5,12138.75,12172.75,stop,-230.0,-235.0,-1.0444444444444445
2020-01-08,PDH,12185.0,short,2020-01-08T10:10:00-05:00,2020-01-08T10:12:00-05:00,2020-01-08T10:13:00-05:00,12181.5,12190.5,12163.5,12190.75,stop,-185.0,-190.0,-1.0555555555555556
2020-01-08,PDH,12185.0,short,2020-01-08T10:25:00-05:00,2020-01-08T10:27:00-05:00,2020-01-08T10:50:00-05:00,12180.5,12192.0,12157.5,12157.5,target,460.0,455.0,1.9782608695652173
2020-01-09,ORL,12295.75,long,2020-01-09T10:15:00-05:00,2020-01-09T10:20:00-05:00,2020-01-09T11:27:00-05:00,12303.25,12293.25,12323.25,12293.0,stop,-205.0,-210.0,-1.05
2020-01-10,ORH,12338.75,short,2020-01-10T10:45:00-05:00,2020-01-10T10:46:00-05:00,2020-01-10T11:30:00-05:00,12333.25,12340.0,12319.75,12319.75,target,270.0,265.0,1.962962962962963
2020-01-13,ORH,12326.0,short,2020-01-13T10:15:00-05:00,2020-01-13T10:21:00-05:00,2020-01-13T10:27:00-05:00,12320.25,12330.0,12300.75,12330.25,stop,-200.0,-205.0,-1.0512820512820513
2020-01-13,ORH,12326.0,short,2020-01-13T10:35:00-05:00,2020-01-13T10:36:00-05:00,2020-01-13T10:55:00-05:00,12318.5,12331.75,12292.0,12332.0,stop,-270.0,-275.0,-1.0377358490566038
2020-01-14,ORL,12349.25,long,2020-01-14T10:05:00-05:00,2020-01-14T10:06:00-05:00,2020-01-14T12:00:00-05:00,12354.75,12331.75,12400.75,12373.25,noon,370.0,365.0,0.7934782608695652
2020-01-15,PDH,12392.0,short,2020-01-15T10:50:00-05:00,2020-01-15T10:51:00-05:00,2020-01-15T11:12:00-05:00,12385.75,12393.5,12370.25,12370.25,target,310.0,305.0,1.967741935483871
2020-01-16,ORH,12412.5,short,2020-01-16T10:15:00-05:00,2020-01-16T10:18:00-05:00,2020-01-16T10:22:00-05:00,12410.75,12417.0,12398.25,12398.25,target,250.0,245.0,1.96
2020-01-16,PDH,12393.0,short,2020-01-16T10:55:00-05:00,2020-01-16T10:56:00-05:00,2020-01-16T12:00:00-05:00,12389.5,12402.25,12364.0,12391.25,noon,-35.0,-40.0,-0.1568627450980392
2020-01-17,PDH,12435.75,short,2020-01-17T11:15:00-05:00,2020-01-17T11:20:00-05:00,2020-01-17T11:59:00-05:00,12427.0,12443.0,12395.0,12443.25,stop,-325.0,-330.0,-1.03125
2020-01-21,ORH,12468.75,short,2020-01-21T10:00:00-05:00,2020-01-21T10:01:00-05:00,2020-01-21T10:02:00-05:00,12466.5,12474.0,12451.5,12474.25,stop,-155.0,-160.0,-1.0666666666666667
2020-01-21,ORH,12468.75,short,2020-01-21T10:20:00-05:00,2020-01-21T10:25:00-05:00,2020-01-21T10:37:00-05:00,12460.5,12474.75,12432.0,12475.0,stop,-290.0,-295.0,-1.0350877192982457
2020-01-22,ORH,12538.0,short,2020-01-22T10:00:00-05:00,2020-01-22T10:06:00-05:00,2020-01-22T10:28:00-05:00,12529.5,12542.0,12504.5,12542.25,stop,-255.0,-260.0,-1.04
2020-01-22,ORH,12538.0,short,2020-01-22T11:00:00-05:00,2020-01-22T11:01:00-05:00,2020-01-22T11:16:00-05:00,12533.5,12542.25,12516.0,12516.0,target,350.0,345.0,1.9714285714285715
2020-01-23,ORH,12498.0,short,2020-01-23T10:20:00-05:00,2020-01-23T10:21:00-05:00,2020-01-23T10:30:00-05:00,12492.0,12500.75,12474.5,12501.0,stop,-180.0,-185.0,-1.0571428571428572
2020-01-23,ORH,12498.0,short,2020-01-23T10:50:00-05:00,2020-01-23T10:55:00-05:00,2020-01-23T12:00:00-05:00,12487.0,12500.75,12459.5,12490.0,noon,-60.0,-65.0,-0.23636363636363636
2020-01-24,ORL,12559.0,long,2020-01-24T10:15:00-05:00,2020-01-24T10:16:00-05:00,2020-01-24T10:18:00-05:00,12562.0,12550.5,12585.0,12550.25,stop,-235.0,-240.0,-1.0434782608695652
2020-01-24,PDH,12530.75,short,2020-01-24T10:30:00-05:00,2020-01-24T10:31:00-05:00,2020-01-24T10:39:00-05:00,12529.0,12544.5,12498.0,12544.75,stop,-315.0,-320.0,-1.032258064516129
2020-01-27,ORH,12278.5,short,2020-01-27T10:05:00-05:00,2020-01-27T10:06:00-05:00,2020-01-27T10:29:00-05:00,12259.75,12283.5,12212.25,12283.75,stop,-480.0,-485.0,-1.0210526315789474
2020-01-27,ORH,12278.5,short,2020-01-27T10:35:00-05:00,2020-01-27T10:38:00-05:00,2020-01-27T12:00:00-05:00,12269.0,12289.75,12227.5,12274.0,noon,-100.0,-105.0,-0.25301204819277107
2020-01-30,ORL,12341.5,long,2020-01-30T11:15:00-05:00,2020-01-30T11:19:00-05:00,2020-01-30T12:00:00-05:00,12354.75,12333.75,12396.75,12371.5,noon,335.0,330.0,0.7857142857142857
2020-01-31,PDL,12321.5,long,2020-01-31T11:20:00-05:00,2020-01-31T11:22:00-05:00,2020-01-31T11:40:00-05:00,12348.0,12313.75,12416.5,12313.5,stop,-690.0,-695.0,-1.0145985401459854
2020-02-04,ORH,12566.75,short,2020-02-04T10:15:00-05:00,2020-02-04T10:16:00-05:00,2020-02-04T10:30:00-05:00,12550.5,12576.25,12499.0,12576.5,stop,-520.0,-525.0,-1.0194174757281553
2020-02-05,PDH,12656.75,short,2020-02-05T10:30:00-05:00,2020-02-05T10:32:00-05:00,2020-02-05T12:00:00-05:00,12639.5,12675.25,12568.0,12660.5,noon,-420.0,-425.0,-0.5944055944055944
2020-02-06,ORH,12705.25,short,2020-02-06T10:20:00-05:00,2020-02-06T10:24:00-05:00,2020-02-06T10:38:00-05:00,12693.5,12712.5,12655.5,12712.75,stop,-385.0,-390.0,-1.0263157894736843
2020-02-10,PDH,12760.5,short,2020-02-10T10:55:00-05:00,2020-02-10T10:56:00-05:00,2020-02-10T11:32:00-05:00,12758.25,12771.75,12731.25,12772.0,stop,-275.0,-280.0,-1.037037037037037
2020-02-12,ORL,12876.5,long,2020-02-12T10:00:00-05:00,2020-02-12T10:01:00-05:00,2020-02-12T10:08:00-05:00,12880.25,12857.5,12925.75,12857.25,stop,-460.0,-465.0,-1.021978021978022
2020-02-12,ORL,12876.5,long,2020-02-12T11:05:00-05:00,2020-02-12T11:06:00-05:00,2020-02-12T12:00:00-05:00,12884.25,12868.75,12915.25,12899.0,noon,295.0,290.0,0.9354838709677419
2020-02-13,ORH,12875.75,short,2020-02-13T10:00:00-05:00,2020-02-13T10:01:00-05:00,2020-02-13T10:36:00-05:00,12865.5,12890.25,12816.0,12890.5,stop,-500.0,-505.0,-1.02020202020202
2020-02-14,ORL,12905.0,long,2020-02-14T10:00:00-05:00,2020-02-14T10:01:00-05:00,2020-02-14T10:12:00-05:00,12910.25,12898.75,12933.25,12898.5,stop,-235.0,-240.0,-1.0434782608695652
2020-02-14,ORL,12905.0,long,2020-02-14T10:20:00-05:00,2020-02-14T10:21:00-05:00,2020-02-14T12:00:00-05:00,12911.0,12893.0,12947.0,12921.0,noon,200.0,195.0,0.5416666666666666
2020-02-18,ORH,12912.75,short,2020-02-18T11:10:00-05:00,2020-02-18T11:13:00-05:00,2020-02-18T11:41:00-05:00,12907.0,12919.5,12882.0,12882.0,target,500.0,495.0,1.98
2020-02-20,ORH,13016.25,short,2020-02-20T10:20:00-05:00,2020-02-20T10:21:00-05:00,2020-02-20T11:04:00-05:00,13007.5,13017.5,12987.5,12987.5,target,400.0,395.0,1.975
2020-02-24,ORH,12477.5,short,2020-02-24T10:20:00-05:00,2020-02-24T10:21:00-05:00,2020-02-24T11:41:00-05:00,12468.0,12499.5,12405.0,12405.0,target,1260.0,1255.0,1.992063492063492
2020-02-25,PDL,12338.25,long,2020-02-25T10:40:00-05:00,2020-02-25T10:42:00-05:00,2020-02-25T10:51:00-05:00,12354.5,12320.0,12423.5,12319.75,stop,-695.0,-700.0,-1.0144927536231885
2020-02-26,ORH,12312.5,short,2020-02-26T10:40:00-05:00,2020-02-26T10:41:00-05:00,2020-02-26T10:44:00-05:00,12296.5,12322.25,12245.0,12322.5,stop,-520.0,-525.0,-1.0194174757281553
2020-02-26,ORH,12312.5,short,2020-02-26T11:00:00-05:00,2020-02-26T11:01:00-05:00,2020-02-26T11:54:00-05:00,12304.25,12324.25,12264.25,12264.25,target,800.0,795.0,1.9875
2020-02-27,ORL,11928.25,long,2020-02-27T11:00:00-05:00,2020-02-27T11:01:00-05:00,2020-02-27T12:00:00-05:00,11966.0,11906.0,12086.0,11996.5,noon,610.0,605.0,0.5041666666666667
2020-02-28,ORH,11619.0,short,2020-02-28T11:25:00-05:00,2020-02-28T11:27:00-05:00,2020-02-28T11:30:00-05:00,11582.75,11621.75,11504.75,11622.0,stop,-785.0,-790.0,-1.0128205128205128
2020-03-02,ORL,11782.0,long,2020-03-02T10:15:00-05:00,2020-03-02T10:16:00-05:00,2020-03-02T10:22:00-05:00,11809.0,11759.5,11908.0,11759.25,stop,-995.0,-1000.0,-1.0101010101010102
2020-03-02,ORL,11782.0,long,2020-03-02T10:40:00-05:00,2020-03-02T10:41:00-05:00,2020-03-02T11:24:00-05:00,11823.75,11758.0,11955.25,11955.25,target,2630.0,2625.0,1.9961977186311788
2020-03-03,PDH,12176.75,short,2020-03-03T10:15:00-05:00,2020-03-03T10:16:00-05:00,2020-03-03T12:00:00-05:00,12153.5,12267.5,11925.5,12130.5,noon,460.0,455.0,0.19956140350877194
2020-03-04,ORL,11984.0,long,2020-03-04T10:00:00-05:00,2020-03-04T10:01:00-05:00,2020-03-04T10:17:00-05:00,11992.25,11961.75,12053.25,12053.25,target,1220.0,1215.0,1.9918032786885247
2020-03-04,ORH,12079.5,short,2020-03-04T10:35:00-05:00,2020-03-04T10:38:00-05:00,2020-03-04T12:00:00-05:00,12050.25,12084.75,11981.25,12017.25,noon,660.0,655.0,0.9492753623188406
2020-03-05,ORH,12078.75,short,2020-03-05T10:40:00-05:00,2020-03-05T10:41:00-05:00,2020-03-05T10:49:00-05:00,12068.0,12100.5,12003.0,12100.75,stop,-655.0,-660.0,-1.0153846153846153
2020-03-06,ORL,11677.75,long,2020-03-06T10:00:00-05:00,2020-03-06T10:01:00-05:00,2020-03-06T10:31:00-05:00,11720.75,11672.75,11816.75,11816.75,target,1920.0,1915.0,1.9947916666666667
2020-03-06,ORH,11758.0,short,2020-03-06T11:15:00-05:00,2020-03-06T11:16:00-05:00,2020-03-06T11:31:00-05:00,11745.5,11776.5,11683.5,11776.75,stop,-625.0,-630.0,-1.0161290322580645
2020-03-10,ORH,11541.5,short,2020-03-10T10:15:00-04:00,2020-03-10T10:17:00-04:00,2020-03-10T10:21:00-04:00,11518.5,11549.75,11456.0,11550.0,stop,-630.0,-635.0,-1.016
2020-03-13,ORL,10793.25,long,2020-03-13T10:00:00-04:00,2020-03-13T10:02:00-04:00,2020-03-13T10:22:00-04:00,10812.5,10760.0,10917.5,10917.5,target,2100.0,2095.0,1.9952380952380953
2020-03-13,ORL,10793.25,long,2020-03-13T11:10:00-04:00,2020-03-13T11:11:00-04:00,2020-03-13T11:11:00-04:00,10806.25,10771.5,10875.75,10771.25,stop,-700.0,-705.0,-1.014388489208633
2020-03-17,ORL,10321.75,long,2020-03-17T10:10:00-04:00,2020-03-17T10:11:00-04:00,2020-03-17T11:06:00-04:00,10364.5,10274.0,10545.5,10545.5,target,3620.0,3615.0,1.9972375690607735
2020-03-20,ORH,10776.25,short,2020-03-20T11:00:00-04:00,2020-03-20T11:02:00-04:00,2020-03-20T11:21:00-04:00,10751.75,10784.75,10685.75,10685.75,target,1320.0,1315.0,1.9924242424242424
2020-03-23,ORH,10317.5,short,2020-03-23T10:20:00-04:00,2020-03-23T10:21:00-04:00,2020-03-23T11:45:00-04:00,10284.0,10387.0,10078.0,10078.0,target,4120.0,4115.0,1.9975728155339805
2020-03-24,ORH,10742.0,short,2020-03-24T10:30:00-04:00,2020-03-24T10:31:00-04:00,2020-03-24T11:42:00-04:00,10725.5,10766.75,10643.0,10767.0,stop,-830.0,-835.0,-1.0121212121212122
2020-03-25,ORL,10791.5,long,2020-03-25T11:00:00-04:00,2020-03-25T11:01:00-04:00,2020-03-25T12:00:00-04:00,10824.5,10760.5,10952.5,10804.25,noon,-405.0,-410.0,-0.3203125
2020-03-26,ORH,10944.75,short,2020-03-26T10:15:00-04:00,2020-03-26T10:16:00-04:00,2020-03-26T10:19:00-04:00,10939.5,10982.0,10854.5,10982.25,stop,-855.0,-860.0,-1.011764705882353
2020-03-27,ORL,10892.75,long,2020-03-27T10:40:00-04:00,2020-03-27T10:43:00-04:00,2020-03-27T11:16:00-04:00,10920.75,10891.75,10978.75,10978.75,target,1160.0,1155.0,1.9913793103448276
2020-03-31,ORL,11125.5,long,2020-03-31T10:00:00-04:00,2020-03-31T10:01:00-04:00,2020-03-31T10:11:00-04:00,11142.0,11109.25,11207.5,11207.5,target,1310.0,1305.0,1.9923664122137406
2020-04-01,ORH,10938.5,short,2020-04-01T10:20:00-04:00,2020-04-01T10:25:00-04:00,2020-04-01T10:34:00-04:00,10912.5,10944.0,10849.5,10944.25,stop,-635.0,-640.0,-1.0158730158730158
2020-04-02,ORH,10827.25,short,2020-04-02T10:15:00-04:00,2020-04-02T10:16:00-04:00,2020-04-02T10:31:00-04:00,10810.0,10835.5,10759.0,10835.75,stop,-515.0,-520.0,-1.0196078431372548
2020-04-03,PDH,10932.0,short,2020-04-03T10:15:00-04:00,2020-04-03T10:16:00-04:00,2020-04-03T10:23:00-04:00,10919.25,10942.75,10872.25,10872.25,target,940.0,935.0,1.9893617021276595
2020-04-08,ORL,11407.5,long,2020-04-08T10:35:00-04:00,2020-04-08T10:36:00-04:00,2020-04-08T10:43:00-04:00,11418.25,11394.25,11466.25,11394.0,stop,-485.0,-490.0,-1.0208333333333333
2020-04-08,ORL,11407.5,long,2020-04-08T10:50:00-04:00,2020-04-08T10:51:00-04:00,2020-04-08T11:24:00-04:00,11418.0,11392.5,11469.0,11469.0,target,1020.0,1015.0,1.9901960784313726
2020-04-09,PDH,11548.5,short,2020-04-09T10:10:00-04:00,2020-04-09T10:15:00-04:00,2020-04-09T12:00:00-04:00,11524.25,11588.75,11395.25,11546.25,noon,-440.0,-445.0,-0.3449612403100775
2020-04-13,ORL,11483.75,long,2020-04-13T10:05:00-04:00,2020-04-13T10:06:00-04:00,2020-04-13T10:26:00-04:00,11519.75,11469.25,11620.75,11469.0,stop,-1015.0,-1020.0,-1.00990099009901
2020-04-13,ORL,11483.75,long,2020-04-13T10:35:00-04:00,2020-04-13T10:36:00-04:00,2020-04-13T10:39:00-04:00,11503.5,11474.5,11561.5,11474.25,stop,-585.0,-590.0,-1.0172413793103448
2020-04-15,ORL,11806.0,long,2020-04-15T10:00:00-04:00,2020-04-15T10:07:00-04:00,2020-04-15T12:00:00-04:00,11831.5,11798.75,11897.0,11834.5,noon,60.0,55.0,0.08396946564885496
2020-04-16,PDH,11962.75,short,2020-04-16T10:00:00-04:00,2020-04-16T10:02:00-04:00,2020-04-16T10:30:00-04:00,11945.5,11971.75,11893.0,11972.0,stop,-530.0,-535.0,-1.019047619047619
2020-04-16,PDH,11962.75,short,2020-04-16T10:40:00-04:00,2020-04-16T10:41:00-04:00,2020-04-16T10:42:00-04:00,11952.5,11980.0,11897.5,11980.25,stop,-555.0,-560.0,-1.018181818181818
2020-04-17,PDH,12092.0,short,2020-04-17T10:35:00-04:00,2020-04-17T10:36:00-04:00,2020-04-17T12:00:00-04:00,12074.25,12104.25,12014.25,12052.0,noon,445.0,440.0,0.7333333333333333
2020-04-21,ORL,11844.75,long,2020-04-21T10:25:00-04:00,2020-04-21T10:26:00-04:00,2020-04-21T10:33:00-04:00,11851.75,11821.0,11913.25,11820.75,stop,-620.0,-625.0,-1.016260162601626
2020-04-22,ORH,11904.5,short,2020-04-22T10:45:00-04:00,2020-04-22T10:47:00-04:00,2020-04-22T12:00:00-04:00,11896.25,11915.5,11857.75,11902.25,noon,-120.0,-125.0,-0.3246753246753247
2020-04-24,PDL,11914.0,long,2020-04-24T10:15:00-04:00,2020-04-24T10:19:00-04:00,2020-04-24T12:00:00-04:00,11940.5,11904.75,12012.0,11953.75,noon,265.0,260.0,0.36363636363636365
2020-04-27,ORH,12166.5,short,2020-04-27T10:10:00-04:00,2020-04-27T10:11:00-04:00,2020-04-27T10:16:00-04:00,12157.0,12176.0,12119.0,12176.25,stop,-385.0,-390.0,-1.0263157894736843
2020-04-27,ORH,12166.5,short,2020-04-27T10:25:00-04:00,2020-04-27T10:26:00-04:00,2020-04-27T12:00:00-04:00,12156.75,12184.0,12102.25,12151.25,noon,110.0,105.0,0.1926605504587156
2020-05-01,ORH,12149.25,short,2020-05-01T10:20:00-04:00,2020-05-01T10:21:00-04:00,2020-05-01T11:49:00-04:00,12123.0,12158.5,12052.0,12052.0,target,1420.0,1415.0,1.9929577464788732
2020-05-06,ORL,12278.75,long,2020-05-06T10:25:00-04:00,2020-05-06T10:26:00-04:00,2020-05-06T10:46:00-04:00,12286.75,12263.0,12334.25,12334.25,target,950.0,945.0,1.9894736842105263
2020-05-06,ORH,12335.5,short,2020-05-06T11:10:00-04:00,2020-05-06T11:13:00-04:00,2020-05-06T12:00:00-04:00,12324.5,12343.5,12286.5,12318.25,noon,125.0,120.0,0.3157894736842105
2020-05-07,ORL,12364.5,long,2020-05-07T10:20:00-04:00,2020-05-07T10:21:00-04:00,2020-05-07T10:49:00-04:00,12366.75,12352.0,12396.25,12351.75,stop,-300.0,-305.0,-1.0338983050847457
2020-05-07,ORL,12364.5,long,2020-05-07T11:05:00-04:00,2020-05-07T11:06:00-04:00,2020-05-07T11:47:00-04:00,12372.5,12352.5,12412.5,12412.5,target,800.0,795.0,1.9875
2020-05-12,ORL,12571.0,long,2020-05-12T10:00:00-04:00,2020-05-12T10:01:00-04:00,2020-05-12T12:00:00-04:00,12583.5,12551.25,12648.0,12617.25,noon,675.0,670.0,1.0387596899224807
2020-05-13,PDL,12407.0,long,2020-05-13T10:00:00-04:00,2020-05-13T10:01:00-04:00,2020-05-13T10:29:00-04:00,12426.25,12399.5,12479.75,12479.75,target,1070.0,1065.0,1.9906542056074767
2020-05-13,ORH,12448.0,short,2020-05-13T11:00:00-04:00,2020-05-13T11:01:00-04:00,2020-05-13T11:47:00-04:00,12414.25,12460.0,12322.75,12322.75,target,1830.0,1825.0,1.994535519125683
2020-05-14,PDL,12184.75,long,2020-05-14T10:10:00-04:00,2020-05-14T10:11:00-04:00,2020-05-14T10:18:00-04:00,12217.5,12183.25,12286.0,12183.0,stop,-690.0,-695.0,-1.0145985401459854
2020-05-14,PDL,12184.75,long,2020-05-14T10:25:00-04:00,2020-05-14T10:26:00-04:00,2020-05-14T10:29:00-04:00,12202.25,12177.0,12252.75,12176.75,stop,-510.0,-515.0,-1.0198019801980198
2020-05-15,ORH,12318.5,short,2020-05-15T10:05:00-04:00,2020-05-15T10:06:00-04:00,2020-05-15T10:11:00-04:00,12310.75,12340.0,12252.25,12340.25,stop,-590.0,-595.0,-1.017094017094017
2020-05-15,ORH,12318.5,short,2020-05-15T10:50:00-04:00,2020-05-15T10:53:00-04:00,2020-05-15T11:05:00-04:00,12303.5,12325.75,12259.0,12259.0,target,890.0,885.0,1.9887640449438202
2020-05-18,ORL,12553.0,long,2020-05-18T10:00:00-04:00,2020-05-18T10:01:00-04:00,2020-05-18T10:41:00-04:00,12569.5,12542.5,12623.5,12623.5,target,1080.0,1075.0,1.9907407407407407
2020-05-21,ORL,12776.0,long,2020-05-21T10:00:00-04:00,2020-05-21T10:01:00-04:00,2020-05-21T10:05:00-04:00,12784.5,12761.25,12831.0,12761.0,stop,-470.0,-475.0,-1.021505376344086
2020-05-21,PDL,12708.5,long,2020-05-21T10:45:00-04:00,2020-05-21T10:48:00-04:00,2020-05-21T11:07:00-04:00,12725.5,12695.75,12785.0,12695.5,stop,-600.0,-605.0,-1.0168067226890756
2020-05-22,ORH,12675.0,short,2020-05-22T10:10:00-04:00,2020-05-22T10:11:00-04:00,2020-05-22T12:00:00-04:00,12663.25,12693.25,12603.25,12670.25,noon,-140.0,-145.0,-0.24166666666666667
2020-05-26,ORL,12825.75,long,2020-05-26T10:25:00-04:00,2020-05-26T10:31:00-04:00,2020-05-26T10:36:00-04:00,12832.75,12811.5,12875.25,12811.25,stop,-430.0,-435.0,-1.0235294117647058
2020-05-28,PDH,12747.0,short,2020-05-28T10:00:00-04:00,2020-05-28T10:01:00-04:00,2020-05-28T10:07:00-04:00,12724.5,12753.75,12666.0,12754.0,stop,-590.0,-595.0,-1.017094017094017
2020-05-29,ORH,12771.25,short,2020-05-29T10:00:00-04:00,2020-05-29T10:02:00-04:00,2020-05-29T10:23:00-04:00,12753.5,12782.5,12695.5,12695.5,target,1160.0,1155.0,1.9913793103448276
2020-05-29,ORL,12726.75,long,2020-05-29T10:35:00-04:00,2020-05-29T10:39:00-04:00,2020-05-29T10:43:00-04:00,12739.0,12712.25,12792.5,12712.0,stop,-540.0,-545.0,-1.0186915887850467
2020-06-01,ORH,12865.5,short,2020-06-01T10:00:00-04:00,2020-06-01T10:01:00-04:00,2020-06-01T10:02:00-04:00,12854.75,12869.5,12825.25,12869.75,stop,-300.0,-305.0,-1.0338983050847457
2020-06-01,PDH,12878.0,short,2020-06-01T10:15:00-04:00,2020-06-01T10:24:00-04:00,2020-06-01T10:41:00-04:00,12862.5,12885.25,12817.0,12885.5,stop,-460.0,-465.0,-1.021978021978022
2020-06-02,ORL,12876.75,long,2020-06-02T10:00:00-04:00,2020-06-02T10:01:00-04:00,2020-06-02T10:45:00-04:00,12892.0,12872.75,12930.5,12872.5,stop,-390.0,-395.0,-1.025974025974026
2020-06-02,PDL,12812.25,long,2020-06-02T11:15:00-04:00,2020-06-02T11:17:00-04:00,2020-06-02T12:00:00-04:00,12832.75,12810.75,12876.75,12842.75,noon,200.0,195.0,0.4431818181818182
2020-06-04,ORH,13013.75,short,2020-06-04T11:05:00-04:00,2020-06-04T11:07:00-04:00,2020-06-04T11:14:00-04:00,13005.25,13021.75,12972.25,12972.25,target,660.0,655.0,1.9848484848484849
2020-06-05,ORH,13069.25,short,2020-06-05T10:10:00-04:00,2020-06-05T10:11:00-04:00,2020-06-05T10:39:00-04:00,13052.25,13081.25,12994.25,13081.5,stop,-585.0,-590.0,-1.0172413793103448
2020-06-08,ORL,13099.0,long,2020-06-08T10:45:00-04:00,2020-06-08T10:46:00-04:00,2020-06-08T12:00:00-04:00,13105.25,13090.75,13134.25,13117.25,noon,240.0,235.0,0.8103448275862069
2020-06-09,PDH,13207.5,short,2020-06-09T10:00:00-04:00,2020-06-09T10:01:00-04:00,2020-06-09T10:23:00-04:00,13197.0,13217.25,13156.5,13217.5,stop,-410.0,-415.0,-1.0246913580246915
2020-06-10,ORH,13372.5,short,2020-06-10T10:15:00-04:00,2020-06-10T10:16:00-04:00,2020-06-10T12:00:00-04:00,13355.75,13384.75,13297.75,13358.25,noon,-50.0,-55.0,-0.09482758620689655
2020-06-11,ORH,13264.0,short,2020-06-11T10:30:00-04:00,2020-06-11T10:31:00-04:00,2020-06-11T10:34:00-04:00,13240.75,13270.5,13181.25,13270.75,stop,-600.0,-605.0,-1.0168067226890756
2020-06-11,ORH,13264.0,short,2020-06-11T10:45:00-04:00,2020-06-11T10:47:00-04:00,2020-06-11T11:00:00-04:00,13259.0,13287.25,13202.5,13202.5,target,1130.0,1125.0,1.991150442477876
2020-06-12,ORL,13087.75,long,2020-06-12T10:25:00-04:00,2020-06-12T10:26:00-04:00,2020-06-12T10:30:00-04:00,13105.25,13070.5,13174.75,13070.25,stop,-700.0,-705.0,-1.014388489208633
2020-06-16,ORH,13307.5,short,2020-06-16T10:00:00-04:00,2020-06-16T10:01:00-04:00,2020-06-16T10:02:00-04:00,13297.5,13313.5,13265.5,13313.75,stop,-325.0,-330.0,-1.03125
2020-06-16,ORH,13307.5,short,2020-06-16T10:40:00-04:00,2020-06-16T10:42:00-04:00,2020-06-16T11:00:00-04:00,13268.75,13321.25,13163.75,13163.75,target,2100.0,2095.0,1.9952380952380953
2020-06-17,ORL,13299.25,long,2020-06-17T10:10:00-04:00,2020-06-17T10:17:00-04:00,2020-06-17T10:19:00-04:00,13314.0,13289.0,13364.0,13288.75,stop,-505.0,-510.0,-1.02
2020-06-17,ORL,13299.25,long,2020-06-17T10:45:00-04:00,2020-06-17T10:47:00-04:00,2020-06-17T12:00:00-04:00,13307.25,13287.25,13347.25,13328.0,noon,415.0,410.0,1.025
2020-06-18,ORH,13305.75,short,2020-06-18T10:15:00-04:00,2020-06-18T10:16:00-04:00,2020-06-18T10:34:00-04:00,13297.75,13314.75,13263.75,13263.75,target,680.0,675.0,1.9852941176470589
2020-06-18,ORH,13305.75,short,2020-06-18T10:50:00-04:00,2020-06-18T10:52:00-04:00,2020-06-18T10:59:00-04:00,13287.0,13308.5,13244.0,13308.75,stop,-435.0,-440.0,-1.0232558139534884
2020-06-19,ORH,13425.25,short,2020-06-19T10:00:00-04:00,2020-06-19T10:02:00-04:00,2020-06-19T12:00:00-04:00,13403.5,13432.0,13346.5,13375.75,noon,555.0,550.0,0.9649122807017544
2020-06-25,PDL,13250.75,long,2020-06-25T10:00:00-04:00,2020-06-25T10:01:00-04:00,2020-06-25T10:27:00-04:00,13271.5,13247.0,13320.5,13320.5,target,980.0,975.0,1.989795918367347
2020-06-26,PDL,13209.0,long,2020-06-26T10:45:00-04:00,2020-06-26T10:46:00-04:00,2020-06-26T10:51:00-04:00,13220.25,13189.75,13281.25,13189.5,stop,-615.0,-620.0,-1.0163934426229508
2020-06-26,PDL,13209.0,long,2020-06-26T11:00:00-04:00,2020-06-26T11:01:00-04:00,2020-06-26T11:50:00-04:00,13220.0,13183.0,13294.0,13294.0,target,1480.0,1475.0,1.9932432432432432
2020-06-29,PDL,13147.75,long,2020-06-29T10:15:00-04:00,2020-06-29T10:20:00-04:00,2020-06-29T12:00:00-04:00,13163.75,13109.75,13271.75,13216.5,noon,1055.0,1050.0,0.9722222222222222
2020-07-01,ORL,13454.75,long,2020-07-01T10:00:00-04:00,2020-07-01T10:01:00-04:00,2020-07-01T10:30:00-04:00,13474.75,13448.5,13527.25,13527.25,target,1050.0,1045.0,1.9904761904761905
2020-07-02,ORH,13734.25,short,2020-07-02T10:25:00-04:00,2020-07-02T10:27:00-04:00,2020-07-02T10:35:00-04:00,13717.25,13735.25,13681.25,13681.25,target,720.0,715.0,1.9861111111111112
2020-07-02,ORL,13690.25,long,2020-07-02T10:40:00-04:00,2020-07-02T10:41:00-04:00,2020-07-02T11:03:00-04:00,13703.5,13682.5,13745.5,13682.25,stop,-425.0,-430.0,-1.0238095238095237
2020-07-08,ORH,13939.25,short,2020-07-08T10:45:00-04:00,2020-07-08T10:46:00-04:00,2020-07-08T11:00:00-04:00,13935.5,13955.25,13896.0,13955.5,stop,-400.0,-405.0,-1.0253164556962024
2020-07-08,ORH,13939.25,short,2020-07-08T11:05:00-04:00,2020-07-08T11:08:00-04:00,2020-07-08T12:00:00-04:00,13909.75,13956.0,13817.25,13913.75,noon,-80.0,-85.0,-0.0918918918918919
2020-07-09,ORL,14012.5,long,2020-07-09T10:25:00-04:00,2020-07-09T10:27:00-04:00,2020-07-09T10:41:00-04:00,14037.5,14002.5,14107.5,14002.25,stop,-705.0,-710.0,-1.0142857142857142
2020-07-09,PDH,13981.25,short,2020-07-09T10:50:00-04:00,2020-07-09T10:51:00-04:00,2020-07-09T11:01:00-04:00,13962.0,13988.0,13910.0,13910.0,target,1040.0,1035.0,1.9903846153846154
2020-07-10,ORL,13980.5,long,2020-07-10T10:10:00-04:00,2020-07-10T10:11:00-04:00,2020-07-10T11:42:00-04:00,13993.0,13954.75,14069.5,14069.5,target,1530.0,1525.0,1.9934640522875817
2020-07-13,ORH,14320.5,short,2020-07-13T10:35:00-04:00,2020-07-13T10:37:00-04:00,2020-07-13T10:42:00-04:00,14311.25,14326.75,14280.25,14327.0,stop,-315.0,-320.0,-1.032258064516129
2020-07-14,ORL,13804.0,long,2020-07-14T10:35:00-04:00,2020-07-14T10:36:00-04:00,2020-07-14T10:40:00-04:00,13847.5,13789.25,13964.0,13789.0,stop,-1170.0,-1175.0,-1.0085836909871244
2020-07-14,ORL,13804.0,long,2020-07-14T10:45:00-04:00,2020-07-14T10:46:00-04:00,2020-07-14T11:06:00-04:00,13857.5,13793.75,13985.0,13793.5,stop,-1280.0,-1285.0,-1.007843137254902
2020-07-15,PDH,14012.75,short,2020-07-15T11:05:00-04:00,2020-07-15T11:07:00-04:00,2020-07-15T12:00:00-04:00,13966.5,14035.0,13829.5,13897.0,noon,1390.0,1385.0,1.010948905109489
2020-07-16,ORL,13861.0,long,2020-07-16T10:30:00-04:00,2020-07-16T10:35:00-04:00,2020-07-16T10:59:00-04:00,13871.0,13831.75,13949.5,13831.5,stop,-790.0,-795.0,-1.0127388535031847
2020-07-17,ORL,13905.5,long,2020-07-17T10:05:00-04:00,2020-07-17T10:07:00-04:00,2020-07-17T10:20:00-04:00,13935.0,13900.25,14004.5,13900.0,stop,-700.0,-705.0,-1.014388489208633
2020-07-17,ORL,13905.5,long,2020-07-17T10:55:00-04:00,2020-07-17T10:56:00-04:00,2020-07-17T12:00:00-04:00,13916.0,13898.25,13951.5,13936.25,noon,405.0,400.0,1.1267605633802817
2020-07-20,ORH,14008.25,short,2020-07-20T10:00:00-04:00,2020-07-20T10:02:00-04:00,2020-07-20T10:05:00-04:00,13996.0,14019.0,13950.0,14019.25,stop,-465.0,-470.0,-1.0217391304347827
2020-07-21,ORL,14229.25,long,2020-07-21T10:15:00-04:00,2020-07-21T10:17:00-04:00,2020-07-21T10:28:00-04:00,14242.75,14218.0,14292.25,14217.75,stop,-500.0,-505.0,-1.02020202020202
2020-07-21,ORL,14229.25,long,2020-07-21T10:55:00-04:00,2020-07-21T10:56:00-04:00,2020-07-21T11:11:00-04:00,14233.75,14200.0,14301.25,14199.75,stop,-680.0,-685.0,-1.0148148148148148
2020-07-22,ORH,14198.0,short,2020-07-22T10:25:00-04:00,2020-07-22T10:26:00-04:00,2020-07-22T10:48:00-04:00,14187.75,14207.25,14148.75,14148.75,target,780.0,775.0,1.9871794871794872
2020-07-22,PDL,14108.25,long,2020-07-22T11:20:00-04:00,2020-07-22T11:21:00-04:00,2020-07-22T12:00:00-04:00,14113.75,14084.25,14172.75,14156.0,noon,845.0,840.0,1.423728813559322
2020-07-23,ORH,14169.0,short,2020-07-23T10:00:00-04:00,2020-07-23T10:05:00-04:00,2020-07-23T10:20:00-04:00,14151.25,14177.25,14099.25,14099.25,target,1040.0,1035.0,1.9903846153846154
2020-07-23,ORL,14122.5,long,2020-07-23T10:30:00-04:00,2020-07-23T10:31:00-04:00,2020-07-23T11:06:00-04:00,14139.0,14117.0,14183.0,14116.75,stop,-445.0,-450.0,-1.0227272727272727
2020-07-24,ORH,13755.75,short,2020-07-24T10:10:00-04:00,2020-07-24T10:14:00-04:00,2020-07-24T10:21:00-04:00,13712.5,13758.5,13620.5,13758.75,stop,-925.0,-930.0,-1.0108695652173914
2020-07-24,ORH,13755.75,short,2020-07-24T10:35:00-04:00,2020-07-24T10:40:00-04:00,2020-07-24T10:53:00-04:00,13716.25,13780.25,13588.25,13780.5,stop,-1285.0,-1290.0,-1.0078125
2020-07-27,ORH,13934.25,short,2020-07-27T10:10:00-04:00,2020-07-27T10:14:00-04:00,2020-07-27T11:36:00-04:00,13914.75,13945.75,13852.75,13852.75,target,1240.0,1235.0,1.9919354838709677
2020-07-28,ORL,13902.5,long,2020-07-28T10:00:00-04:00,2020-07-28T10:01:00-04:00,2020-07-28T12:00:00-04:00,13916.25,13881.0,13986.75,13938.5,noon,445.0,440.0,0.624113475177305
2020-07-30,ORL,13875.0,long,2020-07-30T10:05:00-04:00,2020-07-30T10:09:00-04:00,2020-07-30T10:23:00-04:00,13891.5,13844.25,13986.0,13844.0,stop,-950.0,-955.0,-1.0105820105820107
2020-07-30,ORL,13875.0,long,2020-07-30T10:30:00-04:00,2020-07-30T10:31:00-04:00,2020-07-30T11:12:00-04:00,13883.75,13860.5,13930.25,13930.25,target,930.0,925.0,1.989247311827957
2020-07-31,ORL,14103.5,long,2020-07-31T11:00:00-04:00,2020-07-31T11:02:00-04:00,2020-07-31T12:00:00-04:00,14105.5,14074.25,14168.0,14109.5,noon,80.0,75.0,0.12
2020-08-03,ORH,14366.25,short,2020-08-03T10:10:00-04:00,2020-08-03T10:13:00-04:00,2020-08-03T12:00:00-04:00,14350.5,14376.75,14298.0,14377.0,stop,-530.0,-535.0,-1.019047619047619
2020-08-04,PDH,14396.5,short,2020-08-04T10:20:00-04:00,2020-08-04T10:27:00-04:00,2020-08-04T11:25:00-04:00,14384.5,14402.75,14348.0,14348.0,target,730.0,725.0,1.9863013698630136
2020-08-05,ORH,14427.0,short,2020-08-05T10:50:00-04:00,2020-08-05T10:51:00-04:00,2020-08-05T11:03:00-04:00,14422.0,14441.5,14383.0,14441.75,stop,-395.0,-400.0,-1.0256410256410255
2020-08-06,ORH,14443.75,short,2020-08-06T10:05:00-04:00,2020-08-06T10:06:00-04:00,2020-08-06T10:11:00-04:00,14431.0,14446.0,14401.0,14446.25,stop,-305.0,-310.0,-1.0333333333333334
2020-08-06,PDH,14452.0,short,2020-08-06T10:35:00-04:00,2020-08-06T10:41:00-04:00,2020-08-06T10:45:00-04:00,14448.75,14463.25,14419.75,14419.75,target,580.0,575.0,1.9827586206896552
2020-08-07,ORH,14564.0,short,2020-08-07T10:05:00-04:00,2020-08-07T10:06:00-04:00,2020-08-07T10:52:00-04:00,14551.25,14574.0,14505.75,14574.25,stop,-460.0,-465.0,-1.021978021978022
2020-08-07,ORH,14564.0,short,2020-08-07T11:15:00-04:00,2020-08-07T11:16:00-04:00,2020-08-07T11:30:00-04:00,14561.25,14578.25,14527.25,14527.25,target,680.0,675.0,1.9852941176470589
2020-08-14,ORL,14481.0,long,2020-08-14T10:00:00-04:00,2020-08-14T10:01:00-04:00,2020-08-14T10:04:00-04:00,14506.0,14479.25,14559.5,14479.0,stop,-540.0,-545.0,-1.0186915887850467
2020-08-14,PDL,14452.75,long,2020-08-14T10:40:00-04:00,2020-08-14T10:41:00-04:00,2020-08-14T10:59:00-04:00,14457.25,14437.5,14496.75,14437.25,stop,-400.0,-405.0,-1.0253164556962024
2020-08-17,ORH,14575.75,short,2020-08-17T10:20:00-04:00,2020-08-17T10:21:00-04:00,2020-08-17T10:27:00-04:00,14562.5,14577.75,14532.0,14578.0,stop,-310.0,-315.0,-1.0327868852459017
2020-08-17,ORH,14575.75,short,2020-08-17T11:05:00-04:00,2020-08-17T11:06:00-04:00,2020-08-17T11:12:00-04:00,14565.25,14581.0,14533.75,14581.25,stop,-320.0,-325.0,-1.0317460317460319
2020-08-18,ORL,14649.25,long,2020-08-18T10:00:00-04:00,2020-08-18T10:01:00-04:00,2020-08-18T10:08:00-04:00,14666.25,14646.25,14706.25,14646.0,stop,-405.0,-410.0,-1.025
2020-08-18,PDH,14624.0,short,2020-08-18T10:30:00-04:00,2020-08-18T10:31:00-04:00,2020-08-18T10:50:00-04:00,14600.25,14652.25,14496.25,14652.5,stop,-1045.0,-1050.0,-1.0096153846153846
2020-08-19,ORL,14690.5,long,2020-08-19T10:10:00-04:00,2020-08-19T10:12:00-04:00,2020-08-19T11:01:00-04:00,14701.5,14683.0,14738.5,14738.5,target,740.0,735.0,1.9864864864864864
2020-08-21,PDH,14820.0,short,2020-08-21T10:00:00-04:00,2020-08-21T10:04:00-04:00,2020-08-21T10:25:00-04:00,14800.25,14823.75,14753.25,14824.0,stop,-475.0,-480.0,-1.0212765957446808
2020-08-24,PDH,14897.0,short,2020-08-24T10:55:00-04:00,2020-08-24T10:59:00-04:00,2020-08-24T11:04:00-04:00,14857.75,14912.25,14748.75,14912.5,stop,-1095.0,-1100.0,-1.0091743119266054
2020-08-25,ORH,14955.75,short,2020-08-25T10:25:00-04:00,2020-08-25T10:28:00-04:00,2020-08-25T10:47:00-04:00,14935.25,14965.25,14875.25,14965.5,stop,-605.0,-610.0,-1.0166666666666666
2020-08-27,PDH,15298.0,short,2020-08-27T10:05:00-04:00,2020-08-27T10:06:00-04:00,2020-08-27T10:30:00-04:00,15258.25,15306.75,15161.25,15307.0,stop,-975.0,-980.0,-1.0103092783505154
2020-08-27,PDH,15298.0,short,2020-08-27T10:50:00-04:00,2020-08-27T10:51:00-04:00,2020-08-27T10:57:00-04:00,15291.75,15322.0,15231.25,15322.25,stop,-610.0,-615.0,-1.0165289256198347
2020-08-28,ORH,15328.0,short,2020-08-28T10:05:00-04:00,2020-08-28T10:08:00-04:00,2020-08-28T10:48:00-04:00,15319.0,15336.75,15283.5,15283.5,target,710.0,705.0,1.9859154929577465
2020-08-28,ORL,15296.5,long,2020-08-28T10:55:00-04:00,2020-08-28T10:56:00-04:00,2020-08-28T10:59:00-04:00,15299.0,15275.5,15346.0,15275.25,stop,-475.0,-480.0,-1.0212765957446808
2020-08-31,ORH,15365.0,short,2020-08-31T10:00:00-04:00,2020-08-31T10:07:00-04:00,2020-08-31T10:10:00-04:00,15346.75,15366.75,15306.75,15367.0,stop,-405.0,-410.0,-1.025
2020-09-01,ORH,15526.0,short,2020-09-01T10:00:00-04:00,2020-09-01T10:01:00-04:00,2020-09-01T10:01:00-04:00,15516.0,15538.25,15471.5,15538.5,stop,-450.0,-455.0,-1.0224719101123596
2020-09-02,PDH,15624.25,short,2020-09-02T10:40:00-04:00,2020-09-02T10:41:00-04:00,2020-09-02T11:40:00-04:00,15617.5,15674.0,15504.5,15504.5,target,2260.0,2255.0,1.9955752212389382
2020-09-03,PDL,15495.75,long,2020-09-03T10:00:00-04:00,2020-09-03T10:01:00-04:00,2020-09-03T10:13:00-04:00,15501.5,15465.0,15574.5,15464.75,stop,-735.0,-740.0,-1.0136986301369864
2020-09-08,ORH,14593.5,short,2020-09-08T10:05:00-04:00,2020-09-08T10:07:00-04:00,2020-09-08T10:09:00-04:00,14570.25,14627.25,14456.25,14627.5,stop,-1145.0,-1150.0,-1.0087719298245614
2020-09-08,ORH,14593.5,short,2020-09-08T10:50:00-04:00,2020-09-08T10:51:00-04:00,2020-09-08T10:54:00-04:00,14585.0,14641.75,14471.5,14642.0,stop,-1140.0,-1145.0,-1.0088105726872247
2020-09-09,PDH,14728.25,short,2020-09-09T11:05:00-04:00,2020-09-09T11:09:00-04:00,2020-09-09T12:00:00-04:00,14692.75,14732.5,14613.25,14706.75,noon,-280.0,-285.0,-0.3584905660377358
2020-09-10,ORH,14858.25,short,2020-09-10T10:35:00-04:00,2020-09-10T10:36:00-04:00,2020-09-10T10:38:00-04:00,14846.5,14875.25,14789.0,14789.0,target,1150.0,1145.0,1.991304347826087
2020-09-10,ORL,14779.0,long,2020-09-10T11:15:00-04:00,2020-09-10T11:17:00-04:00,2020-09-10T12:00:00-04:00,14796.0,14721.75,14944.5,14743.0,noon,-1060.0,-1065.0,-0.7171717171717171
2020-09-11,ORL,14499.5,long,2020-09-11T10:35:00-04:00,2020-09-11T10:36:00-04:00,2020-09-11T11:24:00-04:00,14523.0,14464.25,14640.5,14464.0,stop,-1180.0,-1185.0,-1.0085106382978724
2020-09-15,ORH,14783.75,short,2020-09-15T10:15:00-04:00,2020-09-15T10:16:00-04:00,2020-09-15T12:00:00-04:00,14761.75,14799.5,14686.25,14778.25,noon,-330.0,-335.0,-0.44370860927152317
2020-09-16,PDL,14684.75,long,2020-09-16T10:50:00-04:00,2020-09-16T10:52:00-04:00,2020-09-16T11:34:00-04:00,14702.0,14670.5,14765.0,14765.0,target,1260.0,1255.0,1.992063492063492
2020-09-18,ORL,14403.25,long,2020-09-18T10:05:00-04:00,2020-09-18T10:06:00-04:00,2020-09-18T10:23:00-04:00,14425.5,14390.0,14496.5,14389.75,stop,-715.0,-720.0,-1.0140845070422535
2020-09-21,ORH,14146.75,short,2020-09-21T10:00:00-04:00,2020-09-21T10:03:00-04:00,2020-09-21T10:41:00-04:00,14107.75,14163.75,13995.75,13995.75,target,2240.0,2235.0,1.9955357142857142
2020-09-21,ORL,14039.0,long,2020-09-21T10:50:00-04:00,2020-09-21T10:54:00-04:00,2020-09-21T11:53:00-04:00,14042.25,14002.5,14121.75,14121.75,target,1590.0,1585.0,1.9937106918238994
2020-09-22,ORL,14322.0,long,2020-09-22T10:00:00-04:00,2020-09-22T10:01:00-04:00,2020-09-22T10:57:00-04:00,14342.0,14298.0,14430.0,14297.75,stop,-885.0,-890.0,-1.0113636363636365
2020-09-22,ORL,14322.0,long,2020-09-22T11:20:00-04:00,2020-09-22T11:21:00-04:00,2020-09-22T11:36:00-04:00,14324.75,14294.0,14386.25,14293.75,stop,-620.0,-625.0,-1.016260162601626
2020-09-25,ORL,14181.25,long,2020-09-25T10:00:00-04:00,2020-09-25T10:01:00-04:00,2020-09-25T10:13:00-04:00,14240.25,14179.75,14361.25,14179.5,stop,-1215.0,-1220.0,-1.0082644628099173
2020-09-25,ORL,14181.25,long,2020-09-25T10:20:00-04:00,2020-09-25T10:21:00-04:00,2020-09-25T11:19:00-04:00,14233.25,14176.5,14346.75,14346.75,target,2270.0,2265.0,1.9955947136563876
2020-09-28,ORL,14617.0,long,2020-09-28T10:15:00-04:00,2020-09-28T10:16:00-04:00,2020-09-28T10:52:00-04:00,14622.75,14583.5,14701.25,14583.25,stop,-790.0,-795.0,-1.0127388535031847
2020-09-28,ORL,14617.0,long,2020-09-28T11:10:00-04:00,2020-09-28T11:12:00-04:00,2020-09-28T11:58:00-04:00,14622.5,14591.75,14684.0,14591.5,stop,-620.0,-625.0,-1.016260162601626
2020-09-29,ORH,14714.75,short,2020-09-29T10:15:00-04:00,2020-09-29T10:16:00-04:00,2020-09-29T10:35:00-04:00,14701.5,14721.25,14662.0,14662.0,target,790.0,785.0,1.9873417721518987
2020-09-29,ORL,14663.75,long,2020-09-29T11:10:00-04:00,2020-09-29T11:13:00-04:00,2020-09-29T11:15:00-04:00,14673.25,14656.75,14706.25,14656.5,stop,-335.0,-340.0,-1.0303030303030303
2020-10-01,PDH,14860.75,short,2020-10-01T10:00:00-04:00,2020-10-01T10:01:00-04:00,2020-10-01T10:03:00-04:00,14847.5,14869.5,14803.5,14869.75,stop,-445.0,-450.0,-1.0227272727272727
2020-10-01,PDH,14860.75,short,2020-10-01T10:10:00-04:00,2020-10-01T10:12:00-04:00,2020-10-01T10:36:00-04:00,14837.0,14867.5,14776.0,14867.75,stop,-615.0,-620.0,-1.0163934426229508
2020-10-02,ORH,14755.25,short,2020-10-02T10:40:00-04:00,2020-10-02T10:41:00-04:00,2020-10-02T11:39:00-04:00,14748.25,14792.75,14659.25,14659.25,target,1780.0,1775.0,1.9943820224719102
2020-10-06,ORL,14770.75,long,2020-10-06T10:00:00-04:00,2020-10-06T10:01:00-04:00,2020-10-06T10:19:00-04:00,14782.75,14758.25,14831.75,14831.75,target,980.0,975.0,1.989795918367347
2020-10-06,PDH,14832.25,short,2020-10-06T10:25:00-04:00,2020-10-06T10:26:00-04:00,2020-10-06T11:10:00-04:00,14810.5,14834.0,14763.5,14763.5,target,940.0,935.0,1.9893617021276595
2020-10-07,ORH,14768.25,short,2020-10-07T10:00:00-04:00,2020-10-07T10:01:00-04:00,2020-10-07T11:32:00-04:00,14741.75,14773.0,14679.25,14773.25,stop,-630.0,-635.0,-1.016
2020-10-08,ORL,14863.25,long,2020-10-08T10:40:00-04:00,2020-10-08T10:41:00-04:00,2020-10-08T10:47:00-04:00,14866.0,14855.0,14888.0,14854.75,stop,-225.0,-230.0,-1.0454545454545454
2020-10-08,ORL,14863.25,long,2020-10-08T11:05:00-04:00,2020-10-08T11:06:00-04:00,2020-10-08T11:34:00-04:00,14867.5,14840.5,14921.5,14840.25,stop,-545.0,-550.0,-1.0185185185185186
2020-10-09,ORH,14963.25,short,2020-10-09T10:10:00-04:00,2020-10-09T10:12:00-04:00,2020-10-09T10:36:00-04:00,14956.25,14978.5,14911.75,14978.75,stop,-450.0,-455.0,-1.0224719101123596
2020-10-12,ORL,15210.25,long,2020-10-12T10:00:00-04:00,2020-10-12T10:07:00-04:00,2020-10-12T10:54:00-04:00,15234.0,15207.0,15288.0,15288.0,target,1080.0,1075.0,1.9907407407407407
2020-10-13,ORL,15375.25,long,2020-10-13T10:10:00-04:00,2020-10-13T10:11:00-04:00,2020-10-13T10:13:00-04:00,15407.25,15371.0,15479.75,15370.75,stop,-730.0,-735.0,-1.013793103448276
2020-10-14,ORL,15406.0,long,2020-10-14T10:45:00-04:00,2020-10-14T10:46:00-04:00,2020-10-14T11:28:00-04:00,15412.25,15389.75,15457.25,15389.5,stop,-455.0,-460.0,-1.0222222222222221
2020-10-15,ORH,15190.75,short,2020-10-15T10:05:00-04:00,2020-10-15T10:08:00-04:00,2020-10-15T10:36:00-04:00,15171.0,15208.5,15096.0,15096.0,target,1500.0,1495.0,1.9933333333333334
2020-10-15,ORL,15088.25,long,2020-10-15T10:45:00-04:00,2020-10-15T10:51:00-04:00,2020-10-15T12:00:00-04:00,15120.75,15081.0,15200.25,15153.5,noon,655.0,650.0,0.8176100628930818
2020-10-16,ORH,15304.25,short,2020-10-16T10:50:00-04:00,2020-10-16T10:51:00-04:00,2020-10-16T11:24:00-04:00,15297.0,15334.25,15222.5,15222.5,target,1490.0,1485.0,1.9932885906040267
2020-10-20,ORL,15048.0,long,2020-10-20T10:25:00-04:00,2020-10-20T10:26:00-04:00,2020-10-20T12:00:00-04:00,15053.0,15040.75,15077.5,15060.5,noon,150.0,145.0,0.5918367346938775
2020-10-22,ORL,14976.25,long,2020-10-22T10:00:00-04:00,2020-10-22T10:02:00-04:00,2020-10-22T11:02:00-04:00,14981.0,14964.0,15015.0,14963.75,stop,-345.0,-350.0,-1.0294117647058822
2020-10-22,ORL,14976.25,long,2020-10-22T11:20:00-04:00,2020-10-22T11:22:00-04:00,2020-10-22T11:48:00-04:00,14979.75,14969.5,15000.25,15000.25,target,410.0,405.0,1.975609756097561
2020-10-26,PDH,15013.5,short,2020-10-26T10:10:00-04:00,2020-10-26T10:13:00-04:00,2020-10-26T10:36:00-04:00,14994.0,15030.0,14922.0,14922.0,target,1440.0,1435.0,1.9930555555555556
2020-10-27,ORL,14833.0,long,2020-10-27T10:30:00-04:00,2020-10-27T10:34:00-04:00,2020-10-27T11:13:00-04:00,14852.25,14823.5,14909.75,14909.75,target,1150.0,1145.0,1.991304347826087
2020-11-02,ORH,14519.5,short,2020-11-02T10:00:00-05:00,2020-11-02T10:01:00-05:00,2020-11-02T11:13:00-05:00,14507.25,14547.25,14427.25,14427.25,target,1600.0,1595.0,1.99375
2020-11-05,ORH,15389.5,short,2020-11-05T10:30:00-05:00,2020-11-05T10:31:00-05:00,2020-11-05T10:55:00-05:00,15352.75,15396.5,15265.25,15396.75,stop,-880.0,-885.0,-1.0114285714285713
2020-11-05,ORH,15389.5,short,2020-11-05T11:10:00-05:00,2020-11-05T11:11:00-05:00,2020-11-05T11:32:00-05:00,15373.25,15404.75,15310.25,15405.0,stop,-635.0,-640.0,-1.0158730158730158
2020-11-06,ORL,15246.25,long,2020-11-06T10:10:00-05:00,2020-11-06T10:11:00-05:00,2020-11-06T11:52:00-05:00,15282.75,15226.75,15394.75,15394.75,target,2240.0,2235.0,1.9955357142857142
2020-11-09,ORH,15546.75,short,2020-11-09T10:40:00-05:00,2020-11-09T10:47:00-05:00,2020-11-09T12:00:00-05:00,15492.75,15584.25,15309.75,15449.25,noon,870.0,865.0,0.4726775956284153
2020-11-11,ORH,15158.5,short,2020-11-11T10:20:00-05:00,2020-11-11T10:21:00-05:00,2020-11-11T10:31:00-05:00,15132.25,15163.0,15070.75,15163.25,stop,-620.0,-625.0,-1.016260162601626
2020-11-11,ORH,15158.5,short,2020-11-11T10:40:00-05:00,2020-11-11T10:42:00-05:00,2020-11-11T11:47:00-05:00,15139.25,15172.75,15072.25,15173.0,stop,-675.0,-680.0,-1.0149253731343284
2020-11-12,ORH,15299.0,short,2020-11-12T10:45:00-05:00,2020-11-12T10:47:00-05:00,2020-11-12T11:39:00-05:00,15282.0,15311.0,15224.0,15224.0,target,1160.0,1155.0,1.9913793103448276
2020-11-16,ORH,15316.25,short,2020-11-16T10:05:00-05:00,2020-11-16T10:15:00-05:00,2020-11-16T10:18:00-05:00,15289.25,15321.0,15225.75,15321.25,stop,-640.0,-645.0,-1.015748031496063
2020-11-17,ORL,15322.5,long,2020-11-17T10:10:00-05:00,2020-11-17T10:11:00-05:00,2020-11-17T11:26:00-05:00,15329.25,15305.5,15376.75,15305.25,stop,-480.0,-485.0,-1.0210526315789474
2020-11-18,ORL,15277.75,long,2020-11-18T10:20:00-05:00,2020-11-18T10:21:00-05:00,2020-11-18T11:57:00-05:00,15284.75,15264.75,15324.75,15324.75,target,800.0,795.0,1.9875
2020-11-19,PDL,15225.0,long,2020-11-19T10:30:00-05:00,2020-11-19T10:31:00-05:00,2020-11-19T12:00:00-05:00,15252.25,15220.0,15316.75,15279.25,noon,540.0,535.0,0.8294573643410853
2020-11-20,ORL,15286.75,long,2020-11-20T10:00:00-05:00,2020-11-20T10:01:00-05:00,2020-11-20T11:09:00-05:00,15301.0,15280.25,15342.5,15342.5,target,830.0,825.0,1.9879518072289157
2020-11-20,PDH,15334.75,short,2020-11-20T11:20:00-05:00,2020-11-20T11:21:00-05:00,2020-11-20T11:50:00-05:00,15331.75,15342.25,15310.75,15310.75,target,420.0,415.0,1.9761904761904763
2020-11-25,ORH,15477.5,short,2020-11-25T10:00:00-05:00,2020-11-25T10:01:00-05:00,2020-11-25T12:00:00-05:00,15448.25,15480.5,15383.75,15434.75,noon,270.0,265.0,0.4108527131782946
2020-12-01,ORH,15719.25,short,2020-12-01T10:40:00-05:00,2020-12-01T10:41:00-05:00,2020-12-01T10:51:00-05:00,15687.25,15724.0,15613.75,15724.25,stop,-740.0,-745.0,-1.0136054421768708
2020-12-03,ORH,15838.75,short,2020-12-03T10:40:00-05:00,2020-12-03T10:41:00-05:00,2020-12-03T11:10:00-05:00,15836.0,15855.25,15797.5,15797.5,target,770.0,765.0,1.9870129870129871
2020-12-03,ORL,15798.25,long,2020-12-03T11:15:00-05:00,2020-12-03T11:16:00-05:00,2020-12-03T11:58:00-05:00,15804.0,15782.75,15846.5,15846.5,target,850.0,845.0,1.988235294117647
2020-12-08,ORL,15871.0,long,2020-12-08T10:00:00-05:00,2020-12-08T10:01:00-05:00,2020-12-08T10:18:00-05:00,15887.0,15865.0,15931.0,15864.75,stop,-445.0,-450.0,-1.0227272727272727
2020-12-08,PDL,15860.5,long,2020-12-08T10:35:00-05:00,2020-12-08T10:37:00-05:00,2020-12-08T11:59:00-05:00,15871.25,15849.75,15914.25,15914.25,target,860.0,855.0,1.9883720930232558
2020-12-09,ORH,15967.0,short,2020-12-09T10:05:00-05:00,2020-12-09T10:10:00-05:00,2020-12-09T12:00:00-05:00,15941.25,15972.5,15878.75,15925.5,noon,315.0,310.0,0.496
2020-12-11,ORH,15689.25,short,2020-12-11T10:30:00-05:00,2020-12-11T10:32:00-05:00,2020-12-11T11:30:00-05:00,15666.25,15690.25,15618.25,15618.25,target,960.0,955.0,1.9895833333333333
2020-12-15,PDH,15885.0,short,2020-12-15T10:40:00-05:00,2020-12-15T10:43:00-05:00,2020-12-15T12:00:00-05:00,15867.75,15902.5,15798.25,15839.5,noon,565.0,560.0,0.8057553956834532
2020-12-16,PDH,15934.5,short,2020-12-16T10:20:00-05:00,2020-12-16T10:22:00-05:00,2020-12-16T10:28:00-05:00,15919.5,15945.75,15867.0,15946.0,stop,-530.0,-535.0,-1.019047619047619
2020-12-17,ORL,16068.25,long,2020-12-17T10:30:00-05:00,2020-12-17T10:31:00-05:00,2020-12-17T10:54:00-05:00,16076.0,16048.0,16132.0,16047.75,stop,-565.0,-570.0,-1.0178571428571428
2020-12-18,PDL,16019.25,long,2020-12-18T11:25:00-05:00,2020-12-18T11:26:00-05:00,2020-12-18T12:00:00-05:00,16026.75,16004.25,16071.75,16028.25,noon,30.0,25.0,0.05555555555555555
2020-12-22,ORH,16055.75,short,2020-12-22T10:45:00-05:00,2020-12-22T10:46:00-05:00,2020-12-22T11:02:00-05:00,16052.5,16071.0,16015.5,16015.5,target,740.0,735.0,1.9864864864864864
2020-12-22,ORL,16014.0,long,2020-12-22T11:10:00-05:00,2020-12-22T11:11:00-05:00,2020-12-22T11:31:00-05:00,16024.5,16004.5,16064.5,16004.25,stop,-405.0,-410.0,-1.025
2020-12-28,ORL,16124.25,long,2020-12-28T10:40:00-05:00,2020-12-28T10:41:00-05:00,2020-12-28T12:00:00-05:00,16131.5,16110.75,16173.0,16155.75,noon,485.0,480.0,1.1566265060240963
2020-12-29,PDH,16191.0,short,2020-12-29T10:10:00-05:00,2020-12-29T10:12:00-05:00,2020-12-29T10:38:00-05:00,16178.5,16202.5,16130.5,16202.75,stop,-485.0,-490.0,-1.0208333333333333
2020-12-29,ORL,16213.5,long,2020-12-29T11:00:00-05:00,2020-12-29T11:03:00-05:00,2020-12-29T11:07:00-05:00,16222.5,16203.75,16260.0,16203.5,stop,-380.0,-385.0,-1.0266666666666666
2020-12-30,ORL,16195.75,long,2020-12-30T10:00:00-05:00,2020-12-30T10:01:00-05:00,2020-12-30T10:09:00-05:00,16204.0,16185.75,16240.5,16185.5,stop,-370.0,-375.0,-1.0273972602739727
2020-12-31,ORL,16159.5,long,2020-12-31T10:00:00-05:00,2020-12-31T10:01:00-05:00,2020-12-31T11:44:00-05:00,16173.5,16157.5,16205.5,16157.25,stop,-325.0,-330.0,-1.03125
2021-01-04,PDH,16231.5,short,2021-01-04T10:00:00-05:00,2021-01-04T10:02:00-05:00,2021-01-04T10:49:00-05:00,16210.0,16238.0,16154.0,16154.0,target,1120.0,1115.0,1.9910714285714286
2021-01-05,ORH,16088.5,short,2021-01-05T10:00:00-05:00,2021-01-05T10:02:00-05:00,2021-01-05T10:05:00-05:00,16081.5,16104.75,16035.0,16105.0,stop,-470.0,-475.0,-1.021505376344086
2021-01-05,ORH,16088.5,short,2021-01-05T10:20:00-05:00,2021-01-05T10:23:00-05:00,2021-01-05T12:00:00-05:00,16060.0,16120.0,15940.0,16065.25,noon,-105.0,-110.0,-0.09166666666666666
2021-01-06,PDL,15985.75,long,2021-01-06T10:10:00-05:00,2021-01-06T10:11:00-05:00,2021-01-06T11:17:00-05:00,16003.25,15951.75,16106.25,16106.25,target,2060.0,2055.0,1.9951456310679612
2021-01-08,ORH,16387.5,short,2021-01-08T10:20:00-05:00,2021-01-08T10:22:00-05:00,2021-01-08T10:27:00-05:00,16366.25,16389.5,16319.75,16319.75,target,930.0,925.0,1.989247311827957
2021-01-08,ORL,16321.25,long,2021-01-08T10:40:00-05:00,2021-01-08T10:41:00-05:00,2021-01-08T12:00:00-05:00,16334.25,16300.75,16401.25,16368.25,noon,680.0,675.0,1.007462686567164
2021-01-11,ORH,16310.25,short,2021-01-11T10:15:00-05:00,2021-01-11T10:16:00-05:00,2021-01-11T10:18:00-05:00,16298.5,16318.5,16258.5,16318.75,stop,-405.0,-410.0,-1.025
2021-01-11,ORH,16310.25,short,2021-01-11T10:50:00-05:00,2021-01-11T10:51:00-05:00,2021-01-11T11:40:00-05:00,16290.0,16322.25,16225.5,16322.5,stop,-650.0,-655.0,-1.0155038759689923
2021-01-12,PDL,16207.25,long,2021-01-12T10:05:00-05:00,2021-01-12T10:11:00-05:00,2021-01-12T11:51:00-05:00,16227.5,16200.5,16281.5,16200.25,stop,-545.0,-550.0,-1.0185185185185186
2021-01-13,ORH,16252.0,short,2021-01-13T10:00:00-05:00,2021-01-13T10:01:00-05:00,2021-01-13T10:34:00-05:00,16247.0,16278.5,16184.0,16278.75,stop,-635.0,-640.0,-1.0158730158730158
2021-01-14,PDH,16338.5,short,2021-01-14T10:05:00-05:00,2021-01-14T10:09:00-05:00,2021-01-14T10:20:00-05:00,16324.5,16341.25,16291.0,16341.5,stop,-340.0,-345.0,-1.0298507462686568
2021-01-14,PDH,16338.5,short,2021-01-14T10:25:00-05:00,2021-01-14T10:27:00-05:00,2021-01-14T10:32:00-05:00,16328.25,16345.0,16294.75,16345.25,stop,-340.0,-345.0,-1.0298507462686568
2021-01-19,ORL,16224.25,long,2021-01-19T10:10:00-05:00,2021-01-19T10:15:00-05:00,2021-01-19T10:20:00-05:00,16240.25,16221.25,16278.25,16221.0,stop,-385.0,-390.0,-1.0263157894736843
2021-01-19,ORL,16224.25,long,2021-01-19T10:45:00-05:00,2021-01-19T10:46:00-05:00,2021-01-19T11:15:00-05:00,16227.0,16201.0,16279.0,16200.75,stop,-525.0,-530.0,-1.0192307692307692
2021-01-22,ORH,16698.0,short,2021-01-22T10:25:00-05:00,2021-01-22T10:27:00-05:00,2021-01-22T12:00:00-05:00,16695.0,16717.5,16650.0,16704.25,noon,-185.0,-190.0,-0.4222222222222222
2021-01-25,PDH,16732.5,short,2021-01-25T11:00:00-05:00,2021-01-25T11:04:00-05:00,2021-01-25T12:00:00-05:00,16676.75,16768.5,16493.25,16734.75,noon,-1160.0,-1165.0,-0.6348773841961853
2021-01-26,ORH,16844.75,short,2021-01-26T10:55:00-05:00,2021-01-26T10:58:00-05:00,2021-01-26T11:06:00-05:00,16840.5,16859.0,16803.5,16859.25,stop,-375.0,-380.0,-1.027027027027027
2021-01-27,ORL,16554.0,long,2021-01-27T10:00:00-05:00,2021-01-27T10:01:00-05:00,2021-01-27T12:00:00-05:00,16623.75,16550.5,16770.25,16550.25,stop,-1470.0,-1475.0,-1.006825938566553
2021-01-28,ORH,16584.25,short,2021-01-28T10:25:00-05:00,2021-01-28T10:26:00-05:00,2021-01-28T10:50:00-05:00,16570.5,16615.0,16481.5,16615.25,stop,-895.0,-900.0,-1.0112359550561798
2021-01-29,PDL,16463.75,long,2021-01-29T10:25:00-05:00,2021-01-29T10:26:00-05:00,2021-01-29T10:40:00-05:00,16483.5,16429.25,16592.0,16429.0,stop,-1090.0,-1095.0,-1.0092165898617511
2021-01-29,ORL,16333.5,long,2021-01-29T11:25:00-05:00,2021-01-29T11:26:00-05:00,2021-01-29T11:29:00-05:00,16351.5,16322.75,16409.0,16322.5,stop,-580.0,-585.0,-1.017391304347826
2021-02-01,ORL,16382.75,long,2021-02-01T10:25:00-05:00,2021-02-01T10:27:00-05:00,2021-02-01T11:25:00-05:00,16407.0,16370.5,16480.0,16480.0,target,1460.0,1455.0,1.9931506849315068
2021-02-02,ORH,16739.5,short,2021-02-02T10:45:00-05:00,2021-02-02T10:46:00-05:00,2021-02-02T10:52:00-05:00,16725.25,16755.5,16664.75,16755.75,stop,-610.0,-615.0,-1.0165289256198347
2021-02-03,PDH,16829.0,short,2021-02-03T10:10:00-05:00,2021-02-03T10:11:00-05:00,2021-02-03T12:00:00-05:00,16812.25,16856.5,16723.75,16806.5,noon,115.0,110.0,0.12429378531073447
2021-02-04,ORL,16747.75,long,2021-02-04T10:10:00-05:00,2021-02-04T10:11:00-05:00,2021-02-04T12:00:00-05:00,16763.75,16728.25,16834.75,16791.5,noon,555.0,550.0,0.7746478873239436
2021-02-05,PDH,16886.75,short,2021-02-05T10:00:00-05:00,2021-02-05T10:01:00-05:00,2021-02-05T10:14:00-05:00,16870.25,16897.75,16815.25,16898.0,stop,-555.0,-560.0,-1.018181818181818
2021-02-08,ORH,17009.25,short,2021-02-08T10:15:00-05:00,2021-02-08T10:16:00-05:00,2021-02-08T11:32:00-05:00,17003.0,17025.75,16957.5,16957.5,target,910.0,905.0,1.989010989010989
2021-02-09,PDH,17028.5,short,2021-02-09T11:15:00-05:00,2021-02-09T11:17:00-05:00,2021-02-09T11:42:00-05:00,17015.5,17033.75,16979.0,17034.0,stop,-370.0,-375.0,-1.0273972602739727
2021-02-10,PDH,17070.75,short,2021-02-10T10:10:00-05:00,2021-02-10T10:11:00-05:00,2021-02-10T10:20:00-05:00,17062.75,17087.0,17014.25,17014.25,target,970.0,965.0,1.9896907216494846
2021-02-11,ORL,17038.0,long,2021-02-11T10:05:00-05:00,2021-02-11T10:06:00-05:00,2021-02-11T12:00:00-05:00,17042.0,17017.5,17091.0,17057.0,noon,300.0,295.0,0.6020408163265306
2021-02-12,ORH,17031.75,short,2021-02-12T10:10:00-05:00,2021-02-12T10:11:00-05:00,2021-02-12T10:15:00-05:00,17025.5,17041.25,16994.0,17041.5,stop,-320.0,-325.0,-1.0317460317460319
2021-02-12,ORH,17031.75,short,2021-02-12T10:30:00-05:00,2021-02-12T10:31:00-05:00,2021-02-12T10:39:00-05:00,17019.0,17037.0,16983.0,17037.25,stop,-365.0,-370.0,-1.0277777777777777
2021-02-16,ORH,17194.75,short,2021-02-16T10:00:00-05:00,2021-02-16T10:01:00-05:00,2021-02-16T10:31:00-05:00,17182.5,17201.0,17145.5,17201.25,stop,-375.0,-380.0,-1.027027027027027
2021-02-16,ORH,17194.75,short,2021-02-16T10:50:00-05:00,2021-02-16T10:53:00-05:00,2021-02-16T11:26:00-05:00,17178.75,17207.5,17121.25,17121.25,target,1150.0,1145.0,1.991304347826087
2021-02-17,ORH,17006.0,short,2021-02-17T10:05:00-05:00,2021-02-17T10:06:00-05:00,2021-02-17T10:35:00-05:00,16987.25,17024.0,16913.75,16913.75,target,1470.0,1465.0,1.9931972789115646
2021-02-17,ORL,16946.25,long,2021-02-17T10:50:00-05:00,2021-02-17T10:51:00-05:00,2021-02-17T11:16:00-05:00,16969.25,16917.75,17072.25,16917.5,stop,-1035.0,-1040.0,-1.0097087378640777
2021-02-18,ORH,16905.25,short,2021-02-18T10:00:00-05:00,2021-02-18T10:06:00-05:00,2021-02-18T12:00:00-05:00,16878.0,16919.5,16795.0,16868.0,noon,200.0,195.0,0.23493975903614459
2021-02-19,PDH,17005.0,short,2021-02-19T10:05:00-05:00,2021-02-19T10:10:00-05:00,2021-02-19T10:43:00-05:00,16992.5,17013.25,16951.0,17013.5,stop,-420.0,-425.0,-1.0240963855421688
2021-02-22,ORH,16760.25,short,2021-02-22T10:10:00-05:00,2021-02-22T10:16:00-05:00,2021-02-22T10:35:00-05:00,16736.0,16774.0,16660.0,16660.0,target,1520.0,1515.0,1.993421052631579
2021-02-23,ORH,16351.75,short,2021-02-23T10:35:00-05:00,2021-02-23T10:36:00-05:00,2021-02-23T10:43:00-05:00,16321.0,16366.0,16231.0,16366.25,stop,-905.0,-910.0,-1.011111111111111
2021-02-24,ORL,16337.5,long,2021-02-24T10:20:00-05:00,2021-02-24T10:21:00-05:00,2021-02-24T11:13:00-05:00,16372.25,16316.25,16484.25,16484.25,target,2240.0,2235.0,1.9955357142857142
2021-02-26,PDL,16099.5,long,2021-02-26T10:35:00-05:00,2021-02-26T10:38:00-05:00,2021-02-26T10:43:00-05:00,16143.5,16093.75,16243.0,16243.0,target,1990.0,1985.0,1.9949748743718594
2021-02-26,ORL,16264.75,long,2021-02-26T10:50:00-05:00,2021-02-26T10:53:00-05:00,2021-02-26T11:24:00-05:00,16282.75,16236.5,16375.25,16236.25,stop,-930.0,-935.0,-1.0108108108108107
2021-03-01,ORH,16451.0,short,2021-03-01T10:05:00-05:00,2021-03-01T10:07:00-05:00,2021-03-01T10:18:00-05:00,16412.0,16456.0,16324.0,16456.25,stop,-885.0,-890.0,-1.0113636363636365
2021-03-02,ORL,16543.0,long,2021-03-02T10:00:00-05:00,2021-03-02T10:02:00-05:00,2021-03-02T10:13:00-05:00,16570.5,16538.25,16635.0,16538.0,stop,-650.0,-655.0,-1.0155038759689923
2021-03-03,ORL,16264.75,long,2021-03-03T11:20:00-05:00,2021-03-03T11:21:00-05:00,2021-03-03T12:00:00-05:00,16279.25,16228.5,16380.75,16228.25,stop,-1020.0,-1025.0,-1.0098522167487685
2021-03-04,PDL,16010.75,long,2021-03-04T10:40:00-05:00,2021-03-04T10:41:00-05:00,2021-03-04T11:45:00-05:00,16015.75,15960.25,16126.75,16126.75,target,2220.0,2215.0,1.9954954954954955
2021-03-08,PDH,16033.25,short,2021-03-08T10:40:00-05:00,2021-03-08T10:49:00-05:00,2021-03-08T11:51:00-05:00,15988.5,16051.25,15863.0,15863.0,target,2510.0,2505.0,1.99601593625498
2021-03-09,PDH,16051.25,short,2021-03-09T10:50:00-05:00,2021-03-09T10:51:00-05:00,2021-03-09T11:21:00-05:00,16036.75,16077.75,15954.75,16078.0,stop,-825.0,-830.0,-1.0121951219512195
2021-03-10,ORH,16305.0,short,2021-03-10T10:00:00-05:00,2021-03-10T10:01:00-05:00,2021-03-10T10:40:00-05:00,16243.0,16312.0,16105.0,16105.0,target,2760.0,2755.0,1.9963768115942029
2021-03-11,PDH,16315.0,short,2021-03-11T10:10:00-05:00,2021-03-11T10:14:00-05:00,2021-03-11T10:20:00-05:00,16302.5,16330.5,16246.5,16246.5,target,1120.0,1115.0,1.9910714285714286
2021-03-11,ORL,16265.25,long,2021-03-11T10:25:00-05:00,2021-03-11T10:26:00-05:00,2021-03-11T11:02:00-05:00,16287.75,16247.0,16369.25,16369.25,target,1630.0,1625.0,1.9938650306748467
2021-03-12,ORH,16207.75,short,2021-03-12T10:15:00-05:00,2021-03-12T10:18:00-05:00,2021-03-12T12:00:00-05:00,16169.75,16213.5,16082.25,16194.0,noon,-485.0,-490.0,-0.56
2021-03-15,PDH,16277.0,short,2021-03-15T10:25:00-04:00,2021-03-15T10:27:00-04:00,2021-03-15T11:00:00-04:00,16264.75,16309.5,16175.25,16309.75,stop,-900.0,-905.0,-1.011173184357542
2021-03-15,PDH,16277.0,short,2021-03-15T11:25:00-04:00,2021-03-15T11:26:00-04:00,2021-03-15T12:00:00-04:00,16260.25,16294.25,16192.25,16265.75,noon,-110.0,-115.0,-0.16911764705882354
2021-03-17,ORH,16358.5,short,2021-03-17T10:45:00-04:00,2021-03-17T10:46:00-04:00,2021-03-17T12:00:00-04:00,16347.25,16389.25,16263.25,16312.75,noon,690.0,685.0,0.8154761904761905
2021-03-18,PDL,16277.0,long,2021-03-18T10:20:00-04:00,2021-03-18T10:21:00-04:00,2021-03-18T12:00:00-04:00,16290.75,16260.25,16351.75,16295.75,noon,100.0,95.0,0.1557377049180328
2021-03-19,ORL,16067.5,long,2021-03-19T10:15:00-04:00,2021-03-19T10:17:00-04:00,2021-03-19T10:47:00-04:00,16081.5,16034.5,16175.5,16175.5,target,1880.0,1875.0,1.9946808510638299
2021-03-19,ORH,16180.25,short,2021-03-19T11:10:00-04:00,2021-03-19T11:11:00-04:00,2021-03-19T11:26:00-04:00,16164.75,16191.25,16111.75,16111.75,target,1060.0,1055.0,1.990566037735849
2021-03-23,ORL,16409.75,long,2021-03-23T10:00:00-04:00,2021-03-23T10:01:00-04:00,2021-03-23T11:08:00-04:00,16425.75,16392.75,16491.75,16491.75,target,1320.0,1315.0,1.9924242424242424
2021-03-23,PDH,16499.75,short,2021-03-23T11:25:00-04:00,2021-03-23T11:29:00-04:00,2021-03-23T11:43:00-04:00,16489.25,16510.75,16446.25,16446.25,target,860.0,855.0,1.9883720930232558
2021-03-24,PDL,16321.75,long,2021-03-24T10:55:00-04:00,2021-03-24T10:56:00-04:00,2021-03-24T11:55:00-04:00,16343.75,16306.5,16418.25,16306.25,stop,-750.0,-755.0,-1.0134228187919463
2021-03-25,PDL,16131.0,long,2021-03-25T10:00:00-04:00,2021-03-25T10:01:00-04:00,2021-03-25T10:31:00-04:00,16135.25,16075.25,16255.25,16075.0,stop,-1205.0,-1210.0,-1.0083333333333333
2021-03-26,ORH,16163.75,short,2021-03-26T10:00:00-04:00,2021-03-26T10:02:00-04:00,2021-03-26T10:03:00-04:00,16144.0,16172.75,16086.5,16173.0,stop,-580.0,-585.0,-1.017391304347826
2021-03-26,PDH,16179.75,short,2021-03-26T10:10:00-04:00,2021-03-26T10:11:00-04:00,2021-03-26T10:42:00-04:00,16168.0,16197.0,16110.0,16197.25,stop,-585.0,-590.0,-1.0172413793103448
2021-03-30,PDL,16158.25,long,2021-03-30T10:05:00-04:00,2021-03-30T10:12:00-04:00,2021-03-30T10:19:00-04:00,16182.75,16154.75,16238.75,16154.5,stop,-565.0,-570.0,-1.0178571428571428
2021-03-30,PDL,16158.25,long,2021-03-30T10:30:00-04:00,2021-03-30T10:32:00-04:00,2021-03-30T11:35:00-04:00,16167.0,16125.75,16249.5,16249.5,target,1650.0,1645.0,1.993939393939394
2021-04-01,ORH,16637.0,short,2021-04-01T10:00:00-04:00,2021-04-01T10:01:00-04:00,2021-04-01T10:01:00-04:00,16626.75,16639.75,16600.75,16640.0,stop,-265.0,-270.0,-1.0384615384615385
2021-04-01,ORH,16637.0,short,2021-04-01T10:55:00-04:00,2021-04-01T10:56:00-04:00,2021-04-01T11:01:00-04:00,16629.25,16653.5,16580.75,16653.75,stop,-490.0,-495.0,-1.0206185567010309
2021-04-06,ORH,16928.75,short,2021-04-06T10:35:00-04:00,2021-04-06T10:36:00-04:00,2021-04-06T10:47:00-04:00,16911.25,16936.75,16860.25,16937.0,stop,-515.0,-520.0,-1.0196078431372548
2021-04-06,PDH,16957.75,short,2021-04-06T11:00:00-04:00,2021-04-06T11:01:00-04:00,2021-04-06T11:11:00-04:00,16946.25,16962.0,16914.75,16962.25,stop,-320.0,-325.0,-1.0317460317460319
2021-04-08,ORH,17089.5,short,2021-04-08T10:05:00-04:00,2021-04-08T10:06:00-04:00,2021-04-08T12:00:00-04:00,17074.5,17098.25,17027.0,17075.25,noon,-15.0,-20.0,-0.042105263157894736
2021-04-12,ORL,17119.25,long,2021-04-12T10:05:00-04:00,2021-04-12T10:09:00-04:00,2021-04-12T10:33:00-04:00,17135.5,17109.0,17188.5,17108.75,stop,-535.0,-540.0,-1.0188679245283019
2021-04-12,ORL,17119.25,long,2021-04-12T11:05:00-04:00,2021-04-12T11:06:00-04:00,2021-04-12T11:17:00-04:00,17131.5,17114.5,17165.5,17114.25,stop,-345.0,-350.0,-1.0294117647058822
2021-04-13,ORH,17281.75,short,2021-04-13T10:05:00-04:00,2021-04-13T10:07:00-04:00,2021-04-13T12:00:00-04:00,17267.75,17292.0,17219.25,17247.75,noon,400.0,395.0,0.8144329896907216
2021-04-14,ORL,17286.0,long,2021-04-14T10:20:00-04:00,2021-04-14T10:21:00-04:00,2021-04-14T10:25:00-04:00,17303.0,17281.75,17345.5,17281.5,stop,-430.0,-435.0,-1.0235294117647058
2021-04-15,PDH,17331.25,short,2021-04-15T10:50:00-04:00,2021-04-15T10:52:00-04:00,2021-04-15T11:03:00-04:00,17323.75,17337.75,17295.75,17338.0,stop,-285.0,-290.0,-1.0357142857142858
2021-04-15,PDH,17331.25,short,2021-04-15T11:25:00-04:00,2021-04-15T11:28:00-04:00,2021-04-15T11:59:00-04:00,17325.25,17338.0,17299.75,17299.75,target,510.0,505.0,1.9803921568627452
2021-04-16,ORL,17316.25,long,2021-04-16T10:05:00-04:00,2021-04-16T10:06:00-04:00,2021-04-16T12:00:00-04:00,17334.5,17298.75,17406.0,17349.0,noon,290.0,285.0,0.3986013986013986
2021-04-20,ORH,17248.75,short,2021-04-20T10:00:00-04:00,2021-04-20T10:01:00-04:00,2021-04-20T10:41:00-04:00,17242.75,17265.25,17197.75,17197.75,target,900.0,895.0,1.988888888888889
2021-04-22,ORL,17214.0,long,2021-04-22T10:00:00-04:00,2021-04-22T10:07:00-04:00,2021-04-22T12:00:00-04:00,17230.25,17201.5,17287.75,17249.0,noon,375.0,370.0,0.6434782608695652
2021-04-26,ORL,17261.5,long,2021-04-26T10:00:00-04:00,2021-04-26T10:01:00-04:00,2021-04-26T12:00:00-04:00,17282.75,17255.25,17337.75,17314.0,noon,625.0,620.0,1.1272727272727272
2021-04-28,ORH,17285.75,short,2021-04-28T10:35:00-04:00,2021-04-28T10:36:00-04:00,2021-04-28T12:00:00-04:00,17263.75,17293.25,17204.75,17233.0,noon,615.0,610.0,1.0338983050847457
2021-04-30,ORH,17235.5,short,2021-04-30T11:20:00-04:00,2021-04-30T11:21:00-04:00,2021-04-30T11:41:00-04:00,17210.25,17242.0,17146.75,17242.25,stop,-640.0,-645.0,-1.015748031496063
2021-05-03,ORH,17259.0,short,2021-05-03T10:40:00-04:00,2021-05-03T10:41:00-04:00,2021-05-03T11:12:00-04:00,17239.25,17280.0,17157.75,17157.75,target,1630.0,1625.0,1.9938650306748467
2021-05-05,ORL,16947.25,long,2021-05-05T10:55:00-04:00,2021-05-05T11:00:00-04:00,2021-05-05T11:02:00-04:00,16961.0,16941.75,16999.5,16941.5,stop,-390.0,-395.0,-1.025974025974026
2021-05-06,ORL,16767.25,long,2021-05-06T10:35:00-04:00,2021-05-06T10:36:00-04:00,2021-05-06T11:12:00-04:00,16783.0,16754.0,16841.0,16753.75,stop,-585.0,-590.0,-1.0172413793103448
2021-05-06,ORL,16767.25,long,2021-05-06T11:20:00-04:00,2021-05-06T11:21:00-04:00,2021-05-06T11:34:00-04:00,16781.25,16749.75,16844.25,16844.25,target,1260.0,1255.0,1.992063492063492
2021-05-10,ORL,16877.75,long,2021-05-10T10:15:00-04:00,2021-05-10T10:17:00-04:00,2021-05-10T10:26:00-04:00,16891.5,16861.25,16952.0,16861.0,stop,-610.0,-615.0,-1.0165289256198347
2021-05-11,ORH,16569.5,short,2021-05-11T10:25:00-04:00,2021-05-11T10:26:00-04:00,2021-05-11T11:19:00-04:00,16539.75,16603.75,16411.75,16604.0,stop,-1285.0,-1290.0,-1.0078125
2021-05-12,ORL,16464.0,long,2021-05-12T10:05:00-04:00,2021-05-12T10:06:00-04:00,2021-05-12T10:13:00-04:00,16500.75,16457.5,16587.25,16457.25,stop,-870.0,-875.0,-1.0115606936416186
2021-05-12,ORL,16464.0,long,2021-05-12T10:20:00-04:00,2021-05-12T10:21:00-04:00,2021-05-12T10:31:00-04:00,16469.25,16444.5,16518.75,16444.25,stop,-500.0,-505.0,-1.02020202020202
2021-05-13,ORH,16511.0,short,2021-05-13T10:45:00-04:00,2021-05-13T10:46:00-04:00,2021-05-13T10:48:00-04:00,16499.75,16530.25,16438.75,16530.5,stop,-615.0,-620.0,-1.0163934426229508
2021-05-13,ORH,16511.0,short,2021-05-13T11:05:00-04:00,2021-05-13T11:06:00-04:00,2021-05-13T11:44:00-04:00,16505.75,16548.5,16420.25,16420.25,target,1710.0,1705.0,1.9941520467836258
2021-05-17,ORL,16606.0,long,2021-05-17T10:20:00-04:00,2021-05-17T10:21:00-04:00,2021-05-17T11:11:00-04:00,16638.5,16584.75,16746.0,16584.5,stop,-1080.0,-1085.0,-1.0093023255813953
2021-05-18,ORL,16656.0,long,2021-05-18T10:00:00-04:00,2021-05-18T10:02:00-04:00,2021-05-18T10:04:00-04:00,16685.0,16654.75,16745.5,16654.5,stop,-610.0,-615.0,-1.0165289256198347
2021-05-18,ORL,16656.0,long,2021-05-18T10:10:00-04:00,2021-05-18T10:11:00-04:00,2021-05-18T10:40:00-04:00,16680.25,16652.75,16735.25,16735.25,target,1100.0,1095.0,1.990909090909091
2021-05-19,ORH,16408.0,short,2021-05-19T10:00:00-04:00,2021-05-19T10:02:00-04:00,2021-05-19T10:26:00-04:00,16369.5,16416.25,16276.0,16416.5,stop,-940.0,-945.0,-1.0106951871657754
2021-05-19,ORH,16408.0,short,2021-05-19T10:40:00-04:00,2021-05-19T10:41:00-04:00,2021-05-19T10:46:00-04:00,16390.75,16432.0,16308.25,16432.25,stop,-830.0,-835.0,-1.0121212121212122
2021-05-26,ORL,17014.75,long,2021-05-26T10:10:00-04:00,2021-05-26T10:11:00-04:00,2021-05-26T10:13:00-04:00,17017.5,17002.0,17048.5,17001.75,stop,-315.0,-320.0,-1.032258064516129
2021-05-26,ORL,17014.75,long,2021-05-26T10:20:00-04:00,2021-05-26T10:22:00-04:00,2021-05-26T12:00:00-04:00,17024.25,16999.5,17073.75,17055.75,noon,630.0,625.0,1.2626262626262625
2021-05-27,ORL,16995.5,long,2021-05-27T10:00:00-04:00,2021-05-27T10:02:00-04:00,2021-05-27T10:02:00-04:00,17011.75,16993.75,17047.75,16993.5,stop,-365.0,-370.0,-1.0277777777777777
2021-05-27,ORH,17038.0,short,2021-05-27T10:25:00-04:00,2021-05-27T10:26:00-04:00,2021-05-27T10:31:00-04:00,17034.0,17045.5,17011.0,17045.75,stop,-235.0,-240.0,-1.0434782608695652
2021-05-28,PDH,17063.5,short,2021-05-28T10:25:00-04:00,2021-05-28T10:26:00-04:00,2021-05-28T10:39:00-04:00,17051.5,17067.75,17019.0,17068.0,stop,-330.0,-335.0,-1.0307692307692307
2021-05-28,PDH,17063.5,short,2021-05-28T10:50:00-04:00,2021-05-28T10:51:00-04:00,2021-05-28T11:19:00-04:00,17058.25,17069.25,17036.25,17069.5,stop,-225.0,-230.0,-1.0454545454545454
2021-06-02,ORH,17030.75,short,2021-06-02T10:00:00-04:00,2021-06-02T10:01:00-04:00,2021-06-02T10:41:00-04:00,17020.0,17051.75,16956.5,17052.0,stop,-640.0,-645.0,-1.015748031496063
2021-06-02,ORH,17030.75,short,2021-06-02T10:55:00-04:00,2021-06-02T10:56:00-04:00,2021-06-02T11:45:00-04:00,17025.25,17045.0,16985.75,17045.25,stop,-400.0,-405.0,-1.0253164556962024
2021-06-03,ORL,16831.75,long,2021-06-03T10:00:00-04:00,2021-06-03T10:01:00-04:00,2021-06-03T10:41:00-04:00,16849.0,16824.5,16898.0,16824.25,stop,-495.0,-500.0,-1.0204081632653061
2021-06-03,ORL,16831.75,long,2021-06-03T10:50:00-04:00,2021-06-03T10:51:00-04:00,2021-06-03T12:00:00-04:00,16882.0,16823.75,16998.5,16893.25,noon,225.0,220.0,0.1888412017167382
2021-06-07,ORL,17063.5,long,2021-06-07T10:25:00-04:00,2021-06-07T10:26:00-04:00,2021-06-07T12:00:00-04:00,17080.0,17054.75,17130.5,17083.0,noon,60.0,55.0,0.10891089108910891
2021-06-08,PDH,17151.25,short,2021-06-08T11:00:00-04:00,2021-06-08T11:05:00-04:00,2021-06-08T11:09:00-04:00,17139.75,17156.5,17106.25,17156.75,stop,-340.0,-345.0,-1.0298507462686568
2021-06-08,PDH,17151.25,short,2021-06-08T11:15:00-04:00,2021-06-08T11:17:00-04:00,2021-06-08T12:00:00-04:00,17134.5,17165.75,17072.0,17126.25,noon,165.0,160.0,0.256
2021-06-09,ORL,17201.5,long,2021-06-09T10:00:00-04:00,2021-06-09T10:01:00-04:00,2021-06-09T10:05:00-04:00,17221.0,17196.0,17271.0,17195.75,stop,-505.0,-510.0,-1.02
2021-06-09,ORL,17201.5,long,2021-06-09T10:45:00-04:00,2021-06-09T10:46:00-04:00,2021-06-09T10:47:00-04:00,17207.5,17197.5,17227.5,17197.25,stop,-205.0,-210.0,-1.05
2021-06-11,ORH,17319.25,short,2021-06-11T10:25:00-04:00,2021-06-11T10:26:00-04:00,2021-06-11T12:00:00-04:00,17309.25,17331.0,17265.75,17304.5,noon,95.0,90.0,0.20689655172413793
2021-06-14,ORH,17361.25,short,2021-06-14T10:05:00-04:00,2021-06-14T10:06:00-04:00,2021-06-14T11:18:00-04:00,17345.0,17379.75,17275.5,17380.0,stop,-700.0,-705.0,-1.014388489208633
2021-06-15,ORH,17467.0,short,2021-06-15T10:00:00-04:00,2021-06-15T10:02:00-04:00,2021-06-15T11:39:00-04:00,17443.75,17472.25,17386.75,17386.75,target,1140.0,1135.0,1.9912280701754386
2021-06-16,ORH,17427.75,short,2021-06-16T10:35:00-04:00,2021-06-16T10:36:00-04:00,2021-06-16T11:34:00-04:00,17422.75,17438.0,17392.25,17392.25,target,610.0,605.0,1.9836065573770492
2021-06-21,ORH,17426.0,short,2021-06-21T10:10:00-04:00,2021-06-21T10:13:00-04:00,2021-06-21T10:38:00-04:00,17403.5,17433.5,17343.5,17433.75,stop,-605.0,-610.0,-1.0166666666666666
2021-06-21,PDH,17485.25,short,2021-06-21T11:10:00-04:00,2021-06-21T11:12:00-04:00,2021-06-21T12:00:00-04:00,17470.5,17487.25,17437.0,17468.0,noon,50.0,45.0,0.13432835820895522
2021-06-22,PDH,17497.75,short,2021-06-22T10:00:00-04:00,2021-06-22T10:01:00-04:00,2021-06-22T10:07:00-04:00,17489.25,17518.5,17430.75,17518.75,stop,-590.0,-595.0,-1.017094017094017
2021-06-22,ORH,17530.5,short,2021-06-22T10:35:00-04:00,2021-06-22T10:42:00-04:00,2021-06-22T11:10:00-04:00,17513.0,17539.0,17461.0,17539.25,stop,-525.0,-530.0,-1.0192307692307692
2021-06-23,ORH,17653.25,short,2021-06-23T10:25:00-04:00,2021-06-23T10:27:00-04:00,2021-06-23T11:06:00-04:00,17646.5,17667.0,17605.5,17605.5,target,820.0,815.0,1.9878048780487805
2021-06-23,ORL,17607.75,long,2021-06-23T11:15:00-04:00,2021-06-23T11:16:00-04:00,2021-06-23T12:00:00-04:00,17623.0,17605.5,17658.0,17638.75,noon,315.0,310.0,0.8857142857142857
2021-06-25,PDL,17681.0,long,2021-06-25T10:05:00-04:00,2021-06-25T10:06:00-04:00,2021-06-25T10:13:00-04:00,17703.5,17677.0,17756.5,17676.75,stop,-535.0,-540.0,-1.0188679245283019
2021-06-25,ORL,17715.25,long,2021-06-25T10:30:00-04:00,2021-06-25T10:32:00-04:00,2021-06-25T10:57:00-04:00,17725.75,17699.75,17777.75,17699.5,stop,-525.0,-530.0,-1.0192307692307692
2021-06-28,ORH,17812.25,short,2021-06-28T10:05:00-04:00,2021-06-28T10:07:00-04:00,2021-06-28T10:09:00-04:00,17804.75,17820.5,17773.25,17820.75,stop,-320.0,-325.0,-1.0317460317460319
2021-06-29,PDH,17873.5,short,2021-06-29T10:00:00-04:00,2021-06-29T10:01:00-04:00,2021-06-29T10:17:00-04:00,17861.75,17876.25,17832.75,17832.75,target,580.0,575.0,1.9827586206896552
2021-06-29,PDH,17873.5,short,2021-06-29T11:00:00-04:00,2021-06-29T11:01:00-04:00,2021-06-29T12:00:00-04:00,17863.5,17881.5,17827.5,17878.0,noon,-290.0,-295.0,-0.8194444444444444
2021-06-30,ORL,17878.25,long,2021-06-30T10:00:00-04:00,2021-06-30T10:07:00-04:00,2021-06-30T12:00:00-04:00,17904.0,17873.0,17966.0,17909.25,noon,105.0,100.0,0.16129032258064516
2021-07-01,PDL,17872.0,long,2021-07-01T10:25:00-04:00,2021-07-01T10:26:00-04:00,2021-07-01T11:08:00-04:00,17882.75,17861.25,17925.75,17861.0,stop,-435.0,-440.0,-1.0232558139534884
2021-07-02,ORH,18014.25,short,2021-07-02T10:00:00-04:00,2021-07-02T10:01:00-04:00,2021-07-02T10:32:00-04:00,18004.5,18016.25,17981.0,17981.0,target,470.0,465.0,1.9787234042553192
2021-07-06,ORH,18127.5,short,2021-07-06T10:20:00-04:00,2021-07-06T10:24:00-04:00,2021-07-06T10:36:00-04:00,18119.5,18144.25,18070.0,18070.0,target,990.0,985.0,1.9898989898989898
2021-07-06,ORL,18091.75,long,2021-07-06T10:45:00-04:00,2021-07-06T10:55:00-04:00,2021-07-06T11:01:00-04:00,18108.25,18082.5,18159.75,18082.25,stop,-520.0,-525.0,-1.0194174757281553
2021-07-07,ORL,18171.25,long,2021-07-07T10:15:00-04:00,2021-07-07T10:16:00-04:00,2021-07-07T10:27:00-04:00,18196.0,18164.75,18258.5,18164.5,stop,-630.0,-635.0,-1.016
2021-07-07,PDH,18143.75,short,2021-07-07T10:35:00-04:00,2021-07-07T10:37:00-04:00,2021-07-07T10:45:00-04:00,18135.0,18160.25,18084.5,18084.5,target,1010.0,1005.0,1.99009900990099
2021-07-08,ORH,17995.25,short,2021-07-08T10:05:00-04:00,2021-07-08T10:11:00-04:00,2021-07-08T10:30:00-04:00,17963.5,18000.5,17889.5,18000.75,stop,-745.0,-750.0,-1.0135135135135136
2021-07-08,ORH,17995.25,short,2021-07-08T10:35:00-04:00,2021-07-08T10:36:00-04:00,2021-07-08T11:40:00-04:00,17969.75,18011.75,17885.75,18012.0,stop,-845.0,-850.0,-1.0119047619047619
2021-07-09,ORH,18076.0,short,2021-07-09T10:30:00-04:00,2021-07-09T10:31:00-04:00,2021-07-09T10:45:00-04:00,18069.5,18089.0,18030.5,18089.25,stop,-395.0,-400.0,-1.0256410256410255
2021-07-12,ORL,18177.75,long,2021-07-12T10:10:00-04:00,2021-07-12T10:11:00-04:00,2021-07-12T12:00:00-04:00,18180.75,18155.5,18231.25,18194.25,noon,270.0,265.0,0.5247524752475248
2021-07-15,ORL,18149.5,long,2021-07-15T11:10:00-04:00,2021-07-15T11:14:00-04:00,2021-07-15T12:00:00-04:00,18157.25,18112.25,18247.25,18129.25,noon,-560.0,-565.0,-0.6277777777777778
2021-07-19,ORL,17843.25,long,2021-07-19T10:05:00-04:00,2021-07-19T10:07:00-04:00,2021-07-19T10:36:00-04:00,17851.0,17809.5,17934.0,17809.25,stop,-835.0,-840.0,-1.0120481927710843
2021-07-19,ORL,17843.25,long,2021-07-19T10:45:00-04:00,2021-07-19T10:46:00-04:00,2021-07-19T10:57:00-04:00,17856.75,17831.5,17907.25,17831.25,stop,-510.0,-515.0,-1.0198019801980198
2021-07-20,PDH,17928.25,short,2021-07-20T10:05:00-04:00,2021-07-20T10:06:00-04:00,2021-07-20T10:19:00-04:00,17911.5,17941.5,17851.5,17941.75,stop,-605.0,-610.0,-1.0166666666666666
2021-07-20,ORH,17954.5,short,2021-07-20T10:30:00-04:00,2021-07-20T10:31:00-04:00,2021-07-20T10:38:00-04:00,17942.25,17964.75,17897.25,17965.0,stop,-455.0,-460.0,-1.0222222222222221
2021-07-21,ORH,18101.25,short,2021-07-21T10:10:00-04:00,2021-07-21T10:15:00-04:00,2021-07-21T10:24:00-04:00,18088.0,18109.25,18045.5,18109.5,stop,-430.0,-435.0,-1.0235294117647058
2021-07-22,ORH,18248.5,short,2021-07-22T10:05:00-04:00,2021-07-22T10:08:00-04:00,2021-07-22T10:27:00-04:00,18230.5,18253.25,18185.0,18253.5,stop,-460.0,-465.0,-1.021978021978022
2021-07-22,ORH,18248.5,short,2021-07-22T11:15:00-04:00,2021-07-22T11:16:00-04:00,2021-07-22T11:52:00-04:00,18238.25,18255.75,18203.25,18256.0,stop,-355.0,-360.0,-1.0285714285714285
2021-07-26,PDH,18471.0,short,2021-07-26T10:45:00-04:00,2021-07-26T10:46:00-04:00,2021-07-26T11:41:00-04:00,18449.0,18474.75,18397.5,18475.0,stop,-520.0,-525.0,-1.0194174757281553
2021-07-29,ORH,18423.5,short,2021-07-29T10:40:00-04:00,2021-07-29T10:47:00-04:00,2021-07-29T10:55:00-04:00,18405.75,18424.5,18368.25,18424.75,stop,-380.0,-385.0,-1.0266666666666666
2021-07-29,PDH,18428.25,short,2021-07-29T11:15:00-04:00,2021-07-29T11:16:00-04:00,2021-07-29T12:00:00-04:00,18421.0,18438.0,18387.0,18405.25,noon,315.0,310.0,0.9117647058823529
2021-07-30,ORH,18275.75,short,2021-07-30T11:20:00-04:00,2021-07-30T11:21:00-04:00,2021-07-30T11:30:00-04:00,18271.75,18289.75,18235.75,18290.0,stop,-365.0,-370.0,-1.0277777777777777
2021-08-02,PDH,18333.75,short,2021-08-02T10:05:00-04:00,2021-08-02T10:06:00-04:00,2021-08-02T10:12:00-04:00,18312.25,18338.0,18260.75,18338.25,stop,-520.0,-525.0,-1.0194174757281553
2021-08-04,ORL,18387.5,long,2021-08-04T10:00:00-04:00,2021-08-04T10:01:00-04:00,2021-08-04T10:04:00-04:00,18415.25,18385.25,18475.25,18385.0,stop,-605.0,-610.0,-1.0166666666666666
2021-08-04,ORL,18387.5,long,2021-08-04T10:10:00-04:00,2021-08-04T10:11:00-04:00,2021-08-04T10:14:00-04:00,18401.75,18377.0,18451.25,18376.75,stop,-500.0,-505.0,-1.02020202020202
2021-08-05,ORH,18468.5,short,2021-08-05T10:25:00-04:00,2021-08-05T10:27:00-04:00,2021-08-05T10:32:00-04:00,18461.75,18486.75,18411.75,18487.0,stop,-505.0,-510.0,-1.02
2021-08-06,ORL,18458.25,long,2021-08-06T10:05:00-04:00,2021-08-06T10:08:00-04:00,2021-08-06T10:49:00-04:00,18471.0,18448.75,18515.5,18448.5,stop,-450.0,-455.0,-1.0224719101123596
2021-08-06,PDL,18426.75,long,2021-08-06T11:20:00-04:00,2021-08-06T11:21:00-04:00,2021-08-06T12:00:00-04:00,18434.75,18414.5,18475.25,18456.5,noon,435.0,430.0,1.0617283950617284
2021-08-10,PDH,18499.25,short,2021-08-10T10:05:00-04:00,2021-08-10T10:06:00-04:00,2021-08-10T10:31:00-04:00,18486.25,18511.5,18435.75,18435.75,target,1010.0,1005.0,1.99009900990099
2021-08-11,ORL,18415.25,long,2021-08-11T10:05:00-04:00,2021-08-11T10:06:00-04:00,2021-08-11T10:12:00-04:00,18431.0,18408.25,18476.5,18408.0,stop,-460.0,-465.0,-1.021978021978022
2021-08-12,ORL,18306.0,long,2021-08-12T10:05:00-04:00,2021-08-12T10:13:00-04:00,2021-08-12T10:51:00-04:00,18330.5,18294.5,18402.5,18402.5,target,1440.0,1435.0,1.9930555555555556
2021-08-17,ORL,18325.25,long,2021-08-17T10:00:00-04:00,2021-08-17T10:04:00-04:00,2021-08-17T10:13:00-04:00,18341.25,18308.25,18407.25,18308.0,stop,-665.0,-670.0,-1.0151515151515151
2021-08-17,ORL,18325.25,long,2021-08-17T10:25:00-04:00,2021-08-17T10:26:00-04:00,2021-08-17T10:44:00-04:00,18341.0,18315.5,18392.0,18392.0,target,1020.0,1015.0,1.9901960784313726
2021-08-18,ORH,18364.75,short,2021-08-18T10:40:00-04:00,2021-08-18T10:41:00-04:00,2021-08-18T12:00:00-04:00,18357.0,18380.5,18310.0,18333.25,noon,475.0,470.0,1.0
2021-08-19,PDL,18196.0,long,2021-08-19T10:10:00-04:00,2021-08-19T10:11:00-04:00,2021-08-19T11:03:00-04:00,18204.75,18176.75,18260.75,18260.75,target,1120.0,1115.0,1.9910714285714286
2021-08-26,ORL,18688.75,long,2021-08-26T10:05:00-04:00,2021-08-26T10:06:00-04:00,2021-08-26T10:25:00-04:00,18710.5,18684.5,18762.5,18684.25,stop,-525.0,-530.0,-1.0192307692307692
2021-08-31,ORL,18885.0,long,2021-08-31T10:05:00-04:00,2021-08-31T10:07:00-04:00,2021-08-31T12:00:00-04:00,18897.25,18871.0,18949.75,18934.5,noon,745.0,740.0,1.4095238095238096
2021-09-01,ORH,19026.0,short,2021-09-01T10:20:00-04:00,2021-09-01T10:21:00-04:00,2021-09-01T10:38:00-04:00,19018.75,19037.0,18982.25,19037.25,stop,-370.0,-375.0,-1.0273972602739727
2021-09-01,ORH,19026.0,short,2021-09-01T11:05:00-04:00,2021-09-01T11:06:00-04:00,2021-09-01T11:11:00-04:00,19018.25,19033.5,18987.75,19033.75,stop,-310.0,-315.0,-1.0327868852459017
2021-09-02,ORL,19005.5,long,2021-09-02T11:20:00-04:00,2021-09-02T11:21:00-04:00,2021-09-02T11:47:00-04:00,19010.0,18992.25,19045.5,18992.0,stop,-360.0,-365.0,-1.028169014084507
2021-09-03,ORH,18963.75,short,2021-09-03T10:40:00-04:00,2021-09-03T10:41:00-04:00,2021-09-03T11:16:00-04:00,18960.5,18993.75,18894.0,18994.0,stop,-670.0,-675.0,-1.0150375939849625
2021-09-07,ORL,18979.25,long,2021-09-07T10:00:00-04:00,2021-09-07T10:01:00-04:00,2021-09-07T10:13:00-04:00,18997.75,18966.75,19059.75,18966.5,stop,-625.0,-630.0,-1.0161290322580645
2021-09-07,ORL,18979.25,long,2021-09-07T10:25:00-04:00,2021-09-07T10:30:00-04:00,2021-09-07T12:00:00-04:00,18994.0,18971.25,19039.5,19021.75,noon,555.0,550.0,1.2087912087912087
2021-09-08,ORL,18968.0,long,2021-09-08T10:00:00-04:00,2021-09-08T10:01:00-04:00,2021-09-08T10:33:00-04:00,18989.25,18965.25,19037.25,18965.0,stop,-485.0,-490.0,-1.0208333333333333
2021-09-09,PDH,19021.0,short,2021-09-09T10:05:00-04:00,2021-09-09T10:14:00-04:00,2021-09-09T11:27:00-04:00,19008.0,19024.75,18974.5,18974.5,target,670.0,665.0,1.9850746268656716
2021-09-15,PDL,18709.5,long,2021-09-15T10:00:00-04:00,2021-09-15T10:01:00-04:00,2021-09-15T10:02:00-04:00,18729.25,18707.75,18772.25,18707.5,stop,-435.0,-440.0,-1.0232558139534884
2021-09-15,PDL,18709.5,long,2021-09-15T10:35:00-04:00,2021-09-15T10:36:00-04:00,2021-09-15T12:00:00-04:00,18726.0,18683.0,18812.0,18724.25,noon,-35.0,-40.0,-0.046511627906976744
2021-09-20,ORL,18400.25,long,2021-09-20T10:30:00-04:00,2021-09-20T10:31:00-04:00,2021-09-20T10:42:00-04:00,18413.0,18377.75,18483.5,18377.5,stop,-710.0,-715.0,-1.0141843971631206
2021-09-21,ORH,18462.75,short,2021-09-21T10:00:00-04:00,2021-09-21T10:01:00-04:00,2021-09-21T12:00:00-04:00,18427.5,18481.75,18319.0,18455.25,noon,-555.0,-560.0,-0.5161290322580645
2021-09-22,PDH,18496.75,short,2021-09-22T10:45:00-04:00,2021-09-22T10:46:00-04:00,2021-09-22T11:01:00-04:00,18484.0,18503.5,18445.0,18503.75,stop,-395.0,-400.0,-1.0256410256410255
2021-09-24,ORH,18607.75,short,2021-09-24T10:10:00-04:00,2021-09-24T10:11:00-04:00,2021-09-24T12:00:00-04:00,18598.75,18624.0,18548.25,18619.5,noon,-415.0,-420.0,-0.8316831683168316
2021-09-27,PDL,18554.75,long,2021-09-27T10:30:00-04:00,2021-09-27T10:31:00-04:00,2021-09-27T11:28:00-04:00,18557.0,18532.5,18606.0,18532.25,stop,-495.0,-500.0,-1.0204081632653061
2021-09-29,ORH,18217.25,short,2021-09-29T11:15:00-04:00,2021-09-29T11:16:00-04:00,2021-09-29T11:32:00-04:00,18208.25,18230.0,18164.75,18164.75,target,870.0,865.0,1.9885057471264367
2021-09-30,ORL,18171.75,long,2021-09-30T10:10:00-04:00,2021-09-30T10:17:00-04:00,2021-09-30T10:31:00-04:00,18220.5,18169.0,18323.5,18168.75,stop,-1035.0,-1040.0,-1.0097087378640777
2021-09-30,ORL,18171.75,long,2021-09-30T10:40:00-04:00,2021-09-30T10:44:00-04:00,2021-09-30T10:52:00-04:00,18187.75,18167.5,18228.25,18167.25,stop,-410.0,-415.0,-1.0246913580246915
2021-10-01,ORL,17996.0,long,2021-10-01T11:15:00-04:00,2021-10-01T11:17:00-04:00,2021-10-01T12:00:00-04:00,18031.25,17948.25,18197.25,18054.5,noon,465.0,460.0,0.27710843373493976
2021-10-06,PDL,17862.5,long,2021-10-06T10:10:00-04:00,2021-10-06T10:12:00-04:00,2021-10-06T10:23:00-04:00,17897.75,17851.25,17990.75,17990.75,target,1860.0,1855.0,1.9946236559139785
2021-10-06,ORH,18003.5,short,2021-10-06T11:20:00-04:00,2021-10-06T11:21:00-04:00,2021-10-06T11:54:00-04:00,17979.25,18009.0,17919.75,18009.25,stop,-600.0,-605.0,-1.0168067226890756
2021-10-08,ORL,18213.0,long,2021-10-08T10:00:00-04:00,2021-10-08T10:02:00-04:00,2021-10-08T10:41:00-04:00,18253.5,18210.25,18340.0,18210.0,stop,-870.0,-875.0,-1.0115606936416186
2021-10-08,PDL,18224.25,long,2021-10-08T11:10:00-04:00,2021-10-08T11:11:00-04:00,2021-10-08T11:36:00-04:00,18227.5,18197.75,18287.0,18197.5,stop,-600.0,-605.0,-1.0168067226890756
2021-10-12,ORL,18054.0,long,2021-10-12T10:15:00-04:00,2021-10-12T10:16:00-04:00,2021-10-12T10:18:00-04:00,18065.5,18031.25,18134.0,18031.0,stop,-690.0,-695.0,-1.0145985401459854
2021-10-13,ORL,18083.0,long,2021-10-13T10:05:00-04:00,2021-10-13T10:06:00-04:00,2021-10-13T10:11:00-04:00,18102.0,18072.25,18161.5,18072.0,stop,-600.0,-605.0,-1.0168067226890756
2021-10-13,ORL,18083.0,long,2021-10-13T10:45:00-04:00,2021-10-13T10:46:00-04:00,2021-10-13T10:55:00-04:00,18093.25,18066.5,18146.75,18066.25,stop,-540.0,-545.0,-1.0186915887850467
2021-10-15,ORL,18414.25,long,2021-10-15T10:30:00-04:00,2021-10-15T10:37:00-04:00,2021-10-15T12:00:00-04:00,18440.75,18410.5,18501.25,18427.5,noon,-265.0,-270.0,-0.4462809917355372
2021-10-18,PDH,18502.75,short,2021-10-18T10:35:00-04:00,2021-10-18T10:36:00-04:00,2021-10-18T10:43:00-04:00,18498.0,18521.0,18452.0,18521.25,stop,-465.0,-470.0,-1.0217391304347827
2021-10-19,ORH,18719.5,short,2021-10-19T10:00:00-04:00,2021-10-19T10:02:00-04:00,2021-10-19T10:17:00-04:00,18678.5,18721.75,18592.0,18722.0,stop,-870.0,-875.0,-1.0115606936416186
2021-10-19,ORH,18719.5,short,2021-10-19T10:35:00-04:00,2021-10-19T10:37:00-04:00,2021-10-19T10:56:00-04:00,18701.75,18727.0,18651.25,18727.25,stop,-510.0,-515.0,-1.0198019801980198
2021-10-20,ORL,18767.25,long,2021-10-20T10:15:00-04:00,2021-10-20T10:16:00-04:00,2021-10-20T11:03:00-04:00,18782.25,18761.0,18824.75,18760.75,stop,-430.0,-435.0,-1.0235294117647058
2021-10-20,ORL,18767.25,long,2021-10-20T11:20:00-04:00,2021-10-20T11:21:00-04:00,2021-10-20T11:31:00-04:00,18773.75,18757.25,18806.75,18757.0,stop,-335.0,-340.0,-1.0303030303030303
2021-10-22,ORH,18823.25,short,2021-10-22T10:35:00-04:00,2021-10-22T10:38:00-04:00,2021-10-22T11:18:00-04:00,18793.5,18829.0,18722.5,18722.5,target,1420.0,1415.0,1.9929577464788732
2021-10-26,ORH,19023.5,short,2021-10-26T11:05:00-04:00,2021-10-26T11:06:00-04:00,2021-10-26T11:57:00-04:00,19015.25,19043.75,18958.25,18958.25,target,1140.0,1135.0,1.9912280701754386
2021-10-27,ORH,18991.25,short,2021-10-27T10:05:00-04:00,2021-10-27T10:06:00-04:00,2021-10-27T10:55:00-04:00,18940.0,19013.5,18793.0,19013.75,stop,-1475.0,-1480.0,-1.0068027210884354
2021-10-27,ORH,18991.25,short,2021-10-27T11:00:00-04:00,2021-10-27T11:01:00-04:00,2021-10-27T11:22:00-04:00,18980.5,19025.75,18890.0,19026.0,stop,-910.0,-915.0,-1.011049723756906
2021-10-28,PDH,19082.5,short,2021-10-28T11:00:00-04:00,2021-10-28T11:01:00-04:00,2021-10-28T11:16:00-04:00,19076.75,19100.0,19030.25,19100.25,stop,-470.0,-475.0,-1.021505376344086
2021-10-29,ORH,19048.25,short,2021-10-29T10:00:00-04:00,2021-10-29T10:01:00-04:00,2021-10-29T10:09:00-04:00,19038.5,19065.0,18985.5,19065.25,stop,-535.0,-540.0,-1.0188679245283019
2021-10-29,ORH,19048.25,short,2021-10-29T10:30:00-04:00,2021-10-29T10:31:00-04:00,2021-10-29T10:36:00-04:00,19038.25,19055.25,19004.25,19055.5,stop,-345.0,-350.0,-1.0294117647058822
2021-11-01,ORL,19169.75,long,2021-11-01T10:25:00-04:00,2021-11-01T10:26:00-04:00,2021-11-01T10:42:00-04:00,19182.75,19163.75,19220.75,19163.5,stop,-385.0,-390.0,-1.0263157894736843
2021-11-01,ORL,19169.75,long,2021-11-01T10:50:00-04:00,2021-11-01T10:51:00-04:00,2021-11-01T12:00:00-04:00,19184.75,19162.25,19229.75,19225.25,noon,810.0,805.0,1.788888888888889
2021-11-02,ORH,19314.0,short,2021-11-02T10:10:00-04:00,2021-11-02T10:12:00-04:00,2021-11-02T10:34:00-04:00,19283.5,19321.0,19208.5,19321.25,stop,-755.0,-760.0,-1.0133333333333334
2021-11-02,ORH,19314.0,short,2021-11-02T11:10:00-04:00,2021-11-02T11:14:00-04:00,2021-11-02T11:30:00-04:00,19300.5,19323.0,19255.5,19323.25,stop,-455.0,-460.0,-1.0222222222222221
2021-11-03,ORL,19308.25,long,2021-11-03T10:10:00-04:00,2021-11-03T10:13:00-04:00,2021-11-03T12:00:00-04:00,19324.0,19301.25,19369.5,19347.0,noon,460.0,455.0,1.0
2021-11-05,ORL,19755.25,long,2021-11-05T10:00:00-04:00,2021-11-05T10:01:00-04:00,2021-11-05T12:00:00-04:00,19782.5,19742.0,19863.5,19793.25,noon,215.0,210.0,0.25925925925925924
2021-11-08,ORL,19697.0,long,2021-11-08T10:50:00-05:00,2021-11-08T10:57:00-05:00,2021-11-08T12:00:00-05:00,19709.5,19677.75,19773.0,19698.25,noon,-225.0,-230.0,-0.36220472440944884
2021-11-10,PDL,19525.0,long,2021-11-10T10:00:00-05:00,2021-11-10T10:01:00-05:00,2021-11-10T11:33:00-05:00,19544.75,19507.75,19618.75,19507.5,stop,-745.0,-750.0,-1.0135135135135136
2021-11-11,ORL,19418.25,long,2021-11-11T10:40:00-05:00,2021-11-11T10:41:00-05:00,2021-11-11T12:00:00-05:00,19430.0,19410.5,19469.0,19439.25,noon,185.0,180.0,0.46153846153846156
2021-11-15,PDH,19578.25,short,2021-11-15T10:05:00-05:00,2021-11-15T10:06:00-05:00,2021-11-15T11:43:00-05:00,19560.5,19596.5,19488.5,19488.5,target,1440.0,1435.0,1.9930555555555556
2021-11-16,PDH,19619.25,short,2021-11-16T10:20:00-05:00,2021-11-16T10:21:00-05:00,2021-11-16T11:11:00-05:00,19598.5,19625.5,19544.5,19625.75,stop,-545.0,-550.0,-1.0185185185185186
2021-11-17,ORL,19657.5,long,2021-11-17T10:05:00-05:00,2021-11-17T10:06:00-05:00,2021-11-17T10:41:00-05:00,19669.75,19647.25,19714.75,19714.75,target,900.0,895.0,1.988888888888889
2021-11-18,PDH,19761.5,short,2021-11-18T10:10:00-05:00,2021-11-18T10:11:00-05:00,2021-11-18T11:35:00-05:00,19740.0,19784.5,19651.0,19784.75,stop,-895.0,-900.0,-1.0112359550561798
2021-11-19,ORH,19929.0,short,2021-11-19T10:30:00-05:00,2021-11-19T10:31:00-05:00,2021-11-19T10:43:00-05:00,19912.25,19955.5,19825.75,19955.75,stop,-870.0,-875.0,-1.0115606936416186
2021-11-22,ORH,20075.75,short,2021-11-22T11:00:00-05:00,2021-11-22T11:04:00-05:00,2021-11-22T11:28:00-05:00,20054.5,20093.0,19977.5,19977.5,target,1540.0,1535.0,1.9935064935064934
2021-11-23,ORH,19742.75,short,2021-11-23T10:05:00-05:00,2021-11-23T10:07:00-05:00,2021-11-23T10:29:00-05:00,19715.25,19770.75,19604.25,19604.25,target,2220.0,2215.0,1.9954954954954955
2021-11-24,ORH,19573.25,short,2021-11-24T10:10:00-05:00,2021-11-24T10:11:00-05:00,2021-11-24T10:26:00-05:00,19557.0,19606.25,19458.5,19606.5,stop,-990.0,-995.0,-1.0101522842639594
2021-11-29,ORH,19646.75,short,2021-11-29T10:30:00-05:00,2021-11-29T10:31:00-05:00,2021-11-29T11:25:00-05:00,19626.5,19665.25,19549.0,19665.5,stop,-780.0,-785.0,-1.0129032258064516
2021-11-30,PDH,19802.75,short,2021-11-30T10:15:00-05:00,2021-11-30T10:21:00-05:00,2021-11-30T10:47:00-05:00,19773.25,19821.75,19676.25,19676.25,target,1940.0,1935.0,1.9948453608247423
2021-12-01,ORH,19718.75,short,2021-12-01T10:15:00-05:00,2021-12-01T10:22:00-05:00,2021-12-01T11:11:00-05:00,19702.5,19743.0,19621.5,19743.25,stop,-815.0,-820.0,-1.0123456790123457
2021-12-02,ORH,19343.75,short,2021-12-02T10:10:00-05:00,2021-12-02T10:11:00-05:00,2021-12-02T12:00:00-05:00,19288.0,19385.75,19092.5,19323.75,noon,-715.0,-720.0,-0.36828644501278773
2021-12-03,PDL,19127.75,long,2021-12-03T10:15:00-05:00,2021-12-03T10:16:00-05:00,2021-12-03T10:36:00-05:00,19156.75,19097.5,19275.25,19097.25,stop,-1190.0,-1195.0,-1.0084388185654007
2021-12-06,ORH,19125.5,short,2021-12-06T10:35:00-05:00,2021-12-06T10:36:00-05:00,2021-12-06T12:00:00-05:00,19093.0,19150.0,18979.0,19082.25,noon,215.0,210.0,0.18421052631578946
2021-12-09,ORL,19703.25,long,2021-12-09T10:00:00-05:00,2021-12-09T10:02:00-05:00,2021-12-09T10:08:00-05:00,19729.75,19688.0,19813.25,19687.75,stop,-840.0,-845.0,-1.0119760479041917
2021-12-10,ORL,19607.5,long,2021-12-10T10:10:00-05:00,2021-12-10T10:11:00-05:00,2021-12-10T10:36:00-05:00,19637.5,19586.75,19739.0,19586.5,stop,-1020.0,-1025.0,-1.0098522167487685
2021-12-10,PDL,19507.5,long,2021-12-10T11:10:00-05:00,2021-12-10T11:16:00-05:00,2021-12-10T11:46:00-05:00,19538.75,19500.0,19616.25,19616.25,target,1550.0,1545.0,1.9935483870967743
2021-12-13,ORL,19634.25,long,2021-12-13T10:10:00-05:00,2021-12-13T10:13:00-05:00,2021-12-13T10:21:00-05:00,19655.25,19630.0,19705.75,19629.75,stop,-510.0,-515.0,-1.0198019801980198
2021-12-14,ORL,19221.0,long,2021-12-14T10:20:00-05:00,2021-12-14T10:21:00-05:00,2021-12-14T10:26:00-05:00,19242.25,19217.0,19292.75,19292.75,target,1010.0,1005.0,1.99009900990099
2021-12-15,ORL,19224.0,long,2021-12-15T10:35:00-05:00,2021-12-15T10:36:00-05:00,2021-12-15T10:57:00-05:00,19236.5,19208.5,19292.5,19208.25,stop,-565.0,-570.0,-1.0178571428571428
2021-12-17,ORH,19155.75,short,2021-12-17T10:05:00-05:00,2021-12-17T10:07:00-05:00,2021-12-17T10:36:00-05:00,19102.0,19162.75,18980.5,19163.0,stop,-1220.0,-1225.0,-1.008230452674897
2021-12-20,ORH,19006.75,short,2021-12-20T10:00:00-05:00,2021-12-20T10:03:00-05:00,2021-12-20T11:38:00-05:00,18968.25,19023.75,18857.25,18857.25,target,2220.0,2215.0,1.9954954954954955
2021-12-21,PDH,19023.25,short,2021-12-21T10:25:00-05:00,2021-12-21T10:26:00-05:00,2021-12-21T11:08:00-05:00,19014.0,19073.0,18896.0,19073.25,stop,-1185.0,-1190.0,-1.0084745762711864
2021-12-22,ORH,19376.75,short,2021-12-22T10:00:00-05:00,2021-12-22T10:02:00-05:00,2021-12-22T10:38:00-05:00,19358.5,19409.75,19256.0,19410.0,stop,-1030.0,-1035.0,-1.0097560975609756
2021-12-28,PDH,19928.0,short,2021-12-28T10:10:00-05:00,2021-12-28T10:11:00-05:00,2021-12-28T10:36:00-05:00,19882.5,19945.5,19756.5,19945.75,stop,-1265.0,-1270.0,-1.007936507936508
2021-12-28,PDH,19928.0,short,2021-12-28T10:45:00-05:00,2021-12-28T10:46:00-05:00,2021-12-28T12:00:00-05:00,19898.5,19936.5,19822.5,19918.5,noon,-400.0,-405.0,-0.5328947368421053
2021-12-29,ORL,19856.5,long,2021-12-29T10:10:00-05:00,2021-12-29T10:11:00-05:00,2021-12-29T10:12:00-05:00,19866.25,19839.5,19919.75,19839.25,stop,-540.0,-545.0,-1.0186915887850467
2021-12-29,PDL,19816.75,long,2021-12-29T10:45:00-05:00,2021-12-29T10:55:00-05:00,2021-12-29T12:00:00-05:00,19833.25,19786.75,19926.25,19797.75,noon,-710.0,-715.0,-0.7688172043010753
2021-12-30,PDH,19914.0,short,2021-12-30T10:55:00-05:00,2021-12-30T10:57:00-05:00,2021-12-30T12:00:00-05:00,19908.5,19921.5,19882.5,19909.0,noon,-10.0,-15.0,-0.057692307692307696
2022-01-03,PDL,19678.25,long,2022-01-03T10:00:00-05:00,2022-01-03T10:01:00-05:00,2022-01-03T10:47:00-05:00,19706.25,19656.0,19806.75,19806.75,target,2010.0,2005.0,1.9950248756218905
2022-01-05,ORH,19581.0,short,2022-01-05T10:10:00-05:00,2022-01-05T10:11:00-05:00,2022-01-05T10:28:00-05:00,19555.5,19586.0,19494.5,19586.25,stop,-615.0,-620.0,-1.0163934426229508
2022-01-05,PDL,19504.0,long,2022-01-05T10:55:00-05:00,2022-01-05T10:56:00-05:00,2022-01-05T11:45:00-05:00,19521.5,19491.25,19582.0,19491.0,stop,-610.0,-615.0,-1.0165289256198347
2022-01-06,ORL,19036.5,long,2022-01-06T10:20:00-05:00,2022-01-06T10:25:00-05:00,2022-01-06T12:00:00-05:00,19101.5,19014.75,19275.0,19198.25,noon,1935.0,1930.0,1.1123919308357348
2022-01-07,ORH,19177.25,short,2022-01-07T10:00:00-05:00,2022-01-07T10:01:00-05:00,2022-01-07T10:10:00-05:00,19151.5,19192.75,19069.0,19069.0,target,1650.0,1645.0,1.993939393939394
2022-01-10,ORL,18655.0,long,2022-01-10T11:25:00-05:00,2022-01-10T11:27:00-05:00,2022-01-10T11:41:00-05:00,18674.0,18634.5,18753.0,18634.25,stop,-795.0,-800.0,-1.0126582278481013
2022-01-11,PDH,18981.5,short,2022-01-11T10:10:00-05:00,2022-01-11T10:11:00-05:00,2022-01-11T10:13:00-05:00,18967.75,19008.5,18886.25,19008.75,stop,-820.0,-825.0,-1.0122699386503067
2022-01-11,PDH,18981.5,short,2022-01-11T10:30:00-05:00,2022-01-11T10:32:00-05:00,2022-01-11T10:32:00-05:00,18948.5,18983.75,18878.0,18984.0,stop,-710.0,-715.0,-1.0141843971631206
2022-01-12,ORH,19356.5,short,2022-01-12T10:20:00-05:00,2022-01-12T10:23:00-05:00,2022-01-12T10:40:00-05:00,19334.5,19371.0,19261.5,19261.5,target,1460.0,1455.0,1.9931506849315068
2022-01-14,ORH,18900.0,short,2022-01-14T10:25:00-05:00,2022-01-14T10:26:00-05:00,2022-01-14T12:00:00-05:00,18889.25,18958.0,18751.75,18907.75,noon,-370.0,-375.0,-0.2727272727272727
2022-01-18,ORH,18739.5,short,2022-01-18T10:35:00-05:00,2022-01-18T10:37:00-05:00,2022-01-18T12:00:00-05:00,18721.25,18786.0,18591.75,18709.0,noon,245.0,240.0,0.18532818532818532
2022-01-19,ORH,18704.0,short,2022-01-19T10:20:00-05:00,2022-01-19T10:23:00-05:00,2022-01-19T10:43:00-05:00,18669.25,18726.5,18554.75,18554.75,target,2290.0,2285.0,1.9956331877729259
2022-01-19,PDL,18535.25,long,2022-01-19T10:55:00-05:00,2022-01-19T10:56:00-05:00,2022-01-19T11:12:00-05:00,18573.25,18529.0,18661.75,18528.75,stop,-890.0,-895.0,-1.0112994350282485
2022-01-21,ORL,18032.75,long,2022-01-21T10:35:00-05:00,2022-01-21T10:36:00-05:00,2022-01-21T12:00:00-05:00,18106.25,17978.0,18362.75,18060.75,noon,-910.0,-915.0,-0.3567251461988304
2022-01-24,ORL,17481.75,long,2022-01-24T10:35:00-05:00,2022-01-24T10:38:00-05:00,2022-01-24T10:41:00-05:00,17514.25,17437.75,17667.25,17437.5,stop,-1535.0,-1540.0,-1.0065359477124183
2022-01-24,ORL,17481.75,long,2022-01-24T10:55:00-05:00,2022-01-24T10:56:00-05:00,2022-01-24T11:06:00-05:00,17500.75,17383.75,17734.75,17383.5,stop,-2345.0,-2350.0,-1.0042735042735043
2022-01-25,ORL,17548.75,long,2022-01-25T10:30:00-05:00,2022-01-25T10:36:00-05:00,2022-01-25T11:13:00-05:00,17575.75,17441.25,17844.75,17441.0,stop,-2695.0,-2700.0,-1.003717472118959
2022-01-26,ORH,17862.5,short,2022-01-26T10:10:00-05:00,2022-01-26T10:11:00-05:00,2022-01-26T10:26:00-05:00,17836.5,17879.5,17750.5,17750.5,target,1720.0,1715.0,1.994186046511628
2022-01-26,PDH,17764.75,short,2022-01-26T10:35:00-05:00,2022-01-26T10:45:00-05:00,2022-01-26T11:12:00-05:00,17719.75,17784.0,17591.25,17784.25,stop,-1290.0,-1295.0,-1.0077821011673151
2022-01-27,ORH,17718.5,short,2022-01-27T10:20:00-05:00,2022-01-27T10:21:00-05:00,2022-01-27T10:32:00-05:00,17708.25,17772.0,17580.75,17580.75,target,2550.0,2545.0,1.996078431372549
2022-01-27,ORL,17596.5,long,2022-01-27T10:45:00-05:00,2022-01-27T10:46:00-05:00,2022-01-27T12:00:00-05:00,17619.0,17549.75,17757.5,17660.0,noon,820.0,815.0,0.5884476534296029
2022-01-28,ORL,17257.25,long,2022-01-28T10:00:00-05:00,2022-01-28T10:09:00-05:00,2022-01-28T10:20:00-05:00,17291.25,17241.5,17390.75,17390.75,target,1990.0,1985.0,1.9949748743718594
2022-01-28,PDL,17309.5,long,2022-01-28T10:40:00-05:00,2022-01-28T10:48:00-05:00,2022-01-28T11:16:00-05:00,17382.0,17291.25,17563.5,17563.5,target,3630.0,3625.0,1.997245179063361
2022-02-01,ORL,18151.0,long,2022-02-01T10:15:00-05:00,2022-02-01T10:16:00-05:00,2022-02-01T11:59:00-05:00,18178.25,18116.25,18302.25,18302.25,target,2480.0,2475.0,1.9959677419354838
2022-02-02,ORL,18427.5,long,2022-02-02T10:00:00-05:00,2022-02-02T10:01:00-05:00,2022-02-02T10:24:00-05:00,18476.25,18422.25,18584.25,18422.0,stop,-1085.0,-1090.0,-1.0092592592592593
2022-02-02,ORL,18427.5,long,2022-02-02T10:30:00-05:00,2022-02-02T10:31:00-05:00,2022-02-02T10:36:00-05:00,18447.25,18400.25,18541.25,18400.0,stop,-945.0,-950.0,-1.0106382978723405
2022-02-03,ORH,18163.5,short,2022-02-03T10:35:00-05:00,2022-02-03T10:36:00-05:00,2022-02-03T12:00:00-05:00,18141.0,18207.5,18008.0,18031.0,noon,2200.0,2195.0,1.650375939849624
2022-02-04,ORH,17943.75,short,2022-02-04T10:40:00-05:00,2022-02-04T10:45:00-05:00,2022-02-04T11:36:00-05:00,17899.75,17956.75,17785.75,17957.0,stop,-1145.0,-1150.0,-1.0087719298245614
2022-02-07,ORH,18147.25,short,2022-02-07T10:00:00-05:00,2022-02-07T10:03:00-05:00,2022-02-07T11:24:00-05:00,18119.25,18171.25,18015.25,18015.25,target,2080.0,2075.0,1.9951923076923077
2022-02-08,PDL,17876.0,long,2022-02-08T10:40:00-05:00,2022-02-08T10:44:00-05:00,2022-02-08T11:14:00-05:00,17902.25,17837.0,18032.75,18032.75,target,2610.0,2605.0,1.996168582375479
2022-02-09,ORL,18252.75,long,2022-02-09T10:05:00-05:00,2022-02-09T10:09:00-05:00,2022-02-09T10:14:00-05:00,18282.25,18243.25,18360.25,18243.0,stop,-785.0,-790.0,-1.0128205128205128
2022-02-09,ORL,18252.75,long,2022-02-09T10:30:00-05:00,2022-02-09T10:33:00-05:00,2022-02-09T12:00:00-05:00,18282.75,18234.5,18379.25,18290.75,noon,160.0,155.0,0.16062176165803108
2022-02-11,ORL,18020.5,long,2022-02-11T10:05:00-05:00,2022-02-11T10:06:00-05:00,2022-02-11T10:13:00-05:00,18051.0,17995.5,18162.0,17995.25,stop,-1115.0,-1120.0,-1.009009009009009
2022-02-11,PDL,17986.5,long,2022-02-11T10:25:00-05:00,2022-02-11T10:26:00-05:00,2022-02-11T10:59:00-05:00,18021.5,17977.5,18109.5,17977.25,stop,-885.0,-890.0,-1.0113636363636365
2022-02-14,ORH,17652.75,short,2022-02-14T10:00:00-05:00,2022-02-14T10:01:00-05:00,2022-02-14T11:20:00-05:00,17638.5,17698.5,17518.5,17698.75,stop,-1205.0,-1210.0,-1.0083333333333333
2022-02-16,PDL,17792.0,long,2022-02-16T10:10:00-05:00,2022-02-16T10:13:00-05:00,2022-02-16T10:15:00-05:00,17806.75,17778.5,17863.25,17778.25,stop,-570.0,-575.0,-1.0176991150442478
2022-02-16,PDL,17792.0,long,2022-02-16T10:30:00-05:00,2022-02-16T10:32:00-05:00,2022-02-16T12:00:00-05:00,17798.5,17773.0,17849.5,17822.5,noon,480.0,475.0,0.9313725490196079
2022-02-17,PDL,17745.5,long,2022-02-17T11:15:00-05:00,2022-02-17T11:18:00-05:00,2022-02-17T12:00:00-05:00,17755.25,17720.75,17824.25,17720.5,stop,-695.0,-700.0,-1.0144927536231885
2022-02-18,ORH,17582.75,short,2022-02-18T10:00:00-05:00,2022-02-18T10:01:00-05:00,2022-02-18T10:31:00-05:00,17539.25,17585.75,17446.25,17446.25,target,1860.0,1855.0,1.9946236559139785
2022-02-22,ORH,17351.25,short,2022-02-22T10:55:00-05:00,2022-02-22T10:56:00-05:00,2022-02-22T11:55:00-05:00,17321.25,17371.75,17220.25,17220.25,target,2020.0,2015.0,1.995049504950495
2022-02-24,ORH,16669.5,short,2022-02-24T10:05:00-05:00,2022-02-24T10:06:00-05:00,2022-02-24T10:12:00-05:00,16626.5,16707.5,16464.5,16707.75,stop,-1625.0,-1630.0,-1.0061728395061729
2022-02-24,PDL,16859.0,long,2022-02-24T11:15:00-05:00,2022-02-24T11:19:00-05:00,2022-02-24T11:43:00-05:00,16892.25,16822.0,17032.75,16821.75,stop,-1410.0,-1415.0,-1.00711743772242
2022-02-25,ORL,17236.5,long,2022-02-25T10:10:00-05:00,2022-02-25T10:11:00-05:00,2022-02-25T11:15:00-05:00,17295.75,17210.5,17466.25,17466.25,target,3410.0,3405.0,1.997067448680352
2022-02-28,ORH,17477.5,short,2022-02-28T10:05:00-05:00,2022-02-28T10:06:00-05:00,2022-02-28T10:39:00-05:00,17450.0,17522.25,17305.5,17522.5,stop,-1450.0,-1455.0,-1.0069204152249136
2022-03-01,ORH,17617.75,short,2022-03-01T10:05:00-05:00,2022-03-01T10:11:00-05:00,2022-03-01T10:22:00-05:00,17527.0,17625.0,17331.0,17625.25,stop,-1965.0,-1970.0,-1.0051020408163265
2022-03-01,ORH,17617.75,short,2022-03-01T10:30:00-05:00,2022-03-01T10:32:00-05:00,2022-03-01T11:31:00-05:00,17590.0,17638.0,17494.0,17494.0,target,1920.0,1915.0,1.9947916666666667
2022-03-02,ORH,17479.0,short,2022-03-02T10:00:00-05:00,2022-03-02T10:07:00-05:00,2022-03-02T10:31:00-05:00,17426.0,17485.75,17306.5,17486.0,stop,-1200.0,-1205.0,-1.00836820083682
2022-03-02,ORH,17479.0,short,2022-03-02T10:40:00-05:00,2022-03-02T10:47:00-05:00,2022-03-02T11:05:00-05:00,17404.25,17484.75,17243.25,17485.0,stop,-1615.0,-1620.0,-1.0062111801242235
2022-03-04,ORL,17254.0,long,2022-03-04T10:00:00-05:00,2022-03-04T10:01:00-05:00,2022-03-04T10:12:00-05:00,17303.5,17206.0,17498.5,17205.75,stop,-1955.0,-1960.0,-1.005128205128205
2022-03-08,ORL,16586.25,long,2022-03-08T10:20:00-05:00,2022-03-08T10:21:00-05:00,2022-03-08T10:33:00-05:00,16648.75,16533.75,16878.75,16533.5,stop,-2305.0,-2310.0,-1.0043478260869565
2022-03-08,ORL,16586.25,long,2022-03-08T10:55:00-05:00,2022-03-08T10:56:00-05:00,2022-03-08T11:32:00-05:00,16663.5,16535.75,16919.0,16535.5,stop,-2560.0,-2565.0,-1.0039138943248533
2022-03-09,ORL,16889.25,long,2022-03-09T10:00:00-05:00,2022-03-09T10:01:00-05:00,2022-03-09T12:00:00-05:00,16943.5,16870.75,17089.0,17029.75,noon,1725.0,1720.0,1.1821305841924399
2022-03-10,ORH,16944.25,short,2022-03-10T10:00:00-05:00,2022-03-10T10:03:00-05:00,2022-03-10T10:18:00-05:00,16880.25,16959.5,16721.75,16959.75,stop,-1590.0,-1595.0,-1.0063091482649842
2022-03-10,ORH,16944.25,short,2022-03-10T10:25:00-05:00,2022-03-10T10:27:00-05:00,2022-03-10T12:00:00-05:00,16901.0,16972.25,16758.5,16829.0,noon,1440.0,1435.0,1.0070175438596491
2022-03-14,PDL,16646.0,long,2022-03-14T10:10:00-04:00,2022-03-14T10:12:00-04:00,2022-03-14T11:23:00-04:00,16709.0,16629.5,16868.0,16629.25,stop,-1595.0,-1600.0,-1.0062893081761006
2022-03-15,ORH,16577.0,short,2022-03-15T10:10:00-04:00,2022-03-15T10:11:00-04:00,2022-03-15T10:25:00-04:00,16551.0,16597.5,16458.0,16597.75,stop,-935.0,-940.0,-1.010752688172043
2022-03-16,ORH,17086.75,short,2022-03-16T10:05:00-04:00,2022-03-16T10:07:00-04:00,2022-03-16T10:14:00-04:00,17068.75,17123.75,16958.75,17124.0,stop,-1105.0,-1110.0,-1.009090909090909
2022-03-17,PDH,17326.0,short,2022-03-17T10:30:00-04:00,2022-03-17T10:31:00-04:00,2022-03-17T10:49:00-04:00,17307.0,17338.25,17244.5,17244.5,target,1250.0,1245.0,1.992
2022-03-21,ORL,17726.5,long,2022-03-21T11:15:00-04:00,2022-03-21T11:17:00-04:00,2022-03-21T11:59:00-04:00,17736.0,17697.25,17813.5,17813.5,target,1550.0,1545.0,1.9935483870967743
2022-03-23,ORL,17839.25,long,2022-03-23T10:05:00-04:00,2022-03-23T10:07:00-04:00,2022-03-23T10:34:00-04:00,17877.25,17830.75,17970.25,17970.25,target,1860.0,1855.0,1.9946236559139785
2022-03-24,ORH,17919.5,short,2022-03-24T10:10:00-04:00,2022-03-24T10:11:00-04:00,2022-03-24T11:02:00-04:00,17881.25,17925.0,17793.75,17925.25,stop,-880.0,-885.0,-1.0114285714285713
2022-03-25,ORL,18081.75,long,2022-03-25T10:10:00-04:00,2022-03-25T10:11:00-04:00,2022-03-25T10:18:00-04:00,18111.0,18070.75,18191.5,18070.5,stop,-810.0,-815.0,-1.0124223602484472
2022-03-25,ORH,18157.0,short,2022-03-25T10:40:00-04:00,2022-03-25T10:41:00-04:00,2022-03-25T10:43:00-04:00,18140.5,18164.0,18093.5,18164.25,stop,-475.0,-480.0,-1.0212765957446808
2022-03-28,PDH,18176.5,short,2022-03-28T10:25:00-04:00,2022-03-28T10:28:00-04:00,2022-03-28T10:30:00-04:00,18154.0,18192.25,18077.5,18192.5,stop,-770.0,-775.0,-1.0130718954248366
2022-03-28,ORH,18253.0,short,2022-03-28T11:05:00-04:00,2022-03-28T11:06:00-04:00,2022-03-28T12:00:00-04:00,18177.75,18254.5,18024.25,18102.75,noon,1500.0,1495.0,0.9739413680781759
2022-03-29,ORL,18505.5,long,2022-03-29T10:00:00-04:00,2022-03-29T10:02:00-04:00,2022-03-29T10:05:00-04:00,18534.0,18498.5,18605.0,18498.25,stop,-715.0,-720.0,-1.0140845070422535
2022-03-30,ORH,18566.0,short,2022-03-30T10:05:00-04:00,2022-03-30T10:07:00-04:00,2022-03-30T10:15:00-04:00,18539.25,18573.75,18470.25,18574.0,stop,-695.0,-700.0,-1.0144927536231885
2022-03-30,ORH,18566.0,short,2022-03-30T10:55:00-04:00,2022-03-30T10:56:00-04:00,2022-03-30T12:00:00-04:00,18541.5,18584.25,18456.0,18523.0,noon,370.0,365.0,0.4269005847953216
2022-03-31,ORL,18355.5,long,2022-03-31T10:10:00-04:00,2022-03-31T10:11:00-04:00,2022-03-31T10:58:00-04:00,18382.75,18345.75,18456.75,18456.75,target,1480.0,1475.0,1.9932432432432432
2022-04-01,PDL,18224.0,long,2022-04-01T10:15:00-04:00,2022-04-01T10:18:00-04:00,2022-04-01T10:20:00-04:00,18251.5,18208.75,18337.0,18208.5,stop,-860.0,-865.0,-1.0116959064327486
2022-04-01,PDL,18224.0,long,2022-04-01T10:35:00-04:00,2022-04-01T10:36:00-04:00,2022-04-01T10:42:00-04:00,18231.75,18207.5,18280.25,18207.25,stop,-490.0,-495.0,-1.0206185567010309
2022-04-07,ORH,17946.5,short,2022-04-07T10:05:00-04:00,2022-04-07T10:07:00-04:00,2022-04-07T11:34:00-04:00,17904.5,17977.0,17759.5,17759.5,target,2900.0,2895.0,1.9965517241379311
2022-04-08,PDL,17685.5,long,2022-04-08T10:00:00-04:00,2022-04-08T10:02:00-04:00,2022-04-08T10:28:00-04:00,17712.5,17680.5,17776.5,17776.5,target,1280.0,1275.0,1.9921875
2022-04-08,ORL,17732.0,long,2022-04-08T10:55:00-04:00,2022-04-08T10:56:00-04:00,2022-04-08T12:00:00-04:00,17816.0,17728.25,17991.5,17814.0,noon,-40.0,-45.0,-0.02564102564102564
2022-04-11,ORH,17546.5,short,2022-04-11T10:05:00-04:00,2022-04-11T10:06:00-04:00,2022-04-11T12:00:00-04:00,17490.75,17555.0,17362.25,17443.0,noon,955.0,950.0,0.7392996108949417
2022-04-12,PDH,17565.5,short,2022-04-12T10:30:00-04:00,2022-04-12T10:31:00-04:00,2022-04-12T10:49:00-04:00,17554.25,17588.25,17486.25,17486.25,target,1360.0,1355.0,1.9926470588235294
2022-04-12,ORL,17481.5,long,2022-04-12T11:00:00-04:00,2022-04-12T11:03:00-04:00,2022-04-12T11:07:00-04:00,17495.0,17464.25,17556.5,17464.0,stop,-620.0,-625.0,-1.016260162601626
2022-04-13,ORH,17398.25,short,2022-04-13T10:00:00-04:00,2022-04-13T10:01:00-04:00,2022-04-13T10:06:00-04:00,17371.75,17426.5,17262.25,17426.75,stop,-1100.0,-1105.0,-1.0091324200913243
2022-04-18,ORL,17217.25,long,2022-04-18T10:00:00-04:00,2022-04-18T10:02:00-04:00,2022-04-18T10:17:00-04:00,17238.25,17195.0,17324.75,17324.75,target,1730.0,1725.0,1.9942196531791907
2022-04-18,ORH,17300.75,short,2022-04-18T11:15:00-04:00,2022-04-18T11:16:00-04:00,2022-04-18T11:25:00-04:00,17289.0,17310.25,17246.5,17246.5,target,850.0,845.0,1.988235294117647
2022-04-20,ORL,17492.25,long,2022-04-20T10:50:00-04:00,2022-04-20T10:53:00-04:00,2022-04-20T11:01:00-04:00,17504.75,17472.25,17569.75,17472.0,stop,-655.0,-660.0,-1.0153846153846153
2022-04-21,ORL,17533.0,long,2022-04-21T10:30:00-04:00,2022-04-21T10:31:00-04:00,2022-04-21T10:47:00-04:00,17546.5,17489.75,17660.0,17489.5,stop,-1140.0,-1145.0,-1.0088105726872247
2022-04-22,ORL,16984.75,long,2022-04-22T10:35:00-04:00,2022-04-22T10:37:00-04:00,2022-04-22T11:04:00-04:00,16997.5,16954.5,17083.5,16954.25,stop,-865.0,-870.0,-1.0116279069767442
2022-04-22,ORL,16984.75,long,2022-04-22T11:20:00-04:00,2022-04-22T11:21:00-04:00,2022-04-22T11:26:00-04:00,17024.0,16981.0,17110.0,16980.75,stop,-865.0,-870.0,-1.0116279069767442
2022-04-25,ORL,16630.5,long,2022-04-25T10:05:00-04:00,2022-04-25T10:07:00-04:00,2022-04-25T10:25:00-04:00,16651.0,16613.25,16726.5,16726.5,target,1510.0,1505.0,1.9933774834437086
2022-04-25,ORH,16734.75,short,2022-04-25T10:55:00-04:00,2022-04-25T10:56:00-04:00,2022-04-25T12:00:00-04:00,16711.5,16795.0,16544.5,16635.5,noon,1520.0,1515.0,0.907185628742515
2022-04-27,ORH,16573.5,short,2022-04-27T10:05:00-04:00,2022-04-27T10:06:00-04:00,2022-04-27T12:00:00-04:00,16472.5,16592.0,16233.5,16455.0,noon,350.0,345.0,0.14435146443514643
2022-04-28,ORL,16485.5,long,2022-04-28T10:20:00-04:00,2022-04-28T10:23:00-04:00,2022-04-28T10:30:00-04:00,16541.75,16440.0,16745.25,16439.75,stop,-2040.0,-2045.0,-1.0049140049140048
2022-04-28,ORL,16485.5,long,2022-04-28T11:05:00-04:00,2022-04-28T11:07:00-04:00,2022-04-28T12:00:00-04:00,16508.75,16458.5,16609.25,16505.0,noon,-75.0,-80.0,-0.07960199004975124
2022-04-29,ORH,16742.75,short,2022-04-29T10:10:00-04:00,2022-04-29T10:17:00-04:00,2022-04-29T10:37:00-04:00,16697.5,16757.75,16577.0,16577.0,target,2410.0,2405.0,1.995850622406639
2022-05-02,ORH,16304.25,short,2022-05-02T10:00:00-04:00,2022-05-02T10:01:00-04:00,2022-05-02T10:27:00-04:00,16256.25,16342.25,16084.25,16342.5,stop,-1725.0,-1730.0,-1.005813953488372
2022-05-02,ORH,16304.25,short,2022-05-02T10:55:00-04:00,2022-05-02T10:56:00-04:00,2022-05-02T10:56:00-04:00,16285.0,16318.25,16218.5,16318.5,stop,-670.0,-675.0,-1.0150375939849625
2022-05-03,PDH,16450.5,short,2022-05-03T10:10:00-04:00,2022-05-03T10:11:00-04:00,2022-05-03T12:00:00-04:00,16420.0,16516.0,16228.0,16475.25,noon,-1105.0,-1110.0,-0.578125
2022-05-06,ORL,15949.75,long,2022-05-06T10:05:00-04:00,2022-05-06T10:06:00-04:00,2022-05-06T10:18:00-04:00,15981.0,15910.5,16122.0,16122.0,target,2820.0,2815.0,1.99645390070922
2022-05-06,ORH,16161.25,short,2022-05-06T10:25:00-04:00,2022-05-06T10:30:00-04:00,2022-05-06T10:47:00-04:00,16096.5,16168.25,15953.0,16168.5,stop,-1440.0,-1445.0,-1.0069686411149825
2022-05-09,ORL,15790.0,long,2022-05-09T10:15:00-04:00,2022-05-09T10:17:00-04:00,2022-05-09T10:25:00-04:00,15805.0,15740.0,15935.0,15739.75,stop,-1305.0,-1310.0,-1.0076923076923077
2022-05-10,ORL,15761.5,long,2022-05-10T10:00:00-04:00,2022-05-10T10:02:00-04:00,2022-05-10T10:38:00-04:00,15833.5,15759.25,15982.0,15759.0,stop,-1490.0,-1495.0,-1.0067340067340067
2022-05-11,ORH,15714.25,short,2022-05-11T10:10:00-04:00,2022-05-11T10:11:00-04:00,2022-05-11T10:22:00-04:00,15644.5,15761.0,15411.5,15761.25,stop,-2335.0,-2340.0,-1.0042918454935623
2022-05-11,ORH,15714.25,short,2022-05-11T10:50:00-04:00,2022-05-11T10:51:00-04:00,2022-05-11T12:00:00-04:00,15702.5,15783.25,15541.0,15655.5,noon,940.0,935.0,0.5789473684210527
2022-05-12,PDL,15307.0,long,2022-05-12T10:20:00-04:00,2022-05-12T10:21:00-04:00,2022-05-12T11:05:00-04:00,15334.0,15269.25,15463.5,15463.5,target,2590.0,2585.0,1.9961389961389961
2022-05-16,ORL,15605.75,long,2022-05-16T10:00:00-04:00,2022-05-16T10:08:00-04:00,2022-05-16T10:54:00-04:00,15664.25,15602.75,15787.25,15602.5,stop,-1235.0,-1240.0,-1.008130081300813
2022-05-17,ORL,15825.0,long,2022-05-17T10:25:00-04:00,2022-05-17T10:26:00-04:00,2022-05-17T10:27:00-04:00,15833.5,15804.0,15892.5,15803.75,stop,-595.0,-600.0,-1.0169491525423728
2022-05-17,PDH,15771.5,short,2022-05-17T10:40:00-04:00,2022-05-17T10:41:00-04:00,2022-05-17T11:24:00-04:00,15732.25,15781.25,15634.25,15781.5,stop,-985.0,-990.0,-1.010204081632653
2022-05-18,ORL,15676.0,long,2022-05-18T10:05:00-04:00,2022-05-18T10:06:00-04:00,2022-05-18T10:31:00-04:00,15712.75,15662.0,15814.25,15661.75,stop,-1020.0,-1025.0,-1.0098522167487685
2022-05-19,PDL,15256.0,long,2022-05-19T10:00:00-04:00,2022-05-19T10:02:00-04:00,2022-05-19T12:00:00-04:00,15299.5,15222.75,15453.0,15397.5,noon,1960.0,1955.0,1.273615635179153
2022-05-31,ORL,15889.25,long,2022-05-31T10:15:00-04:00,2022-05-31T10:16:00-04:00,2022-05-31T10:47:00-04:00,15901.75,15848.0,16009.25,16009.25,target,2150.0,2145.0,1.9953488372093022
2022-06-01,ORH,16182.5,short,2022-06-01T10:00:00-04:00,2022-06-01T10:01:00-04:00,2022-06-01T10:08:00-04:00,16159.5,16192.5,16093.5,16093.5,target,1320.0,1315.0,1.9924242424242424
2022-06-02,ORH,15917.0,short,2022-06-02T10:25:00-04:00,2022-06-02T10:28:00-04:00,2022-06-02T10:41:00-04:00,15874.0,15947.75,15726.5,15948.0,stop,-1480.0,-1485.0,-1.006779661016949
2022-06-03,ORH,16085.5,short,2022-06-03T10:05:00-04:00,2022-06-03T10:06:00-04:00,2022-06-03T11:01:00-04:00,16042.0,16100.25,15925.5,15925.5,target,2330.0,2325.0,1.9957081545064377
2022-06-06,ORH,16154.0,short,2022-06-06T10:55:00-04:00,2022-06-06T10:57:00-04:00,2022-06-06T11:13:00-04:00,16138.75,16175.75,16064.75,16064.75,target,1480.0,1475.0,1.9932432432432432
2022-06-07,PDL,15901.25,long,2022-06-07T10:05:00-04:00,2022-06-07T10:06:00-04:00,2022-06-07T10:09:00-04:00,15918.5,15877.0,16001.5,15876.75,stop,-835.0,-840.0,-1.0120481927710843
2022-06-07,PDL,15901.25,long,2022-06-07T10:25:00-04:00,2022-06-07T10:29:00-04:00,2022-06-07T10:43:00-04:00,15933.25,15876.5,16046.75,16046.75,target,2270.0,2265.0,1.9955947136563876
2022-06-08,PDH,16108.75,short,2022-06-08T10:15:00-04:00,2022-06-08T10:16:00-04:00,2022-06-08T10:37:00-04:00,16064.5,16131.75,15930.0,16132.0,stop,-1350.0,-1355.0,-1.0074349442379182
2022-06-08,PDH,16108.75,short,2022-06-08T10:55:00-04:00,2022-06-08T10:56:00-04:00,2022-06-08T11:17:00-04:00,16094.25,16118.0,16046.75,16118.25,stop,-480.0,-485.0,-1.0210526315789474
2022-06-09,ORH,15962.5,short,2022-06-09T10:10:00-04:00,2022-06-09T10:11:00-04:00,2022-06-09T10:16:00-04:00,15941.5,15979.25,15866.0,15979.5,stop,-760.0,-765.0,-1.0132450331125828
2022-06-09,ORH,15962.5,short,2022-06-09T10:55:00-04:00,2022-06-09T10:56:00-04:00,2022-06-09T11:44:00-04:00,15932.5,15971.75,15854.0,15972.0,stop,-790.0,-795.0,-1.0127388535031847
2022-06-14,PDL,14619.0,long,2022-06-14T10:35:00-04:00,2022-06-14T10:38:00-04:00,2022-06-14T10:43:00-04:00,14663.25,14616.25,14757.25,14616.0,stop,-945.0,-950.0,-1.0106382978723405
2022-06-14,PDL,14619.0,long,2022-06-14T10:50:00-04:00,2022-06-14T10:51:00-04:00,2022-06-14T12:00:00-04:00,14706.25,14617.5,14883.75,14712.75,noon,130.0,125.0,0.07042253521126761
2022-06-15,ORH,14880.75,short,2022-06-15T10:15:00-04:00,2022-06-15T10:16:00-04:00,2022-06-15T10:54:00-04:00,14872.0,14904.25,14807.5,14807.5,target,1290.0,1285.0,1.9922480620155039
2022-06-17,ORH,14659.75,short,2022-06-17T10:00:00-04:00,2022-06-17T10:01:00-04:00,2022-06-17T10:22:00-04:00,14632.0,14682.75,14530.5,14530.5,target,2030.0,2025.0,1.9950738916256157
2022-06-17,ORL,14518.25,long,2022-06-17T11:05:00-04:00,2022-06-17T11:07:00-04:00,2022-06-17T12:00:00-04:00,14553.5,14471.5,14717.5,14567.25,noon,275.0,270.0,0.16463414634146342
2022-06-23,ORL,14894.75,long,2022-06-23T10:00:00-04:00,2022-06-23T10:01:00-04:00,2022-06-23T12:00:00-04:00,14987.75,14884.25,15194.75,14985.0,noon,-55.0,-60.0,-0.028985507246376812
2022-06-27,ORL,15381.5,long,2022-06-27T10:20:00-04:00,2022-06-27T10:22:00-04:00,2022-06-27T12:00:00-04:00,15403.5,15358.25,15494.0,15452.0,noon,970.0,965.0,1.0662983425414365
2022-06-28,ORL,15381.0,long,2022-06-28T10:15:00-04:00,2022-06-28T10:16:00-04:00,2022-06-28T10:18:00-04:00,15392.0,15364.5,15447.0,15364.25,stop,-555.0,-560.0,-1.018181818181818
2022-06-29,ORH,15024.0,short,2022-06-29T10:00:00-04:00,2022-06-29T10:01:00-04:00,2022-06-29T10:03:00-04:00,15008.75,15043.5,14939.25,15043.75,stop,-700.0,-705.0,-1.014388489208633
2022-06-29,ORH,15024.0,short,2022-06-29T10:15:00-04:00,2022-06-29T10:16:00-04:00,2022-06-29T10:46:00-04:00,15014.0,15068.75,14904.5,15069.0,stop,-1100.0,-1105.0,-1.0091324200913243
2022-06-30,ORL,14769.5,long,2022-06-30T10:35:00-04:00,2022-06-30T10:36:00-04:00,2022-06-30T11:59:00-04:00,14791.5,14713.75,14947.0,14947.0,target,3110.0,3105.0,1.9967845659163987
2022-07-01,ORH,14869.25,short,2022-07-01T10:15:00-04:00,2022-07-01T10:16:00-04:00,2022-07-01T12:00:00-04:00,14805.75,14903.75,14609.75,14786.5,noon,385.0,380.0,0.19387755102040816
2022-07-06,PDH,15148.5,short,2022-07-06T10:35:00-04:00,2022-07-06T10:36:00-04:00,2022-07-06T10:44:00-04:00,15136.25,15179.25,15050.25,15179.5,stop,-865.0,-870.0,-1.0116279069767442
2022-07-06,PDH,15148.5,short,2022-07-06T11:05:00-04:00,2022-07-06T11:11:00-04:00,2022-07-06T12:00:00-04:00,15128.5,15192.25,15001.0,15129.5,noon,-20.0,-25.0,-0.0196078431372549
2022-07-08,ORL,15321.75,long,2022-07-08T10:05:00-04:00,2022-07-08T10:12:00-04:00,2022-07-08T10:37:00-04:00,15371.5,15317.5,15479.5,15479.5,target,2160.0,2155.0,1.9953703703703705
2022-07-11,ORL,15223.5,long,2022-07-11T10:10:00-04:00,2022-07-11T10:12:00-04:00,2022-07-11T12:00:00-04:00,15236.25,15192.5,15323.75,15250.0,noon,275.0,270.0,0.30857142857142855
2022-07-12,PDL,15186.75,long,2022-07-12T10:20:00-04:00,2022-07-12T10:21:00-04:00,2022-07-12T12:00:00-04:00,15194.0,15150.0,15282.0,15229.25,noon,705.0,700.0,0.7954545454545454
2022-07-13,ORH,14994.25,short,2022-07-13T10:20:00-04:00,2022-07-13T10:21:00-04:00,2022-07-13T10:32:00-04:00,14936.0,15010.0,14788.0,15010.25,stop,-1485.0,-1490.0,-1.0067567567567568
2022-07-13,PDL,15045.75,long,2022-07-13T10:40:00-04:00,2022-07-13T10:41:00-04:00,2022-07-13T10:46:00-04:00,15065.75,15028.75,15139.75,15139.75,target,1480.0,1475.0,1.9932432432432432
2022-07-14,PDL,14856.25,long,2022-07-14T10:10:00-04:00,2022-07-14T10:15:00-04:00,2022-07-14T10:20:00-04:00,14872.0,14851.5,14913.0,14851.25,stop,-415.0,-420.0,-1.024390243902439
2022-07-14,PDL,14856.25,long,2022-07-14T10:25:00-04:00,2022-07-14T10:34:00-04:00,2022-07-14T11:21:00-04:00,14897.75,14854.75,14983.75,14983.75,target,1720.0,1715.0,1.994186046511628
2022-07-15,ORL,15249.25,long,2022-07-15T10:20:00-04:00,2022-07-15T10:26:00-04:00,2022-07-15T10:47:00-04:00,15287.75,15248.0,15367.25,15247.75,stop,-800.0,-805.0,-1.0125786163522013
2022-07-18,ORH,15491.75,short,2022-07-18T10:10:00-04:00,2022-07-18T10:12:00-04:00,2022-07-18T11:40:00-04:00,15461.75,15494.5,15396.25,15494.75,stop,-660.0,-665.0,-1.015267175572519
2022-07-20,PDH,15620.75,short,2022-07-20T10:00:00-04:00,2022-07-20T10:03:00-04:00,2022-07-20T10:10:00-04:00,15612.5,15652.0,15533.5,15652.25,stop,-795.0,-800.0,-1.0126582278481013
2022-07-21,ORH,15846.75,short,2022-07-21T10:00:00-04:00,2022-07-21T10:03:00-04:00,2022-07-21T10:03:00-04:00,15823.25,15851.75,15766.25,15852.0,stop,-575.0,-580.0,-1.0175438596491229
2022-07-21,ORL,15743.0,long,2022-07-21T10:15:00-04:00,2022-07-21T10:19:00-04:00,2022-07-21T10:26:00-04:00,15805.25,15739.75,15936.25,15739.5,stop,-1315.0,-1320.0,-1.0076335877862594
2022-07-22,ORL,15899.75,long,2022-07-22T10:15:00-04:00,2022-07-22T10:16:00-04:00,2022-07-22T10:28:00-04:00,15937.25,15890.25,16031.25,15890.0,stop,-945.0,-950.0,-1.0106382978723405
2022-07-22,ORL,15899.75,long,2022-07-22T10:45:00-04:00,2022-07-22T10:54:00-04:00,2022-07-22T11:04:00-04:00,15929.75,15896.25,15996.75,15896.0,stop,-675.0,-680.0,-1.0149253731343284
2022-07-25,ORL,15690.5,long,2022-07-25T10:10:00-04:00,2022-07-25T10:11:00-04:00,2022-07-25T10:16:00-04:00,15721.0,15678.75,15805.5,15678.5,stop,-850.0,-855.0,-1.0118343195266273
2022-07-25,PDL,15677.5,long,2022-07-25T10:45:00-04:00,2022-07-25T10:46:00-04:00,2022-07-25T11:14:00-04:00,15703.5,15654.25,15802.0,15654.0,stop,-990.0,-995.0,-1.0101522842639594
2022-07-28,ORL,15848.0,long,2022-07-28T10:50:00-04:00,2022-07-28T10:51:00-04:00,2022-07-28T11:25:00-04:00,15877.25,15824.5,15982.75,15982.75,target,2110.0,2105.0,1.995260663507109
2022-07-29,ORH,16198.25,short,2022-07-29T11:00:00-04:00,2022-07-29T11:01:00-04:00,2022-07-29T12:00:00-04:00,16194.0,16243.0,16096.0,16194.0,noon,-0.0,-5.0,-0.00510204081632653
2022-08-01,PDH,16345.75,short,2022-08-01T10:00:00-04:00,2022-08-01T10:01:00-04:00,2022-08-01T10:01:00-04:00,16321.5,16358.25,16248.0,16358.5,stop,-740.0,-745.0,-1.0136054421768708
2022-08-01,PDH,16345.75,short,2022-08-01T10:20:00-04:00,2022-08-01T10:21:00-04:00,2022-08-01T10:47:00-04:00,16338.75,16395.25,16225.75,16395.5,stop,-1135.0,-1140.0,-1.008849557522124
2022-08-02,PDL,16185.5,long,2022-08-02T10:15:00-04:00,2022-08-02T10:16:00-04:00,2022-08-02T12:00:00-04:00,16216.0,16153.25,16341.5,16314.5,noon,1970.0,1965.0,1.5657370517928286
2022-08-04,ORH,16662.25,short,2022-08-04T10:05:00-04:00,2022-08-04T10:10:00-04:00,2022-08-04T10:36:00-04:00,16622.25,16667.75,16531.25,16531.25,target,1820.0,1815.0,1.9945054945054945
2022-08-04,ORL,16579.0,long,2022-08-04T11:00:00-04:00,2022-08-04T11:01:00-04:00,2022-08-04T11:12:00-04:00,16598.75,16571.25,16653.75,16571.0,stop,-555.0,-560.0,-1.018181818181818
2022-08-05,PDL,16518.5,long,2022-08-05T10:05:00-04:00,2022-08-05T10:06:00-04:00,2022-08-05T11:13:00-04:00,16566.0,16500.5,16697.0,16500.25,stop,-1315.0,-1320.0,-1.0076335877862594
2022-08-08,ORH,16709.75,short,2022-08-08T10:20:00-04:00,2022-08-08T10:21:00-04:00,2022-08-08T10:24:00-04:00,16696.5,16716.0,16657.5,16716.25,stop,-395.0,-400.0,-1.0256410256410255
2022-08-08,ORH,16709.75,short,2022-08-08T10:50:00-04:00,2022-08-08T10:58:00-04:00,2022-08-08T12:00:00-04:00,16649.75,16716.75,16515.75,16585.75,noon,1280.0,1275.0,0.9514925373134329
2022-08-09,ORL,16370.75,long,2022-08-09T10:35:00-04:00,2022-08-09T10:36:00-04:00,2022-08-09T10:47:00-04:00,16380.25,16343.75,16453.25,16343.5,stop,-735.0,-740.0,-1.0136986301369864
2022-08-09,ORL,16370.75,long,2022-08-09T11:20:00-04:00,2022-08-09T11:21:00-04:00,2022-08-09T11:51:00-04:00,16395.75,16361.75,16463.75,16361.5,stop,-685.0,-690.0,-1.0147058823529411
2022-08-10,ORL,16602.25,long,2022-08-10T10:25:00-04:00,2022-08-10T10:27:00-04:00,2022-08-10T11:06:00-04:00,16617.25,16571.0,16709.75,16709.75,target,1850.0,1845.0,1.9945945945945946
2022-08-10,ORH,16688.75,short,2022-08-10T11:15:00-04:00,2022-08-10T11:17:00-04:00,2022-08-10T11:33:00-04:00,16670.0,16700.5,16609.0,16700.75,stop,-615.0,-620.0,-1.0163934426229508
2022-08-11,ORH,16846.75,short,2022-08-11T10:45:00-04:00,2022-08-11T10:47:00-04:00,2022-08-11T11:10:00-04:00,16824.0,16863.25,16745.5,16745.5,target,1570.0,1565.0,1.9936305732484076
2022-08-12,ORH,16765.75,short,2022-08-12T10:35:00-04:00,2022-08-12T10:40:00-04:00,2022-08-12T11:03:00-04:00,16749.5,16780.25,16688.0,16780.5,stop,-620.0,-625.0,-1.016260162601626
2022-08-15,ORH,16940.0,short,2022-08-15T10:05:00-04:00,2022-08-15T10:11:00-04:00,2022-08-15T11:39:00-04:00,16919.0,16954.25,16848.5,16954.5,stop,-710.0,-715.0,-1.0141843971631206
2022-08-16,PDL,16868.0,long,2022-08-16T10:40:00-04:00,2022-08-16T10:43:00-04:00,2022-08-16T11:14:00-04:00,16881.25,16856.0,16931.75,16931.75,target,1010.0,1005.0,1.99009900990099
2022-08-16,ORL,16941.75,long,2022-08-16T11:20:00-04:00,2022-08-16T11:21:00-04:00,2022-08-16T11:57:00-04:00,16957.75,16931.5,17010.25,17010.25,target,1050.0,1045.0,1.9904761904761905
2022-08-17,PDL,16856.5,long,2022-08-17T10:00:00-04:00,2022-08-17T10:07:00-04:00,2022-08-17T10:10:00-04:00,16879.0,16851.25,16934.5,16851.0,stop,-560.0,-565.0,-1.018018018018018
2022-08-17,ORL,16818.25,long,2022-08-17T10:20:00-04:00,2022-08-17T10:21:00-04:00,2022-08-17T10:36:00-04:00,16828.25,16798.75,16887.25,16798.5,stop,-595.0,-600.0,-1.0169491525423728
2022-08-18,ORL,16768.75,long,2022-08-18T10:05:00-04:00,2022-08-18T10:06:00-04:00,2022-08-18T10:49:00-04:00,16788.25,16755.75,16853.25,16853.25,target,1300.0,1295.0,1.9923076923076923
2022-08-22,ORL,16355.0,long,2022-08-22T10:05:00-04:00,2022-08-22T10:06:00-04:00,2022-08-22T10:10:00-04:00,16364.5,16340.0,16413.5,16339.75,stop,-495.0,-500.0,-1.0204081632653061
2022-08-23,ORH,16287.25,short,2022-08-23T10:00:00-04:00,2022-08-23T10:01:00-04:00,2022-08-23T10:08:00-04:00,16273.25,16307.75,16204.25,16308.0,stop,-695.0,-700.0,-1.0144927536231885
2022-08-23,ORH,16287.25,short,2022-08-23T10:30:00-04:00,2022-08-23T10:31:00-04:00,2022-08-23T10:35:00-04:00,16284.5,16318.0,16217.5,16318.25,stop,-675.0,-680.0,-1.0149253731343284
2022-08-24,ORH,16240.5,short,2022-08-24T10:00:00-04:00,2022-08-24T10:06:00-04:00,2022-08-24T10:10:00-04:00,16210.5,16242.5,16146.5,16242.75,stop,-645.0,-650.0,-1.015625
2022-08-25,PDH,16345.0,short,2022-08-25T11:25:00-04:00,2022-08-25T11:26:00-04:00,2022-08-25T11:32:00-04:00,16335.25,16368.25,16269.25,16368.5,stop,-665.0,-670.0,-1.0151515151515151
2022-08-26,ORL,16449.75,long,2022-08-26T10:10:00-04:00,2022-08-26T10:11:00-04:00,2022-08-26T10:28:00-04:00,16512.5,16325.25,16887.0,16325.0,stop,-3750.0,-3755.0,-1.0026702269692924
2022-08-31,ORH,15825.5,short,2022-08-31T10:00:00-04:00,2022-08-31T10:01:00-04:00,2022-08-31T11:02:00-04:00,15784.0,15841.0,15670.0,15670.0,target,2280.0,2275.0,1.9956140350877194
2022-09-01,ORL,15474.25,long,2022-09-01T10:25:00-04:00,2022-09-01T10:26:00-04:00,2022-09-01T10:39:00-04:00,15491.0,15438.25,15596.5,15438.0,stop,-1060.0,-1065.0,-1.009478672985782
2022-09-02,ORL,15625.5,long,2022-09-02T10:10:00-04:00,2022-09-02T10:11:00-04:00,2022-09-02T10:31:00-04:00,15656.25,15611.0,15746.75,15746.75,target,1810.0,1805.0,1.9944751381215469
2022-09-02,ORH,15748.75,short,2022-09-02T10:55:00-04:00,2022-09-02T10:56:00-04:00,2022-09-02T12:00:00-04:00,15726.0,15778.0,15622.0,15751.25,noon,-505.0,-510.0,-0.49038461538461536
2022-09-06,ORL,15410.25,long,2022-09-06T10:55:00-04:00,2022-09-06T10:58:00-04:00,2022-09-06T12:00:00-04:00,15442.0,15371.5,15583.0,15454.25,noon,245.0,240.0,0.1702127659574468
2022-09-07,ORL,15369.75,long,2022-09-07T10:20:00-04:00,2022-09-07T10:22:00-04:00,2022-09-07T11:14:00-04:00,15403.25,15362.75,15484.25,15484.25,target,1620.0,1615.0,1.9938271604938271
2022-09-08,ORH,15553.25,short,2022-09-08T10:15:00-04:00,2022-09-08T10:17:00-04:00,2022-09-08T10:18:00-04:00,15527.0,15572.5,15436.0,15572.75,stop,-915.0,-920.0,-1.010989010989011
2022-09-14,ORH,15442.0,short,2022-09-14T10:05:00-04:00,2022-09-14T10:06:00-04:00,2022-09-14T10:08:00-04:00,15410.5,15454.5,15322.5,15454.75,stop,-885.0,-890.0,-1.0113636363636365
2022-09-14,ORH,15442.0,short,2022-09-14T10:15:00-04:00,2022-09-14T10:20:00-04:00,2022-09-14T10:44:00-04:00,15414.75,15457.75,15328.75,15458.0,stop,-865.0,-870.0,-1.0116279069767442
2022-09-15,ORH,15435.75,short,2022-09-15T10:25:00-04:00,2022-09-15T10:27:00-04:00,2022-09-15T10:57:00-04:00,15405.5,15465.25,15286.0,15286.0,target,2390.0,2385.0,1.99581589958159
2022-09-16,ORL,15059.75,long,2022-09-16T10:05:00-04:00,2022-09-16T10:06:00-04:00,2022-09-16T10:36:00-04:00,15084.75,15044.75,15164.75,15164.75,target,1600.0,1595.0,1.99375
2022-09-16,ORH,15128.5,short,2022-09-16T10:45:00-04:00,2022-09-16T10:46:00-04:00,2022-09-16T12:00:00-04:00,15117.75,15164.75,15023.75,15117.75,noon,-0.0,-5.0,-0.005319148936170213
2022-09-19,ORH,15162.25,short,2022-09-19T10:05:00-04:00,2022-09-19T10:09:00-04:00,2022-09-19T10:13:00-04:00,15135.0,15174.25,15056.5,15174.5,stop,-790.0,-795.0,-1.0127388535031847
2022-09-19,ORH,15162.25,short,2022-09-19T10:20:00-04:00,2022-09-19T10:21:00-04:00,2022-09-19T10:36:00-04:00,15146.5,15184.25,15071.0,15184.5,stop,-760.0,-765.0,-1.0132450331125828
2022-09-20,ORH,15204.25,short,2022-09-20T10:10:00-04:00,2022-09-20T10:12:00-04:00,2022-09-20T10:51:00-04:00,15173.5,15205.75,15109.0,15206.0,stop,-650.0,-655.0,-1.0155038759689923
2022-09-21,ORH,15234.25,short,2022-09-21T10:15:00-04:00,2022-09-21T10:16:00-04:00,2022-09-21T10:29:00-04:00,15220.0,15244.0,15172.0,15244.25,stop,-485.0,-490.0,-1.0208333333333333
2022-09-21,ORH,15234.25,short,2022-09-21T10:35:00-04:00,2022-09-21T10:36:00-04:00,2022-09-21T12:00:00-04:00,15222.25,15257.5,15151.75,15225.5,noon,-65.0,-70.0,-0.09929078014184398
2022-09-22,ORL,14841.25,long,2022-09-22T10:10:00-04:00,2022-09-22T10:14:00-04:00,2022-09-22T10:24:00-04:00,14873.75,14831.75,14957.75,14831.5,stop,-845.0,-850.0,-1.0119047619047619
2022-09-22,ORL,14841.25,long,2022-09-22T10:30:00-04:00,2022-09-22T10:31:00-04:00,2022-09-22T10:32:00-04:00,14860.5,14832.0,14917.5,14831.75,stop,-575.0,-580.0,-1.0175438596491229
2022-09-23,ORL,14639.5,long,2022-09-23T10:30:00-04:00,2022-09-23T10:33:00-04:00,2022-09-23T11:45:00-04:00,14664.75,14614.75,14764.75,14614.5,stop,-1005.0,-1010.0,-1.01
2022-09-26,PDH,14728.25,short,2022-09-26T10:50:00-04:00,2022-09-26T10:57:00-04:00,2022-09-26T12:00:00-04:00,14694.5,14750.75,14582.0,14671.75,noon,455.0,450.0,0.4
2022-09-27,ORL,14718.25,long,2022-09-27T10:45:00-04:00,2022-09-27T10:46:00-04:00,2022-09-27T11:16:00-04:00,14754.0,14697.5,14867.0,14697.25,stop,-1135.0,-1140.0,-1.008849557522124
2022-09-28,ORH,14600.75,short,2022-09-28T10:05:00-04:00,2022-09-28T10:06:00-04:00,2022-09-28T10:25:00-04:00,14553.75,14630.75,14399.75,14631.0,stop,-1545.0,-1550.0,-1.0064935064935066
2022-09-30,ORH,14502.5,short,2022-09-30T10:00:00-04:00,2022-09-30T10:01:00-04:00,2022-09-30T10:27:00-04:00,14484.75,14523.75,14406.75,14524.0,stop,-785.0,-790.0,-1.0128205128205128
2022-10-06,ORL,14846.5,long,2022-10-06T10:50:00-04:00,2022-10-06T10:53:00-04:00,2022-10-06T12:00:00-04:00,14871.0,14816.75,14979.5,14840.5,noon,-610.0,-615.0,-0.5668202764976958
2022-10-11,ORL,14116.25,long,2022-10-11T10:40:00-04:00,2022-10-11T10:41:00-04:00,2022-10-11T11:35:00-04:00,14129.75,14099.0,14191.25,14191.25,target,1230.0,1225.0,1.991869918699187
2022-10-13,PDL,14062.75,long,2022-10-13T11:20:00-04:00,2022-10-13T11:21:00-04:00,2022-10-13T12:00:00-04:00,14171.0,14037.25,14438.5,14262.0,noon,1820.0,1815.0,0.6785046728971963
2022-10-17,ORH,14372.0,short,2022-10-17T10:20:00-04:00,2022-10-17T10:23:00-04:00,2022-10-17T10:55:00-04:00,14358.75,14391.0,14294.25,14294.25,target,1290.0,1285.0,1.9922480620155039
2022-10-18,PDH,14403.5,short,2022-10-18T11:25:00-04:00,2022-10-18T11:26:00-04:00,2022-10-18T12:00:00-04:00,14376.0,14421.0,14286.0,14414.5,noon,-770.0,-775.0,-0.8611111111111112
2022-10-19,ORH,14470.5,short,2022-10-19T10:55:00-04:00,2022-10-19T10:56:00-04:00,2022-10-19T11:12:00-04:00,14448.5,14483.0,14379.5,14483.25,stop,-695.0,-700.0,-1.0144927536231885
2022-10-19,ORH,14470.5,short,2022-10-19T11:25:00-04:00,2022-10-19T11:26:00-04:00,2022-10-19T12:00:00-04:00,14455.25,14488.75,14388.25,14460.0,noon,-95.0,-100.0,-0.14925373134328357
2022-10-21,ORH,14346.0,short,2022-10-21T11:15:00-04:00,2022-10-21T11:19:00-04:00,2022-10-21T11:22:00-04:00,14331.75,14366.0,14263.25,14366.25,stop,-690.0,-695.0,-1.0145985401459854
2022-10-24,PDH,14631.5,short,2022-10-24T10:00:00-04:00,2022-10-24T10:01:00-04:00,2022-10-24T10:10:00-04:00,14602.25,14652.5,14501.75,14501.75,target,2010.0,2005.0,1.9950248756218905
2022-10-24,ORL,14557.75,long,2022-10-24T10:55:00-04:00,2022-10-24T11:00:00-04:00,2022-10-24T12:00:00-04:00,14598.75,14533.5,14729.25,14674.75,noon,1520.0,1515.0,1.160919540229885
2022-10-26,PDL,14772.25,long,2022-10-26T10:15:00-04:00,2022-10-26T10:19:00-04:00,2022-10-26T11:07:00-04:00,14819.5,14771.25,14916.0,14916.0,target,1930.0,1925.0,1.994818652849741
2022-10-27,ORL,14624.75,long,2022-10-27T10:15:00-04:00,2022-10-27T10:16:00-04:00,2022-10-27T11:00:00-04:00,14672.75,14587.5,14843.25,14587.25,stop,-1710.0,-1715.0,-1.0058651026392962
2022-10-28,PDH,14721.25,short,2022-10-28T11:00:00-04:00,2022-10-28T11:03:00-04:00,2022-10-28T11:09:00-04:00,14708.0,14724.25,14675.5,14724.5,stop,-330.0,-335.0,-1.0307692307692307
2022-10-31,ORL,14709.75,long,2022-10-31T11:25:00-04:00,2022-10-31T11:26:00-04:00,2022-10-31T12:00:00-04:00,14721.0,14680.25,14802.5,14716.5,noon,-90.0,-95.0,-0.1165644171779141
2022-11-01,PDH,14779.75,short,2022-11-01T10:00:00-04:00,2022-11-01T10:01:00-04:00,2022-11-01T10:05:00-04:00,14761.0,14786.25,14710.5,14710.5,target,1010.0,1005.0,1.99009900990099
2022-11-01,PDL,14624.5,long,2022-11-01T10:55:00-04:00,2022-11-01T10:56:00-04:00,2022-11-01T10:59:00-04:00,14645.0,14620.25,14694.5,14620.0,stop,-500.0,-505.0,-1.02020202020202
2022-11-02,ORL,14528.5,long,2022-11-02T10:20:00-04:00,2022-11-02T10:21:00-04:00,2022-11-02T10:26:00-04:00,14540.0,14519.75,14580.5,14519.5,stop,-410.0,-415.0,-1.0246913580246915
2022-11-02,ORL,14528.5,long,2022-11-02T10:40:00-04:00,2022-11-02T10:41:00-04:00,2022-11-02T11:12:00-04:00,14533.0,14510.75,14577.5,14510.5,stop,-450.0,-455.0,-1.0224719101123596
2022-11-03,ORL,14041.25,long,2022-11-03T10:15:00-04:00,2022-11-03T10:16:00-04:00,2022-11-03T12:00:00-04:00,14061.5,13998.25,14188.0,14024.25,noon,-745.0,-750.0,-0.5928853754940712
2022-11-04,ORH,14221.0,short,2022-11-04T10:45:00-04:00,2022-11-04T10:47:00-04:00,2022-11-04T11:28:00-04:00,14186.0,14232.0,14094.0,14094.0,target,1840.0,1835.0,1.9945652173913044
2022-11-07,ORL,14122.0,long,2022-11-07T10:00:00-05:00,2022-11-07T10:02:00-05:00,2022-11-07T12:00:00-05:00,14160.0,14115.5,14249.0,14124.25,noon,-715.0,-720.0,-0.8089887640449438
2022-11-08,ORH,14340.25,short,2022-11-08T10:00:00-05:00,2022-11-08T10:01:00-05:00,2022-11-08T10:17:00-05:00,14320.5,14343.75,14274.0,14344.0,stop,-470.0,-475.0,-1.021505376344086
2022-11-09,ORL,14226.25,long,2022-11-09T10:00:00-05:00,2022-11-09T10:01:00-05:00,2022-11-09T10:35:00-05:00,14254.5,14218.25,14327.0,14218.0,stop,-730.0,-735.0,-1.013793103448276
2022-11-09,PDL,14186.0,long,2022-11-09T11:00:00-05:00,2022-11-09T11:02:00-05:00,2022-11-09T12:00:00-05:00,14228.0,14182.25,14319.5,14238.5,noon,210.0,205.0,0.22404371584699453
2022-11-10,ORH,14652.0,short,2022-11-10T10:40:00-05:00,2022-11-10T10:41:00-05:00,2022-11-10T10:43:00-05:00,14620.75,14664.5,14533.25,14664.75,stop,-880.0,-885.0,-1.0114285714285713
2022-11-14,ORH,15042.75,short,2022-11-14T10:25:00-05:00,2022-11-14T10:26:00-05:00,2022-11-14T10:42:00-05:00,15039.75,15069.5,14980.25,15069.75,stop,-600.0,-605.0,-1.0168067226890756
2022-11-14,ORH,15042.75,short,2022-11-14T10:50:00-05:00,2022-11-14T10:51:00-05:00,2022-11-14T10:55:00-05:00,15034.25,15052.25,14998.25,15052.5,stop,-365.0,-370.0,-1.0277777777777777
2022-11-15,ORL,15260.5,long,2022-11-15T10:00:00-05:00,2022-11-15T10:01:00-05:00,2022-11-15T10:51:00-05:00,15289.0,15224.5,15418.0,15224.25,stop,-1295.0,-1300.0,-1.0077519379844961
2022-11-17,ORH,14871.25,short,2022-11-17T10:10:00-05:00,2022-11-17T10:13:00-05:00,2022-11-17T10:16:00-05:00,14851.0,14875.5,14802.0,14875.75,stop,-495.0,-500.0,-1.0204081632653061
2022-11-17,ORH,14871.25,short,2022-11-17T11:00:00-05:00,2022-11-17T11:01:00-05:00,2022-11-17T11:07:00-05:00,14861.5,14887.25,14810.0,14887.5,stop,-520.0,-525.0,-1.0194174757281553
2022-11-21,ORL,14885.5,long,2022-11-21T10:10:00-05:00,2022-11-21T10:13:00-05:00,2022-11-21T10:22:00-05:00,14895.25,14869.75,14946.25,14869.5,stop,-515.0,-520.0,-1.0196078431372548
2022-11-21,PDL,14864.25,long,2022-11-21T11:15:00-05:00,2022-11-21T11:17:00-05:00,2022-11-21T11:32:00-05:00,14876.25,14855.5,14917.75,14855.25,stop,-420.0,-425.0,-1.0240963855421688
2022-11-22,PDL,14810.25,long,2022-11-22T10:05:00-05:00,2022-11-22T10:06:00-05:00,2022-11-22T12:00:00-05:00,14840.75,14796.75,14928.75,14900.25,noon,1190.0,1185.0,1.3465909090909092
2022-11-28,ORL,14951.25,long,2022-11-28T10:30:00-05:00,2022-11-28T10:37:00-05:00,2022-11-28T10:54:00-05:00,14965.5,14938.5,15019.5,14938.25,stop,-545.0,-550.0,-1.0185185185185186
2022-11-28,ORL,14951.25,long,2022-11-28T11:15:00-05:00,2022-11-28T11:16:00-05:00,2022-11-28T12:00:00-05:00,14959.25,14936.5,15004.75,14967.5,noon,165.0,160.0,0.3516483516483517
2022-11-29,PDL,14832.5,long,2022-11-29T10:00:00-05:00,2022-11-29T10:01:00-05:00,2022-11-29T10:15:00-05:00,14842.0,14822.0,14882.0,14821.75,stop,-405.0,-410.0,-1.025
2022-11-29,PDL,14832.5,long,2022-11-29T10:20:00-05:00,2022-11-29T10:22:00-05:00,2022-11-29T11:04:00-05:00,14863.25,14823.75,14942.25,14823.5,stop,-795.0,-800.0,-1.0126582278481013
2022-11-30,ORL,14776.0,long,2022-11-30T11:10:00-05:00,2022-11-30T11:12:00-05:00,2022-11-30T12:00:00-05:00,14807.0,14770.75,14879.5,14816.25,noon,185.0,180.0,0.2482758620689655
2022-12-01,ORH,15360.75,short,2022-12-01T10:05:00-05:00,2022-12-01T10:08:00-05:00,2022-12-01T12:00:00-05:00,15331.75,15402.75,15189.75,15288.5,noon,865.0,860.0,0.6056338028169014
2022-12-02,ORH,15172.75,short,2022-12-02T10:30:00-05:00,2022-12-02T10:31:00-05:00,2022-12-02T10:35:00-05:00,15149.25,15192.25,15063.25,15192.5,stop,-865.0,-870.0,-1.0116279069767442
2022-12-02,ORH,15172.75,short,2022-12-02T11:00:00-05:00,2022-12-02T11:01:00-05:00,2022-12-02T11:27:00-05:00,15156.75,15189.75,15090.75,15190.0,stop,-665.0,-670.0,-1.0151515151515151
2022-12-05,ORL,15169.0,long,2022-12-05T10:45:00-05:00,2022-12-05T10:46:00-05:00,2022-12-05T10:54:00-05:00,15185.5,15164.0,15228.5,15163.75,stop,-435.0,-440.0,-1.0232558139534884
2022-12-05,ORL,15169.0,long,2022-12-05T11:00:00-05:00,2022-12-05T11:01:00-05:00,2022-12-05T11:20:00-05:00,15181.25,15161.5,15220.75,15161.25,stop,-400.0,-405.0,-1.0253164556962024
2022-12-07,PDL,14759.25,long,2022-12-07T10:05:00-05:00,2022-12-07T10:06:00-05:00,2022-12-07T12:00:00-05:00,14769.75,14697.25,14914.75,14762.5,noon,-145.0,-150.0,-0.10344827586206896
2022-12-09,ORH,14900.25,short,2022-12-09T10:15:00-05:00,2022-12-09T10:21:00-05:00,2022-12-09T10:31:00-05:00,14867.25,14912.0,14777.75,14912.25,stop,-900.0,-905.0,-1.011173184357542
2022-12-09,ORH,14900.25,short,2022-12-09T10:50:00-05:00,2022-12-09T10:51:00-05:00,2022-12-09T10:54:00-05:00,14888.5,14910.75,14844.0,14911.0,stop,-450.0,-455.0,-1.0224719101123596
2022-12-12,ORH,14860.25,short,2022-12-12T10:00:00-05:00,2022-12-12T10:03:00-05:00,2022-12-12T12:00:00-05:00,14840.25,14868.25,14784.25,14851.0,noon,-215.0,-220.0,-0.39285714285714285
2022-12-13,ORH,15442.25,short,2022-12-13T10:00:00-05:00,2022-12-13T10:01:00-05:00,2022-12-13T10:08:00-05:00,15399.0,15443.25,15310.5,15310.5,target,1770.0,1765.0,1.9943502824858756
2022-12-16,ORH,14603.75,short,2022-12-16T10:00:00-05:00,2022-12-16T10:01:00-05:00,2022-12-16T10:08:00-05:00,14599.75,14630.75,14537.75,14537.75,target,1240.0,1235.0,1.9919354838709677
2022-12-20,PDL,14277.75,long,2022-12-20T10:00:00-05:00,2022-12-20T10:01:00-05:00,2022-12-20T11:29:00-05:00,14324.25,14249.5,14473.75,14249.25,stop,-1500.0,-1505.0,-1.0066889632107023
2022-12-23,ORL,14071.5,long,2022-12-23T10:00:00-05:00,2022-12-23T10:01:00-05:00,2022-12-23T10:02:00-05:00,14091.5,14067.75,14139.0,14139.0,target,950.0,945.0,1.9894736842105263
2022-12-23,ORL,14071.5,long,2022-12-23T10:10:00-05:00,2022-12-23T10:11:00-05:00,2022-12-23T10:41:00-05:00,14124.25,14061.75,14249.25,14249.25,target,2500.0,2495.0,1.996
2022-12-27,PDL,14062.25,long,2022-12-27T10:05:00-05:00,2022-12-27T10:06:00-05:00,2022-12-27T10:22:00-05:00,14076.75,14041.5,14147.25,14147.25,target,1410.0,1405.0,1.9929078014184398
2022-12-29,ORH,14114.5,short,2022-12-29T10:00:00-05:00,2022-12-29T10:04:00-05:00,2022-12-29T10:08:00-05:00,14094.5,14118.0,14047.5,14118.25,stop,-475.0,-480.0,-1.0212765957446808
2022-12-30,ORL,14031.25,long,2022-12-30T10:00:00-05:00,2022-12-30T10:01:00-05:00,2022-12-30T12:00:00-05:00,14062.75,14028.75,14130.75,14092.0,noon,585.0,580.0,0.8529411764705882
2023-01-03,PDH,14172.0,short,2023-01-03T10:00:00-05:00,2023-01-03T10:01:00-05:00,2023-01-03T11:32:00-05:00,14136.75,14189.75,14030.75,14030.75,target,2120.0,2115.0,1.9952830188679245
2023-01-04,ORL,14107.75,long,2023-01-04T11:00:00-05:00,2023-01-04T11:01:00-05:00,2023-01-04T11:02:00-05:00,14112.25,14093.0,14150.75,14092.75,stop,-390.0,-395.0,-1.025974025974026
2023-01-04,ORL,14107.75,long,2023-01-04T11:15:00-05:00,2023-01-04T11:16:00-05:00,2023-01-04T11:32:00-05:00,14126.25,14100.75,14177.25,14177.25,target,1020.0,1015.0,1.9901960784313726
2023-01-05,PDL,14009.5,long,2023-01-05T10:00:00-05:00,2023-01-05T10:03:00-05:00,2023-01-05T10:25:00-05:00,14032.5,13994.25,14109.0,13994.0,stop,-770.0,-775.0,-1.0130718954248366
2023-01-06,PDH,14073.25,short,2023-01-06T10:25:00-05:00,2023-01-06T10:27:00-05:00,2023-01-06T10:37:00-05:00,14038.5,14084.5,13946.5,14084.75,stop,-925.0,-930.0,-1.0108695652173914
2023-01-06,ORH,14091.0,short,2023-01-06T10:45:00-05:00,2023-01-06T10:48:00-05:00,2023-01-06T10:50:00-05:00,14083.5,14117.75,14015.0,14118.0,stop,-690.0,-695.0,-1.0145985401459854
2023-01-10,ORH,14392.0,short,2023-01-10T10:25:00-05:00,2023-01-10T10:30:00-05:00,2023-01-10T10:34:00-05:00,14367.5,14400.5,14301.5,14301.5,target,1320.0,1315.0,1.9924242424242424
2023-01-10,ORL,14284.0,long,2023-01-10T10:50:00-05:00,2023-01-10T10:51:00-05:00,2023-01-10T12:00:00-05:00,14305.0,14266.25,14382.5,14336.75,noon,635.0,630.0,0.8129032258064516
2023-01-11,ORH,14504.0,short,2023-01-11T10:35:00-05:00,2023-01-11T10:36:00-05:00,2023-01-11T12:00:00-05:00,14491.75,14535.25,14404.75,14523.0,noon,-625.0,-630.0,-0.7241379310344828
2023-01-12,ORL,14502.25,long,2023-01-12T10:00:00-05:00,2023-01-12T10:01:00-05:00,2023-01-12T10:13:00-05:00,14510.75,14456.75,14618.75,14618.75,target,2160.0,2155.0,1.9953703703703705
2023-01-12,PDH,14625.5,short,2023-01-12T10:30:00-05:00,2023-01-12T10:31:00-05:00,2023-01-12T12:00:00-05:00,14598.25,14649.5,14495.75,14635.75,noon,-750.0,-755.0,-0.7365853658536585
2023-01-13,ORH,14612.5,short,2023-01-13T10:00:00-05:00,2023-01-13T10:01:00-05:00,2023-01-13T10:01:00-05:00,14590.0,14623.75,14522.5,14624.0,stop,-680.0,-685.0,-1.0148148148148148
2023-01-18,ORH,14872.75,short,2023-01-18T10:15:00-05:00,2023-01-18T10:19:00-05:00,2023-01-18T10:39:00-05:00,14864.0,14893.0,14806.0,14806.0,target,1160.0,1155.0,1.9913793103448276
2023-01-20,PDH,14600.25,short,2023-01-20T10:00:00-05:00,2023-01-20T10:01:00-05:00,2023-01-20T10:06:00-05:00,14592.0,14610.75,14554.5,14611.0,stop,-380.0,-385.0,-1.0266666666666666
2023-01-24,ORH,15048.25,short,2023-01-24T10:00:00-05:00,2023-01-24T10:01:00-05:00,2023-01-24T12:00:00-05:00,15021.5,15098.0,14868.5,15064.0,noon,-850.0,-855.0,-0.5588235294117647
2023-01-25,ORL,14804.25,long,2023-01-25T11:00:00-05:00,2023-01-25T11:02:00-05:00,2023-01-25T11:20:00-05:00,14818.5,14787.0,14881.5,14881.5,target,1260.0,1255.0,1.992063492063492
2023-01-25,ORH,14870.0,short,2023-01-25T11:25:00-05:00,2023-01-25T11:26:00-05:00,2023-01-25T11:39:00-05:00,14861.25,14890.5,14802.75,14890.75,stop,-590.0,-595.0,-1.017094017094017
2023-01-26,ORL,15148.25,long,2023-01-26T10:20:00-05:00,2023-01-26T10:21:00-05:00,2023-01-26T10:39:00-05:00,15174.25,15136.25,15250.25,15136.0,stop,-765.0,-770.0,-1.013157894736842
2023-01-27,PDH,15257.25,short,2023-01-27T10:55:00-05:00,2023-01-27T10:56:00-05:00,2023-01-27T11:06:00-05:00,15253.0,15274.75,15209.5,15275.0,stop,-440.0,-445.0,-1.0229885057471264
2023-01-30,ORH,15256.75,short,2023-01-30T10:15:00-05:00,2023-01-30T10:16:00-05:00,2023-01-30T10:28:00-05:00,15243.75,15276.0,15179.25,15179.25,target,1290.0,1285.0,1.9922480620155039
2023-01-30,PDL,15187.75,long,2023-01-30T11:20:00-05:00,2023-01-30T11:21:00-05:00,2023-01-30T11:26:00-05:00,15210.0,15183.75,15262.5,15183.5,stop,-530.0,-535.0,-1.019047619047619
2023-01-31,ORH,15184.0,short,2023-01-31T10:00:00-05:00,2023-01-31T10:01:00-05:00,2023-01-31T10:23:00-05:00,15139.75,15190.5,15038.25,15190.75,stop,-1020.0,-1025.0,-1.0098522167487685
2023-02-01,PDH,15302.0,short,2023-02-01T10:00:00-05:00,2023-02-01T10:01:00-05:00,2023-02-01T10:04:00-05:00,15287.5,15304.5,15253.5,15253.5,target,680.0,675.0,1.9852941176470589
2023-02-01,ORL,15247.25,long,2023-02-01T11:15:00-05:00,2023-02-01T11:16:00-05:00,2023-02-01T11:41:00-05:00,15257.5,15243.0,15286.5,15286.5,target,580.0,575.0,1.9827586206896552
2023-02-02,ORL,15816.75,long,2023-02-02T10:10:00-05:00,2023-02-02T10:18:00-05:00,2023-02-02T10:33:00-05:00,15844.0,15798.25,15935.5,15935.5,target,1830.0,1825.0,1.994535519125683
2023-02-06,PDL,15704.5,long,2023-02-06T10:05:00-05:00,2023-02-06T10:09:00-05:00,2023-02-06T10:16:00-05:00,15733.5,15681.25,15838.0,15681.0,stop,-1050.0,-1055.0,-1.0095693779904307
2023-02-06,ORL,15648.5,long,2023-02-06T10:50:00-05:00,2023-02-06T10:51:00-05:00,2023-02-06T11:20:00-05:00,15665.25,15634.75,15726.25,15726.25,target,1220.0,1215.0,1.9918032786885247
2023-02-07,ORL,15634.75,long,2023-02-07T10:05:00-05:00,2023-02-07T10:06:00-05:00,2023-02-07T10:11:00-05:00,15652.75,15629.75,15698.75,15629.5,stop,-465.0,-470.0,-1.0217391304347827
2023-02-07,ORL,15634.75,long,2023-02-07T10:30:00-05:00,2023-02-07T10:33:00-05:00,2023-02-07T11:34:00-05:00,15665.75,15632.75,15731.75,15731.75,target,1320.0,1315.0,1.9924242424242424
2023-02-08,ORL,15829.75,long,2023-02-08T10:15:00-05:00,2023-02-08T10:16:00-05:00,2023-02-08T10:25:00-05:00,15852.25,15823.5,15909.75,15823.25,stop,-580.0,-585.0,-1.017391304347826
2023-02-09,ORL,15784.0,long,2023-02-09T10:50:00-05:00,2023-02-09T10:51:00-05:00,2023-02-09T11:03:00-05:00,15803.5,15765.5,15879.5,15765.25,stop,-765.0,-770.0,-1.013157894736842
2023-02-10,ORL,15457.5,long,2023-02-10T10:10:00-05:00,2023-02-10T10:11:00-05:00,2023-02-10T11:49:00-05:00,15489.0,15444.25,15578.5,15444.0,stop,-900.0,-905.0,-1.011173184357542
2023-02-14,PDH,15713.0,short,2023-02-14T10:35:00-05:00,2023-02-14T10:36:00-05:00,2023-02-14T10:42:00-05:00,15707.5,15754.25,15614.0,15614.0,target,1870.0,1865.0,1.9946524064171123
2023-02-14,ORH,15656.75,short,2023-02-14T11:10:00-05:00,2023-02-14T11:12:00-05:00,2023-02-14T12:00:00-05:00,15647.0,15693.75,15553.5,15613.5,noon,670.0,665.0,0.7112299465240641
2023-02-15,ORL,15698.25,long,2023-02-15T10:00:00-05:00,2023-02-15T10:01:00-05:00,2023-02-15T10:08:00-05:00,15721.25,15689.0,15785.75,15688.75,stop,-650.0,-655.0,-1.0155038759689923
2023-02-15,ORL,15698.25,long,2023-02-15T10:15:00-05:00,2023-02-15T10:17:00-05:00,2023-02-15T11:49:00-05:00,15717.5,15669.75,15813.0,15813.0,target,1910.0,1905.0,1.9947643979057592
2023-02-16,ORH,15714.0,short,2023-02-16T10:00:00-05:00,2023-02-16T10:01:00-05:00,2023-02-16T10:12:00-05:00,15705.25,15738.5,15638.75,15738.75,stop,-670.0,-675.0,-1.0150375939849625
2023-02-17,ORL,15492.25,long,2023-02-17T10:15:00-05:00,2023-02-17T10:19:00-05:00,2023-02-17T10:48:00-05:00,15516.75,15474.25,15601.75,15474.0,stop,-855.0,-860.0,-1.011764705882353
2023-02-22,PDL,15236.25,long,2023-02-22T10:55:00-05:00,2023-02-22T10:56:00-05:00,2023-02-22T12:00:00-05:00,15245.0,15221.5,15292.0,15254.25,noon,185.0,180.0,0.3829787234042553
2023-02-23,PDH,15336.5,short,2023-02-23T10:10:00-05:00,2023-02-23T10:12:00-05:00,2023-02-23T11:10:00-05:00,15316.0,15356.75,15234.5,15234.5,target,1630.0,1625.0,1.9938650306748467
2023-02-27,ORH,15289.25,short,2023-02-27T10:40:00-05:00,2023-02-27T10:41:00-05:00,2023-02-27T12:00:00-05:00,15238.75,15296.0,15124.25,15247.0,noon,-165.0,-170.0,-0.14847161572052403
2023-02-28,ORH,15244.5,short,2023-02-28T10:15:00-05:00,2023-02-28T10:17:00-05:00,2023-02-28T11:08:00-05:00,15223.25,15252.75,15164.25,15253.0,stop,-595.0,-600.0,-1.0169491525423728
2023-03-01,ORH,15206.0,short,2023-03-01T10:00:00-05:00,2023-03-01T10:01:00-05:00,2023-03-01T10:01:00-05:00,15188.25,15213.5,15137.75,15213.75,stop,-510.0,-515.0,-1.0198019801980198
2023-03-01,ORL,15150.0,long,2023-03-01T10:40:00-05:00,2023-03-01T10:41:00-05:00,2023-03-01T11:08:00-05:00,15162.5,15115.5,15256.5,15115.25,stop,-945.0,-950.0,-1.0106382978723405
2023-03-02,PDL,15070.75,long,2023-03-02T10:55:00-05:00,2023-03-02T10:58:00-05:00,2023-03-02T11:25:00-05:00,15078.75,15048.75,15138.75,15048.5,stop,-605.0,-610.0,-1.0166666666666666
2023-03-08,PDL,15288.25,long,2023-03-08T10:05:00-05:00,2023-03-08T10:11:00-05:00,2023-03-08T12:00:00-05:00,15329.75,15253.75,15481.75,15391.0,noon,1225.0,1220.0,0.8026315789473685
2023-03-10,ORL,15040.5,long,2023-03-10T10:00:00-05:00,2023-03-10T10:01:00-05:00,2023-03-10T11:00:00-05:00,15073.5,15029.25,15162.0,15162.0,target,1770.0,1765.0,1.9943502824858756
2023-03-10,ORH,15173.5,short,2023-03-10T11:15:00-05:00,2023-03-10T11:16:00-05:00,2023-03-10T11:27:00-05:00,15129.25,15175.0,15037.75,15175.25,stop,-920.0,-925.0,-1.010928961748634
2023-03-14,ORH,15298.0,short,2023-03-14T10:10:00-04:00,2023-03-14T10:11:00-04:00,2023-03-14T10:23:00-04:00,15277.25,15305.0,15221.75,15305.25,stop,-560.0,-565.0,-1.018018018018018
2023-03-15,ORL,15209.25,long,2023-03-15T10:05:00-04:00,2023-03-15T10:06:00-04:00,2023-03-15T10:18:00-04:00,15260.25,15203.5,15373.75,15203.25,stop,-1140.0,-1145.0,-1.0088105726872247
2023-03-15,PDL,15184.25,long,2023-03-15T10:45:00-04:00,2023-03-15T10:47:00-04:00,2023-03-15T10:50:00-04:00,15211.0,15183.0,15267.0,15182.75,stop,-565.0,-570.0,-1.0178571428571428
2023-03-16,PDH,15423.25,short,2023-03-16T10:05:00-04:00,2023-03-16T10:06:00-04:00,2023-03-16T10:42:00-04:00,15418.25,15451.25,15352.25,15451.5,stop,-665.0,-670.0,-1.0151515151515151
2023-03-17,ORH,15779.75,short,2023-03-17T10:15:00-04:00,2023-03-17T10:16:00-04:00,2023-03-17T10:25:00-04:00,15764.0,15792.0,15708.0,15708.0,target,1120.0,1115.0,1.9910714285714286
2023-03-20,PDL,15585.25,long,2023-03-20T10:05:00-04:00,2023-03-20T10:06:00-04:00,2023-03-20T10:20:00-04:00,15629.5,15576.5,15735.5,15576.25,stop,-1065.0,-1070.0,-1.009433962264151
2023-03-20,PDL,15585.25,long,2023-03-20T10:25:00-04:00,2023-03-20T10:26:00-04:00,2023-03-20T12:00:00-04:00,15626.5,15570.0,15739.5,15632.0,noon,110.0,105.0,0.09292035398230089
2023-03-21,ORH,15831.0,short,2023-03-21T10:00:00-04:00,2023-03-21T10:06:00-04:00,2023-03-21T10:26:00-04:00,15809.5,15834.25,15760.0,15760.0,target,990.0,985.0,1.9898989898989898
2023-03-22,ORH,15896.25,short,2023-03-22T10:10:00-04:00,2023-03-22T10:13:00-04:00,2023-03-22T10:21:00-04:00,15886.25,15904.5,15849.75,15904.75,stop,-370.0,-375.0,-1.0273972602739727
2023-03-24,PDL,15749.25,long,2023-03-24T11:15:00-04:00,2023-03-24T11:17:00-04:00,2023-03-24T11:21:00-04:00,15779.0,15745.0,15847.0,15744.75,stop,-685.0,-690.0,-1.0147058823529411
2023-03-27,ORH,15956.25,short,2023-03-27T10:15:00-04:00,2023-03-27T10:18:00-04:00,2023-03-27T11:06:00-04:00,15930.5,15963.25,15865.0,15865.0,target,1310.0,1305.0,1.9923664122137406
2023-03-28,ORL,15698.5,long,2023-03-28T10:05:00-04:00,2023-03-28T10:07:00-04:00,2023-03-28T10:34:00-04:00,15724.75,15688.25,15797.75,15688.0,stop,-735.0,-740.0,-1.0136986301369864
2023-03-28,ORL,15698.5,long,2023-03-28T11:10:00-04:00,2023-03-28T11:15:00-04:00,2023-03-28T12:00:00-04:00,15710.75,15696.75,15738.75,15727.75,noon,340.0,335.0,1.1964285714285714
2023-03-29,ORH,15935.75,short,2023-03-29T10:10:00-04:00,2023-03-29T10:11:00-04:00,2023-03-29T10:59:00-04:00,15922.0,15947.75,15870.5,15870.5,target,1030.0,1025.0,1.9902912621359223
2023-03-29,ORL,15896.75,long,2023-03-29T11:25:00-04:00,2023-03-29T11:28:00-04:00,2023-03-29T12:00:00-04:00,15914.0,15887.0,15968.0,15932.5,noon,370.0,365.0,0.6759259259259259
2023-03-30,ORH,16095.25,short,2023-03-30T10:05:00-04:00,2023-03-30T10:06:00-04:00,2023-03-30T10:28:00-04:00,16085.0,16112.25,16030.5,16112.5,stop,-550.0,-555.0,-1.018348623853211
2023-03-30,ORH,16095.25,short,2023-03-30T10:50:00-04:00,2023-03-30T10:51:00-04:00,2023-03-30T11:00:00-04:00,16085.5,16106.0,16044.5,16106.25,stop,-415.0,-420.0,-1.024390243902439
2023-03-31,ORH,16157.75,short,2023-03-31T10:00:00-04:00,2023-03-31T10:05:00-04:00,2023-03-31T10:21:00-04:00,16152.75,16166.75,16124.75,16167.0,stop,-285.0,-290.0,-1.0357142857142858
2023-04-03,ORH,16263.5,short,2023-04-03T10:05:00-04:00,2023-04-03T10:07:00-04:00,2023-04-03T10:23:00-04:00,16239.25,16272.75,16172.25,16273.0,stop,-675.0,-680.0,-1.0149253731343284
2023-04-03,ORH,16263.5,short,2023-04-03T10:40:00-04:00,2023-04-03T10:41:00-04:00,2023-04-03T11:07:00-04:00,16250.0,16279.5,16191.0,16191.0,target,1180.0,1175.0,1.9915254237288136
2023-04-04,ORH,16312.0,short,2023-04-04T10:20:00-04:00,2023-04-04T10:21:00-04:00,2023-04-04T12:00:00-04:00,16297.25,16336.75,16218.25,16247.0,noon,1005.0,1000.0,1.2658227848101267
2023-04-06,ORL,15973.25,long,2023-04-06T10:00:00-04:00,2023-04-06T10:01:00-04:00,2023-04-06T11:08:00-04:00,16004.0,15968.5,16075.0,16075.0,target,1420.0,1415.0,1.9929577464788732
2023-04-10,ORL,16008.75,long,2023-04-10T10:15:00-04:00,2023-04-10T10:16:00-04:00,2023-04-10T10:29:00-04:00,16027.0,16004.75,16071.5,16004.5,stop,-450.0,-455.0,-1.0224719101123596
2023-04-12,PDL,16069.25,long,2023-04-12T10:05:00-04:00,2023-04-12T10:06:00-04:00,2023-04-12T10:38:00-04:00,16104.25,16059.75,16193.25,16059.5,stop,-895.0,-900.0,-1.0112359550561798
2023-04-12,PDL,16069.25,long,2023-04-12T10:45:00-04:00,2023-04-12T10:49:00-04:00,2023-04-12T10:56:00-04:00,16088.25,16057.0,16150.75,16056.75,stop,-630.0,-635.0,-1.016
2023-04-14,PDH,16243.75,short,2023-04-14T10:10:00-04:00,2023-04-14T10:19:00-04:00,2023-04-14T12:00:00-04:00,16183.25,16266.0,16017.75,16144.25,noon,780.0,775.0,0.46827794561933533
2023-04-17,ORL,16161.5,long,2023-04-17T10:00:00-04:00,2023-04-17T10:01:00-04:00,2023-04-17T10:07:00-04:00,16180.75,16156.5,16229.25,16156.25,stop,-490.0,-495.0,-1.0206185567010309
2023-04-17,ORL,16161.5,long,2023-04-17T10:15:00-04:00,2023-04-17T10:16:00-04:00,2023-04-17T10:39:00-04:00,16181.25,16155.25,16233.25,16155.0,stop,-525.0,-530.0,-1.0192307692307692
2023-04-18,ORH,16300.0,short,2023-04-18T10:00:00-04:00,2023-04-18T10:01:00-04:00,2023-04-18T12:00:00-04:00,16257.25,16303.0,16165.75,16182.5,noon,1495.0,1490.0,1.6284153005464481
2023-04-19,PDL,16153.75,long,2023-04-19T10:45:00-04:00,2023-04-19T10:46:00-04:00,2023-04-19T10:55:00-04:00,16163.5,16140.75,16209.0,16140.5,stop,-460.0,-465.0,-1.021978021978022
2023-04-19,PDL,16153.75,long,2023-04-19T11:00:00-04:00,2023-04-19T11:01:00-04:00,2023-04-19T11:58:00-04:00,16159.75,16142.75,16193.75,16193.75,target,680.0,675.0,1.9852941176470589
2023-04-21,PDL,16037.5,long,2023-04-21T10:15:00-04:00,2023-04-21T10:16:00-04:00,2023-04-21T10:28:00-04:00,16048.25,16024.5,16095.75,16095.75,target,950.0,945.0,1.9894736842105263
2023-04-21,PDL,16037.5,long,2023-04-21T10:55:00-04:00,2023-04-21T10:57:00-04:00,2023-04-21T11:42:00-04:00,16053.25,16028.75,16102.25,16102.25,target,980.0,975.0,1.989795918367347
2023-04-24,PDH,16137.75,short,2023-04-24T10:00:00-04:00,2023-04-24T10:01:00-04:00,2023-04-24T10:38:00-04:00,16112.75,16139.75,16058.75,16058.75,target,1080.0,1075.0,1.9907407407407407
2023-04-25,ORL,15994.5,long,2023-04-25T10:00:00-04:00,2023-04-25T10:01:00-04:00,2023-04-25T10:08:00-04:00,15999.5,15985.25,16028.0,15985.0,stop,-290.0,-295.0,-1.0350877192982457
2023-04-25,PDL,15983.0,long,2023-04-25T11:20:00-04:00,2023-04-25T11:21:00-04:00,2023-04-25T11:22:00-04:00,15986.75,15972.75,16014.75,15972.5,stop,-285.0,-290.0,-1.0357142857142858
2023-04-26,ORH,15972.75,short,2023-04-26T10:15:00-04:00,2023-04-26T10:16:00-04:00,2023-04-26T11:09:00-04:00,15955.5,15983.75,15899.0,15984.0,stop,-570.0,-575.0,-1.0176991150442478
2023-04-27,ORH,16068.25,short,2023-04-27T10:00:00-04:00,2023-04-27T10:01:00-04:00,2023-04-27T10:10:00-04:00,16038.25,16069.5,15975.75,16069.75,stop,-630.0,-635.0,-1.016
2023-04-28,PDH,16269.0,short,2023-04-28T11:00:00-04:00,2023-04-28T11:01:00-04:00,2023-04-28T12:00:00-04:00,16209.0,16278.0,16071.0,16271.0,noon,-1240.0,-1245.0,-0.9021739130434783
2023-05-01,ORH,16331.75,short,2023-05-01T10:00:00-04:00,2023-05-01T10:01:00-04:00,2023-05-01T10:59:00-04:00,16320.25,16338.0,16284.75,16338.25,stop,-360.0,-365.0,-1.028169014084507
2023-05-01,PDH,16340.0,short,2023-05-01T11:05:00-04:00,2023-05-01T11:11:00-04:00,2023-05-01T11:17:00-04:00,16325.5,16348.5,16279.5,16279.5,target,920.0,915.0,1.9891304347826086
2023-05-03,ORH,16237.5,short,2023-05-03T10:10:00-04:00,2023-05-03T10:12:00-04:00,2023-05-03T10:23:00-04:00,16221.75,16244.25,16176.75,16244.5,stop,-455.0,-460.0,-1.0222222222222221
2023-05-03,ORH,16237.5,short,2023-05-03T10:55:00-04:00,2023-05-03T10:56:00-04:00,2023-05-03T12:00:00-04:00,16212.75,16241.0,16156.25,16230.5,noon,-355.0,-360.0,-0.6371681415929203
2023-05-04,ORH,16101.75,short,2023-05-04T11:20:00-04:00,2023-05-04T11:21:00-04:00,2023-05-04T12:00:00-04:00,16084.25,16113.5,16025.75,16066.0,noon,365.0,360.0,0.6153846153846154
2023-05-08,ORL,16286.25,long,2023-05-08T10:15:00-04:00,2023-05-08T10:20:00-04:00,2023-05-08T10:35:00-04:00,16299.25,16280.75,16336.25,16280.5,stop,-375.0,-380.0,-1.027027027027027
2023-05-08,ORL,16286.25,long,2023-05-08T10:45:00-04:00,2023-05-08T10:46:00-04:00,2023-05-08T11:10:00-04:00,16296.0,16284.25,16319.5,16319.5,target,470.0,465.0,1.9787234042553192
2023-05-09,ORH,16312.25,short,2023-05-09T10:10:00-04:00,2023-05-09T10:12:00-04:00,2023-05-09T12:00:00-04:00,16301.75,16326.75,16251.75,16280.0,noon,435.0,430.0,0.86
2023-05-10,ORL,16337.0,long,2023-05-10T11:05:00-04:00,2023-05-10T11:06:00-04:00,2023-05-10T11:30:00-04:00,16351.5,16335.25,16384.0,16384.0,target,650.0,645.0,1.9846153846153847
2023-05-11,ORL,16393.5,long,2023-05-11T10:50:00-04:00,2023-05-11T10:58:00-04:00,2023-05-11T12:00:00-04:00,16427.75,16387.0,16509.25,16457.0,noon,585.0,580.0,0.7116564417177914
2023-05-15,ORL,16407.0,long,2023-05-15T10:40:00-04:00,2023-05-15T10:44:00-04:00,2023-05-15T11:00:00-04:00,16415.75,16399.0,16449.25,16398.75,stop,-340.0,-345.0,-1.0298507462686568
2023-05-15,ORL,16407.0,long,2023-05-15T11:05:00-04:00,2023-05-15T11:07:00-04:00,2023-05-15T11:28:00-04:00,16416.0,16398.0,16452.0,16452.0,target,720.0,715.0,1.9861111111111112
2023-05-16,PDH,16495.75,short,2023-05-16T10:10:00-04:00,2023-05-16T10:11:00-04:00,2023-05-16T10:30:00-04:00,16489.0,16512.5,16442.0,16512.75,stop,-475.0,-480.0,-1.0212765957446808
2023-05-16,ORH,16519.25,short,2023-05-16T10:35:00-04:00,2023-05-16T10:37:00-04:00,2023-05-16T10:57:00-04:00,16507.0,16534.25,16452.5,16534.5,stop,-550.0,-555.0,-1.018348623853211
2023-05-17,ORH,16555.75,short,2023-05-17T11:05:00-04:00,2023-05-17T11:07:00-04:00,2023-05-17T11:18:00-04:00,16547.75,16559.0,16525.25,16559.25,stop,-230.0,-235.0,-1.0444444444444445
2023-05-19,ORL,16904.5,long,2023-05-19T10:00:00-04:00,2023-05-19T10:01:00-04:00,2023-05-19T10:03:00-04:00,16913.5,16893.5,16953.5,16893.25,stop,-405.0,-410.0,-1.025
2023-05-19,ORL,16904.5,long,2023-05-19T11:05:00-04:00,2023-05-19T11:06:00-04:00,2023-05-19T11:06:00-04:00,16907.5,16893.0,16936.5,16892.75,stop,-295.0,-300.0,-1.0344827586206897
2023-05-22,PDH,16944.75,short,2023-05-22T10:05:00-04:00,2023-05-22T10:07:00-04:00,2023-05-22T12:00:00-04:00,16925.75,16954.5,16868.25,16909.5,noon,325.0,320.0,0.5565217391304348
2023-05-23,ORH,16882.5,short,2023-05-23T10:00:00-04:00,2023-05-23T10:05:00-04:00,2023-05-23T12:00:00-04:00,16874.75,16893.25,16837.75,16876.5,noon,-35.0,-40.0,-0.10810810810810811
2023-05-25,ORL,16879.5,long,2023-05-25T10:15:00-04:00,2023-05-25T10:17:00-04:00,2023-05-25T10:21:00-04:00,16901.75,16877.75,16949.75,16877.5,stop,-485.0,-490.0,-1.0208333333333333
2023-05-25,ORL,16879.5,long,2023-05-25T10:30:00-04:00,2023-05-25T10:31:00-04:00,2023-05-25T11:12:00-04:00,16904.25,16868.5,16975.75,16975.75,target,1430.0,1425.0,1.993006993006993
2023-06-01,ORH,17329.5,short,2023-06-01T10:20:00-04:00,2023-06-01T10:21:00-04:00,2023-06-01T10:42:00-04:00,17319.0,17352.0,17253.0,17352.25,stop,-665.0,-670.0,-1.0151515151515151
2023-06-02,PDH,17544.0,short,2023-06-02T10:00:00-04:00,2023-06-02T10:02:00-04:00,2023-06-02T10:40:00-04:00,17488.5,17556.75,17352.0,17557.0,stop,-1370.0,-1375.0,-1.0073260073260073
2023-06-02,ORL,17558.75,long,2023-06-02T10:45:00-04:00,2023-06-02T10:46:00-04:00,2023-06-02T12:00:00-04:00,17581.5,17547.25,17650.0,17601.5,noon,400.0,395.0,0.5766423357664233
2023-06-05,PDH,17643.5,short,2023-06-05T10:15:00-04:00,2023-06-05T10:16:00-04:00,2023-06-05T10:38:00-04:00,17618.0,17657.5,17539.0,17657.75,stop,-795.0,-800.0,-1.0126582278481013
2023-06-05,ORH,17668.0,short,2023-06-05T11:05:00-04:00,2023-06-05T11:06:00-04:00,2023-06-05T11:10:00-04:00,17665.25,17685.0,17625.75,17685.25,stop,-400.0,-405.0,-1.0253164556962024
2023-06-06,PDL,17559.25,long,2023-06-06T10:10:00-04:00,2023-06-06T10:11:00-04:00,2023-06-06T12:00:00-04:00,17573.5,17541.0,17638.5,17626.75,noon,1065.0,1060.0,1.6307692307692307
2023-06-07,PDH,17639.5,short,2023-06-07T10:15:00-04:00,2023-06-07T10:16:00-04:00,2023-06-07T10:26:00-04:00,17610.5,17640.5,17550.5,17550.5,target,1200.0,1195.0,1.9916666666666667
2023-06-09,ORH,17644.0,short,2023-06-09T10:45:00-04:00,2023-06-09T10:50:00-04:00,2023-06-09T12:00:00-04:00,17609.0,17660.25,17506.5,17547.5,noon,1230.0,1225.0,1.1951219512195121
2023-06-12,ORL,17621.5,long,2023-06-12T10:25:00-04:00,2023-06-12T10:26:00-04:00,2023-06-12T12:00:00-04:00,17649.25,17607.75,17732.25,17689.5,noon,805.0,800.0,0.963855421686747
2023-06-13,ORL,17902.75,long,2023-06-13T11:10:00-04:00,2023-06-13T11:11:00-04:00,2023-06-13T12:00:00-04:00,17909.5,17875.25,17978.0,17893.5,noon,-320.0,-325.0,-0.4744525547445255
2023-06-16,ORL,18190.25,long,2023-06-16T10:00:00-04:00,2023-06-16T10:01:00-04:00,2023-06-16T11:28:00-04:00,18203.5,18175.25,18260.0,18175.0,stop,-570.0,-575.0,-1.0176991150442478
2023-06-20,ORL,18043.75,long,2023-06-20T10:05:00-04:00,2023-06-20T10:11:00-04:00,2023-06-20T10:16:00-04:00,18082.75,18042.75,18162.75,18042.5,stop,-805.0,-810.0,-1.0125
2023-06-23,ORL,17853.25,long,2023-06-23T10:00:00-04:00,2023-06-23T10:06:00-04:00,2023-06-23T12:00:00-04:00,17874.25,17842.0,17938.75,17895.25,noon,420.0,415.0,0.6434108527131783
2023-06-26,ORH,17929.75,short,2023-06-26T10:35:00-04:00,2023-06-26T10:38:00-04:00,2023-06-26T12:00:00-04:00,17911.5,17966.75,17801.0,17852.75,noon,1175.0,1170.0,1.0588235294117647
2023-06-27,ORH,17809.75,short,2023-06-27T10:05:00-04:00,2023-06-27T10:07:00-04:00,2023-06-27T11:29:00-04:00,17782.0,17818.75,17708.5,17819.0,stop,-740.0,-745.0,-1.0136054421768708
2023-06-28,ORH,17940.5,short,2023-06-28T10:00:00-04:00,2023-06-28T10:06:00-04:00,2023-06-28T10:19:00-04:00,17897.5,17947.75,17797.0,17948.0,stop,-1010.0,-1015.0,-1.0099502487562189
2023-06-28,PDH,17978.5,short,2023-06-28T11:25:00-04:00,2023-06-28T11:26:00-04:00,2023-06-28T11:38:00-04:00,17967.25,18009.75,17882.25,18010.0,stop,-855.0,-860.0,-1.011764705882353
2023-06-29,ORL,17917.25,long,2023-06-29T11:05:00-04:00,2023-06-29T11:06:00-04:00,2023-06-29T11:21:00-04:00,17922.5,17902.5,17962.5,17962.5,target,800.0,795.0,1.9875
2023-07-05,ORH,18221.25,short,2023-07-05T10:00:00-04:00,2023-07-05T10:01:00-04:00,2023-07-05T10:03:00-04:00,18208.75,18226.75,18172.75,18227.0,stop,-365.0,-370.0,-1.0277777777777777
2023-07-05,ORH,18221.25,short,2023-07-05T10:10:00-04:00,2023-07-05T10:11:00-04:00,2023-07-05T10:16:00-04:00,18212.75,18232.0,18174.25,18232.25,stop,-390.0,-395.0,-1.025974025974026
2023-07-06,ORL,17989.5,long,2023-07-06T10:00:00-04:00,2023-07-06T10:01:00-04:00,2023-07-06T10:02:00-04:00,17997.75,17968.0,18057.25,17967.75,stop,-600.0,-605.0,-1.0168067226890756
2023-07-06,ORL,17989.5,long,2023-07-06T10:30:00-04:00,2023-07-06T10:31:00-04:00,2023-07-06T10:56:00-04:00,18004.75,17975.5,18063.25,17975.25,stop,-590.0,-595.0,-1.017094017094017
2023-07-07,PDH,18091.25,short,2023-07-07T10:20:00-04:00,2023-07-07T10:30:00-04:00,2023-07-07T11:52:00-04:00,18055.0,18108.75,17947.5,18109.0,stop,-1080.0,-1085.0,-1.0093023255813953
2023-07-10,ORL,17993.0,long,2023-07-10T10:10:00-04:00,2023-07-10T10:11:00-04:00,2023-07-10T11:04:00-04:00,18009.25,17966.0,18095.75,17965.75,stop,-870.0,-875.0,-1.0115606936416186
2023-07-10,ORL,17993.0,long,2023-07-10T11:15:00-04:00,2023-07-10T11:16:00-04:00,2023-07-10T11:27:00-04:00,17994.75,17971.0,18042.25,17970.75,stop,-480.0,-485.0,-1.0210526315789474
2023-07-11,ORL,17989.5,long,2023-07-11T10:20:00-04:00,2023-07-11T10:21:00-04:00,2023-07-11T12:00:00-04:00,17990.5,17952.0,18067.5,18067.5,target,1540.0,1535.0,1.9935064935064934
2023-07-13,ORH,18454.75,short,2023-07-13T10:00:00-04:00,2023-07-13T10:03:00-04:00,2023-07-13T11:42:00-04:00,18433.75,18461.0,18379.25,18461.25,stop,-550.0,-555.0,-1.018348623853211
2023-07-14,ORH,18643.0,short,2023-07-14T10:45:00-04:00,2023-07-14T10:46:00-04:00,2023-07-14T11:20:00-04:00,18629.5,18651.25,18586.0,18651.5,stop,-440.0,-445.0,-1.0229885057471264
2023-07-17,ORL,18565.5,long,2023-07-17T10:00:00-04:00,2023-07-17T10:01:00-04:00,2023-07-17T12:00:00-04:00,18583.0,18550.25,18648.5,18648.5,target,1310.0,1305.0,1.9923664122137406
2023-07-18,ORL,18591.5,long,2023-07-18T10:00:00-04:00,2023-07-18T10:01:00-04:00,2023-07-18T11:46:00-04:00,18620.5,18587.25,18687.0,18687.0,target,1330.0,1325.0,1.9924812030075187
2023-07-19,ORL,18816.75,long,2023-07-19T10:20:00-04:00,2023-07-19T10:21:00-04:00,2023-07-19T10:45:00-04:00,18833.25,18809.75,18880.25,18880.25,target,940.0,935.0,1.9893617021276595
2023-07-19,PDH,18869.0,short,2023-07-19T10:50:00-04:00,2023-07-19T10:55:00-04:00,2023-07-19T10:56:00-04:00,18859.0,18881.5,18814.0,18814.0,target,900.0,895.0,1.988888888888889
2023-07-24,PDL,18361.5,long,2023-07-24T10:15:00-04:00,2023-07-24T10:16:00-04:00,2023-07-24T12:00:00-04:00,18395.25,18336.5,18512.75,18401.25,noon,120.0,115.0,0.09787234042553192
2023-07-25,ORH,18474.75,short,2023-07-25T10:30:00-04:00,2023-07-25T10:31:00-04:00,2023-07-25T11:23:00-04:00,18466.25,18494.25,18410.25,18494.5,stop,-565.0,-570.0,-1.0178571428571428
2023-07-31,ORL,18684.75,long,2023-07-31T10:10:00-04:00,2023-07-31T10:12:00-04:00,2023-07-31T11:33:00-04:00,18692.25,18661.75,18753.25,18661.5,stop,-615.0,-620.0,-1.0163934426229508
2023-08-01,ORH,18643.25,short,2023-08-01T10:15:00-04:00,2023-08-01T10:16:00-04:00,2023-08-01T10:37:00-04:00,18590.0,18646.25,18477.5,18646.5,stop,-1130.0,-1135.0,-1.008888888888889
2023-08-01,ORH,18643.25,short,2023-08-01T11:15:00-04:00,2023-08-01T11:18:00-04:00,2023-08-01T11:28:00-04:00,18640.0,18656.75,18606.5,18657.0,stop,-340.0,-345.0,-1.0298507462686568
2023-08-03,ORH,18252.75,short,2023-08-03T10:10:00-04:00,2023-08-03T10:11:00-04:00,2023-08-03T11:16:00-04:00,18244.75,18290.25,18153.75,18290.5,stop,-915.0,-920.0,-1.010989010989011
2023-08-04,ORL,18335.25,long,2023-08-04T10:35:00-04:00,2023-08-04T10:38:00-04:00,2023-08-04T12:00:00-04:00,18351.5,18302.75,18449.0,18409.25,noon,1155.0,1150.0,1.1794871794871795
2023-08-07,ORL,18225.5,long,2023-08-07T10:10:00-04:00,2023-08-07T10:11:00-04:00,2023-08-07T11:07:00-04:00,18262.75,18213.5,18361.25,18213.25,stop,-990.0,-995.0,-1.0101522842639594
2023-08-09,ORL,18120.5,long,2023-08-09T10:30:00-04:00,2023-08-09T10:31:00-04:00,2023-08-09T10:36:00-04:00,18124.0,18103.25,18165.5,18103.0,stop,-420.0,-425.0,-1.0240963855421688
2023-08-09,PDL,18057.25,long,2023-08-09T11:05:00-04:00,2023-08-09T11:06:00-04:00,2023-08-09T11:13:00-04:00,18066.25,18037.5,18123.75,18037.25,stop,-580.0,-585.0,-1.017391304347826
2023-08-10,PDH,18207.75,short,2023-08-10T10:45:00-04:00,2023-08-10T10:46:00-04:00,2023-08-10T11:06:00-04:00,18181.5,18212.75,18119.0,18119.0,target,1250.0,1245.0,1.992
2023-08-11,PDL,17975.25,long,2023-08-11T10:20:00-04:00,2023-08-11T10:21:00-04:00,2023-08-11T10:35:00-04:00,17996.5,17967.75,18054.0,17967.5,stop,-580.0,-585.0,-1.017391304347826
2023-08-11,PDL,17975.25,long,2023-08-11T10:40:00-04:00,2023-08-11T10:41:00-04:00,2023-08-11T10:51:00-04:00,17992.75,17956.25,18065.75,17956.0,stop,-735.0,-740.0,-1.0136986301369864
2023-08-16,ORH,17947.75,short,2023-08-16T10:00:00-04:00,2023-08-16T10:02:00-04:00,2023-08-16T10:08:00-04:00,17925.25,17949.0,17877.75,17949.25,stop,-480.0,-485.0,-1.0210526315789474
2023-08-16,ORH,17947.75,short,2023-08-16T10:30:00-04:00,2023-08-16T10:38:00-04:00,2023-08-16T10:43:00-04:00,17938.0,17959.5,17895.0,17959.75,stop,-435.0,-440.0,-1.0232558139534884
2023-08-18,ORL,17462.75,long,2023-08-18T10:05:00-04:00,2023-08-18T10:12:00-04:00,2023-08-18T10:18:00-04:00,17487.0,17454.25,17552.5,17454.0,stop,-660.0,-665.0,-1.015267175572519
2023-08-21,ORH,17728.0,short,2023-08-21T10:20:00-04:00,2023-08-21T10:21:00-04:00,2023-08-21T10:27:00-04:00,17716.0,17737.0,17674.0,17674.0,target,840.0,835.0,1.9880952380952381
2023-08-22,ORL,17856.75,long,2023-08-22T10:05:00-04:00,2023-08-22T10:07:00-04:00,2023-08-22T10:32:00-04:00,17860.5,17838.5,17904.5,17838.25,stop,-445.0,-450.0,-1.0227272727272727
2023-08-22,ORL,17856.75,long,2023-08-22T10:55:00-04:00,2023-08-22T10:56:00-04:00,2023-08-22T11:45:00-04:00,17878.5,17840.25,17955.0,17840.0,stop,-770.0,-775.0,-1.0130718954248366
2023-08-24,ORL,18051.25,long,2023-08-24T10:00:00-04:00,2023-08-24T10:01:00-04:00,2023-08-24T10:02:00-04:00,18070.75,18045.75,18120.75,18045.5,stop,-505.0,-510.0,-1.02
2023-08-24,PDL,17838.75,long,2023-08-24T11:15:00-04:00,2023-08-24T11:17:00-04:00,2023-08-24T11:27:00-04:00,17864.75,17832.75,17928.75,17832.5,stop,-645.0,-650.0,-1.015625
2023-08-25,ORH,17787.25,short,2023-08-25T10:25:00-04:00,2023-08-25T10:26:00-04:00,2023-08-25T10:59:00-04:00,17739.75,17807.25,17604.75,17604.75,target,2700.0,2695.0,1.9962962962962962
2023-08-28,ORL,17874.5,long,2023-08-28T10:00:00-04:00,2023-08-28T10:01:00-04:00,2023-08-28T10:44:00-04:00,17902.0,17870.75,17964.5,17870.5,stop,-630.0,-635.0,-1.016
2023-08-30,PDH,18269.75,short,2023-08-30T10:25:00-04:00,2023-08-30T10:26:00-04:00,2023-08-30T10:57:00-04:00,18247.75,18299.75,18143.75,18300.0,stop,-1045.0,-1050.0,-1.0096153846153846
2023-09-01,ORL,18373.25,long,2023-09-01T10:00:00-04:00,2023-09-01T10:05:00-04:00,2023-09-01T10:49:00-04:00,18401.75,18355.0,18495.25,18354.75,stop,-940.0,-945.0,-1.0106951871657754
2023-09-01,PDL,18328.0,long,2023-09-01T11:10:00-04:00,2023-09-01T11:11:00-04:00,2023-09-01T11:12:00-04:00,18343.5,18325.25,18380.0,18325.0,stop,-370.0,-375.0,-1.0273972602739727
2023-09-05,ORL,18289.25,long,2023-09-05T10:10:00-04:00,2023-09-05T10:11:00-04:00,2023-09-05T11:03:00-04:00,18317.0,18282.5,18386.0,18386.0,target,1380.0,1375.0,1.9927536231884058
2023-09-07,ORH,18080.25,short,2023-09-07T10:55:00-04:00,2023-09-07T10:56:00-04:00,2023-09-07T11:18:00-04:00,18076.5,18106.25,18017.0,18106.5,stop,-600.0,-605.0,-1.0168067226890756
2023-09-08,ORH,18197.25,short,2023-09-08T10:35:00-04:00,2023-09-08T10:39:00-04:00,2023-09-08T12:00:00-04:00,18185.25,18227.0,18101.75,18181.0,noon,85.0,80.0,0.09580838323353294
2023-09-11,PDH,18230.0,short,2023-09-11T10:00:00-04:00,2023-09-11T10:01:00-04:00,2023-09-11T11:28:00-04:00,18201.5,18238.0,18128.5,18238.25,stop,-735.0,-740.0,-1.0136986301369864
2023-09-12,ORH,18286.5,short,2023-09-12T10:05:00-04:00,2023-09-12T10:12:00-04:00,2023-09-12T10:16:00-04:00,18270.5,18294.25,18223.0,18294.5,stop,-480.0,-485.0,-1.0210526315789474
2023-09-12,ORH,18286.5,short,2023-09-12T10:25:00-04:00,2023-09-12T10:26:00-04:00,2023-09-12T10:55:00-04:00,18255.25,18288.75,18188.25,18188.25,target,1340.0,1335.0,1.992537313432836
2023-09-13,PDL,18125.75,long,2023-09-13T10:25:00-04:00,2023-09-13T10:26:00-04:00,2023-09-13T10:43:00-04:00,18142.0,18106.0,18214.0,18214.0,target,1440.0,1435.0,1.9930555555555556
2023-09-14,ORL,18224.5,long,2023-09-14T10:35:00-04:00,2023-09-14T10:36:00-04:00,2023-09-14T10:52:00-04:00,18249.75,18221.0,18307.25,18307.25,target,1150.0,1145.0,1.991304347826087
2023-09-18,ORH,18077.0,short,2023-09-18T10:25:00-04:00,2023-09-18T10:29:00-04:00,2023-09-18T11:32:00-04:00,18052.75,18082.0,17994.25,18082.25,stop,-590.0,-595.0,-1.017094017094017
2023-09-20,ORH,18072.5,short,2023-09-20T10:00:00-04:00,2023-09-20T10:01:00-04:00,2023-09-20T11:18:00-04:00,18048.0,18077.75,17988.5,17988.5,target,1190.0,1185.0,1.9915966386554622
2023-09-21,ORL,17617.0,long,2023-09-21T10:10:00-04:00,2023-09-21T10:11:00-04:00,2023-09-21T12:00:00-04:00,17620.0,17570.0,17720.0,17587.75,noon,-645.0,-650.0,-0.65
2023-09-22,ORH,17583.0,short,2023-09-22T10:15:00-04:00,2023-09-22T10:16:00-04:00,2023-09-22T10:24:00-04:00,17566.0,17588.75,17520.5,17589.0,stop,-460.0,-465.0,-1.021978021978022
2023-09-25,ORH,17509.5,short,2023-09-25T10:20:00-04:00,2023-09-25T10:21:00-04:00,2023-09-25T11:11:00-04:00,17488.0,17522.25,17419.5,17522.5,stop,-690.0,-695.0,-1.0145985401459854
2023-09-26,PDL,17424.5,long,2023-09-26T10:45:00-04:00,2023-09-26T10:46:00-04:00,2023-09-26T10:51:00-04:00,17433.75,17409.25,17482.75,17409.0,stop,-495.0,-500.0,-1.0204081632653061
2023-09-27,ORL,17391.25,long,2023-09-27T10:25:00-04:00,2023-09-27T10:28:00-04:00,2023-09-27T10:52:00-04:00,17402.25,17361.75,17483.25,17361.5,stop,-815.0,-820.0,-1.0123456790123457
2023-09-29,ORH,17658.25,short,2023-09-29T10:25:00-04:00,2023-09-29T10:26:00-04:00,2023-09-29T10:55:00-04:00,17615.5,17666.0,17514.5,17666.25,stop,-1015.0,-1020.0,-1.00990099009901
2023-09-29,ORH,17658.25,short,2023-09-29T11:00:00-04:00,2023-09-29T11:03:00-04:00,2023-09-29T11:54:00-04:00,17629.5,17665.5,17557.5,17557.5,target,1440.0,1435.0,1.9930555555555556
2023-10-02,ORH,17603.0,short,2023-10-02T10:10:00-04:00,2023-10-02T10:11:00-04:00,2023-10-02T11:16:00-04:00,17599.5,17633.0,17532.5,17633.25,stop,-675.0,-680.0,-1.0149253731343284
2023-10-03,ORH,17567.25,short,2023-10-03T10:05:00-04:00,2023-10-03T10:06:00-04:00,2023-10-03T12:00:00-04:00,17493.75,17597.25,17286.75,17371.0,noon,2455.0,2450.0,1.183574879227053
2023-10-04,ORL,17391.0,long,2023-10-04T10:10:00-04:00,2023-10-04T10:14:00-04:00,2023-10-04T10:30:00-04:00,17425.75,17382.0,17513.25,17381.75,stop,-880.0,-885.0,-1.0114285714285713
2023-10-04,ORL,17391.0,long,2023-10-04T10:35:00-04:00,2023-10-04T10:36:00-04:00,2023-10-04T12:00:00-04:00,17450.5,17380.5,17590.5,17537.0,noon,1730.0,1725.0,1.2321428571428572
2023-10-05,PDL,17376.5,long,2023-10-05T10:45:00-04:00,2023-10-05T10:46:00-04:00,2023-10-05T10:51:00-04:00,17383.0,17359.5,17430.0,17359.25,stop,-475.0,-480.0,-1.0212765957446808
2023-10-05,PDL,17376.5,long,2023-10-05T11:15:00-04:00,2023-10-05T11:19:00-04:00,2023-10-05T12:00:00-04:00,17392.5,17366.5,17444.5,17408.75,noon,325.0,320.0,0.6153846153846154
2023-10-06,PDL,17358.25,long,2023-10-06T10:05:00-04:00,2023-10-06T10:14:00-04:00,2023-10-06T10:32:00-04:00,17407.0,17356.0,17509.0,17509.0,target,2040.0,2035.0,1.9950980392156863
2023-10-06,PDH,17568.5,short,2023-10-06T11:10:00-04:00,2023-10-06T11:20:00-04:00,2023-10-06T11:29:00-04:00,17545.5,17577.25,17482.0,17577.5,stop,-640.0,-645.0,-1.015748031496063
2023-10-09,ORH,17678.75,short,2023-10-09T10:30:00-04:00,2023-10-09T10:31:00-04:00,2023-10-09T12:00:00-04:00,17667.75,17703.75,17595.75,17692.0,noon,-485.0,-490.0,-0.6805555555555556
2023-10-11,ORL,17965.0,long,2023-10-11T10:35:00-04:00,2023-10-11T10:40:00-04:00,2023-10-11T11:44:00-04:00,17974.0,17942.0,18038.0,17941.75,stop,-645.0,-650.0,-1.015625
2023-10-12,ORH,18058.25,short,2023-10-12T10:45:00-04:00,2023-10-12T10:46:00-04:00,2023-10-12T11:12:00-04:00,18043.75,18080.0,17971.25,18080.25,stop,-730.0,-735.0,-1.013793103448276
2023-10-17,ORL,17744.5,long,2023-10-17T10:10:00-04:00,2023-10-17T10:12:00-04:00,2023-10-17T12:00:00-04:00,17789.75,17721.0,17927.25,17913.25,noon,2470.0,2465.0,1.7927272727272727
2023-10-18,ORL,17767.5,long,2023-10-18T10:05:00-04:00,2023-10-18T10:07:00-04:00,2023-10-18T10:37:00-04:00,17810.75,17763.25,17905.75,17763.0,stop,-955.0,-960.0,-1.0105263157894737
2023-10-18,ORL,17767.5,long,2023-10-18T10:45:00-04:00,2023-10-18T10:46:00-04:00,2023-10-18T10:52:00-04:00,17778.0,17749.5,17835.0,17749.25,stop,-575.0,-580.0,-1.0175438596491229
2023-10-19,ORL,17663.25,long,2023-10-19T10:40:00-04:00,2023-10-19T10:43:00-04:00,2023-10-19T10:54:00-04:00,17688.75,17654.5,17757.25,17654.25,stop,-690.0,-695.0,-1.0145985401459854
2023-10-19,PDL,17621.25,long,2023-10-19T11:20:00-04:00,2023-10-19T11:27:00-04:00,2023-10-19T12:00:00-04:00,17644.0,17609.25,17713.5,17679.0,noon,700.0,695.0,1.0
2023-10-23,PDL,17293.75,long,2023-10-23T10:15:00-04:00,2023-10-23T10:19:00-04:00,2023-10-23T11:15:00-04:00,17303.25,17271.25,17367.25,17367.25,target,1280.0,1275.0,1.9921875
2023-10-24,ORH,17480.0,short,2023-10-24T10:15:00-04:00,2023-10-24T10:19:00-04:00,2023-10-24T10:30:00-04:00,17444.0,17483.25,17365.5,17483.5,stop,-790.0,-795.0,-1.0127388535031847
2023-10-24,PDH,17495.75,short,2023-10-24T10:55:00-04:00,2023-10-24T10:58:00-04:00,2023-10-24T12:00:00-04:00,17476.5,17518.5,17392.5,17463.75,noon,255.0,250.0,0.2976190476190476
2023-10-25,ORL,17268.5,long,2023-10-25T10:35:00-04:00,2023-10-25T10:40:00-04:00,2023-10-25T11:43:00-04:00,17290.5,17249.25,17373.0,17249.0,stop,-830.0,-835.0,-1.0121212121212122
2023-10-27,ORL,16944.0,long,2023-10-27T10:00:00-04:00,2023-10-27T10:05:00-04:00,2023-10-27T10:42:00-04:00,16974.25,16932.5,17057.75,16932.25,stop,-840.0,-845.0,-1.0119760479041917
2023-10-27,ORL,16944.0,long,2023-10-27T10:50:00-04:00,2023-10-27T10:51:00-04:00,2023-10-27T11:16:00-04:00,16950.5,16916.0,17019.5,17019.5,target,1380.0,1375.0,1.9927536231884058
2023-10-30,ORH,17079.5,short,2023-10-30T10:05:00-04:00,2023-10-30T10:06:00-04:00,2023-10-30T10:44:00-04:00,17055.25,17101.0,16963.75,16963.75,target,1830.0,1825.0,1.994535519125683
2023-10-30,ORL,16976.75,long,2023-10-30T10:50:00-04:00,2023-10-30T10:52:00-04:00,2023-10-30T12:00:00-04:00,16988.75,16947.75,17070.75,17035.75,noon,940.0,935.0,1.1402439024390243
2023-10-31,ORL,16968.75,long,2023-10-31T10:00:00-04:00,2023-10-31T10:08:00-04:00,2023-10-31T10:12:00-04:00,16990.5,16964.25,17043.0,17043.0,target,1050.0,1045.0,1.9904761904761905
2023-10-31,ORH,17070.75,short,2023-10-31T11:05:00-04:00,2023-10-31T11:08:00-04:00,2023-10-31T12:00:00-04:00,17051.25,17076.75,17000.25,17056.75,noon,-110.0,-115.0,-0.22549019607843138
2023-11-01,ORH,17210.75,short,2023-11-01T10:00:00-04:00,2023-11-01T10:06:00-04:00,2023-11-01T10:18:00-04:00,17186.75,17217.0,17126.25,17217.25,stop,-610.0,-615.0,-1.0165289256198347
2023-11-02,ORL,17545.75,long,2023-11-02T10:30:00-04:00,2023-11-02T10:39:00-04:00,2023-11-02T12:00:00-04:00,17577.0,17536.5,17658.0,17581.75,noon,95.0,90.0,0.1111111111111111
2023-11-03,ORH,17736.5,short,2023-11-03T10:15:00-04:00,2023-11-03T10:16:00-04:00,2023-11-03T10:17:00-04:00,17733.25,17748.0,17703.75,17748.25,stop,-300.0,-305.0,-1.0338983050847457
2023-11-03,ORH,17736.5,short,2023-11-03T10:25:00-04:00,2023-11-03T10:26:00-04:00,2023-11-03T11:01:00-04:00,17727.5,17757.5,17667.5,17757.75,stop,-605.0,-610.0,-1.0166666666666666
2023-11-06,ORL,17845.25,long,2023-11-06T10:20:00-05:00,2023-11-06T10:21:00-05:00,2023-11-06T12:00:00-05:00,17856.5,17827.75,17914.0,17865.75,noon,185.0,180.0,0.3130434782608696
2023-11-07,ORH,17929.25,short,2023-11-07T10:10:00-05:00,2023-11-07T10:11:00-05:00,2023-11-07T10:20:00-05:00,17922.25,17951.5,17863.75,17951.75,stop,-590.0,-595.0,-1.017094017094017
2023-11-08,PDH,18054.25,short,2023-11-08T10:00:00-05:00,2023-11-08T10:01:00-05:00,2023-11-08T12:00:00-05:00,18025.75,18060.0,17957.25,17980.0,noon,915.0,910.0,1.3284671532846715
2023-11-09,PDH,18059.5,short,2023-11-09T10:05:00-05:00,2023-11-09T10:06:00-05:00,2023-11-09T11:51:00-05:00,18035.0,18075.25,17954.5,18075.5,stop,-810.0,-815.0,-1.0124223602484472
2023-11-10,ORH,18022.75,short,2023-11-10T10:00:00-05:00,2023-11-10T10:01:00-05:00,2023-11-10T10:28:00-05:00,18011.25,18033.25,17967.25,17967.25,target,880.0,875.0,1.9886363636363635
2023-11-13,ORL,18126.0,long,2023-11-13T10:00:00-05:00,2023-11-13T10:04:00-05:00,2023-11-13T11:09:00-05:00,18136.5,18106.75,18196.0,18196.0,target,1190.0,1185.0,1.9915966386554622
2023-11-15,ORL,18576.5,long,2023-11-15T10:20:00-05:00,2023-11-15T10:21:00-05:00,2023-11-15T10:33:00-05:00,18585.25,18562.5,18630.75,18562.25,stop,-460.0,-465.0,-1.021978021978022
2023-11-15,ORL,18576.5,long,2023-11-15T10:45:00-05:00,2023-11-15T10:47:00-05:00,2023-11-15T11:37:00-05:00,18595.75,18572.5,18642.25,18572.25,stop,-470.0,-475.0,-1.021505376344086
2023-11-16,PDL,18474.5,long,2023-11-16T10:45:00-05:00,2023-11-16T10:47:00-05:00,2023-11-16T11:18:00-05:00,18491.0,18456.0,18561.0,18455.75,stop,-705.0,-710.0,-1.0142857142857142
2023-11-17,ORH,18515.5,short,2023-11-17T10:05:00-05:00,2023-11-17T10:10:00-05:00,2023-11-17T10:21:00-05:00,18492.25,18516.5,18443.75,18516.75,stop,-490.0,-495.0,-1.0206185567010309
2023-11-17,ORH,18515.5,short,2023-11-17T10:30:00-05:00,2023-11-17T10:33:00-05:00,2023-11-17T11:58:00-05:00,18500.5,18517.5,18466.5,18517.75,stop,-345.0,-350.0,-1.0294117647058822
2023-11-20,ORH,18624.5,short,2023-11-20T10:15:00-05:00,2023-11-20T10:22:00-05:00,2023-11-20T11:01:00-05:00,18607.5,18643.75,18535.0,18644.0,stop,-730.0,-735.0,-1.013793103448276
2023-11-21,ORL,18622.25,long,2023-11-21T10:05:00-05:00,2023-11-21T10:07:00-05:00,2023-11-21T10:18:00-05:00,18639.75,18617.75,18683.75,18617.5,stop,-445.0,-450.0,-1.0227272727272727
2023-11-22,ORL,18711.25,long,2023-11-22T10:35:00-05:00,2023-11-22T10:36:00-05:00,2023-11-22T10:53:00-05:00,18727.5,18701.25,18780.0,18701.0,stop,-530.0,-535.0,-1.019047619047619
2023-11-27,ORH,18679.5,short,2023-11-27T10:15:00-05:00,2023-11-27T10:19:00-05:00,2023-11-27T10:58:00-05:00,18659.75,18692.75,18593.75,18693.0,stop,-665.0,-670.0,-1.0151515151515151
2023-11-27,ORH,18679.5,short,2023-11-27T11:05:00-05:00,2023-11-27T11:06:00-05:00,2023-11-27T11:39:00-05:00,18665.5,18684.25,18628.0,18684.5,stop,-380.0,-385.0,-1.0266666666666666
2023-11-28,ORL,18604.25,long,2023-11-28T10:00:00-05:00,2023-11-28T10:01:00-05:00,2023-11-28T10:05:00-05:00,18613.0,18600.25,18638.5,18638.5,target,510.0,505.0,1.9803921568627452
2023-11-28,PDL,18612.25,long,2023-11-28T10:15:00-05:00,2023-11-28T10:16:00-05:00,2023-11-28T10:45:00-05:00,18634.25,18608.75,18685.25,18685.25,target,1020.0,1015.0,1.9901960784313726
2023-11-29,PDH,18713.5,short,2023-11-29T11:15:00-05:00,2023-11-29T11:18:00-05:00,2023-11-29T12:00:00-05:00,18704.25,18734.5,18643.75,18709.25,noon,-100.0,-105.0,-0.17355371900826447
2023-11-30,ORL,18602.0,long,2023-11-30T10:15:00-05:00,2023-11-30T10:17:00-05:00,2023-11-30T10:38:00-05:00,18620.5,18572.25,18717.0,18572.0,stop,-970.0,-975.0,-1.0103626943005182
2023-12-01,ORH,18578.75,short,2023-12-01T10:10:00-05:00,2023-12-01T10:15:00-05:00,2023-12-01T11:12:00-05:00,18558.75,18592.5,18491.25,18592.75,stop,-680.0,-685.0,-1.0148148148148148
2023-12-04,ORL,18474.0,long,2023-12-04T10:05:00-05:00,2023-12-04T10:06:00-05:00,2023-12-04T10:16:00-05:00,18506.75,18469.0,18582.25,18468.75,stop,-760.0,-765.0,-1.0132450331125828
2023-12-05,PDH,18527.75,short,2023-12-05T11:20:00-05:00,2023-12-05T11:21:00-05:00,2023-12-05T12:00:00-05:00,18507.0,18563.75,18393.5,18510.5,noon,-70.0,-75.0,-0.06607929515418502
2023-12-06,ORL,18578.25,long,2023-12-06T10:10:00-05:00,2023-12-06T10:14:00-05:00,2023-12-06T10:24:00-05:00,18600.75,18556.5,18689.25,18556.25,stop,-890.0,-895.0,-1.0112994350282485
2023-12-07,ORL,18549.0,long,2023-12-07T10:05:00-05:00,2023-12-07T10:06:00-05:00,2023-12-07T10:16:00-05:00,18569.25,18545.5,18616.75,18616.75,target,950.0,945.0,1.9894736842105263
2023-12-07,ORH,18624.0,short,2023-12-07T11:15:00-05:00,2023-12-07T11:16:00-05:00,2023-12-07T11:40:00-05:00,18608.75,18653.5,18519.25,18653.75,stop,-900.0,-905.0,-1.011173184357542
2023-12-08,PDH,18708.0,short,2023-12-08T10:35:00-05:00,2023-12-08T10:36:00-05:00,2023-12-08T10:58:00-05:00,18697.5,18745.5,18601.5,18745.75,stop,-965.0,-970.0,-1.0104166666666667
2023-12-08,PDH,18708.0,short,2023-12-08T11:20:00-05:00,2023-12-08T11:21:00-05:00,2023-12-08T12:00:00-05:00,18669.5,18709.5,18589.5,18669.0,noon,10.0,5.0,0.00625
2023-12-11,ORH,18792.0,short,2023-12-11T10:30:00-05:00,2023-12-11T10:31:00-05:00,2023-12-11T10:35:00-05:00,18789.0,18807.75,18751.5,18808.0,stop,-380.0,-385.0,-1.0266666666666666
2023-12-11,ORH,18792.0,short,2023-12-11T11:15:00-05:00,2023-12-11T11:22:00-05:00,2023-12-11T11:28:00-05:00,18778.5,18806.0,18723.5,18806.25,stop,-555.0,-560.0,-1.018181818181818
2023-12-13,ORL,19038.25,long,2023-12-13T10:00:00-05:00,2023-12-13T10:04:00-05:00,2023-12-13T12:00:00-05:00,19046.0,19029.0,19080.0,19033.25,noon,-255.0,-260.0,-0.7647058823529411
2023-12-14,ORH,19295.5,short,2023-12-14T10:00:00-05:00,2023-12-14T10:01:00-05:00,2023-12-14T11:15:00-05:00,19268.75,19310.0,19186.25,19186.25,target,1650.0,1645.0,1.993939393939394
2023-12-15,ORH,19275.75,short,2023-12-15T10:10:00-05:00,2023-12-15T10:11:00-05:00,2023-12-15T10:14:00-05:00,19260.75,19276.75,19228.75,19277.0,stop,-325.0,-330.0,-1.03125
2023-12-18,PDH,19319.5,short,2023-12-18T10:40:00-05:00,2023-12-18T10:41:00-05:00,2023-12-18T11:18:00-05:00,19308.5,19330.75,19264.0,19331.0,stop,-450.0,-455.0,-1.0224719101123596
2023-12-19,ORH,19427.75,short,2023-12-19T10:40:00-05:00,2023-12-19T10:41:00-05:00,2023-12-19T11:05:00-05:00,19407.25,19440.25,19341.25,19440.5,stop,-665.0,-670.0,-1.0151515151515151
2023-12-20,ORH,19452.75,short,2023-12-20T10:00:00-05:00,2023-12-20T10:01:00-05:00,2023-12-20T10:01:00-05:00,19444.75,19456.75,19420.75,19457.0,stop,-245.0,-250.0,-1.0416666666666667
2023-12-21,ORL,19333.0,long,2023-12-21T10:35:00-05:00,2023-12-21T10:37:00-05:00,2023-12-21T10:51:00-05:00,19340.5,19307.75,19406.0,19307.5,stop,-660.0,-665.0,-1.015267175572519
2023-12-22,ORH,19469.25,short,2023-12-22T10:00:00-05:00,2023-12-22T10:01:00-05:00,2023-12-22T11:01:00-05:00,19450.0,19472.25,19405.5,19405.5,target,890.0,885.0,1.9887640449438202
2023-12-22,ORL,19421.5,long,2023-12-22T11:10:00-05:00,2023-12-22T11:13:00-05:00,2023-12-22T12:00:00-05:00,19429.25,19400.25,19487.25,19422.0,noon,-145.0,-150.0,-0.25862068965517243
2023-12-26,ORH,19484.25,short,2023-12-26T10:25:00-05:00,2023-12-26T10:29:00-05:00,2023-12-26T10:37:00-05:00,19473.25,19485.75,19448.25,19486.0,stop,-255.0,-260.0,-1.04
2023-12-26,ORH,19484.25,short,2023-12-26T10:45:00-05:00,2023-12-26T10:46:00-05:00,2023-12-26T12:00:00-05:00,19480.0,19493.25,19453.5,19483.25,noon,-65.0,-70.0,-0.2641509433962264
2023-12-27,ORH,19554.0,short,2023-12-27T10:05:00-05:00,2023-12-27T10:07:00-05:00,2023-12-27T10:14:00-05:00,19540.25,19557.5,19505.75,19505.75,target,690.0,685.0,1.9855072463768115
2023-12-28,ORL,19549.5,long,2023-12-28T10:00:00-05:00,2023-12-28T10:02:00-05:00,2023-12-28T10:06:00-05:00,19558.75,19546.5,19583.25,19546.25,stop,-250.0,-255.0,-1.0408163265306123
2023-12-28,ORL,19549.5,long,2023-12-28T10:25:00-05:00,2023-12-28T10:26:00-05:00,2023-12-28T11:20:00-05:00,19554.0,19542.0,19578.0,19541.75,stop,-245.0,-250.0,-1.0416666666666667
2023-12-29,ORH,19532.25,short,2023-12-29T10:00:00-05:00,2023-12-29T10:01:00-05:00,2023-12-29T10:35:00-05:00,19526.75,19540.25,19499.75,19499.75,target,540.0,535.0,1.9814814814814814
2024-01-03,ORH,19074.5,short,2024-01-03T10:10:00-05:00,2024-01-03T10:11:00-05:00,2024-01-03T12:00:00-05:00,19038.5,19081.25,18953.0,18994.75,noon,875.0,870.0,1.0175438596491229
2024-01-04,PDL,18954.25,long,2024-01-04T10:15:00-05:00,2024-01-04T10:16:00-05:00,2024-01-04T10:27:00-05:00,18955.75,18930.0,19007.25,18929.75,stop,-520.0,-525.0,-1.0194174757281553
2024-01-04,PDL,18954.25,long,2024-01-04T10:45:00-05:00,2024-01-04T10:46:00-05:00,2024-01-04T11:15:00-05:00,18958.25,18935.5,19003.75,19003.75,target,910.0,905.0,1.989010989010989
2024-01-10,ORL,19271.75,long,2024-01-10T10:15:00-05:00,2024-01-10T10:16:00-05:00,2024-01-10T12:00:00-05:00,19287.0,19256.5,19348.0,19311.5,noon,490.0,485.0,0.7950819672131147
2024-01-12,ORL,19406.25,long,2024-01-12T11:10:00-05:00,2024-01-12T11:11:00-05:00,2024-01-12T11:38:00-05:00,19412.75,19373.75,19490.75,19373.5,stop,-785.0,-790.0,-1.0128205128205128
2024-01-17,ORL,19165.5,long,2024-01-17T10:10:00-05:00,2024-01-17T10:13:00-05:00,2024-01-17T10:22:00-05:00,19178.5,19152.5,19230.5,19152.25,stop,-525.0,-530.0,-1.0192307692307692
2024-01-17,ORL,19165.5,long,2024-01-17T10:40:00-05:00,2024-01-17T10:42:00-05:00,2024-01-17T12:00:00-05:00,19208.75,19158.75,19308.75,19242.5,noon,675.0,670.0,0.67
2024-01-18,ORL,19427.0,long,2024-01-18T10:10:00-05:00,2024-01-18T10:11:00-05:00,2024-01-18T10:37:00-05:00,19440.25,19418.0,19484.75,19484.75,target,890.0,885.0,1.9887640449438202
2024-01-19,ORH,19641.5,short,2024-01-19T10:20:00-05:00,2024-01-19T10:23:00-05:00,2024-01-19T10:30:00-05:00,19621.0,19649.0,19565.0,19649.25,stop,-565.0,-570.0,-1.0178571428571428
2024-01-22,ORL,19924.25,long,2024-01-22T11:25:00-05:00,2024-01-22T11:26:00-05:00,2024-01-22T12:00:00-05:00,19928.0,19911.0,19962.0,19943.25,noon,305.0,300.0,0.8823529411764706
2024-01-23,PDL,19866.25,long,2024-01-23T10:25:00-05:00,2024-01-23T10:29:00-05:00,2024-01-23T11:35:00-05:00,19894.5,19859.75,19964.0,19859.5,stop,-700.0,-705.0,-1.014388489208633
2024-01-24,ORH,20127.75,short,2024-01-24T11:15:00-05:00,2024-01-24T11:16:00-05:00,2024-01-24T11:23:00-05:00,20123.5,20148.75,20073.0,20149.0,stop,-510.0,-515.0,-1.0198019801980198
2024-01-25,ORL,20107.25,long,2024-01-25T10:10:00-05:00,2024-01-25T10:11:00-05:00,2024-01-25T12:00:00-05:00,20131.5,20099.5,20195.5,20156.0,noon,490.0,485.0,0.7578125
2024-01-26,ORL,19959.75,long,2024-01-26T10:10:00-05:00,2024-01-26T10:11:00-05:00,2024-01-26T10:34:00-05:00,19968.75,19935.75,20034.75,20034.75,target,1320.0,1315.0,1.9924242424242424
2024-01-29,ORL,19962.0,long,2024-01-29T10:05:00-05:00,2024-01-29T10:11:00-05:00,2024-01-29T11:01:00-05:00,19992.25,19957.75,20061.25,19957.5,stop,-695.0,-700.0,-1.0144927536231885
2024-01-29,ORL,19962.0,long,2024-01-29T11:10:00-05:00,2024-01-29T11:11:00-05:00,2024-01-29T11:18:00-05:00,19971.0,19960.75,19991.5,19991.5,target,410.0,405.0,1.975609756097561
2024-01-30,ORL,20086.25,long,2024-01-30T10:30:00-05:00,2024-01-30T10:31:00-05:00,2024-01-30T10:46:00-05:00,20089.5,20063.0,20142.5,20062.75,stop,-535.0,-540.0,-1.0188679245283019
2024-02-01,ORL,19726.5,long,2024-02-01T10:00:00-05:00,2024-02-01T10:05:00-05:00,2024-02-01T10:56:00-05:00,19747.5,19717.0,19808.5,19716.75,stop,-615.0,-620.0,-1.0163934426229508
2024-02-07,ORL,20155.25,long,2024-02-07T10:00:00-05:00,2024-02-07T10:01:00-05:00,2024-02-07T10:15:00-05:00,20181.0,20150.5,20242.0,20242.0,target,1220.0,1215.0,1.9918032786885247
2024-02-08,ORH,20284.75,short,2024-02-08T10:10:00-05:00,2024-02-08T10:13:00-05:00,2024-02-08T10:23:00-05:00,20269.25,20296.0,20215.75,20296.25,stop,-540.0,-545.0,-1.0186915887850467
2024-02-13,ORH,20098.25,short,2024-02-13T10:15:00-05:00,2024-02-13T10:16:00-05:00,2024-02-13T10:20:00-05:00,20080.75,20103.25,20035.75,20103.5,stop,-455.0,-460.0,-1.0222222222222221
2024-02-14,ORH,20251.25,short,2024-02-14T10:40:00-05:00,2024-02-14T10:41:00-05:00,2024-02-14T11:00:00-05:00,20235.25,20262.25,20181.25,20181.25,target,1080.0,1075.0,1.9907407407407407
2024-02-14,ORL,20175.25,long,2024-02-14T11:25:00-05:00,2024-02-14T11:26:00-05:00,2024-02-14T12:00:00-05:00,20189.75,20143.75,20281.75,20160.0,noon,-595.0,-600.0,-0.6521739130434783
2024-02-15,ORL,20270.5,long,2024-02-15T10:10:00-05:00,2024-02-15T10:11:00-05:00,2024-02-15T11:05:00-05:00,20276.5,20235.5,20358.5,20235.25,stop,-825.0,-830.0,-1.0121951219512195
2024-02-16,PDL,20212.75,long,2024-02-16T10:40:00-05:00,2024-02-16T10:41:00-05:00,2024-02-16T12:00:00-05:00,20240.0,20177.5,20365.0,20308.75,noon,1375.0,1370.0,1.096
2024-02-20,ORL,19991.5,long,2024-02-20T11:00:00-05:00,2024-02-20T11:01:00-05:00,2024-02-20T11:32:00-05:00,20010.0,19985.5,20059.0,19985.25,stop,-495.0,-500.0,-1.0204081632653061
2024-02-21,ORH,19944.0,short,2024-02-21T10:20:00-05:00,2024-02-21T10:21:00-05:00,2024-02-21T11:16:00-05:00,19923.5,19950.75,19869.0,19951.0,stop,-550.0,-555.0,-1.018348623853211
2024-02-21,ORH,19944.0,short,2024-02-21T11:25:00-05:00,2024-02-21T11:27:00-05:00,2024-02-21T11:49:00-05:00,19932.5,19945.5,19906.5,19906.5,target,520.0,515.0,1.9807692307692308
2024-02-23,PDH,20519.25,short,2024-02-23T10:00:00-05:00,2024-02-23T10:01:00-05:00,2024-02-23T12:00:00-05:00,20492.5,20555.25,20367.0,20469.5,noon,460.0,455.0,0.36254980079681276
2024-02-26,ORL,20423.0,long,2024-02-26T10:05:00-05:00,2024-02-26T10:06:00-05:00,2024-02-26T11:52:00-05:00,20428.75,20400.0,20486.25,20486.25,target,1150.0,1145.0,1.991304347826087
2024-02-27,ORH,20459.5,short,2024-02-27T10:25:00-05:00,2024-02-27T10:26:00-05:00,2024-02-27T12:00:00-05:00,20442.5,20465.25,20397.0,20433.25,noon,185.0,180.0,0.3956043956043956
2024-02-28,PDL,20341.0,long,2024-02-28T10:10:00-05:00,2024-02-28T10:11:00-05:00,2024-02-28T12:00:00-05:00,20347.75,20313.75,20415.75,20395.5,noon,955.0,950.0,1.3970588235294117
2024-02-29,ORL,20453.0,long,2024-02-29T10:25:00-05:00,2024-02-29T10:26:00-05:00,2024-02-29T10:46:00-05:00,20459.75,20431.25,20516.75,20431.0,stop,-575.0,-580.0,-1.0175438596491229
2024-03-04,ORL,20720.25,long,2024-03-04T10:05:00-05:00,2024-03-04T10:13:00-05:00,2024-03-04T12:00:00-05:00,20738.5,20712.0,20791.5,20748.5,noon,200.0,195.0,0.36792452830188677
2024-03-07,ORH,20658.0,short,2024-03-07T10:20:00-05:00,2024-03-07T10:25:00-05:00,2024-03-07T10:28:00-05:00,20640.75,20666.75,20588.75,20667.0,stop,-525.0,-530.0,-1.0192307692307692
2024-03-08,PDH,20792.25,short,2024-03-08T11:05:00-05:00,2024-03-08T11:06:00-05:00,2024-03-08T11:33:00-05:00,20740.0,20818.0,20584.0,20584.0,target,3120.0,3115.0,1.9967948717948718
2024-03-11,ORL,20339.75,long,2024-03-11T10:05:00-04:00,2024-03-11T10:10:00-04:00,2024-03-11T10:52:00-04:00,20354.25,20322.25,20418.25,20418.25,target,1280.0,1275.0,1.9921875
2024-03-11,ORH,20432.25,short,2024-03-11T11:10:00-04:00,2024-03-11T11:11:00-04:00,2024-03-11T12:00:00-04:00,20407.5,20450.5,20321.5,20429.5,noon,-440.0,-445.0,-0.5174418604651163
2024-03-13,ORL,20551.25,long,2024-03-13T10:45:00-04:00,2024-03-13T10:46:00-04:00,2024-03-13T10:52:00-04:00,20567.5,20526.75,20649.0,20526.5,stop,-820.0,-825.0,-1.0122699386503067
2024-03-14,PDL,20466.5,long,2024-03-14T10:15:00-04:00,2024-03-14T10:16:00-04:00,2024-03-14T12:00:00-04:00,20496.0,20437.5,20613.0,20486.0,noon,-200.0,-205.0,-0.1752136752136752
2024-03-15,ORL,20265.5,long,2024-03-15T10:15:00-04:00,2024-03-15T10:16:00-04:00,2024-03-15T11:39:00-04:00,20290.75,20251.5,20369.25,20251.25,stop,-790.0,-795.0,-1.0127388535031847
2024-03-18,ORH,20531.5,short,2024-03-18T11:05:00-04:00,2024-03-18T11:06:00-04:00,2024-03-18T11:54:00-04:00,20521.25,20550.25,20463.25,20463.25,target,1160.0,1155.0,1.9913793103448276
2024-03-20,PDH,20474.0,short,2024-03-20T10:35:00-04:00,2024-03-20T10:36:00-04:00,2024-03-20T12:00:00-04:00,20468.25,20488.75,20427.25,20463.75,noon,90.0,85.0,0.2073170731707317
2024-03-21,ORL,20840.0,long,2024-03-21T10:20:00-04:00,2024-03-21T10:21:00-04:00,2024-03-21T10:31:00-04:00,20847.25,20824.75,20892.25,20824.5,stop,-455.0,-460.0,-1.0222222222222221
2024-03-22,PDL,20737.25,long,2024-03-22T10:05:00-04:00,2024-03-22T10:06:00-04:00,2024-03-22T10:12:00-04:00,20744.0,20714.25,20803.5,20714.0,stop,-600.0,-605.0,-1.0168067226890756
2024-03-22,ORH,20730.75,short,2024-03-22T10:25:00-04:00,2024-03-22T10:26:00-04:00,2024-03-22T11:11:00-04:00,20704.5,20732.75,20648.0,20733.0,stop,-570.0,-575.0,-1.0176991150442478
2024-03-25,ORH,20665.5,short,2024-03-25T10:00:00-04:00,2024-03-25T10:03:00-04:00,2024-03-25T10:09:00-04:00,20655.5,20672.75,20621.0,20673.0,stop,-350.0,-355.0,-1.0289855072463767
2024-03-25,PDL,20684.75,long,2024-03-25T10:15:00-04:00,2024-03-25T10:20:00-04:00,2024-03-25T12:00:00-04:00,20708.75,20681.0,20764.25,20722.75,noon,280.0,275.0,0.4954954954954955
2024-03-26,ORH,20779.5,short,2024-03-26T10:10:00-04:00,2024-03-26T10:11:00-04:00,2024-03-26T10:30:00-04:00,20776.5,20793.0,20743.5,20743.5,target,660.0,655.0,1.9848484848484849
2024-03-26,ORL,20734.75,long,2024-03-26T10:35:00-04:00,2024-03-26T10:38:00-04:00,2024-03-26T12:00:00-04:00,20742.0,20718.25,20789.5,20765.5,noon,470.0,465.0,0.9789473684210527
2024-03-28,ORH,20694.25,short,2024-03-28T10:10:00-04:00,2024-03-28T10:11:00-04:00,2024-03-28T12:00:00-04:00,20682.5,20720.0,20607.5,20701.5,noon,-380.0,-385.0,-0.5133333333333333
2024-04-01,PDH,20723.5,short,2024-04-01T10:20:00-04:00,2024-04-01T10:21:00-04:00,2024-04-01T12:00:00-04:00,20707.25,20776.0,20569.75,20610.0,noon,1945.0,1940.0,1.410909090909091
2024-04-02,ORL,20408.0,long,2024-04-02T10:25:00-04:00,2024-04-02T10:26:00-04:00,2024-04-02T11:00:00-04:00,20434.0,20392.75,20516.5,20392.5,stop,-830.0,-835.0,-1.0121212121212122
2024-04-02,ORL,20408.0,long,2024-04-02T11:10:00-04:00,2024-04-02T11:11:00-04:00,2024-04-02T11:38:00-04:00,20423.0,20399.75,20469.5,20469.5,target,930.0,925.0,1.989247311827957
2024-04-03,PDH,20531.75,short,2024-04-03T10:10:00-04:00,2024-04-03T10:11:00-04:00,2024-04-03T10:15:00-04:00,20513.5,20554.5,20431.5,20554.75,stop,-825.0,-830.0,-1.0121951219512195
2024-04-09,ORL,20527.5,long,2024-04-09T10:15:00-04:00,2024-04-09T10:16:00-04:00,2024-04-09T10:27:00-04:00,20549.25,20519.0,20609.75,20518.75,stop,-610.0,-615.0,-1.0165289256198347
2024-04-10,ORH,20381.0,short,2024-04-10T10:00:00-04:00,2024-04-10T10:01:00-04:00,2024-04-10T10:34:00-04:00,20355.0,20393.25,20278.5,20393.5,stop,-770.0,-775.0,-1.0130718954248366
2024-04-10,ORH,20381.0,short,2024-04-10T10:50:00-04:00,2024-04-10T10:52:00-04:00,2024-04-10T12:00:00-04:00,20360.0,20390.75,20298.5,20329.5,noon,610.0,605.0,0.983739837398374
2024-04-11,PDH,20418.75,short,2024-04-11T10:15:00-04:00,2024-04-11T10:16:00-04:00,2024-04-11T10:32:00-04:00,20387.25,20424.5,20312.75,20424.75,stop,-750.0,-755.0,-1.0134228187919463
2024-04-11,ORL,20407.5,long,2024-04-11T10:40:00-04:00,2024-04-11T10:41:00-04:00,2024-04-11T11:59:00-04:00,20427.25,20398.0,20485.75,20485.75,target,1170.0,1165.0,1.9914529914529915
2024-04-12,ORH,20511.75,short,2024-04-12T10:05:00-04:00,2024-04-12T10:07:00-04:00,2024-04-12T12:00:00-04:00,20471.75,20527.25,20360.75,20441.0,noon,615.0,610.0,0.5495495495495496
2024-04-16,ORH,20072.25,short,2024-04-16T10:30:00-04:00,2024-04-16T10:31:00-04:00,2024-04-16T11:09:00-04:00,20042.25,20082.5,19961.75,20082.75,stop,-810.0,-815.0,-1.0124223602484472
2024-04-16,ORH,20072.25,short,2024-04-16T11:15:00-04:00,2024-04-16T11:17:00-04:00,2024-04-16T11:18:00-04:00,20060.75,20084.25,20013.75,20084.5,stop,-475.0,-480.0,-1.0212765957446808
2024-04-17,PDL,20002.75,long,2024-04-17T10:25:00-04:00,2024-04-17T10:26:00-04:00,2024-04-17T10:52:00-04:00,20028.75,19992.5,20101.25,19992.25,stop,-730.0,-735.0,-1.013793103448276
2024-04-18,PDL,19800.0,long,2024-04-18T10:10:00-04:00,2024-04-18T10:11:00-04:00,2024-04-18T11:22:00-04:00,19829.5,19779.5,19929.5,19929.5,target,2000.0,1995.0,1.995
2024-04-22,ORH,19492.25,short,2024-04-22T10:00:00-04:00,2024-04-22T10:01:00-04:00,2024-04-22T10:26:00-04:00,19467.25,19504.5,19392.75,19392.75,target,1490.0,1485.0,1.9932885906040267
2024-04-24,ORL,19898.0,long,2024-04-24T10:00:00-04:00,2024-04-24T10:07:00-04:00,2024-04-24T10:36:00-04:00,19955.5,19895.75,20075.0,19895.5,stop,-1200.0,-1205.0,-1.00836820083682
2024-04-24,PDH,19842.0,short,2024-04-24T11:20:00-04:00,2024-04-24T11:22:00-04:00,2024-04-24T11:28:00-04:00,19825.5,19846.25,19784.0,19846.5,stop,-420.0,-425.0,-1.0240963855421688
2024-04-25,ORH,19560.5,short,2024-04-25T10:50:00-04:00,2024-04-25T10:53:00-04:00,2024-04-25T11:29:00-04:00,19547.5,19584.25,19474.0,19584.5,stop,-740.0,-745.0,-1.0136054421768708
2024-04-29,ORL,20016.5,long,2024-04-29T10:00:00-04:00,2024-04-29T10:01:00-04:00,2024-04-29T12:00:00-04:00,20054.25,20014.75,20133.25,20073.25,noon,380.0,375.0,0.47468354430379744
2024-04-30,ORH,20072.5,short,2024-04-30T10:05:00-04:00,2024-04-30T10:12:00-04:00,2024-04-30T11:13:00-04:00,20040.0,20080.5,19959.0,19959.0,target,1620.0,1615.0,1.9938271604938271
2024-05-01,ORL,19653.25,long,2024-05-01T10:00:00-04:00,2024-05-01T10:01:00-04:00,2024-05-01T10:01:00-04:00,19669.75,19639.5,19730.25,19639.25,stop,-610.0,-615.0,-1.0165289256198347
2024-05-01,ORL,19653.25,long,2024-05-01T10:35:00-04:00,2024-05-01T10:36:00-04:00,2024-05-01T11:10:00-04:00,19666.5,19643.5,19712.5,19643.25,stop,-465.0,-470.0,-1.0217391304347827
2024-05-02,ORL,19700.75,long,2024-05-02T11:00:00-04:00,2024-05-02T11:03:00-04:00,2024-05-02T11:33:00-04:00,19724.0,19677.0,19818.0,19676.75,stop,-945.0,-950.0,-1.0106382978723405
2024-05-03,ORH,20161.25,short,2024-05-03T10:05:00-04:00,2024-05-03T10:09:00-04:00,2024-05-03T12:00:00-04:00,20115.5,20235.5,19875.5,20171.25,noon,-1115.0,-1120.0,-0.4666666666666667
2024-05-06,ORH,20286.25,short,2024-05-06T10:15:00-04:00,2024-05-06T10:18:00-04:00,2024-05-06T10:41:00-04:00,20271.75,20294.0,20227.25,20294.25,stop,-450.0,-455.0,-1.0224719101123596
2024-05-06,ORH,20286.25,short,2024-05-06T11:00:00-04:00,2024-05-06T11:02:00-04:00,2024-05-06T11:24:00-04:00,20275.75,20287.25,20252.75,20287.5,stop,-235.0,-240.0,-1.0434782608695652
2024-05-07,PDH,20383.0,short,2024-05-07T10:00:00-04:00,2024-05-07T10:02:00-04:00,2024-05-07T10:15:00-04:00,20372.5,20399.25,20319.0,20399.5,stop,-540.0,-545.0,-1.0186915887850467
2024-05-07,PDH,20383.0,short,2024-05-07T10:25:00-04:00,2024-05-07T10:35:00-04:00,2024-05-07T10:50:00-04:00,20370.25,20406.25,20298.25,20406.5,stop,-725.0,-730.0,-1.0138888888888888
2024-05-08,PDL,20351.25,long,2024-05-08T10:00:00-04:00,2024-05-08T10:01:00-04:00,2024-05-08T10:13:00-04:00,20360.0,20338.5,20403.0,20338.25,stop,-435.0,-440.0,-1.0232558139534884
2024-05-08,PDL,20351.25,long,2024-05-08T10:20:00-04:00,2024-05-08T10:21:00-04:00,2024-05-08T10:44:00-04:00,20361.75,20339.5,20406.25,20406.25,target,890.0,885.0,1.9887640449438202
2024-05-09,ORH,20388.75,short,2024-05-09T10:45:00-04:00,2024-05-09T10:47:00-04:00,2024-05-09T10:53:00-04:00,20376.25,20394.5,20339.75,20394.75,stop,-370.0,-375.0,-1.0273972602739727
2024-05-10,ORH,20516.25,short,2024-05-10T10:00:00-04:00,2024-05-10T10:01:00-04:00,2024-05-10T10:02:00-04:00,20509.25,20523.5,20480.75,20480.75,target,570.0,565.0,1.9824561403508771
2024-05-10,PDH,20424.0,short,2024-05-10T10:30:00-04:00,2024-05-10T10:31:00-04:00,2024-05-10T12:00:00-04:00,20409.75,20445.75,20337.75,20421.5,noon,-235.0,-240.0,-0.3333333333333333
2024-05-13,ORL,20451.0,long,2024-05-13T10:00:00-04:00,2024-05-13T10:04:00-04:00,2024-05-13T12:00:00-04:00,20476.25,20440.5,20547.75,20478.25,noon,40.0,35.0,0.04895104895104895
2024-05-14,PDH,20521.0,short,2024-05-14T10:40:00-04:00,2024-05-14T10:41:00-04:00,2024-05-14T11:17:00-04:00,20468.25,20538.5,20327.75,20538.75,stop,-1410.0,-1415.0,-1.00711743772242
2024-05-15,ORL,20676.25,long,2024-05-15T10:05:00-04:00,2024-05-15T10:06:00-04:00,2024-05-15T11:01:00-04:00,20698.25,20666.25,20762.25,20762.25,target,1280.0,1275.0,1.9921875
2024-05-16,PDH,20891.75,short,2024-05-16T10:05:00-04:00,2024-05-16T10:07:00-04:00,2024-05-16T10:22:00-04:00,20880.5,20897.25,20847.0,20897.5,stop,-340.0,-345.0,-1.0298507462686568
2024-05-17,PDL,20828.5,long,2024-05-17T10:25:00-04:00,2024-05-17T10:26:00-04:00,2024-05-17T11:05:00-04:00,20839.0,20816.75,20883.5,20816.5,stop,-450.0,-455.0,-1.0224719101123596
2024-05-17,PDL,20828.5,long,2024-05-17T11:10:00-04:00,2024-05-17T11:15:00-04:00,2024-05-17T11:41:00-04:00,20840.5,20815.25,20891.0,20815.0,stop,-510.0,-515.0,-1.0198019801980198
2024-05-22,ORH,21011.0,short,2024-05-22T10:05:00-04:00,2024-05-22T10:07:00-04:00,2024-05-22T11:06:00-04:00,20998.75,21018.0,20960.25,21018.25,stop,-390.0,-395.0,-1.025974025974026
2024-05-23,ORL,21096.25,long,2024-05-23T10:40:00-04:00,2024-05-23T10:41:00-04:00,2024-05-23T10:44:00-04:00,21099.0,21075.0,21147.0,21074.75,stop,-485.0,-490.0,-1.0208333333333333
2024-05-23,PDH,21023.5,short,2024-05-23T10:55:00-04:00,2024-05-23T10:56:00-04:00,2024-05-23T11:09:00-04:00,21017.25,21052.25,20947.25,21052.5,stop,-705.0,-710.0,-1.0142857142857142
2024-05-28,ORL,21053.75,long,2024-05-28T10:05:00-04:00,2024-05-28T10:06:00-04:00,2024-05-28T12:00:00-04:00,21074.25,21026.75,21169.25,21107.0,noon,655.0,650.0,0.6842105263157895
2024-05-29,PDL,21004.25,long,2024-05-29T10:15:00-04:00,2024-05-29T10:19:00-04:00,2024-05-29T10:24:00-04:00,21029.5,21000.25,21088.0,21000.0,stop,-590.0,-595.0,-1.017094017094017
2024-06-03,PDH,20816.25,short,2024-06-03T10:50:00-04:00,2024-06-03T10:51:00-04:00,2024-06-03T12:00:00-04:00,20790.75,20840.25,20691.75,20789.0,noon,35.0,30.0,0.030303030303030304
2024-06-04,ORL,20766.25,long,2024-06-04T10:00:00-04:00,2024-06-04T10:01:00-04:00,2024-06-04T10:15:00-04:00,20807.25,20763.75,20894.25,20763.5,stop,-875.0,-880.0,-1.0114942528735633
2024-06-04,ORL,20766.25,long,2024-06-04T10:20:00-04:00,2024-06-04T10:21:00-04:00,2024-06-04T12:00:00-04:00,20794.75,20756.0,20872.25,20770.5,noon,-485.0,-490.0,-0.632258064516129
2024-06-06,ORL,21270.25,long,2024-06-06T10:55:00-04:00,2024-06-06T10:56:00-04:00,2024-06-06T11:02:00-04:00,21281.75,21257.5,21330.25,21257.25,stop,-490.0,-495.0,-1.0206185567010309
2024-06-06,PDH,21264.25,short,2024-06-06T11:25:00-04:00,2024-06-06T11:26:00-04:00,2024-06-06T12:00:00-04:00,21250.25,21271.75,21207.25,21248.25,noon,40.0,35.0,0.08139534883720931
2024-06-07,ORH,21225.5,short,2024-06-07T10:10:00-04:00,2024-06-07T10:11:00-04:00,2024-06-07T10:18:00-04:00,21214.25,21228.75,21185.25,21229.0,stop,-295.0,-300.0,-1.0344827586206897
2024-06-07,ORH,21225.5,short,2024-06-07T10:25:00-04:00,2024-06-07T10:28:00-04:00,2024-06-07T10:36:00-04:00,21213.5,21236.5,21167.5,21236.75,stop,-465.0,-470.0,-1.0217391304347827
2024-06-10,PDL,21177.25,long,2024-06-10T10:00:00-04:00,2024-06-10T10:10:00-04:00,2024-06-10T10:59:00-04:00,21200.5,21176.25,21249.0,21249.0,target,970.0,965.0,1.9896907216494846
2024-06-11,ORL,21231.0,long,2024-06-11T10:05:00-04:00,2024-06-11T10:06:00-04:00,2024-06-11T10:49:00-04:00,21240.25,21210.25,21300.25,21300.25,target,1200.0,1195.0,1.9916666666666667
2024-06-11,PDH,21314.5,short,2024-06-11T11:05:00-04:00,2024-06-11T11:09:00-04:00,2024-06-11T12:00:00-04:00,21296.25,21322.25,21244.25,21262.5,noon,675.0,670.0,1.2884615384615385
2024-06-13,ORL,21803.0,long,2024-06-13T10:00:00-04:00,2024-06-13T10:01:00-04:00,2024-06-13T10:11:00-04:00,21830.75,21799.0,21894.25,21798.75,stop,-640.0,-645.0,-1.015748031496063
2024-06-13,PDH,21773.5,short,2024-06-13T10:20:00-04:00,2024-06-13T10:22:00-04:00,2024-06-13T11:36:00-04:00,21752.75,21783.5,21691.25,21783.75,stop,-620.0,-625.0,-1.016260162601626
2024-06-17,ORL,21852.25,long,2024-06-17T10:00:00-04:00,2024-06-17T10:01:00-04:00,2024-06-17T12:00:00-04:00,21879.0,21839.0,21959.0,21938.5,noon,1190.0,1185.0,1.48125
2024-06-18,ORL,22104.75,long,2024-06-18T10:05:00-04:00,2024-06-18T10:06:00-04:00,2024-06-18T10:44:00-04:00,22115.75,22091.5,22164.25,22091.25,stop,-490.0,-495.0,-1.0206185567010309
2024-06-20,ORL,22122.5,long,2024-06-20T11:00:00-04:00,2024-06-20T11:01:00-04:00,2024-06-20T11:23:00-04:00,22140.75,22109.5,22203.25,22109.25,stop,-630.0,-635.0,-1.016
2024-06-21,PDL,21882.25,long,2024-06-21T10:05:00-04:00,2024-06-21T10:13:00-04:00,2024-06-21T10:31:00-04:00,21902.75,21874.25,21959.75,21874.0,stop,-575.0,-580.0,-1.0175438596491229
2024-06-21,PDL,21882.25,long,2024-06-21T10:50:00-04:00,2024-06-21T10:51:00-04:00,2024-06-21T12:00:00-04:00,21924.25,21880.75,22011.25,21991.75,noon,1350.0,1345.0,1.5459770114942528
2024-06-24,ORH,21889.25,short,2024-06-24T10:20:00-04:00,2024-06-24T10:26:00-04:00,2024-06-24T10:44:00-04:00,21866.5,21902.25,21795.0,21795.0,target,1430.0,1425.0,1.993006993006993
2024-06-24,ORL,21811.0,long,2024-06-24T11:00:00-04:00,2024-06-24T11:01:00-04:00,2024-06-24T12:00:00-04:00,21835.75,21770.5,21966.25,21841.75,noon,120.0,115.0,0.08812260536398467
2024-06-26,PDH,21905.25,short,2024-06-26T10:40:00-04:00,2024-06-26T10:42:00-04:00,2024-06-26T10:46:00-04:00,21890.5,21919.5,21832.5,21919.75,stop,-585.0,-590.0,-1.0172413793103448
2024-06-26,PDH,21905.25,short,2024-06-26T11:00:00-04:00,2024-06-26T11:01:00-04:00,2024-06-26T11:53:00-04:00,21895.0,21929.5,21826.0,21929.75,stop,-695.0,-700.0,-1.0144927536231885
2024-06-27,ORH,22025.5,short,2024-06-27T10:20:00-04:00,2024-06-27T10:21:00-04:00,2024-06-27T11:31:00-04:00,21992.75,22041.25,21895.75,21895.75,target,1940.0,1935.0,1.9948453608247423
2024-06-28,PDH,22040.75,short,2024-06-28T11:05:00-04:00,2024-06-28T11:09:00-04:00,2024-06-28T12:00:00-04:00,22015.0,22065.25,21914.5,22032.5,noon,-350.0,-355.0,-0.35323383084577115
2024-07-01,PDL,21830.25,long,2024-07-01T10:05:00-04:00,2024-07-01T10:09:00-04:00,2024-07-01T10:11:00-04:00,21849.25,21811.25,21925.25,21811.0,stop,-765.0,-770.0,-1.013157894736842
2024-07-01,PDL,21830.25,long,2024-07-01T10:20:00-04:00,2024-07-01T10:21:00-04:00,2024-07-01T12:00:00-04:00,21844.5,21735.25,22063.0,21899.25,noon,1095.0,1090.0,0.4988558352402746
2024-07-02,PDH,21998.0,short,2024-07-02T10:00:00-04:00,2024-07-02T10:01:00-04:00,2024-07-02T10:06:00-04:00,21961.75,22002.25,21880.75,22002.5,stop,-815.0,-820.0,-1.0123456790123457
2024-07-02,ORH,22006.75,short,2024-07-02T10:45:00-04:00,2024-07-02T10:46:00-04:00,2024-07-02T10:55:00-04:00,21997.25,22032.5,21926.75,22032.75,stop,-710.0,-715.0,-1.0141843971631206
2024-07-05,ORH,22418.75,short,2024-07-05T10:10:00-04:00,2024-07-05T10:11:00-04:00,2024-07-05T10:47:00-04:00,22396.5,22465.75,22258.0,22466.0,stop,-1390.0,-1395.0,-1.0072202166064983
2024-07-08,ORL,22524.5,long,2024-07-08T10:05:00-04:00,2024-07-08T10:08:00-04:00,2024-07-08T10:37:00-04:00,22560.5,22520.25,22641.0,22520.0,stop,-810.0,-815.0,-1.0124223602484472
2024-07-08,ORL,22524.5,long,2024-07-08T10:55:00-04:00,2024-07-08T11:00:00-04:00,2024-07-08T11:13:00-04:00,22531.5,22519.0,22556.5,22556.5,target,500.0,495.0,1.98
2024-07-09,ORL,22643.25,long,2024-07-09T10:10:00-04:00,2024-07-09T10:12:00-04:00,2024-07-09T10:26:00-04:00,22668.75,22636.75,22732.75,22636.5,stop,-645.0,-650.0,-1.015625
2024-07-09,ORL,22643.25,long,2024-07-09T10:40:00-04:00,2024-07-09T10:42:00-04:00,2024-07-09T10:57:00-04:00,22649.75,22626.25,22696.75,22626.0,stop,-475.0,-480.0,-1.0212765957446808
2024-07-10,PDH,22695.75,short,2024-07-10T10:00:00-04:00,2024-07-10T10:02:00-04:00,2024-07-10T10:05:00-04:00,22677.75,22698.0,22637.25,22698.25,stop,-410.0,-415.0,-1.0246913580246915
2024-07-10,PDH,22695.75,short,2024-07-10T10:35:00-04:00,2024-07-10T10:36:00-04:00,2024-07-10T12:00:00-04:00,22674.5,22698.75,22626.0,22691.5,noon,-340.0,-345.0,-0.711340206185567
2024-07-11,ORL,22776.25,long,2024-07-11T10:00:00-04:00,2024-07-11T10:01:00-04:00,2024-07-11T10:08:00-04:00,22795.0,22758.75,22867.5,22758.5,stop,-730.0,-735.0,-1.013793103448276
2024-07-16,PDL,22430.25,long,2024-07-16T10:20:00-04:00,2024-07-16T10:21:00-04:00,2024-07-16T12:00:00-04:00,22465.75,22415.75,22565.75,22474.25,noon,170.0,165.0,0.165
2024-07-18,ORL,21962.5,long,2024-07-18T10:00:00-04:00,2024-07-18T10:01:00-04:00,2024-07-18T10:32:00-04:00,21996.75,21947.25,22095.75,21947.0,stop,-995.0,-1000.0,-1.0101010101010102
2024-07-18,PDL,21911.75,long,2024-07-18T10:55:00-04:00,2024-07-18T10:56:00-04:00,2024-07-18T11:08:00-04:00,21944.5,21868.25,22097.0,21868.0,stop,-1530.0,-1535.0,-1.0065573770491802
2024-07-22,ORH,21903.5,short,2024-07-22T10:00:00-04:00,2024-07-22T10:01:00-04:00,2024-07-22T10:41:00-04:00,21884.0,21939.0,21774.0,21939.25,stop,-1105.0,-1110.0,-1.009090909090909
2024-07-22,ORH,21903.5,short,2024-07-22T10:55:00-04:00,2024-07-22T11:00:00-04:00,2024-07-22T11:06:00-04:00,21878.75,21915.5,21805.25,21915.75,stop,-740.0,-745.0,-1.0136054421768708
2024-07-23,PDH,21968.75,short,2024-07-23T10:25:00-04:00,2024-07-23T10:26:00-04:00,2024-07-23T10:50:00-04:00,21936.0,21972.25,21863.5,21863.5,target,1450.0,1445.0,1.993103448275862
2024-07-23,ORL,21857.5,long,2024-07-23T10:55:00-04:00,2024-07-23T10:57:00-04:00,2024-07-23T11:13:00-04:00,21884.25,21851.0,21950.75,21950.75,target,1330.0,1325.0,1.9924812030075187
2024-07-26,ORL,21002.75,long,2024-07-26T10:00:00-04:00,2024-07-26T10:01:00-04:00,2024-07-26T10:07:00-04:00,21064.75,20994.75,21204.75,20994.5,stop,-1405.0,-1410.0,-1.0071428571428571
2024-07-26,ORL,21002.75,long,2024-07-26T10:15:00-04:00,2024-07-26T10:24:00-04:00,2024-07-26T10:36:00-04:00,21050.25,20982.0,21186.75,20981.75,stop,-1370.0,-1375.0,-1.0073260073260073
2024-07-29,ORH,21267.25,short,2024-07-29T10:10:00-04:00,2024-07-29T10:11:00-04:00,2024-07-29T11:12:00-04:00,21225.0,21289.0,21097.0,21097.0,target,2560.0,2555.0,1.99609375
2024-07-30,PDL,21037.25,long,2024-07-30T10:40:00-04:00,2024-07-30T10:48:00-04:00,2024-07-30T10:59:00-04:00,21081.25,21030.25,21183.25,21030.0,stop,-1025.0,-1030.0,-1.0098039215686274
2024-08-01,ORH,21561.0,short,2024-08-01T10:05:00-04:00,2024-08-01T10:06:00-04:00,2024-08-01T10:23:00-04:00,21526.0,21591.75,21394.5,21394.5,target,2630.0,2625.0,1.9961977186311788
2024-08-06,ORH,20098.0,short,2024-08-06T10:30:00-04:00,2024-08-06T10:31:00-04:00,2024-08-06T10:38:00-04:00,20081.25,20144.5,19954.75,20144.75,stop,-1270.0,-1275.0,-1.007905138339921
2024-08-07,ORH,20464.75,short,2024-08-07T10:05:00-04:00,2024-08-07T10:06:00-04:00,2024-08-07T12:00:00-04:00,20408.5,20481.5,20262.5,20323.25,noon,1705.0,1700.0,1.1643835616438356
2024-08-09,ORL,20370.25,long,2024-08-09T10:05:00-04:00,2024-08-09T10:07:00-04:00,2024-08-09T12:00:00-04:00,20417.75,20328.0,20597.25,20404.0,noon,-275.0,-280.0,-0.15598885793871867
2024-08-12,ORL,20481.0,long,2024-08-12T10:05:00-04:00,2024-08-12T10:06:00-04:00,2024-08-12T10:17:00-04:00,20503.25,20454.5,20600.75,20600.75,target,1950.0,1945.0,1.994871794871795
2024-08-12,PDH,20598.5,short,2024-08-12T11:25:00-04:00,2024-08-12T11:26:00-04:00,2024-08-12T12:00:00-04:00,20510.5,20674.75,20182.0,20644.25,noon,-2675.0,-2680.0,-0.8158295281582952
2024-08-14,ORL,20967.25,long,2024-08-14T10:05:00-04:00,2024-08-14T10:06:00-04:00,2024-08-14T10:11:00-04:00,20974.25,20935.5,21051.75,20935.25,stop,-780.0,-785.0,-1.0129032258064516
2024-08-14,ORL,20967.25,long,2024-08-14T10:55:00-04:00,2024-08-14T10:56:00-04:00,2024-08-14T11:33:00-04:00,20978.25,20946.75,21041.25,21041.25,target,1260.0,1255.0,1.992063492063492
2024-08-16,ORH,21458.5,short,2024-08-16T11:00:00-04:00,2024-08-16T11:01:00-04:00,2024-08-16T11:04:00-04:00,21438.0,21461.0,21392.0,21461.25,stop,-465.0,-470.0,-1.0217391304347827
2024-08-16,ORH,21458.5,short,2024-08-16T11:15:00-04:00,2024-08-16T11:17:00-04:00,2024-08-16T11:31:00-04:00,21438.5,21463.25,21389.0,21463.5,stop,-500.0,-505.0,-1.02020202020202
2024-08-19,ORH,21541.0,short,2024-08-19T10:10:00-04:00,2024-08-19T10:18:00-04:00,2024-08-19T10:33:00-04:00,21497.0,21544.5,21402.0,21544.75,stop,-955.0,-960.0,-1.0105263157894737
2024-08-19,PDH,21584.75,short,2024-08-19T11:15:00-04:00,2024-08-19T11:16:00-04:00,2024-08-19T11:53:00-04:00,21573.75,21602.5,21516.25,21602.75,stop,-580.0,-585.0,-1.017391304347826
2024-08-20,PDH,21785.25,short,2024-08-20T10:15:00-04:00,2024-08-20T10:17:00-04:00,2024-08-20T12:00:00-04:00,21748.5,21826.0,21593.5,21777.0,noon,-570.0,-575.0,-0.3709677419354839
2024-08-21,PDH,21849.0,short,2024-08-21T10:50:00-04:00,2024-08-21T10:51:00-04:00,2024-08-21T12:00:00-04:00,21831.0,21905.25,21682.5,21748.25,noon,1655.0,1650.0,1.1111111111111112
2024-08-22,PDH,21905.75,short,2024-08-22T10:00:00-04:00,2024-08-22T10:01:00-04:00,2024-08-22T10:12:00-04:00,21893.75,21933.25,21814.75,21814.75,target,1580.0,1575.0,1.9936708860759493
2024-08-23,ORH,21688.75,short,2024-08-23T10:50:00-04:00,2024-08-23T10:52:00-04:00,2024-08-23T12:00:00-04:00,21565.0,21754.0,21187.0,21641.25,noon,-1525.0,-1530.0,-0.40476190476190477
2024-08-26,PDL,21515.75,long,2024-08-26T11:00:00-04:00,2024-08-26T11:03:00-04:00,2024-08-26T11:48:00-04:00,21532.5,21494.25,21609.0,21494.0,stop,-770.0,-775.0,-1.0130718954248366
2024-08-29,PDH,21580.5,short,2024-08-29T10:05:00-04:00,2024-08-29T10:06:00-04:00,2024-08-29T10:51:00-04:00,21535.25,21609.5,21386.75,21609.75,stop,-1490.0,-1495.0,-1.0067340067340067
2024-08-29,PDH,21580.5,short,2024-08-29T11:00:00-04:00,2024-08-29T11:07:00-04:00,2024-08-29T11:16:00-04:00,21550.25,21607.75,21435.25,21608.0,stop,-1155.0,-1160.0,-1.008695652173913
2024-08-30,ORH,21501.25,short,2024-08-30T10:15:00-04:00,2024-08-30T10:16:00-04:00,2024-08-30T10:42:00-04:00,21491.75,21519.5,21436.25,21519.75,stop,-560.0,-565.0,-1.018018018018018
2024-08-30,ORH,21501.25,short,2024-08-30T10:55:00-04:00,2024-08-30T10:56:00-04:00,2024-08-30T11:32:00-04:00,21461.5,21514.5,21355.5,21355.5,target,2120.0,2115.0,1.9952830188679245
2024-09-03,ORL,21282.25,long,2024-09-03T10:00:00-04:00,2024-09-03T10:02:00-04:00,2024-09-03T10:02:00-04:00,21298.5,21254.5,21386.5,21254.25,stop,-885.0,-890.0,-1.0113636363636365
2024-09-04,PDL,20835.0,long,2024-09-04T10:10:00-04:00,2024-09-04T10:11:00-04:00,2024-09-04T12:00:00-04:00,20906.25,20813.75,21091.25,20933.0,noon,535.0,530.0,0.2864864864864865
2024-09-05,PDH,21038.75,short,2024-09-05T10:10:00-04:00,2024-09-05T10:11:00-04:00,2024-09-05T10:25:00-04:00,20993.75,21047.0,20887.25,21047.25,stop,-1070.0,-1075.0,-1.0093896713615023
2024-09-05,PDH,21038.75,short,2024-09-05T10:30:00-04:00,2024-09-05T10:35:00-04:00,2024-09-05T11:01:00-04:00,21017.75,21075.0,20903.25,20903.25,target,2290.0,2285.0,1.9956331877729259
2024-09-09,ORH,20598.25,short,2024-09-09T10:20:00-04:00,2024-09-09T10:22:00-04:00,2024-09-09T11:14:00-04:00,20560.5,20626.0,20429.5,20429.5,target,2620.0,2615.0,1.9961832061068703
2024-09-10,PDH,20654.0,short,2024-09-10T10:15:00-04:00,2024-09-10T10:16:00-04:00,2024-09-10T12:00:00-04:00,20619.25,20722.5,20412.75,20548.0,noon,1425.0,1420.0,0.6876513317191283
2024-09-11,PDL,20513.75,long,2024-09-11T11:00:00-04:00,2024-09-11T11:05:00-04:00,2024-09-11T11:39:00-04:00,20534.0,20470.5,20661.0,20661.0,target,2540.0,2535.0,1.9960629921259843
2024-09-12,PDH,21217.5,short,2024-09-12T11:00:00-04:00,2024-09-12T11:01:00-04:00,2024-09-12T11:13:00-04:00,21194.25,21276.75,21029.25,21277.0,stop,-1655.0,-1660.0,-1.006060606060606
2024-09-13,PDH,21407.5,short,2024-09-13T10:30:00-04:00,2024-09-13T10:31:00-04:00,2024-09-13T10:46:00-04:00,21381.5,21453.75,21237.0,21454.0,stop,-1450.0,-1455.0,-1.0069204152249136
2024-09-16,ORH,21364.75,short,2024-09-16T10:00:00-04:00,2024-09-16T10:01:00-04:00,2024-09-16T10:32:00-04:00,21349.5,21387.0,21274.5,21274.5,target,1500.0,1495.0,1.9933333333333334
2024-09-16,ORL,21250.25,long,2024-09-16T10:40:00-04:00,2024-09-16T10:42:00-04:00,2024-09-16T12:00:00-04:00,21279.0,21217.5,21402.0,21288.0,noon,180.0,175.0,0.14227642276422764
2024-09-17,ORL,21446.0,long,2024-09-17T10:00:00-04:00,2024-09-17T10:03:00-04:00,2024-09-17T10:48:00-04:00,21456.5,21415.25,21539.0,21539.0,target,1650.0,1645.0,1.993939393939394
2024-09-17,ORH,21517.75,short,2024-09-17T10:55:00-04:00,2024-09-17T10:56:00-04:00,2024-09-17T11:00:00-04:00,21502.75,21530.75,21446.75,21446.75,target,1120.0,1115.0,1.9910714285714286
2024-09-18,ORL,21358.25,long,2024-09-18T10:15:00-04:00,2024-09-18T10:16:00-04:00,2024-09-18T11:23:00-04:00,21378.5,21335.5,21464.5,21335.25,stop,-865.0,-870.0,-1.0116279069767442
2024-09-23,PDH,21773.0,short,2024-09-23T10:00:00-04:00,2024-09-23T10:01:00-04:00,2024-09-23T10:02:00-04:00,21753.0,21782.25,21694.5,21782.5,stop,-590.0,-595.0,-1.017094017094017
2024-09-23,ORH,21774.75,short,2024-09-23T10:10:00-04:00,2024-09-23T10:11:00-04:00,2024-09-23T10:24:00-04:00,21756.5,21792.75,21684.0,21793.0,stop,-730.0,-735.0,-1.013793103448276
2024-09-24,PDL,21707.75,long,2024-09-24T10:55:00-04:00,2024-09-24T10:57:00-04:00,2024-09-24T11:44:00-04:00,21748.5,21706.75,21832.0,21832.0,target,1670.0,1665.0,1.9940119760479043
2024-09-25,PDH,21903.75,short,2024-09-25T10:50:00-04:00,2024-09-25T10:51:00-04:00,2024-09-25T10:52:00-04:00,21894.5,21927.0,21829.5,21927.25,stop,-655.0,-660.0,-1.0153846153846153
2024-09-25,PDH,21903.75,short,2024-09-25T11:25:00-04:00,2024-09-25T11:26:00-04:00,2024-09-25T11:38:00-04:00,21900.25,21921.25,21858.25,21921.5,stop,-425.0,-430.0,-1.0238095238095237
2024-09-26,ORL,22108.25,long,2024-09-26T10:00:00-04:00,2024-09-26T10:01:00-04:00,2024-09-26T10:06:00-04:00,22123.25,22095.5,22178.75,22095.25,stop,-560.0,-565.0,-1.018018018018018
2024-09-26,PDH,21960.0,short,2024-09-26T10:55:00-04:00,2024-09-26T10:56:00-04:00,2024-09-26T11:58:00-04:00,21942.5,22007.75,21812.0,22008.0,stop,-1310.0,-1315.0,-1.0076628352490422
2024-09-27,ORL,21999.5,long,2024-09-27T10:25:00-04:00,2024-09-27T10:29:00-04:00,2024-09-27T10:35:00-04:00,22016.25,21973.75,22101.25,21973.5,stop,-855.0,-860.0,-1.011764705882353
2024-09-27,ORL,21999.5,long,2024-09-27T10:40:00-04:00,2024-09-27T10:41:00-04:00,2024-09-27T11:11:00-04:00,22012.5,21961.0,22115.5,21960.75,stop,-1035.0,-1040.0,-1.0097087378640777
2024-09-30,PDL,21862.0,long,2024-09-30T10:30:00-04:00,2024-09-30T10:31:00-04:00,2024-09-30T12:00:00-04:00,21875.75,21816.0,21995.25,21896.5,noon,415.0,410.0,0.34309623430962344
2024-10-02,ORH,21655.75,short,2024-10-02T10:25:00-04:00,2024-10-02T10:26:00-04:00,2024-10-02T10:33:00-04:00,21637.75,21704.25,21504.75,21704.5,stop,-1335.0,-1340.0,-1.0075187969924813
2024-10-03,PDH,21779.25,short,2024-10-03T10:15:00-04:00,2024-10-03T10:23:00-04:00,2024-10-03T12:00:00-04:00,21670.25,21803.0,21404.75,21729.5,noon,-1185.0,-1190.0,-0.448210922787194
2024-10-04,PDH,21802.75,short,2024-10-04T10:00:00-04:00,2024-10-04T10:01:00-04:00,2024-10-04T11:07:00-04:00,21761.25,21846.5,21590.75,21846.75,stop,-1710.0,-1715.0,-1.0058651026392962
2024-10-04,PDH,21802.75,short,2024-10-04T11:15:00-04:00,2024-10-04T11:16:00-04:00,2024-10-04T12:00:00-04:00,21784.75,21836.0,21682.25,21830.75,noon,-920.0,-925.0,-0.9024390243902439
2024-10-07,ORL,21796.75,long,2024-10-07T10:00:00-04:00,2024-10-07T10:04:00-04:00,2024-10-07T12:00:00-04:00,21821.0,21784.0,21895.0,21839.0,noon,360.0,355.0,0.4797297297297297
2024-10-08,PDH,21876.25,short,2024-10-08T10:15:00-04:00,2024-10-08T10:16:00-04:00,2024-10-08T10:31:00-04:00,21863.25,21889.0,21811.75,21889.25,stop,-520.0,-525.0,-1.0194174757281553
2024-10-09,PDH,22018.5,short,2024-10-09T10:50:00-04:00,2024-10-09T10:55:00-04:00,2024-10-09T10:58:00-04:00,22004.75,22029.25,21955.75,22029.5,stop,-495.0,-500.0,-1.0204081632653061
2024-10-10,ORL,22029.5,long,2024-10-10T10:00:00-04:00,2024-10-10T10:01:00-04:00,2024-10-10T12:00:00-04:00,22075.0,22022.25,22180.5,22164.0,noon,1780.0,1775.0,1.6824644549763033
2024-10-14,ORH,22296.5,short,2024-10-14T10:55:00-04:00,2024-10-14T10:59:00-04:00,2024-10-14T12:00:00-04:00,22262.75,22303.5,22181.25,22273.5,noon,-215.0,-220.0,-0.26993865030674846
2024-10-16,PDL,21943.0,long,2024-10-16T10:05:00-04:00,2024-10-16T10:07:00-04:00,2024-10-16T12:00:00-04:00,21950.5,21894.75,22062.0,21963.75,noon,265.0,260.0,0.23318385650224216
2024-10-17,PDH,22068.25,short,2024-10-17T10:10:00-04:00,2024-10-17T10:11:00-04:00,2024-10-17T10:15:00-04:00,22061.5,22102.25,21980.0,22102.5,stop,-820.0,-825.0,-1.0122699386503067
2024-10-17,ORL,22091.75,long,2024-10-17T10:20:00-04:00,2024-10-17T10:21:00-04:00,2024-10-17T10:29:00-04:00,22120.5,22089.5,22182.5,22089.25,stop,-625.0,-630.0,-1.0161290322580645
2024-10-18,ORH,22191.0,short,2024-10-18T10:15:00-04:00,2024-10-18T10:16:00-04:00,2024-10-18T11:32:00-04:00,22173.5,22212.75,22095.0,22213.0,stop,-790.0,-795.0,-1.0127388535031847
2024-10-21,PDH,22218.75,short,2024-10-21T10:25:00-04:00,2024-10-21T10:26:00-04:00,2024-10-21T10:40:00-04:00,22208.75,22241.75,22142.75,22142.75,target,1320.0,1315.0,1.9924242424242424
2024-10-21,ORL,22111.75,long,2024-10-21T10:50:00-04:00,2024-10-21T10:53:00-04:00,2024-10-21T11:08:00-04:00,22125.5,22070.5,22235.5,22070.25,stop,-1105.0,-1110.0,-1.009090909090909
2024-10-23,PDL,22058.5,long,2024-10-23T10:10:00-04:00,2024-10-23T10:12:00-04:00,2024-10-23T11:14:00-04:00,22085.0,22034.5,22186.0,22034.25,stop,-1015.0,-1020.0,-1.00990099009901
2024-10-24,ORL,22000.75,long,2024-10-24T10:30:00-04:00,2024-10-24T10:35:00-04:00,2024-10-24T10:59:00-04:00,22050.75,21998.0,22156.25,21997.75,stop,-1060.0,-1065.0,-1.009478672985782
2024-10-24,ORL,22000.75,long,2024-10-24T11:10:00-04:00,2024-10-24T11:11:00-04:00,2024-10-24T11:48:00-04:00,22028.75,21993.0,22100.25,21992.75,stop,-720.0,-725.0,-1.013986013986014
2024-10-28,ORL,22245.5,long,2024-10-28T10:05:00-04:00,2024-10-28T10:09:00-04:00,2024-10-28T11:01:00-04:00,22268.25,22241.0,22322.75,22240.75,stop,-550.0,-555.0,-1.018348623853211
2024-10-29,ORH,22215.5,short,2024-10-29T10:10:00-04:00,2024-10-29T10:11:00-04:00,2024-10-29T10:12:00-04:00,22201.0,22227.0,22149.0,22227.25,stop,-525.0,-530.0,-1.0192307692307692
2024-10-30,ORH,22358.25,short,2024-10-30T10:50:00-04:00,2024-10-30T10:51:00-04:00,2024-10-30T12:00:00-04:00,22348.5,22377.5,22290.5,22361.25,noon,-255.0,-260.0,-0.4482758620689655
2024-11-01,ORH,21854.0,short,2024-11-01T10:05:00-04:00,2024-11-01T10:06:00-04:00,2024-11-01T10:09:00-04:00,21824.25,21877.25,21718.25,21877.5,stop,-1065.0,-1070.0,-1.009433962264151
2024-11-04,ORH,21830.25,short,2024-11-04T10:05:00-05:00,2024-11-04T10:15:00-05:00,2024-11-04T10:18:00-05:00,21809.25,21841.0,21745.75,21841.25,stop,-640.0,-645.0,-1.015748031496063
2024-11-06,ORL,22359.0,long,2024-11-06T10:00:00-05:00,2024-11-06T10:01:00-05:00,2024-11-06T10:27:00-05:00,22381.75,22333.75,22477.75,22477.75,target,1920.0,1915.0,1.9947916666666667
2024-11-06,ORH,22494.25,short,2024-11-06T10:35:00-05:00,2024-11-06T10:37:00-05:00,2024-11-06T10:54:00-05:00,22477.0,22511.5,22408.0,22408.0,target,1380.0,1375.0,1.9927536231884058
2024-11-08,ORL,22874.5,long,2024-11-08T10:20:00-05:00,2024-11-08T10:21:00-05:00,2024-11-08T12:00:00-05:00,22892.75,22849.75,22978.75,22907.75,noon,300.0,295.0,0.3430232558139535
2024-11-11,PDL,22850.25,long,2024-11-11T10:10:00-05:00,2024-11-11T10:11:00-05:00,2024-11-11T12:00:00-05:00,22875.0,22843.75,22937.5,22891.75,noon,335.0,330.0,0.528
2024-11-12,ORH,22930.5,short,2024-11-12T10:00:00-05:00,2024-11-12T10:03:00-05:00,2024-11-12T11:40:00-05:00,22910.0,22941.25,22847.5,22847.5,target,1250.0,1245.0,1.992
2024-11-14,ORL,22768.0,long,2024-11-14T10:05:00-05:00,2024-11-14T10:06:00-05:00,2024-11-14T10:19:00-05:00,22785.5,22762.5,22831.5,22762.25,stop,-465.0,-470.0,-1.0217391304347827
2024-11-14,PDL,22745.5,long,2024-11-14T10:30:00-05:00,2024-11-14T10:36:00-05:00,2024-11-14T12:00:00-05:00,22791.5,22742.25,22890.0,22790.0,noon,-30.0,-35.0,-0.03553299492385787
2024-11-18,ORL,22210.25,long,2024-11-18T10:00:00-05:00,2024-11-18T10:01:00-05:00,2024-11-18T10:09:00-05:00,22221.25,22193.25,22277.25,22277.25,target,1120.0,1115.0,1.9910714285714286
2024-11-20,PDL,22197.0,long,2024-11-20T10:20:00-05:00,2024-11-20T10:27:00-05:00,2024-11-20T10:47:00-05:00,22226.0,22189.25,22299.5,22299.5,target,1470.0,1465.0,1.9931972789115646
2024-11-21,ORL,22317.25,long,2024-11-21T10:15:00-05:00,2024-11-21T10:16:00-05:00,2024-11-21T10:25:00-05:00,22378.25,22282.0,22570.75,22281.75,stop,-1930.0,-1935.0,-1.0051948051948052
2024-11-21,ORL,22317.25,long,2024-11-21T10:50:00-05:00,2024-11-21T10:51:00-05:00,2024-11-21T11:26:00-05:00,22329.25,22274.5,22438.75,22438.75,target,2190.0,2185.0,1.995433789954338
2024-11-22,ORL,22464.0,long,2024-11-22T10:40:00-05:00,2024-11-22T10:41:00-05:00,2024-11-22T11:22:00-05:00,22511.25,22433.5,22666.75,22433.25,stop,-1560.0,-1565.0,-1.0064308681672025
2024-11-26,ORL,22627.0,long,2024-11-26T10:25:00-05:00,2024-11-26T10:30:00-05:00,2024-11-26T12:00:00-05:00,22642.25,22608.75,22709.25,22654.0,noon,235.0,230.0,0.34328358208955223
2024-12-03,ORH,22892.5,short,2024-12-03T10:25:00-05:00,2024-12-03T10:28:00-05:00,2024-12-03T10:36:00-05:00,22865.75,22895.5,22806.25,22895.75,stop,-600.0,-605.0,-1.0168067226890756
2024-12-03,ORH,22892.5,short,2024-12-03T10:45:00-05:00,2024-12-03T10:46:00-05:00,2024-12-03T11:00:00-05:00,22873.0,22895.75,22827.5,22896.0,stop,-460.0,-465.0,-1.021978021978022
2024-12-04,ORH,23125.75,short,2024-12-04T10:00:00-05:00,2024-12-04T10:01:00-05:00,2024-12-04T10:08:00-05:00,23098.5,23130.75,23034.0,23131.0,stop,-650.0,-655.0,-1.0155038759689923
2024-12-05,ORL,23207.75,long,2024-12-05T10:05:00-05:00,2024-12-05T10:10:00-05:00,2024-12-05T10:25:00-05:00,23219.25,23197.0,23263.75,23196.75,stop,-450.0,-455.0,-1.0224719101123596
2024-12-05,ORL,23207.75,long,2024-12-05T10:35:00-05:00,2024-12-05T10:38:00-05:00,2024-12-05T10:40:00-05:00,23215.25,23202.5,23240.75,23202.25,stop,-260.0,-265.0,-1.0392156862745099
2024-12-09,ORH,23331.5,short,2024-12-09T10:00:00-05:00,2024-12-09T10:03:00-05:00,2024-12-09T10:29:00-05:00,23303.5,23335.75,23239.0,23239.0,target,1290.0,1285.0,1.9922480620155039
2024-12-09,PDL,23175.0,long,2024-12-09T11:20:00-05:00,2024-12-09T11:21:00-05:00,2024-12-09T12:00:00-05:00,23180.75,23149.75,23242.75,23199.0,noon,365.0,360.0,0.5806451612903226
2024-12-10,ORH,23265.75,short,2024-12-10T10:30:00-05:00,2024-12-10T10:31:00-05:00,2024-12-10T10:58:00-05:00,23250.0,23273.75,23202.5,23202.5,target,950.0,945.0,1.9894736842105263
2024-12-10,ORL,23194.5,long,2024-12-10T11:05:00-05:00,2024-12-10T11:06:00-05:00,2024-12-10T11:09:00-05:00,23204.5,23176.25,23261.0,23176.0,stop,-570.0,-575.0,-1.0176991150442478
2024-12-12,ORL,23345.0,long,2024-12-12T10:20:00-05:00,2024-12-12T10:21:00-05:00,2024-12-12T12:00:00-05:00,23373.0,23316.5,23486.0,23362.75,noon,-205.0,-210.0,-0.18584070796460178
2024-12-13,ORH,23584.0,short,2024-12-13T10:00:00-05:00,2024-12-13T10:02:00-05:00,2024-12-13T10:28:00-05:00,23555.25,23586.75,23492.25,23492.25,target,1260.0,1255.0,1.992063492063492
2024-12-13,PDH,23434.0,short,2024-12-13T10:55:00-05:00,2024-12-13T10:57:00-05:00,2024-12-13T12:00:00-05:00,23405.25,23465.75,23284.25,23388.5,noon,335.0,330.0,0.2727272727272727
2024-12-16,ORH,23652.25,short,2024-12-16T10:20:00-05:00,2024-12-16T10:21:00-05:00,2024-12-16T10:26:00-05:00,23643.75,23676.0,23579.25,23676.25,stop,-650.0,-655.0,-1.0155038759689923
2024-12-17,ORL,23682.5,long,2024-12-17T10:10:00-05:00,2024-12-17T10:11:00-05:00,2024-12-17T10:13:00-05:00,23719.25,23676.5,23804.75,23676.25,stop,-860.0,-865.0,-1.0116959064327486
2024-12-17,ORL,23682.5,long,2024-12-17T10:40:00-05:00,2024-12-17T10:41:00-05:00,2024-12-17T11:35:00-05:00,23691.0,23652.0,23769.0,23769.0,target,1560.0,1555.0,1.9935897435897436
2024-12-18,ORH,23706.25,short,2024-12-18T10:10:00-05:00,2024-12-18T10:11:00-05:00,2024-12-18T10:13:00-05:00,23685.0,23709.5,23636.0,23709.75,stop,-495.0,-500.0,-1.0204081632653061
2024-12-18,ORH,23706.25,short,2024-12-18T10:20:00-05:00,2024-12-18T10:21:00-05:00,2024-12-18T10:23:00-05:00,23698.0,23716.0,23662.0,23716.25,stop,-365.0,-370.0,-1.0277777777777777
2024-12-19,ORL,22971.0,long,2024-12-19T10:00:00-05:00,2024-12-19T10:01:00-05:00,2024-12-19T10:02:00-05:00,23006.5,22955.25,23109.0,22955.0,stop,-1030.0,-1035.0,-1.0097560975609756
2024-12-19,ORL,22971.0,long,2024-12-19T11:25:00-05:00,2024-12-19T11:26:00-05:00,2024-12-19T12:00:00-05:00,23003.0,22905.75,23197.5,22965.25,noon,-755.0,-760.0,-0.390745501285347
2024-12-20,ORH,22712.0,short,2024-12-20T10:10:00-05:00,2024-12-20T10:11:00-05:00,2024-12-20T10:14:00-05:00,22670.75,22739.25,22533.75,22739.5,stop,-1375.0,-1380.0,-1.0072992700729928
2024-12-20,PDL,22766.0,long,2024-12-20T10:25:00-05:00,2024-12-20T10:26:00-05:00,2024-12-20T10:31:00-05:00,22792.25,22739.25,22898.25,22898.25,target,2120.0,2115.0,1.9952830188679245
2024-12-23,ORL,23009.5,long,2024-12-23T11:05:00-05:00,2024-12-23T11:07:00-05:00,2024-12-23T12:00:00-05:00,23015.25,22956.75,23132.25,23096.0,noon,1615.0,1610.0,1.376068376068376
2024-12-26,ORL,23359.0,long,2024-12-26T10:00:00-05:00,2024-12-26T10:01:00-05:00,2024-12-26T12:00:00-05:00,23370.75,23284.25,23543.75,23442.5,noon,1435.0,1430.0,0.8265895953757225
2024-12-30,ORL,22712.5,long,2024-12-30T10:40:00-05:00,2024-12-30T10:41:00-05:00,2024-12-30T12:00:00-05:00,22773.0,22681.25,22956.5,22861.25,noon,1765.0,1760.0,0.9591280653950953
2024-12-31,ORL,22771.0,long,2024-12-31T10:15:00-05:00,2024-12-31T10:17:00-05:00,2024-12-31T11:05:00-05:00,22796.0,22736.0,22916.0,22735.75,stop,-1205.0,-1210.0,-1.0083333333333333
2025-01-02,ORH,22776.0,short,2025-01-02T10:20:00-05:00,2025-01-02T10:21:00-05:00,2025-01-02T11:05:00-05:00,22759.25,22836.75,22604.25,22604.25,target,3100.0,3095.0,1.9967741935483871
2025-01-03,ORH,22834.75,short,2025-01-03T10:10:00-05:00,2025-01-03T10:12:00-05:00,2025-01-03T10:21:00-05:00,22790.0,22844.25,22681.5,22681.5,target,2170.0,2165.0,1.9953917050691243
2025-01-08,ORH,22787.75,short,2025-01-08T10:10:00-05:00,2025-01-08T10:11:00-05:00,2025-01-08T10:15:00-05:00,22746.5,22795.25,22649.0,22649.0,target,1950.0,1945.0,1.994871794871795
2025-01-08,PDL,22682.5,long,2025-01-08T10:20:00-05:00,2025-01-08T10:25:00-05:00,2025-01-08T12:00:00-05:00,22703.25,22633.5,22842.75,22788.25,noon,1700.0,1695.0,1.2150537634408602
2025-01-13,ORH,22188.5,short,2025-01-13T10:15:00-05:00,2025-01-13T10:16:00-05:00,2025-01-13T10:21:00-05:00,22172.5,22208.5,22100.5,22208.75,stop,-725.0,-730.0,-1.0138888888888888
2025-01-13,PDL,22277.75,long,2025-01-13T10:50:00-05:00,2025-01-13T10:51:00-05:00,2025-01-13T10:53:00-05:00,22283.5,22249.0,22352.5,22248.75,stop,-695.0,-700.0,-1.0144927536231885
2025-01-14,ORL,22421.25,long,2025-01-14T10:10:00-05:00,2025-01-14T10:12:00-05:00,2025-01-14T10:30:00-05:00,22476.25,22413.0,22602.75,22412.75,stop,-1270.0,-1275.0,-1.007905138339921
2025-01-14,PDH,22367.5,short,2025-01-14T10:40:00-05:00,2025-01-14T10:41:00-05:00,2025-01-14T10:44:00-05:00,22355.0,22411.25,22242.5,22411.5,stop,-1130.0,-1135.0,-1.008888888888889
2025-01-16,ORL,22807.75,long,2025-01-16T10:10:00-05:00,2025-01-16T10:11:00-05:00,2025-01-16T10:13:00-05:00,22828.25,22771.5,22941.75,22771.25,stop,-1140.0,-1145.0,-1.0088105726872247
2025-01-16,ORL,22807.75,long,2025-01-16T11:00:00-05:00,2025-01-16T11:01:00-05:00,2025-01-16T11:36:00-05:00,22830.75,22776.0,22940.25,22775.75,stop,-1100.0,-1105.0,-1.0091324200913243
2025-01-17,ORL,22895.25,long,2025-01-17T10:00:00-05:00,2025-01-17T10:03:00-05:00,2025-01-17T10:27:00-05:00,22953.25,22889.5,23080.75,22889.25,stop,-1280.0,-1285.0,-1.007843137254902
2025-01-21,ORL,22992.5,long,2025-01-21T10:20:00-05:00,2025-01-21T10:21:00-05:00,2025-01-21T12:00:00-05:00,23012.75,22928.25,23181.75,23077.5,noon,1295.0,1290.0,0.7633136094674556
2025-01-23,PDL,23305.5,long,2025-01-23T10:35:00-05:00,2025-01-23T10:37:00-05:00,2025-01-23T12:00:00-05:00,23327.5,23295.0,23392.5,23350.5,noon,460.0,455.0,0.7
2025-01-24,PDH,23446.75,short,2025-01-24T10:05:00-05:00,2025-01-24T10:06:00-05:00,2025-01-24T12:00:00-05:00,23419.75,23473.75,23311.75,23386.0,noon,675.0,670.0,0.6203703703703703
2025-01-27,ORH,22706.0,short,2025-01-27T10:15:00-05:00,2025-01-27T10:17:00-05:00,2025-01-27T10:27:00-05:00,22681.25,22726.5,22590.75,22726.75,stop,-910.0,-915.0,-1.011049723756906
2025-01-27,ORH,22706.0,short,2025-01-27T11:05:00-05:00,2025-01-27T11:06:00-05:00,2025-01-27T11:25:00-05:00,22695.25,22729.75,22626.25,22626.25,target,1380.0,1375.0,1.9927536231884058
2025-01-29,ORL,22901.75,long,2025-01-29T10:50:00-05:00,2025-01-29T10:51:00-05:00,2025-01-29T12:00:00-05:00,22910.75,22862.75,23006.75,22886.75,noon,-480.0,-485.0,-0.5052083333333334
2025-01-30,PDH,23009.25,short,2025-01-30T10:10:00-05:00,2025-01-30T10:20:00-05:00,2025-01-30T10:56:00-05:00,22972.5,23011.75,22894.0,22894.0,target,1570.0,1565.0,1.9936305732484076
2025-02-05,ORL,22922.0,long,2025-02-05T10:25:00-05:00,2025-02-05T10:26:00-05:00,2025-02-05T11:44:00-05:00,22961.0,22912.75,23057.5,23057.5,target,1930.0,1925.0,1.994818652849741
2025-02-06,ORH,23192.5,short,2025-02-06T10:45:00-05:00,2025-02-06T10:48:00-05:00,2025-02-06T11:20:00-05:00,23161.5,23216.75,23051.0,23217.0,stop,-1110.0,-1115.0,-1.009049773755656
2025-02-07,PDH,23285.25,short,2025-02-07T10:05:00-05:00,2025-02-07T10:13:00-05:00,2025-02-07T12:00:00-05:00,23134.75,23308.5,22787.25,23032.5,noon,2045.0,2040.0,0.5870503597122302
2025-02-12,ORH,23070.75,short,2025-02-12T10:05:00-05:00,2025-02-12T10:06:00-05:00,2025-02-12T10:22:00-05:00,23014.75,23085.75,22872.75,23086.0,stop,-1425.0,-1430.0,-1.0070422535211268
2025-02-12,PDL,23103.75,long,2025-02-12T10:35:00-05:00,2025-02-12T10:37:00-05:00,2025-02-12T10:48:00-05:00,23127.75,23098.25,23186.75,23098.0,stop,-595.0,-600.0,-1.0169491525423728
2025-02-13,ORH,23354.0,short,2025-02-13T10:05:00-05:00,2025-02-13T10:07:00-05:00,2025-02-13T10:20:00-05:00,23316.0,23368.0,23212.0,23368.25,stop,-1045.0,-1050.0,-1.0096153846153846
2025-02-14,ORH,23541.0,short,2025-02-14T10:00:00-05:00,2025-02-14T10:02:00-05:00,2025-02-14T10:08:00-05:00,23522.5,23545.0,23477.5,23545.25,stop,-455.0,-460.0,-1.0222222222222221
2025-02-14,PDH,23527.0,short,2025-02-14T10:35:00-05:00,2025-02-14T10:39:00-05:00,2025-02-14T10:53:00-05:00,23519.75,23544.0,23471.25,23544.25,stop,-490.0,-495.0,-1.0206185567010309
2025-02-19,ORL,23575.5,long,2025-02-19T10:35:00-05:00,2025-02-19T10:45:00-05:00,2025-02-19T10:58:00-05:00,23592.25,23551.75,23673.25,23551.5,stop,-815.0,-820.0,-1.0123456790123457
2025-02-19,ORL,23575.5,long,2025-02-19T11:05:00-05:00,2025-02-19T11:12:00-05:00,2025-02-19T12:00:00-05:00,23603.0,23562.25,23684.5,23641.25,noon,765.0,760.0,0.9325153374233128
2025-02-21,PDL,23354.0,long,2025-02-21T10:50:00-05:00,2025-02-21T11:00:00-05:00,2025-02-21T12:00:00-05:00,23405.75,23343.25,23530.75,23382.0,noon,-475.0,-480.0,-0.384
2025-02-26,PDH,22800.5,short,2025-02-26T11:15:00-05:00,2025-02-26T11:17:00-05:00,2025-02-26T11:41:00-05:00,22785.25,22807.75,22740.25,22808.0,stop,-455.0,-460.0,-1.0222222222222221
2025-02-27,PDL,22467.5,long,2025-02-27T10:15:00-05:00,2025-02-27T10:17:00-05:00,2025-02-27T12:00:00-05:00,22490.25,22377.75,22715.25,22408.5,noon,-1635.0,-1640.0,-0.7288888888888889
2025-02-28,ORH,22048.0,short,2025-02-28T10:20:00-05:00,2025-02-28T10:21:00-05:00,2025-02-28T10:25:00-05:00,22038.0,22101.75,21910.5,22102.0,stop,-1280.0,-1285.0,-1.007843137254902
2025-03-03,ORL,22345.75,long,2025-03-03T10:30:00-05:00,2025-03-03T10:31:00-05:00,2025-03-03T10:38:00-05:00,22363.75,22282.5,22526.25,22282.25,stop,-1630.0,-1635.0,-1.0061538461538462
2025-03-03,PDH,22347.25,short,2025-03-03T10:50:00-05:00,2025-03-03T10:58:00-05:00,2025-03-03T11:25:00-05:00,22292.0,22384.75,22106.5,22385.0,stop,-1860.0,-1865.0,-1.005390835579515
2025-03-05,ORL,21716.75,long,2025-03-05T10:00:00-05:00,2025-03-05T10:01:00-05:00,2025-03-05T11:12:00-05:00,21767.25,21672.75,21956.25,21672.5,stop,-1895.0,-1900.0,-1.0052910052910053
2025-03-06,ORH,21722.75,short,2025-03-06T10:00:00-05:00,2025-03-06T10:01:00-05:00,2025-03-06T10:02:00-05:00,21664.5,21725.5,21542.5,21725.75,stop,-1225.0,-1230.0,-1.0081967213114753
2025-03-07,ORH,21594.25,short,2025-03-07T10:00:00-05:00,2025-03-07T10:01:00-05:00,2025-03-07T10:37:00-05:00,21538.5,21645.5,21324.5,21324.5,target,4280.0,4275.0,1.9976635514018692
2025-03-11,ORL,20788.75,long,2025-03-11T11:10:00-04:00,2025-03-11T11:11:00-04:00,2025-03-11T12:00:00-04:00,20879.0,20722.5,21192.0,20826.0,noon,-1060.0,-1065.0,-0.3402555910543131
2025-03-12,ORL,21069.5,long,2025-03-12T10:10:00-04:00,2025-03-12T10:11:00-04:00,2025-03-12T10:13:00-04:00,21115.0,21057.0,21231.0,21056.75,stop,-1165.0,-1170.0,-1.0086206896551724
2025-03-13,PDL,20798.25,long,2025-03-13T10:05:00-04:00,2025-03-13T10:06:00-04:00,2025-03-13T11:37:00-04:00,20826.5,20727.0,21025.5,20726.75,stop,-1995.0,-2000.0,-1.0050251256281406
2025-03-14,PDH,20980.0,short,2025-03-14T10:00:00-04:00,2025-03-14T10:01:00-04:00,2025-03-14T11:00:00-04:00,20938.0,21013.0,20788.0,21013.25,stop,-1505.0,-1510.0,-1.0066666666666666
2025-03-17,PDH,21145.5,short,2025-03-17T10:30:00-04:00,2025-03-17T10:31:00-04:00,2025-03-17T12:00:00-04:00,21117.5,21205.75,20941.0,21085.0,noon,650.0,645.0,0.3654390934844193
2025-03-18,ORL,20908.0,long,2025-03-18T10:40:00-04:00,2025-03-18T10:41:00-04:00,2025-03-18T10:45:00-04:00,20924.75,20885.5,21003.25,20885.25,stop,-790.0,-795.0,-1.0127388535031847
2025-03-19,ORH,21014.25,short,2025-03-19T10:55:00-04:00,2025-03-19T10:56:00-04:00,2025-03-19T11:07:00-04:00,20993.75,21029.5,20922.25,21029.75,stop,-720.0,-725.0,-1.013986013986014
2025-03-21,ORH,20911.0,short,2025-03-21T10:10:00-04:00,2025-03-21T10:11:00-04:00,2025-03-21T10:23:00-04:00,20876.0,20937.75,20752.5,20938.0,stop,-1240.0,-1245.0,-1.008097165991903
2025-03-21,PDL,20955.5,long,2025-03-21T11:00:00-04:00,2025-03-21T11:01:00-04:00,2025-03-21T11:16:00-04:00,20997.25,20935.25,21121.25,20935.0,stop,-1245.0,-1250.0,-1.0080645161290323
2025-04-01,ORH,20632.5,short,2025-04-01T10:05:00-04:00,2025-04-01T10:08:00-04:00,2025-04-01T10:40:00-04:00,20546.0,20633.5,20371.0,20633.75,stop,-1755.0,-1760.0,-1.0057142857142858
2025-04-02,ORH,20733.25,short,2025-04-02T10:00:00-04:00,2025-04-02T10:01:00-04:00,2025-04-02T10:01:00-04:00,20724.25,20759.25,20654.25,20759.5,stop,-705.0,-710.0,-1.0142857142857142
2025-04-02,ORH,20733.25,short,2025-04-02T10:10:00-04:00,2025-04-02T10:11:00-04:00,2025-04-02T10:33:00-04:00,20717.25,20820.5,20510.75,20820.75,stop,-2070.0,-2075.0,-1.0048426150121066
2025-04-04,ORL,19207.75,long,2025-04-04T10:20:00-04:00,2025-04-04T10:21:00-04:00,2025-04-04T10:29:00-04:00,19237.75,19143.0,19427.25,19142.75,stop,-1900.0,-1905.0,-1.0052770448548813
2025-04-04,ORL,19207.75,long,2025-04-04T11:15:00-04:00,2025-04-04T11:16:00-04:00,2025-04-04T11:27:00-04:00,19328.0,19161.0,19662.0,19160.75,stop,-3345.0,-3350.0,-1.0029940119760479
2025-04-07,PDL,18728.0,long,2025-04-07T10:15:00-04:00,2025-04-07T10:16:00-04:00,2025-04-07T10:37:00-04:00,19322.25,18452.5,21061.75,18452.25,stop,-17400.0,-17405.0,-1.0005748778384593
2025-04-07,PDL,18728.0,long,2025-04-07T10:55:00-04:00,2025-04-07T11:03:00-04:00,2025-04-07T11:15:00-04:00,18969.25,18629.75,19648.25,18629.5,stop,-6795.0,-6800.0,-1.0014727540500736
2025-04-08,ORH,19401.5,short,2025-04-08T10:55:00-04:00,2025-04-08T10:56:00-04:00,2025-04-08T11:13:00-04:00,19372.0,19426.25,19263.5,19263.5,target,2170.0,2165.0,1.9953917050691243
2025-04-09,ORH,18753.5,short,2025-04-09T10:05:00-04:00,2025-04-09T10:07:00-04:00,2025-04-09T12:00:00-04:00,18639.25,18797.5,18322.75,18519.75,noon,2390.0,2385.0,0.7535545023696683
2025-04-10,ORL,19879.25,long,2025-04-10T10:25:00-04:00,2025-04-10T10:26:00-04:00,2025-04-10T11:00:00-04:00,19922.0,19790.25,20185.5,19790.0,stop,-2640.0,-2645.0,-1.0037950664136623
2025-04-11,ORH,19769.5,short,2025-04-11T10:00:00-04:00,2025-04-11T10:01:00-04:00,2025-04-11T10:20:00-04:00,19761.0,19830.75,19621.5,19621.5,target,2790.0,2785.0,1.996415770609319
2025-04-11,ORL,19550.75,long,2025-04-11T10:35:00-04:00,2025-04-11T10:36:00-04:00,2025-04-11T12:00:00-04:00,19641.25,19469.0,19985.75,19767.75,noon,2530.0,2525.0,0.7329462989840348
2025-04-15,ORH,20285.5,short,2025-04-15T10:00:00-04:00,2025-04-15T10:01:00-04:00,2025-04-15T10:12:00-04:00,20264.0,20316.5,20159.0,20316.75,stop,-1055.0,-1060.0,-1.0095238095238095
2025-04-15,ORL,20168.0,long,2025-04-15T10:25:00-04:00,2025-04-15T10:35:00-04:00,2025-04-15T12:00:00-04:00,20234.0,20123.5,20455.0,20248.5,noon,290.0,285.0,0.12895927601809956
2025-04-16,ORL,19772.75,long,2025-04-16T10:10:00-04:00,2025-04-16T10:11:00-04:00,2025-04-16T10:17:00-04:00,19802.75,19742.0,19924.25,19741.75,stop,-1220.0,-1225.0,-1.008230452674897
2025-04-16,ORL,19772.75,long,2025-04-16T10:25:00-04:00,2025-04-16T10:26:00-04:00,2025-04-16T12:00:00-04:00,19813.5,19746.0,19948.5,19787.0,noon,-530.0,-535.0,-0.3962962962962963
2025-04-17,ORL,19582.0,long,2025-04-17T11:10:00-04:00,2025-04-17T11:16:00-04:00,2025-04-17T12:00:00-04:00,19619.0,19509.0,19839.0,19538.75,noon,-1605.0,-1610.0,-0.7318181818181818
2025-04-23,ORH,20312.0,short,2025-04-23T10:50:00-04:00,2025-04-23T10:51:00-04:00,2025-04-23T11:01:00-04:00,20301.75,20340.5,20224.25,20224.25,target,1550.0,1545.0,1.9935483870967743
2025-04-24,PDH,20365.0,short,2025-04-24T10:40:00-04:00,2025-04-24T10:44:00-04:00,2025-04-24T11:12:00-04:00,20341.0,20380.0,20263.0,20380.25,stop,-785.0,-790.0,-1.0128205128205128
2025-04-24,PDH,20365.0,short,2025-04-24T11:25:00-04:00,2025-04-24T11:26:00-04:00,2025-04-24T11:53:00-04:00,20349.25,20388.0,20271.75,20388.25,stop,-780.0,-785.0,-1.0129032258064516
2025-04-25,ORL,20455.5,long,2025-04-25T10:00:00-04:00,2025-04-25T10:01:00-04:00,2025-04-25T10:08:00-04:00,20485.5,20452.0,20552.5,20552.5,target,1340.0,1335.0,1.992537313432836
2025-04-25,ORH,20563.25,short,2025-04-25T10:20:00-04:00,2025-04-25T10:21:00-04:00,2025-04-25T10:23:00-04:00,20553.25,20596.0,20467.75,20467.75,target,1710.0,1705.0,1.9941520467836258
2025-04-28,ORL,20682.25,long,2025-04-28T10:05:00-04:00,2025-04-28T10:06:00-04:00,2025-04-28T11:09:00-04:00,20705.5,20632.25,20852.0,20632.0,stop,-1470.0,-1475.0,-1.006825938566553
2025-04-30,ORL,20334.5,long,2025-04-30T10:05:00-04:00,2025-04-30T10:08:00-04:00,2025-04-30T11:01:00-04:00,20393.0,20302.75,20573.5,20573.5,target,3610.0,3605.0,1.997229916897507
2025-05-01,ORL,21087.75,long,2025-05-01T10:05:00-04:00,2025-05-01T10:07:00-04:00,2025-05-01T11:16:00-04:00,21150.0,21064.5,21321.0,21321.0,target,3420.0,3415.0,1.9970760233918128
2025-05-05,ORH,21252.75,short,2025-05-05T10:25:00-04:00,2025-05-05T10:29:00-04:00,2025-05-05T10:55:00-04:00,21246.0,21295.5,21147.0,21295.75,stop,-995.0,-1000.0,-1.0101010101010102
2025-05-06,ORL,20979.25,long,2025-05-06T10:05:00-04:00,2025-05-06T10:06:00-04:00,2025-05-06T10:47:00-04:00,21001.0,20938.0,21127.0,21127.0,target,2520.0,2515.0,1.996031746031746
2025-05-07,ORH,21134.25,short,2025-05-07T10:05:00-04:00,2025-05-07T10:06:00-04:00,2025-05-07T10:08:00-04:00,21114.5,21140.25,21063.0,21140.5,stop,-520.0,-525.0,-1.0194174757281553
2025-05-07,ORH,21134.25,short,2025-05-07T10:50:00-04:00,2025-05-07T10:51:00-04:00,2025-05-07T11:02:00-04:00,21114.25,21162.5,21017.75,21017.75,target,1930.0,1925.0,1.994818652849741
2025-05-08,PDH,21253.0,short,2025-05-08T10:50:00-04:00,2025-05-08T10:54:00-04:00,2025-05-08T10:54:00-04:00,21233.5,21278.5,21143.5,21278.75,stop,-905.0,-910.0,-1.011111111111111
2025-05-12,ORL,21946.0,long,2025-05-12T10:40:00-04:00,2025-05-12T10:41:00-04:00,2025-05-12T12:00:00-04:00,21948.0,21905.5,22033.0,21964.0,noon,320.0,315.0,0.37058823529411766
2025-05-14,ORL,22513.75,long,2025-05-14T10:00:00-04:00,2025-05-14T10:01:00-04:00,2025-05-14T12:00:00-04:00,22533.25,22472.75,22654.25,22575.5,noon,845.0,840.0,0.6942148760330579
2025-05-15,ORH,22538.75,short,2025-05-15T10:05:00-04:00,2025-05-15T10:11:00-04:00,2025-05-15T11:04:00-04:00,22494.0,22546.5,22389.0,22546.75,stop,-1055.0,-1060.0,-1.0095238095238095
2025-05-15,PDH,22619.0,short,2025-05-15T11:25:00-04:00,2025-05-15T11:26:00-04:00,2025-05-15T11:41:00-04:00,22587.25,22624.75,22512.25,22625.0,stop,-755.0,-760.0,-1.0133333333333334
2025-05-16,ORL,22587.75,long,2025-05-16T10:55:00-04:00,2025-05-16T10:56:00-04:00,2025-05-16T11:11:00-04:00,22594.75,22574.0,22636.25,22573.75,stop,-420.0,-425.0,-1.0240963855421688
2025-05-20,ORL,22590.75,long,2025-05-20T10:20:00-04:00,2025-05-20T10:21:00-04:00,2025-05-20T10:29:00-04:00,22613.25,22582.25,22675.25,22582.0,stop,-625.0,-630.0,-1.0161290322580645
2025-05-20,ORL,22590.75,long,2025-05-20T10:35:00-04:00,2025-05-20T10:36:00-04:00,2025-05-20T12:00:00-04:00,22604.75,22580.75,22652.75,22634.75,noon,600.0,595.0,1.2395833333333333
2025-05-22,ORH,22419.0,short,2025-05-22T10:55:00-04:00,2025-05-22T10:56:00-04:00,2025-05-22T11:00:00-04:00,22392.75,22436.5,22305.25,22436.75,stop,-880.0,-885.0,-1.0114285714285713
2025-05-23,ORH,22153.25,short,2025-05-23T10:20:00-04:00,2025-05-23T10:21:00-04:00,2025-05-23T10:26:00-04:00,22132.5,22182.5,22032.5,22182.75,stop,-1005.0,-1010.0,-1.01
2025-05-23,ORH,22153.25,short,2025-05-23T10:55:00-04:00,2025-05-23T10:56:00-04:00,2025-05-23T11:33:00-04:00,22121.25,22172.75,22018.25,22173.0,stop,-1035.0,-1040.0,-1.0097087378640777
2025-05-30,PDL,22500.5,long,2025-05-30T10:05:00-04:00,2025-05-30T10:06:00-04:00,2025-05-30T12:00:00-04:00,22525.25,22453.0,22669.75,22522.75,noon,-50.0,-55.0,-0.03806228373702422
2025-06-02,ORL,22486.25,long,2025-06-02T10:10:00-04:00,2025-06-02T10:20:00-04:00,2025-06-02T12:00:00-04:00,22530.0,22461.5,22667.0,22633.5,noon,2070.0,2065.0,1.5072992700729928
2025-06-04,ORL,22916.25,long,2025-06-04T10:20:00-04:00,2025-06-04T10:21:00-04:00,2025-06-04T12:00:00-04:00,22933.0,22894.5,23010.0,22953.5,noon,410.0,405.0,0.525974025974026
2025-06-05,ORL,22934.75,long,2025-06-05T10:05:00-04:00,2025-06-05T10:06:00-04:00,2025-06-05T10:10:00-04:00,22951.75,22918.5,23018.25,22918.25,stop,-670.0,-675.0,-1.0150375939849625
2025-06-05,ORL,22934.75,long,2025-06-05T10:25:00-04:00,2025-06-05T10:26:00-04:00,2025-06-05T10:36:00-04:00,22976.5,22923.25,23083.0,22923.0,stop,-1070.0,-1075.0,-1.0093896713615023
2025-06-06,ORH,23051.5,short,2025-06-06T11:10:00-04:00,2025-06-06T11:12:00-04:00,2025-06-06T11:21:00-04:00,23027.5,23070.0,22942.5,22942.5,target,1700.0,1695.0,1.9941176470588236
2025-06-09,PDH,23073.0,short,2025-06-09T10:45:00-04:00,2025-06-09T10:46:00-04:00,2025-06-09T12:00:00-04:00,23055.0,23080.25,23004.5,23038.0,noon,340.0,335.0,0.6633663366336634
2025-06-10,ORH,23086.0,short,2025-06-10T10:50:00-04:00,2025-06-10T10:52:00-04:00,2025-06-10T11:32:00-04:00,23070.75,23090.75,23030.75,23030.75,target,800.0,795.0,1.9875
2025-06-11,ORH,23224.5,short,2025-06-11T11:10:00-04:00,2025-06-11T11:11:00-04:00,2025-06-11T12:00:00-04:00,23197.25,23265.25,23061.25,23193.25,noon,80.0,75.0,0.05514705882352941
2025-06-13,ORL,22861.5,long,2025-06-13T10:35:00-04:00,2025-06-13T10:36:00-04:00,2025-06-13T11:23:00-04:00,22873.75,22820.75,22979.75,22979.75,target,2120.0,2115.0,1.9952830188679245
2025-06-17,ORH,23095.0,short,2025-06-17T10:25:00-04:00,2025-06-17T10:27:00-04:00,2025-06-17T11:12:00-04:00,23079.5,23104.0,23030.5,23104.25,stop,-495.0,-500.0,-1.0204081632653061
2025-06-17,ORH,23095.0,short,2025-06-17T11:25:00-04:00,2025-06-17T11:26:00-04:00,2025-06-17T11:45:00-04:00,23082.0,23102.25,23041.5,23102.5,stop,-410.0,-415.0,-1.0246913580246915
2025-06-25,ORL,23478.0,long,2025-06-25T10:35:00-04:00,2025-06-25T10:36:00-04:00,2025-06-25T10:41:00-04:00,23489.25,23473.0,23521.75,23472.75,stop,-330.0,-335.0,-1.0307692307692307
2025-06-26,ORH,23551.5,short,2025-06-26T10:05:00-04:00,2025-06-26T10:07:00-04:00,2025-06-26T10:22:00-04:00,23528.0,23554.5,23475.0,23554.75,stop,-535.0,-540.0,-1.0188679245283019
2025-06-26,ORH,23551.5,short,2025-06-26T10:45:00-04:00,2025-06-26T10:46:00-04:00,2025-06-26T10:50:00-04:00,23546.25,23563.25,23512.25,23563.5,stop,-345.0,-350.0,-1.0294117647058822
2025-06-30,PDH,23810.5,short,2025-06-30T11:15:00-04:00,2025-06-30T11:16:00-04:00,2025-06-30T11:43:00-04:00,23793.0,23827.0,23725.0,23827.25,stop,-685.0,-690.0,-1.0147058823529411
2025-07-01,ORH,23806.25,short,2025-07-01T10:00:00-04:00,2025-07-01T10:01:00-04:00,2025-07-01T10:01:00-04:00,23790.25,23812.75,23745.25,23813.0,stop,-455.0,-460.0,-1.0222222222222221
2025-07-02,ORH,23693.25,short,2025-07-02T10:00:00-04:00,2025-07-02T10:01:00-04:00,2025-07-02T10:03:00-04:00,23688.75,23713.75,23638.75,23714.0,stop,-505.0,-510.0,-1.02
2025-07-07,ORL,23885.5,long,2025-07-07T11:10:00-04:00,2025-07-07T11:14:00-04:00,2025-07-07T12:00:00-04:00,23894.0,23879.5,23923.0,23913.75,noon,395.0,390.0,1.3448275862068966
2025-07-08,ORL,23874.5,long,2025-07-08T10:35:00-04:00,2025-07-08T10:36:00-04:00,2025-07-08T10:53:00-04:00,23908.25,23856.5,24011.75,23856.25,stop,-1040.0,-1045.0,-1.0096618357487923
2025-07-08,ORL,23874.5,long,2025-07-08T11:00:00-04:00,2025-07-08T11:01:00-04:00,2025-07-08T12:00:00-04:00,23879.75,23825.5,23988.25,23890.75,noon,220.0,215.0,0.19815668202764977
2025-07-09,ORH,24049.5,short,2025-07-09T10:30:00-04:00,2025-07-09T10:31:00-04:00,2025-07-09T10:51:00-04:00,24020.5,24064.75,23932.0,23932.0,target,1770.0,1765.0,1.9943502824858756
2025-07-09,PDH,23947.75,short,2025-07-09T11:05:00-04:00,2025-07-09T11:07:00-04:00,2025-07-09T11:22:00-04:00,23918.25,23949.5,23855.75,23949.75,stop,-630.0,-635.0,-1.016
2025-07-10,PDL,23904.75,long,2025-07-10T10:30:00-04:00,2025-07-10T10:31:00-04:00,2025-07-10T11:31:00-04:00,23924.25,23892.75,23987.25,23987.25,target,1260.0,1255.0,1.992063492063492
2025-07-11,ORH,23943.25,short,2025-07-11T10:05:00-04:00,2025-07-11T10:06:00-04:00,2025-07-11T10:08:00-04:00,23936.0,23955.5,23897.0,23955.75,stop,-395.0,-400.0,-1.0256410256410255
2025-07-11,ORH,23943.25,short,2025-07-11T11:10:00-04:00,2025-07-11T11:11:00-04:00,2025-07-11T11:16:00-04:00,23933.0,23951.0,23897.0,23897.0,target,720.0,715.0,1.9861111111111112
2025-07-14,ORH,23964.25,short,2025-07-14T10:25:00-04:00,2025-07-14T10:27:00-04:00,2025-07-14T10:59:00-04:00,23942.75,23974.75,23878.75,23975.0,stop,-645.0,-650.0,-1.015625
2025-07-15,ORL,24108.0,long,2025-07-15T10:05:00-04:00,2025-07-15T10:06:00-04:00,2025-07-15T10:53:00-04:00,24132.75,24105.0,24188.25,24104.75,stop,-560.0,-565.0,-1.018018018018018
2025-07-15,ORL,24108.0,long,2025-07-15T11:10:00-04:00,2025-07-15T11:12:00-04:00,2025-07-15T12:00:00-04:00,24124.75,24097.5,24179.25,24142.75,noon,360.0,355.0,0.6513761467889908
2025-07-16,ORL,23985.75,long,2025-07-16T10:25:00-04:00,2025-07-16T10:31:00-04:00,2025-07-16T10:55:00-04:00,23996.25,23965.25,24058.25,23965.0,stop,-625.0,-630.0,-1.0161290322580645
2025-07-16,ORL,23985.75,long,2025-07-16T11:05:00-04:00,2025-07-16T11:09:00-04:00,2025-07-16T11:17:00-04:00,24011.5,23969.5,24095.5,23969.25,stop,-845.0,-850.0,-1.0119047619047619
2025-07-18,ORL,24242.25,long,2025-07-18T10:00:00-04:00,2025-07-18T10:01:00-04:00,2025-07-18T10:04:00-04:00,24252.0,24237.0,24282.0,24236.75,stop,-305.0,-310.0,-1.0333333333333334
2025-07-23,ORL,24168.0,long,2025-07-23T10:30:00-04:00,2025-07-23T10:31:00-04:00,2025-07-23T10:32:00-04:00,24178.75,24159.25,24217.75,24159.0,stop,-395.0,-400.0,-1.0256410256410255
2025-07-23,ORL,24168.0,long,2025-07-23T10:50:00-04:00,2025-07-23T10:51:00-04:00,2025-07-23T11:53:00-04:00,24171.0,24152.5,24208.0,24208.0,target,740.0,735.0,1.9864864864864864
2025-07-24,ORL,24319.25,long,2025-07-24T10:20:00-04:00,2025-07-24T10:22:00-04:00,2025-07-24T12:00:00-04:00,24325.25,24286.0,24403.75,24372.75,noon,950.0,945.0,1.2038216560509554
2025-07-28,ORH,24490.0,short,2025-07-28T10:35:00-04:00,2025-07-28T10:38:00-04:00,2025-07-28T10:41:00-04:00,24480.5,24493.25,24455.0,24493.5,stop,-260.0,-265.0,-1.0392156862745099
2025-07-28,ORH,24490.0,short,2025-07-28T10:50:00-04:00,2025-07-28T10:51:00-04:00,2025-07-28T11:19:00-04:00,24480.75,24491.5,24459.25,24459.25,target,430.0,425.0,1.9767441860465116
2025-07-29,PDH,24514.0,short,2025-07-29T11:05:00-04:00,2025-07-29T11:06:00-04:00,2025-07-29T11:30:00-04:00,24500.75,24528.0,24446.25,24446.25,target,1090.0,1085.0,1.9908256880733946
2025-07-30,ORH,24495.0,short,2025-07-30T11:05:00-04:00,2025-07-30T11:07:00-04:00,2025-07-30T11:58:00-04:00,24488.75,24511.0,24444.25,24511.25,stop,-450.0,-455.0,-1.0224719101123596
2025-07-31,PDH,24574.5,short,2025-07-31T10:55:00-04:00,2025-07-31T10:59:00-04:00,2025-07-31T12:00:00-04:00,24541.5,24596.0,24432.5,24569.5,noon,-560.0,-565.0,-0.518348623853211
2025-08-01,ORL,23903.0,long,2025-08-01T10:20:00-04:00,2025-08-01T10:21:00-04:00,2025-08-01T11:02:00-04:00,23946.5,23890.0,24059.5,23889.75,stop,-1135.0,-1140.0,-1.008849557522124
2025-08-05,ORH,24348.0,short,2025-08-05T10:05:00-04:00,2025-08-05T10:13:00-04:00,2025-08-05T10:44:00-04:00,24300.0,24360.0,24180.0,24180.0,target,2400.0,2395.0,1.9958333333333333
2025-08-06,ORH,24213.25,short,2025-08-06T10:00:00-04:00,2025-08-06T10:01:00-04:00,2025-08-06T10:03:00-04:00,24181.75,24230.0,24085.25,24230.25,stop,-970.0,-975.0,-1.0103626943005182
2025-08-06,ORH,24213.25,short,2025-08-06T10:15:00-04:00,2025-08-06T10:17:00-04:00,2025-08-06T10:56:00-04:00,24203.25,24263.75,24082.25,24264.0,stop,-1215.0,-1220.0,-1.0082644628099173
2025-08-07,ORH,24633.0,short,2025-08-07T10:05:00-04:00,2025-08-07T10:06:00-04:00,2025-08-07T10:32:00-04:00,24613.0,24656.5,24526.0,24526.0,target,1740.0,1735.0,1.9942528735632183
2025-08-08,PDH,24656.0,short,2025-08-08T10:15:00-04:00,2025-08-08T10:16:00-04:00,2025-08-08T10:28:00-04:00,24619.0,24664.0,24529.0,24664.25,stop,-905.0,-910.0,-1.011111111111111
2025-08-08,PDH,24656.0,short,2025-08-08T10:55:00-04:00,2025-08-08T10:56:00-04:00,2025-08-08T12:00:00-04:00,24645.5,24671.5,24593.5,24665.75,noon,-405.0,-410.0,-0.7884615384615384
2025-08-11,ORH,24723.25,short,2025-08-11T10:05:00-04:00,2025-08-11T10:06:00-04:00,2025-08-11T10:11:00-04:00,24707.5,24733.5,24655.5,24733.75,stop,-525.0,-530.0,-1.0192307692307692
2025-08-11,ORH,24723.25,short,2025-08-11T11:00:00-04:00,2025-08-11T11:03:00-04:00,2025-08-11T11:15:00-04:00,24709.75,24726.0,24677.25,24726.25,stop,-330.0,-335.0,-1.0307692307692307
2025-08-12,ORL,24695.25,long,2025-08-12T10:15:00-04:00,2025-08-12T10:16:00-04:00,2025-08-12T11:17:00-04:00,24710.0,24654.75,24820.5,24820.5,target,2210.0,2205.0,1.995475113122172
2025-08-13,PDH,24935.0,short,2025-08-13T11:05:00-04:00,2025-08-13T11:06:00-04:00,2025-08-13T12:00:00-04:00,24915.25,24946.5,24852.75,24910.25,noon,100.0,95.0,0.152
2025-08-14,ORH,24909.0,short,2025-08-14T10:05:00-04:00,2025-08-14T10:06:00-04:00,2025-08-14T10:19:00-04:00,24906.25,24928.25,24862.25,24928.5,stop,-445.0,-450.0,-1.0227272727272727
2025-08-14,ORH,24909.0,short,2025-08-14T11:25:00-04:00,2025-08-14T11:26:00-04:00,2025-08-14T11:57:00-04:00,24895.0,24919.75,24845.5,24920.0,stop,-500.0,-505.0,-1.02020202020202
2025-08-15,PDL,24826.25,long,2025-08-15T10:05:00-04:00,2025-08-15T10:06:00-04:00,2025-08-15T11:41:00-04:00,24844.5,24754.75,25024.0,24754.5,stop,-1800.0,-1805.0,-1.0055710306406684
2025-08-18,ORL,24753.0,long,2025-08-18T10:15:00-04:00,2025-08-18T10:17:00-04:00,2025-08-18T10:25:00-04:00,24762.75,24743.25,24801.75,24801.75,target,780.0,775.0,1.9871794871794872
2025-08-18,ORH,24802.25,short,2025-08-18T10:30:00-04:00,2025-08-18T10:31:00-04:00,2025-08-18T12:00:00-04:00,24760.5,24809.75,24662.0,24733.0,noon,550.0,545.0,0.5532994923857868
2025-08-19,PDL,24704.0,long,2025-08-19T10:05:00-04:00,2025-08-19T10:06:00-04:00,2025-08-19T10:27:00-04:00,24707.75,24656.75,24809.75,24656.5,stop,-1025.0,-1030.0,-1.0098039215686274
2025-08-21,ORL,24184.25,long,2025-08-21T10:05:00-04:00,2025-08-21T10:06:00-04:00,2025-08-21T12:00:00-04:00,24254.5,24140.5,24482.5,24189.25,noon,-1305.0,-1310.0,-0.5745614035087719
2025-08-27,PDH,24585.0,short,2025-08-27T11:05:00-04:00,2025-08-27T11:06:00-04:00,2025-08-27T11:48:00-04:00,24575.5,24594.5,24537.5,24594.75,stop,-385.0,-390.0,-1.0263157894736843
2025-08-28,PDH,24642.5,short,2025-08-28T10:20:00-04:00,2025-08-28T10:27:00-04:00,2025-08-28T10:34:00-04:00,24620.25,24660.0,24540.75,24660.25,stop,-800.0,-805.0,-1.0125786163522013
2025-08-28,ORH,24727.25,short,2025-08-28T11:20:00-04:00,2025-08-28T11:21:00-04:00,2025-08-28T12:00:00-04:00,24708.5,24738.25,24649.0,24672.75,noon,715.0,710.0,1.1932773109243697
2025-09-02,ORH,24162.75,short,2025-09-02T10:50:00-04:00,2025-09-02T10:51:00-04:00,2025-09-02T11:50:00-04:00,24126.75,24173.5,24033.25,24033.25,target,1870.0,1865.0,1.9946524064171123
2025-09-04,ORL,24442.25,long,2025-09-04T10:25:00-04:00,2025-09-04T10:26:00-04:00,2025-09-04T12:00:00-04:00,24465.0,24424.75,24545.5,24523.25,noon,1165.0,1160.0,1.4409937888198758
2025-09-05,PDH,24665.25,short,2025-09-05T10:25:00-04:00,2025-09-05T10:27:00-04:00,2025-09-05T12:00:00-04:00,24637.75,24719.25,24474.75,24604.25,noon,670.0,665.0,0.40797546012269936
2025-09-08,ORH,24834.0,short,2025-09-08T10:00:00-04:00,2025-09-08T10:01:00-04:00,2025-09-08T10:33:00-04:00,24829.5,24861.75,24765.0,24862.0,stop,-650.0,-655.0,-1.0155038759689923
2025-09-09,ORL,24800.75,long,2025-09-09T10:10:00-04:00,2025-09-09T10:11:00-04:00,2025-09-09T10:33:00-04:00,24819.5,24772.25,24914.0,24772.0,stop,-950.0,-955.0,-1.0105820105820107
2025-09-09,PDL,24745.0,long,2025-09-09T10:50:00-04:00,2025-09-09T10:53:00-04:00,2025-09-09T12:00:00-04:00,24750.0,24721.25,24807.5,24769.25,noon,385.0,380.0,0.6608695652173913
2025-09-10,ORL,24902.75,long,2025-09-10T10:00:00-04:00,2025-09-10T10:01:00-04:00,2025-09-10T12:00:00-04:00,24921.5,24889.5,24985.5,24934.5,noon,260.0,255.0,0.3984375
2025-09-11,PDH,24985.5,short,2025-09-11T10:10:00-04:00,2025-09-11T10:11:00-04:00,2025-09-11T10:36:00-04:00,24962.0,24989.5,24907.0,24989.75,stop,-555.0,-560.0,-1.018181818181818
2025-09-11,PDH,24985.5,short,2025-09-11T10:55:00-04:00,2025-09-11T10:56:00-04:00,2025-09-11T11:04:00-04:00,24960.25,24995.25,24890.25,24995.5,stop,-705.0,-710.0,-1.0142857142857142
2025-09-12,PDH,25031.0,short,2025-09-12T10:00:00-04:00,2025-09-12T10:01:00-04:00,2025-09-12T10:04:00-04:00,25009.75,25035.25,24958.75,25035.5,stop,-515.0,-520.0,-1.0196078431372548
2025-09-12,PDH,25031.0,short,2025-09-12T10:15:00-04:00,2025-09-12T10:16:00-04:00,2025-09-12T10:22:00-04:00,25013.0,25046.25,24946.5,25046.5,stop,-670.0,-675.0,-1.0150375939849625
2025-09-16,PDH,25304.25,short,2025-09-16T10:20:00-04:00,2025-09-16T10:21:00-04:00,2025-09-16T10:25:00-04:00,25283.5,25307.75,25235.0,25308.0,stop,-490.0,-495.0,-1.0206185567010309
2025-09-16,PDH,25304.25,short,2025-09-16T10:30:00-04:00,2025-09-16T10:34:00-04:00,2025-09-16T12:00:00-04:00,25282.0,25305.5,25235.0,25257.0,noon,500.0,495.0,1.053191489361702
2025-09-17,ORL,25213.5,long,2025-09-17T10:15:00-04:00,2025-09-17T10:16:00-04:00,2025-09-17T10:19:00-04:00,25223.5,25207.0,25256.5,25206.75,stop,-335.0,-340.0,-1.0303030303030303
2025-09-19,ORH,25530.75,short,2025-09-19T10:20:00-04:00,2025-09-19T10:21:00-04:00,2025-09-19T10:27:00-04:00,25509.0,25539.0,25449.0,25539.25,stop,-605.0,-610.0,-1.0166666666666666
2025-09-19,ORH,25530.75,short,2025-09-19T10:40:00-04:00,2025-09-19T10:41:00-04:00,2025-09-19T11:31:00-04:00,25513.25,25537.75,25464.25,25464.25,target,980.0,975.0,1.989795918367347
2025-09-23,ORL,25690.25,long,2025-09-23T10:10:00-04:00,2025-09-23T10:12:00-04:00,2025-09-23T10:13:00-04:00,25708.0,25687.0,25750.0,25686.75,stop,-425.0,-430.0,-1.0238095238095237
2025-09-23,ORL,25690.25,long,2025-09-23T10:30:00-04:00,2025-09-23T10:39:00-04:00,2025-09-23T11:08:00-04:00,25710.25,25680.0,25770.75,25679.75,stop,-610.0,-615.0,-1.0165289256198347
2025-09-24,ORL,25570.75,long,2025-09-24T10:15:00-04:00,2025-09-24T10:17:00-04:00,2025-09-24T10:33:00-04:00,25578.25,25552.75,25629.25,25552.5,stop,-515.0,-520.0,-1.0196078431372548
2025-09-24,ORL,25570.75,long,2025-09-24T10:50:00-04:00,2025-09-24T10:53:00-04:00,2025-09-24T10:55:00-04:00,25577.25,25556.75,25618.25,25556.5,stop,-415.0,-420.0,-1.024390243902439
2025-09-25,PDL,25374.5,long,2025-09-25T10:35:00-04:00,2025-09-25T10:40:00-04:00,2025-09-25T11:03:00-04:00,25384.0,25357.25,25437.5,25357.0,stop,-540.0,-545.0,-1.0186915887850467
2025-09-25,PDL,25374.5,long,2025-09-25T11:15:00-04:00,2025-09-25T11:16:00-04:00,2025-09-25T11:27:00-04:00,25401.25,25338.75,25526.25,25338.5,stop,-1255.0,-1260.0,-1.008
2025-09-26,PDH,25444.25,short,2025-09-26T10:05:00-04:00,2025-09-26T10:06:00-04:00,2025-09-26T10:26:00-04:00,25419.5,25481.25,25296.0,25296.0,target,2470.0,2465.0,1.9959514170040487
2025-09-26,ORL,25344.5,long,2025-09-26T10:40:00-04:00,2025-09-26T10:41:00-04:00,2025-09-26T12:00:00-04:00,25360.25,25287.0,25506.75,25328.25,noon,-640.0,-645.0,-0.4402730375426621
2025-09-29,ORH,25664.75,short,2025-09-29T11:15:00-04:00,2025-09-29T11:16:00-04:00,2025-09-29T12:00:00-04:00,25637.75,25669.5,25574.25,25597.0,noon,815.0,810.0,1.2755905511811023
2025-09-30,PDL,25528.0,long,2025-09-30T10:00:00-04:00,2025-09-30T10:01:00-04:00,2025-09-30T12:00:00-04:00,25536.5,25469.25,25671.0,25558.0,noon,430.0,425.0,0.3159851301115242
2025-10-01,PDH,25661.25,short,2025-10-01T11:05:00-04:00,2025-10-01T11:06:00-04:00,2025-10-01T11:38:00-04:00,25643.0,25668.75,25591.5,25669.0,stop,-520.0,-525.0,-1.0194174757281553
2025-10-02,ORL,25783.75,long,2025-10-02T10:00:00-04:00,2025-10-02T10:02:00-04:00,2025-10-02T11:00:00-04:00,25815.0,25766.5,25912.0,25766.25,stop,-975.0,-980.0,-1.0103092783505154
2025-10-02,ORL,25783.75,long,2025-10-02T11:25:00-04:00,2025-10-02T11:29:00-04:00,2025-10-02T11:37:00-04:00,25800.25,25769.5,25861.75,25769.25,stop,-620.0,-625.0,-1.016260162601626
2025-10-03,ORL,25861.0,long,2025-10-03T10:55:00-04:00,2025-10-03T10:56:00-04:00,2025-10-03T12:00:00-04:00,25869.5,25838.25,25932.0,25892.5,noon,460.0,455.0,0.728
2025-10-06,PDH,25915.5,short,2025-10-06T10:10:00-04:00,2025-10-06T10:11:00-04:00,2025-10-06T10:22:00-04:00,25894.0,25927.0,25828.0,25927.25,stop,-665.0,-670.0,-1.0151515151515151
2025-10-06,ORL,25864.25,long,2025-10-06T10:45:00-04:00,2025-10-06T10:49:00-04:00,2025-10-06T12:00:00-04:00,25893.25,25855.5,25968.75,25955.25,noon,1240.0,1235.0,1.6357615894039734
2025-10-07,PDH,26000.25,short,2025-10-07T10:00:00-04:00,2025-10-07T10:03:00-04:00,2025-10-07T10:57:00-04:00,25983.25,26012.75,25924.25,25924.25,target,1180.0,1175.0,1.9915254237288136
2025-10-07,PDL,25856.0,long,2025-10-07T11:15:00-04:00,2025-10-07T11:18:00-04:00,2025-10-07T11:32:00-04:00,25869.0,25804.25,25998.5,25804.0,stop,-1300.0,-1305.0,-1.0077220077220077
2025-10-09,ORL,26006.25,long,2025-10-09T10:20:00-04:00,2025-10-09T10:25:00-04:00,2025-10-09T10:27:00-04:00,26023.75,26004.0,26063.25,26003.75,stop,-400.0,-405.0,-1.0253164556962024
2025-10-09,ORL,26006.25,long,2025-10-09T11:10:00-04:00,2025-10-09T11:11:00-04:00,2025-10-09T11:22:00-04:00,26014.25,25991.5,26059.75,25991.25,stop,-460.0,-465.0,-1.021978021978022
2025-10-10,PDH,26082.25,short,2025-10-10T10:15:00-04:00,2025-10-10T10:16:00-04:00,2025-10-10T10:49:00-04:00,26071.0,26102.75,26007.5,26103.0,stop,-640.0,-645.0,-1.015748031496063
2025-10-13,ORH,25590.25,short,2025-10-13T10:45:00-04:00,2025-10-13T10:46:00-04:00,2025-10-13T11:32:00-04:00,25577.0,25635.5,25460.0,25635.75,stop,-1175.0,-1180.0,-1.0085470085470085
2025-10-14,PDL,25472.0,long,2025-10-14T10:40:00-04:00,2025-10-14T10:45:00-04:00,2025-10-14T10:48:00-04:00,25484.0,25448.0,25556.0,25447.75,stop,-725.0,-730.0,-1.0138888888888888
2025-10-14,PDL,25472.0,long,2025-10-14T11:05:00-04:00,2025-10-14T11:06:00-04:00,2025-10-14T11:20:00-04:00,25489.5,25436.5,25595.5,25436.25,stop,-1065.0,-1070.0,-1.009433962264151
2025-10-16,ORL,25785.5,long,2025-10-16T10:05:00-04:00,2025-10-16T10:06:00-04:00,2025-10-16T10:12:00-04:00,25825.75,25782.0,25913.25,25781.75,stop,-880.0,-885.0,-1.0114285714285713
2025-10-16,ORL,25785.5,long,2025-10-16T10:20:00-04:00,2025-10-16T10:23:00-04:00,2025-10-16T11:29:00-04:00,25840.25,25777.25,25966.25,25777.0,stop,-1265.0,-1270.0,-1.007936507936508
2025-10-17,ORH,25566.0,short,2025-10-17T10:40:00-04:00,2025-10-17T10:41:00-04:00,2025-10-17T10:44:00-04:00,25552.0,25609.75,25436.5,25610.0,stop,-1160.0,-1165.0,-1.0086580086580086
2025-10-17,ORH,25566.0,short,2025-10-17T11:10:00-04:00,2025-10-17T11:11:00-04:00,2025-10-17T11:26:00-04:00,25555.0,25604.75,25455.5,25455.5,target,1990.0,1985.0,1.9949748743718594
2025-10-21,ORL,25980.5,long,2025-10-21T10:15:00-04:00,2025-10-21T10:18:00-04:00,2025-10-21T10:29:00-04:00,26002.0,25964.5,26077.0,25964.25,stop,-755.0,-760.0,-1.0133333333333334
2025-10-21,ORL,25980.5,long,2025-10-21T10:40:00-04:00,2025-10-21T10:41:00-04:00,2025-10-21T12:00:00-04:00,26010.0,25977.0,26076.0,26069.5,noon,1190.0,1185.0,1.7954545454545454
2025-10-22,ORH,26019.0,short,2025-10-22T10:00:00-04:00,2025-10-22T10:04:00-04:00,2025-10-22T10:27:00-04:00,25998.0,26030.5,25933.0,25933.0,target,1300.0,1295.0,1.9923076923076923
2025-10-22,ORL,25919.75,long,2025-10-22T11:00:00-04:00,2025-10-22T11:01:00-04:00,2025-10-22T11:21:00-04:00,25924.5,25858.75,26056.0,25858.5,stop,-1320.0,-1325.0,-1.0076045627376427
2025-10-24,ORH,26278.0,short,2025-10-24T10:25:00-04:00,2025-10-24T10:26:00-04:00,2025-10-24T10:44:00-04:00,26249.0,26279.0,26189.0,26279.25,stop,-605.0,-610.0,-1.0166666666666666
2025-10-24,ORH,26278.0,short,2025-10-24T10:50:00-04:00,2025-10-24T10:51:00-04:00,2025-10-24T10:56:00-04:00,26257.0,26281.5,26208.0,26208.0,target,980.0,975.0,1.989795918367347
2025-10-27,ORH,26607.0,short,2025-10-27T10:20:00-04:00,2025-10-27T10:21:00-04:00,2025-10-27T10:30:00-04:00,26578.5,26613.5,26508.5,26613.75,stop,-705.0,-710.0,-1.0142857142857142
2025-10-28,ORL,26789.0,long,2025-10-28T11:20:00-04:00,2025-10-28T11:29:00-04:00,2025-10-28T11:33:00-04:00,26798.0,26779.75,26834.5,26779.5,stop,-370.0,-375.0,-1.0273972602739727
2025-10-29,ORH,27040.25,short,2025-10-29T10:05:00-04:00,2025-10-29T10:06:00-04:00,2025-10-29T12:00:00-04:00,27031.0,27074.5,26944.0,26985.5,noon,910.0,905.0,1.0402298850574712
2025-10-30,ORH,26875.0,short,2025-10-30T10:00:00-04:00,2025-10-30T10:04:00-04:00,2025-10-30T10:06:00-04:00,26857.75,26891.0,26791.25,26891.25,stop,-670.0,-675.0,-1.0150375939849625
2025-10-30,PDL,26796.75,long,2025-10-30T11:10:00-04:00,2025-10-30T11:11:00-04:00,2025-10-30T11:35:00-04:00,26811.0,26773.75,26885.5,26773.5,stop,-750.0,-755.0,-1.0134228187919463
2025-10-31,ORL,26848.75,long,2025-10-31T10:20:00-04:00,2025-10-31T10:21:00-04:00,2025-10-31T10:22:00-04:00,26861.25,26826.5,26930.75,26826.25,stop,-700.0,-705.0,-1.014388489208633
2025-10-31,ORL,26848.75,long,2025-10-31T10:30:00-04:00,2025-10-31T10:31:00-04:00,2025-10-31T10:42:00-04:00,26862.5,26843.5,26900.5,26900.5,target,760.0,755.0,1.986842105263158
2025-11-04,ORH,26529.75,short,2025-11-04T11:10:00-05:00,2025-11-04T11:11:00-05:00,2025-11-04T11:57:00-05:00,26524.75,26550.0,26474.25,26474.25,target,1010.0,1005.0,1.99009900990099
2025-11-07,ORL,25665.25,long,2025-11-07T10:10:00-05:00,2025-11-07T10:11:00-05:00,2025-11-07T10:42:00-05:00,25723.75,25629.0,25913.25,25628.75,stop,-1900.0,-1905.0,-1.0052770448548813
2025-11-10,ORH,26387.5,short,2025-11-10T10:15:00-05:00,2025-11-10T10:20:00-05:00,2025-11-10T10:26:00-05:00,26366.75,26409.25,26281.75,26409.5,stop,-855.0,-860.0,-1.011764705882353
2025-11-10,ORH,26387.5,short,2025-11-10T10:40:00-05:00,2025-11-10T10:41:00-05:00,2025-11-10T10:53:00-05:00,26373.5,26411.75,26297.0,26297.0,target,1530.0,1525.0,1.9934640522875817
2025-11-12,ORL,26384.75,long,2025-11-12T10:10:00-05:00,2025-11-12T10:11:00-05:00,2025-11-12T10:14:00-05:00,26404.0,26341.5,26529.0,26341.25,stop,-1255.0,-1260.0,-1.008
2025-11-14,PDL,25750.0,long,2025-11-14T10:30:00-05:00,2025-11-14T10:36:00-05:00,2025-11-14T12:00:00-05:00,25776.5,25649.0,26031.5,25995.0,noon,4370.0,4365.0,1.7117647058823529
2025-11-17,ORH,25947.25,short,2025-11-17T10:00:00-05:00,2025-11-17T10:01:00-05:00,2025-11-17T10:20:00-05:00,25936.5,26002.0,25805.5,25805.5,target,2620.0,2615.0,1.9961832061068703
2025-11-17,ORL,25702.5,long,2025-11-17T11:20:00-05:00,2025-11-17T11:24:00-05:00,2025-11-17T11:31:00-05:00,25736.75,25694.75,25820.75,25820.75,target,1680.0,1675.0,1.994047619047619
2025-11-19,PDH,25579.5,short,2025-11-19T10:55:00-05:00,2025-11-19T10:56:00-05:00,2025-11-19T11:25:00-05:00,25551.5,25612.25,25430.0,25430.0,target,2430.0,2425.0,1.9958847736625513
2025-11-20,ORH,25996.5,short,2025-11-20T10:10:00-05:00,2025-11-20T10:11:00-05:00,2025-11-20T10:37:00-05:00,25932.0,26029.0,25738.0,26029.25,stop,-1945.0,-1950.0,-1.0051546391752577
2025-11-20,ORH,25996.5,short,2025-11-20T10:50:00-05:00,2025-11-20T10:51:00-05:00,2025-11-20T11:06:00-05:00,25975.75,26048.5,25830.25,25830.25,target,2910.0,2905.0,1.9965635738831615
2025-11-21,ORH,25026.75,short,2025-11-21T10:00:00-05:00,2025-11-21T10:01:00-05:00,2025-11-21T10:38:00-05:00,24917.0,25031.75,24687.5,24687.5,target,4590.0,4585.0,1.9978213507625273
2025-11-21,PDL,24845.5,long,2025-11-21T11:25:00-05:00,2025-11-21T11:26:00-05:00,2025-11-21T12:00:00-05:00,24881.5,24739.25,25166.0,25119.5,noon,4760.0,4755.0,1.671353251318102
2025-11-24,ORH,25470.25,short,2025-11-24T10:10:00-05:00,2025-11-24T10:11:00-05:00,2025-11-24T10:36:00-05:00,25452.25,25517.75,25321.25,25518.0,stop,-1315.0,-1320.0,-1.0076335877862594
2025-11-25,ORL,25466.5,long,2025-11-25T10:30:00-05:00,2025-11-25T10:31:00-05:00,2025-11-25T12:00:00-05:00,25534.0,25458.25,25685.5,25646.5,noon,2250.0,2245.0,1.481848184818482
2025-11-26,ORL,25936.5,long,2025-11-26T10:30:00-05:00,2025-11-26T10:33:00-05:00,2025-11-26T11:37:00-05:00,25958.0,25889.75,26094.5,26094.5,target,2730.0,2725.0,1.9963369963369964
2025-12-01,ORH,26069.5,short,2025-12-01T10:35:00-05:00,2025-12-01T10:36:00-05:00,2025-12-01T10:37:00-05:00,26027.25,26079.25,25923.25,26079.5,stop,-1045.0,-1050.0,-1.0096153846153846
2025-12-02,ORH,26360.5,short,2025-12-02T10:30:00-05:00,2025-12-02T10:31:00-05:00,2025-12-02T10:49:00-05:00,26313.5,26395.25,26150.0,26395.5,stop,-1640.0,-1645.0,-1.0061162079510704
2025-12-02,ORH,26360.5,short,2025-12-02T11:10:00-05:00,2025-12-02T11:11:00-05:00,2025-12-02T11:27:00-05:00,26331.0,26396.5,26200.0,26200.0,target,2620.0,2615.0,1.9961832061068703
2025-12-03,ORH,26285.5,short,2025-12-03T10:10:00-05:00,2025-12-03T10:11:00-05:00,2025-12-03T10:34:00-05:00,26260.5,26322.5,26136.5,26322.75,stop,-1245.0,-1250.0,-1.0080645161290323
2025-12-04,ORL,26298.25,long,2025-12-04T10:15:00-05:00,2025-12-04T10:18:00-05:00,2025-12-04T10:26:00-05:00,26327.75,26292.25,26398.75,26292.0,stop,-715.0,-720.0,-1.0140845070422535
2025-12-04,ORL,26298.25,long,2025-12-04T11:20:00-05:00,2025-12-04T11:21:00-05:00,2025-12-04T12:00:00-05:00,26323.0,26285.25,26398.5,26389.25,noon,1325.0,1320.0,1.7483443708609272
2025-12-05,ORH,26524.75,short,2025-12-05T10:55:00-05:00,2025-12-05T10:56:00-05:00,2025-12-05T12:00:00-05:00,26503.0,26569.75,26369.5,26478.0,noon,500.0,495.0,0.3707865168539326
2025-12-08,PDL,26398.75,long,2025-12-08T11:10:00-05:00,2025-12-08T11:11:00-05:00,2025-12-08T11:20:00-05:00,26404.5,26374.5,26464.5,26374.25,stop,-605.0,-610.0,-1.0166666666666666
2025-12-10,ORL,26314.5,long,2025-12-10T10:45:00-05:00,2025-12-10T10:49:00-05:00,2025-12-10T10:56:00-05:00,26353.5,26311.25,26438.0,26311.0,stop,-850.0,-855.0,-1.0118343195266273
2025-12-10,PDL,26307.5,long,2025-12-10T11:10:00-05:00,2025-12-10T11:12:00-05:00,2025-12-10T12:00:00-05:00,26333.0,26290.5,26418.0,26397.75,noon,1295.0,1290.0,1.5176470588235293
2025-12-11,PDL,26276.25,long,2025-12-11T10:10:00-05:00,2025-12-11T10:11:00-05:00,2025-12-11T12:00:00-05:00,26287.75,26195.0,26473.25,26248.5,noon,-785.0,-790.0,-0.42587601078167114
2025-12-15,PDL,25865.5,long,2025-12-15T10:45:00-05:00,2025-12-15T10:46:00-05:00,2025-12-15T12:00:00-05:00,25919.25,25817.5,26122.75,25902.0,noon,-345.0,-350.0,-0.171990171990172
2025-12-16,ORH,25841.5,short,2025-12-16T10:10:00-05:00,2025-12-16T10:11:00-05:00,2025-12-16T12:00:00-05:00,25818.25,25895.75,25663.25,25826.75,noon,-170.0,-175.0,-0.11290322580645161
2025-12-17,ORL,25787.75,long,2025-12-17T10:15:00-05:00,2025-12-17T10:16:00-05:00,2025-12-17T10:28:00-05:00,25814.5,25769.75,25904.0,25769.5,stop,-900.0,-905.0,-1.011173184357542
2025-12-19,ORH,26039.5,short,2025-12-19T10:15:00-05:00,2025-12-19T10:16:00-05:00,2025-12-19T10:28:00-05:00,26019.5,26051.0,25956.5,25956.5,target,1260.0,1255.0,1.992063492063492
2025-12-19,ORH,26039.5,short,2025-12-19T10:40:00-05:00,2025-12-19T10:44:00-05:00,2025-12-19T11:13:00-05:00,26012.0,26046.0,25944.0,26046.25,stop,-685.0,-690.0,-1.0147058823529411
2025-12-22,ORL,26163.25,long,2025-12-22T10:45:00-05:00,2025-12-22T10:46:00-05:00,2025-12-22T12:00:00-05:00,26171.75,26132.75,26249.75,26205.5,noon,675.0,670.0,0.8589743589743589
2025-12-23,ORL,26129.0,long,2025-12-23T10:10:00-05:00,2025-12-23T10:11:00-05:00,2025-12-23T10:13:00-05:00,26151.5,26122.25,26210.0,26122.0,stop,-590.0,-595.0,-1.017094017094017
2025-12-26,ORL,26355.5,long,2025-12-26T10:20:00-05:00,2025-12-26T10:21:00-05:00,2025-12-26T12:00:00-05:00,26359.0,26324.75,26427.5,26364.5,noon,110.0,105.0,0.15328467153284672
2025-12-29,ORL,26155.25,long,2025-12-29T10:15:00-05:00,2025-12-29T10:16:00-05:00,2025-12-29T10:33:00-05:00,26183.25,26152.25,26245.25,26245.25,target,1240.0,1235.0,1.9919354838709677
2025-12-30,ORH,26224.5,short,2025-12-30T10:10:00-05:00,2025-12-30T10:11:00-05:00,2025-12-30T10:58:00-05:00,26205.5,26232.5,26151.5,26232.75,stop,-545.0,-550.0,-1.0185185185185186
2025-12-31,ORL,26100.25,long,2025-12-31T10:05:00-05:00,2025-12-31T10:06:00-05:00,2025-12-31T10:12:00-05:00,26106.5,26084.0,26151.5,26083.75,stop,-455.0,-460.0,-1.0222222222222221
2026-01-02,ORH,26224.5,short,2026-01-02T10:10:00-05:00,2026-01-02T10:11:00-05:00,2026-01-02T10:15:00-05:00,26185.75,26232.75,26091.75,26091.75,target,1880.0,1875.0,1.9946808510638299
2026-01-05,ORH,26163.5,short,2026-01-05T10:40:00-05:00,2026-01-05T10:43:00-05:00,2026-01-05T11:10:00-05:00,26140.75,26179.0,26064.25,26179.25,stop,-770.0,-775.0,-1.0130718954248366
2026-01-05,ORH,26163.5,short,2026-01-05T11:15:00-05:00,2026-01-05T11:16:00-05:00,2026-01-05T11:48:00-05:00,26162.5,26188.25,26111.0,26188.5,stop,-520.0,-525.0,-1.0194174757281553
2026-01-06,PDH,26199.0,short,2026-01-06T10:55:00-05:00,2026-01-06T10:56:00-05:00,2026-01-06T12:00:00-05:00,26181.25,26225.75,26092.25,26186.75,noon,-110.0,-115.0,-0.12921348314606743
2026-01-07,ORH,26355.25,short,2026-01-07T10:00:00-05:00,2026-01-07T10:01:00-05:00,2026-01-07T10:33:00-05:00,26343.75,26371.5,26288.25,26371.75,stop,-560.0,-565.0,-1.018018018018018
2026-01-08,ORL,26105.25,long,2026-01-08T10:10:00-05:00,2026-01-08T10:15:00-05:00,2026-01-08T11:36:00-05:00,26173.25,26092.5,26334.75,26092.25,stop,-1620.0,-1625.0,-1.0061919504643964
2026-01-09,ORL,26139.5,long,2026-01-09T10:15:00-05:00,2026-01-09T10:16:00-05:00,2026-01-09T12:00:00-05:00,26243.25,26129.75,26470.25,26401.0,noon,3155.0,3150.0,1.3876651982378854
2026-01-12,ORH,26383.75,short,2026-01-12T10:05:00-05:00,2026-01-12T10:06:00-05:00,2026-01-12T10:15:00-05:00,26362.75,26399.0,26290.25,26399.25,stop,-730.0,-735.0,-1.013793103448276
2026-01-12,ORH,26383.75,short,2026-01-12T10:45:00-05:00,2026-01-12T10:46:00-05:00,2026-01-12T10:55:00-05:00,26365.0,26395.0,26305.0,26395.25,stop,-605.0,-610.0,-1.0166666666666666
2026-01-14,ORL,26111.75,long,2026-01-14T10:15:00-05:00,2026-01-14T10:16:00-05:00,2026-01-14T10:44:00-05:00,26167.5,26052.75,26397.0,26052.5,stop,-2300.0,-2305.0,-1.0043572984749456
2026-01-15,ORL,26344.5,long,2026-01-15T10:10:00-05:00,2026-01-15T10:11:00-05:00,2026-01-15T10:47:00-05:00,26370.25,26332.0,26446.75,26331.75,stop,-770.0,-775.0,-1.0130718954248366
2026-01-15,ORL,26344.5,long,2026-01-15T11:00:00-05:00,2026-01-15T11:01:00-05:00,2026-01-15T12:00:00-05:00,26380.0,26295.25,26549.5,26415.5,noon,710.0,705.0,0.415929203539823
2026-01-16,PDL,26167.5,long,2026-01-16T11:00:00-05:00,2026-01-16T11:01:00-05:00,2026-01-16T12:00:00-05:00,26173.75,26135.0,26251.25,26207.25,noon,670.0,665.0,0.8580645161290322
2026-01-20,ORH,25848.25,short,2026-01-20T10:00:00-05:00,2026-01-20T10:02:00-05:00,2026-01-20T10:32:00-05:00,25787.5,25857.5,25647.5,25857.75,stop,-1405.0,-1410.0,-1.0071428571428571
2026-01-20,ORH,25848.25,short,2026-01-20T10:50:00-05:00,2026-01-20T10:51:00-05:00,2026-01-20T11:02:00-05:00,25836.0,25884.25,25739.5,25884.5,stop,-970.0,-975.0,-1.0103626943005182
2026-01-22,ORL,26103.5,long,2026-01-22T10:35:00-05:00,2026-01-22T10:36:00-05:00,2026-01-22T12:00:00-05:00,26114.75,26062.5,26219.25,26160.25,noon,910.0,905.0,0.8660287081339713
2026-01-26,PDH,26336.75,short,2026-01-26T10:00:00-05:00,2026-01-26T10:10:00-05:00,2026-01-26T10:18:00-05:00,26312.75,26345.0,26248.25,26345.25,stop,-650.0,-655.0,-1.0155038759689923
2026-01-28,ORL,26704.75,long,2026-01-28T10:15:00-05:00,2026-01-28T10:16:00-05:00,2026-01-28T10:16:00-05:00,26736.25,26703.0,26802.75,26702.75,stop,-670.0,-675.0,-1.0150375939849625
2026-01-30,ORL,26304.5,long,2026-01-30T10:10:00-05:00,2026-01-30T10:12:00-05:00,2026-01-30T10:30:00-05:00,26397.5,26303.0,26586.5,26302.75,stop,-1895.0,-1900.0,-1.0052910052910053
2026-01-30,ORL,26304.5,long,2026-01-30T10:40:00-05:00,2026-01-30T10:41:00-05:00,2026-01-30T11:17:00-05:00,26383.0,26296.0,26557.0,26295.75,stop,-1745.0,-1750.0,-1.0057471264367817
2026-02-03,PDL,26030.75,long,2026-02-03T10:40:00-05:00,2026-02-03T10:41:00-05:00,2026-02-03T11:34:00-05:00,26040.25,25972.0,26176.75,25971.75,stop,-1370.0,-1375.0,-1.0073260073260073
2026-02-04,PDL,25710.0,long,2026-02-04T10:10:00-05:00,2026-02-04T10:11:00-05:00,2026-02-04T10:37:00-05:00,25741.5,25639.0,25946.5,25638.75,stop,-2055.0,-2060.0,-1.0048780487804878
2026-02-05,ORL,25143.0,long,2026-02-05T10:40:00-05:00,2026-02-05T10:43:00-05:00,2026-02-05T11:09:00-05:00,25163.25,25054.25,25381.25,25054.0,stop,-2185.0,-2190.0,-1.0045871559633028
2026-02-05,ORL,25143.0,long,2026-02-05T11:20:00-05:00,2026-02-05T11:21:00-05:00,2026-02-05T12:00:00-05:00,25178.0,25040.75,25452.5,25319.75,noon,2835.0,2830.0,1.0309653916211294
2026-02-06,ORH,25421.0,short,2026-02-06T10:45:00-05:00,2026-02-06T10:51:00-05:00,2026-02-06T10:55:00-05:00,25396.0,25438.5,25311.0,25311.0,target,1700.0,1695.0,1.9941176470588236
2026-02-09,PDH,25713.0,short,2026-02-09T10:25:00-05:00,2026-02-09T10:26:00-05:00,2026-02-09T10:36:00-05:00,25689.0,25745.5,25576.0,25745.75,stop,-1135.0,-1140.0,-1.008849557522124
2026-02-10,ORH,25901.0,short,2026-02-10T10:25:00-05:00,2026-02-10T10:26:00-05:00,2026-02-10T10:32:00-05:00,25864.0,25919.0,25754.0,25919.25,stop,-1105.0,-1110.0,-1.009090909090909
2026-02-10,PDH,25919.75,short,2026-02-10T10:50:00-05:00,2026-02-10T10:52:00-05:00,2026-02-10T12:00:00-05:00,25874.25,25921.25,25780.25,25818.25,noon,1120.0,1115.0,1.1861702127659575
2026-02-11,PDL,25689.25,long,2026-02-11T10:55:00-05:00,2026-02-11T10:56:00-05:00,2026-02-11T12:00:00-05:00,25753.75,25623.75,26013.75,25671.5,noon,-1645.0,-1650.0,-0.6346153846153846
2026-02-13,PDL,25212.5,long,2026-02-13T10:10:00-05:00,2026-02-13T10:11:00-05:00,2026-02-13T12:00:00-05:00,25301.5,25195.0,25514.5,25385.25,noon,1675.0,1670.0,0.784037558685446
2026-02-17,ORL,25096.75,long,2026-02-17T11:05:00-05:00,2026-02-17T11:06:00-05:00,2026-02-17T12:00:00-05:00,25157.5,25083.75,25305.0,25250.0,noon,1850.0,1845.0,1.2508474576271187
2026-02-19,ORH,25374.5,short,2026-02-19T10:00:00-05:00,2026-02-19T10:01:00-05:00,2026-02-19T10:04:00-05:00,25350.25,25411.5,25227.75,25411.75,stop,-1230.0,-1235.0,-1.0081632653061225
2026-02-19,ORH,25374.5,short,2026-02-19T10:30:00-05:00,2026-02-19T10:31:00-05:00,2026-02-19T10:33:00-05:00,25346.5,25407.5,25224.5,25407.75,stop,-1225.0,-1230.0,-1.0081967213114753
2026-02-20,PDH,25450.5,short,2026-02-20T10:15:00-05:00,2026-02-20T10:16:00-05:00,2026-02-20T10:23:00-05:00,25414.0,25518.5,25205.0,25518.75,stop,-2095.0,-2100.0,-1.0047846889952152
2026-02-23,ORL,25370.0,long,2026-02-23T10:20:00-05:00,2026-02-23T10:21:00-05:00,2026-02-23T10:33:00-05:00,25392.25,25348.0,25480.75,25347.75,stop,-890.0,-895.0,-1.0112994350282485
2026-02-23,PDL,25169.5,long,2026-02-23T11:10:00-05:00,2026-02-23T11:19:00-05:00,2026-02-23T12:00:00-05:00,25203.5,25162.25,25286.0,25225.5,noon,440.0,435.0,0.5272727272727272
2026-02-24,ORH,25404.0,short,2026-02-24T10:00:00-05:00,2026-02-24T10:01:00-05:00,2026-02-24T10:11:00-05:00,25351.75,25405.75,25243.75,25406.0,stop,-1085.0,-1090.0,-1.0092592592592593
2026-02-24,PDH,25531.0,short,2026-02-24T11:15:00-05:00,2026-02-24T11:21:00-05:00,2026-02-24T12:00:00-05:00,25491.0,25538.75,25395.5,25520.0,noon,-580.0,-585.0,-0.612565445026178
2026-02-27,PDL,25352.75,long,2026-02-27T10:00:00-05:00,2026-02-27T10:01:00-05:00,2026-02-27T10:45:00-05:00,25391.5,25340.5,25493.5,25493.5,target,2040.0,2035.0,1.9950980392156863
2026-03-02,ORH,25376.0,short,2026-03-02T10:30:00-05:00,2026-03-02T10:33:00-05:00,2026-03-02T10:42:00-05:00,25347.5,25420.0,25202.5,25420.25,stop,-1455.0,-1460.0,-1.006896551724138
2026-03-03,ORL,24993.5,long,2026-03-03T10:10:00-05:00,2026-03-03T10:13:00-05:00,2026-03-03T10:18:00-05:00,25033.0,24950.25,25198.5,24950.0,stop,-1660.0,-1665.0,-1.0060422960725075
2026-03-03,ORL,24993.5,long,2026-03-03T11:05:00-05:00,2026-03-03T11:06:00-05:00,2026-03-03T11:47:00-05:00,25016.0,24927.0,25194.0,25194.0,target,3560.0,3555.0,1.997191011235955
2026-03-05,ORH,25616.25,short,2026-03-05T10:20:00-05:00,2026-03-05T10:21:00-05:00,2026-03-05T10:31:00-05:00,25593.5,25671.75,25437.0,25437.0,target,3130.0,3125.0,1.9968051118210863
2026-03-05,ORL,25476.25,long,2026-03-05T10:40:00-05:00,2026-03-05T10:41:00-05:00,2026-03-05T11:12:00-05:00,25536.0,25449.0,25710.0,25448.75,stop,-1745.0,-1750.0,-1.0057471264367817
2026-03-06,ORH,25223.5,short,2026-03-06T10:10:00-05:00,2026-03-06T10:11:00-05:00,2026-03-06T10:14:00-05:00,25159.75,25265.5,24948.25,25265.75,stop,-2120.0,-2125.0,-1.0047281323877069
2026-03-06,PDL,25263.5,long,2026-03-06T10:20:00-05:00,2026-03-06T10:24:00-05:00,2026-03-06T10:38:00-05:00,25291.25,25250.0,25373.75,25373.75,target,1650.0,1645.0,1.993939393939394
2026-03-09,ORL,24845.0,long,2026-03-09T10:00:00-04:00,2026-03-09T10:04:00-04:00,2026-03-09T11:16:00-04:00,24905.5,24803.5,25109.5,25109.5,target,4080.0,4075.0,1.9975490196078431
2026-03-09,PDL,25092.0,long,2026-03-09T11:25:00-04:00,2026-03-09T11:26:00-04:00,2026-03-09T11:37:00-04:00,25121.0,25083.5,25196.0,25083.25,stop,-755.0,-760.0,-1.0133333333333334
2026-03-10,ORL,25450.5,long,2026-03-10T10:25:00-04:00,2026-03-10T10:26:00-04:00,2026-03-10T10:43:00-04:00,25488.25,25434.75,25595.25,25595.25,target,2140.0,2135.0,1.9953271028037383
2026-03-11,ORL,25525.25,long,2026-03-11T10:00:00-04:00,2026-03-11T10:01:00-04:00,2026-03-11T10:24:00-04:00,25599.75,25521.75,25755.75,25521.5,stop,-1565.0,-1570.0,-1.0064102564102564
2026-03-11,ORL,25525.25,long,2026-03-11T10:45:00-04:00,2026-03-11T10:49:00-04:00,2026-03-11T11:13:00-04:00,25544.5,25492.75,25648.0,25492.5,stop,-1040.0,-1045.0,-1.0096618357487923
2026-03-13,ORH,25264.0,short,2026-03-13T10:00:00-04:00,2026-03-13T10:03:00-04:00,2026-03-13T10:47:00-04:00,25211.5,25283.75,25067.0,25067.0,target,2890.0,2885.0,1.9965397923875432
2026-03-16,ORH,25214.0,short,2026-03-16T10:35:00-04:00,2026-03-16T10:39:00-04:00,2026-03-16T11:23:00-04:00,25159.75,25218.75,25041.75,25219.0,stop,-1185.0,-1190.0,-1.0084745762711864
2026-03-17,ORH,25357.25,short,2026-03-17T10:05:00-04:00,2026-03-17T10:12:00-04:00,2026-03-17T11:37:00-04:00,25332.5,25380.75,25236.0,25236.0,target,1930.0,1925.0,1.994818652849741
2026-03-18,PDL,25228.5,long,2026-03-18T10:00:00-04:00,2026-03-18T10:01:00-04:00,2026-03-18T10:03:00-04:00,25254.75,25212.5,25339.25,25212.25,stop,-850.0,-855.0,-1.0118343195266273
2026-03-19,ORH,24735.0,short,2026-03-19T10:25:00-04:00,2026-03-19T10:28:00-04:00,2026-03-19T10:33:00-04:00,24711.0,24778.75,24575.5,24779.0,stop,-1360.0,-1365.0,-1.007380073800738
2026-03-23,ORH,24850.0,short,2026-03-23T10:05:00-04:00,2026-03-23T10:06:00-04:00,2026-03-23T10:14:00-04:00,24825.5,24895.25,24686.0,24895.5,stop,-1400.0,-1405.0,-1.007168458781362
2026-03-24,ORH,24599.75,short,2026-03-24T10:55:00-04:00,2026-03-24T11:00:00-04:00,2026-03-24T11:17:00-04:00,24473.5,24625.75,24169.0,24626.0,stop,-3050.0,-3055.0,-1.0032840722495895
2026-03-25,PDH,24667.5,short,2026-03-25T10:00:00-04:00,2026-03-25T10:01:00-04:00,2026-03-25T10:05:00-04:00,24642.5,24693.0,24541.5,24693.25,stop,-1015.0,-1020.0,-1.00990099009901
2026-03-25,ORL,24708.25,long,2026-03-25T10:15:00-04:00,2026-03-25T10:16:00-04:00,2026-03-25T11:13:00-04:00,24743.5,24675.75,24879.0,24675.5,stop,-1360.0,-1365.0,-1.007380073800738
2026-03-26,ORH,24440.0,short,2026-03-26T10:45:00-04:00,2026-03-26T10:46:00-04:00,2026-03-26T12:00:00-04:00,24398.5,24508.5,24178.5,24375.0,noon,470.0,465.0,0.21136363636363636
2026-03-27,ORL,23814.25,long,2026-03-27T11:05:00-04:00,2026-03-27T11:07:00-04:00,2026-03-27T11:12:00-04:00,23824.75,23785.5,23903.25,23785.25,stop,-790.0,-795.0,-1.0127388535031847
2026-03-30,PDL,23551.25,long,2026-03-30T10:45:00-04:00,2026-03-30T10:47:00-04:00,2026-03-30T12:00:00-04:00,23614.75,23544.0,23756.25,23657.0,noon,845.0,840.0,0.5936395759717314
2026-03-31,PDH,23820.5,short,2026-03-31T10:10:00-04:00,2026-03-31T10:11:00-04:00,2026-03-31T10:19:00-04:00,23778.75,23842.0,23652.25,23842.25,stop,-1270.0,-1275.0,-1.007905138339921
2026-03-31,PDH,23820.5,short,2026-03-31T10:40:00-04:00,2026-03-31T10:43:00-04:00,2026-03-31T10:57:00-04:00,23786.75,23850.5,23659.25,23659.25,target,2550.0,2545.0,1.996078431372549
2026-04-01,ORH,24477.0,short,2026-04-01T10:25:00-04:00,2026-04-01T10:35:00-04:00,2026-04-01T10:40:00-04:00,24437.25,24493.5,24324.75,24493.75,stop,-1130.0,-1135.0,-1.008888888888889
2026-04-06,ORH,24656.0,short,2026-04-06T10:05:00-04:00,2026-04-06T10:06:00-04:00,2026-04-06T12:00:00-04:00,24568.0,24735.0,24234.0,24606.5,noon,-770.0,-775.0,-0.23203592814371257
2026-04-09,ORL,25301.25,long,2026-04-09T10:00:00-04:00,2026-04-09T10:05:00-04:00,2026-04-09T10:11:00-04:00,25323.25,25287.25,25395.25,25287.0,stop,-725.0,-730.0,-1.0138888888888888
2026-04-09,ORL,25301.25,long,2026-04-09T10:55:00-04:00,2026-04-09T10:56:00-04:00,2026-04-09T11:20:00-04:00,25320.75,25288.5,25385.25,25385.25,target,1290.0,1285.0,1.9922480620155039
2026-04-10,ORL,25572.75,long,2026-04-10T10:15:00-04:00,2026-04-10T10:16:00-04:00,2026-04-10T11:56:00-04:00,25610.25,25549.75,25731.25,25549.5,stop,-1215.0,-1220.0,-1.0082644628099173
2026-04-16,ORL,26627.5,long,2026-04-16T10:10:00-04:00,2026-04-16T10:13:00-04:00,2026-04-16T10:19:00-04:00,26649.0,26603.75,26739.5,26603.5,stop,-910.0,-915.0,-1.011049723756906
2026-04-16,ORL,26627.5,long,2026-04-16T10:30:00-04:00,2026-04-16T10:31:00-04:00,2026-04-16T11:05:00-04:00,26647.75,26609.25,26724.75,26724.75,target,1540.0,1535.0,1.9935064935064934
2026-04-20,ORL,27015.25,long,2026-04-20T10:20:00-04:00,2026-04-20T10:23:00-04:00,2026-04-20T10:32:00-04:00,27040.25,26999.25,27122.25,26999.0,stop,-825.0,-830.0,-1.0121951219512195
2026-04-20,PDL,26911.75,long,2026-04-20T11:20:00-04:00,2026-04-20T11:22:00-04:00,2026-04-20T12:00:00-04:00,26931.75,26888.75,27017.75,26940.5,noon,175.0,170.0,0.19767441860465115
2026-04-21,PDH,27110.0,short,2026-04-21T10:45:00-04:00,2026-04-21T10:46:00-04:00,2026-04-21T11:00:00-04:00,27099.75,27142.25,27014.75,27014.75,target,1700.0,1695.0,1.9941176470588236
2026-04-21,ORL,27009.0,long,2026-04-21T11:10:00-04:00,2026-04-21T11:11:00-04:00,2026-04-21T12:00:00-04:00,27031.5,26944.25,27206.0,27013.5,noon,-360.0,-365.0,-0.20916905444126074
2026-04-22,ORH,27175.0,short,2026-04-22T10:05:00-04:00,2026-04-22T10:06:00-04:00,2026-04-22T10:08:00-04:00,27141.25,27182.5,27058.75,27182.75,stop,-830.0,-835.0,-1.0121212121212122
2026-04-24,ORL,27458.5,long,2026-04-24T10:00:00-04:00,2026-04-24T10:02:00-04:00,2026-04-24T11:32:00-04:00,27482.75,27412.0,27624.25,27624.25,target,2830.0,2825.0,1.9964664310954063
2026-04-27,ORL,27635.75,long,2026-04-27T10:15:00-04:00,2026-04-27T10:16:00-04:00,2026-04-27T10:31:00-04:00,27675.5,27630.0,27766.5,27629.75,stop,-915.0,-920.0,-1.010989010989011
2026-04-27,ORL,27635.75,long,2026-04-27T10:50:00-04:00,2026-04-27T10:51:00-04:00,2026-04-27T10:55:00-04:00,27664.25,27632.5,27727.75,27632.25,stop,-640.0,-645.0,-1.015748031496063
2026-04-28,ORL,27350.5,long,2026-04-28T11:00:00-04:00,2026-04-28T11:01:00-04:00,2026-04-28T11:36:00-04:00,27376.5,27294.25,27541.0,27294.0,stop,-1650.0,-1655.0,-1.006079027355623
2026-04-29,ORH,27500.25,short,2026-04-29T10:05:00-04:00,2026-04-29T10:09:00-04:00,2026-04-29T10:19:00-04:00,27467.0,27508.0,27385.0,27508.25,stop,-825.0,-830.0,-1.0121951219512195
2026-04-29,PDH,27534.25,short,2026-04-29T11:10:00-04:00,2026-04-29T11:11:00-04:00,2026-04-29T11:32:00-04:00,27531.25,27573.0,27447.75,27573.25,stop,-840.0,-845.0,-1.0119760479041917
2026-04-30,ORL,27553.25,long,2026-04-30T10:50:00-04:00,2026-04-30T10:52:00-04:00,2026-04-30T11:30:00-04:00,27582.75,27525.0,27698.25,27698.25,target,2310.0,2305.0,1.9956709956709957
2026-05-04,ORH,28170.25,short,2026-05-04T10:05:00-04:00,2026-05-04T10:06:00-04:00,2026-05-04T10:13:00-04:00,28149.0,28182.75,28081.5,28183.0,stop,-680.0,-685.0,-1.0148148148148148
2026-05-04,ORH,28170.25,short,2026-05-04T10:30:00-04:00,2026-05-04T10:31:00-04:00,2026-05-04T10:39:00-04:00,28149.0,28190.75,28065.5,28191.0,stop,-840.0,-845.0,-1.0119760479041917
2026-05-05,ORH,28366.25,short,2026-05-05T10:15:00-04:00,2026-05-05T10:16:00-04:00,2026-05-05T10:25:00-04:00,28326.75,28392.0,28196.25,28392.25,stop,-1310.0,-1315.0,-1.0076628352490422
2026-05-06,ORH,28764.5,short,2026-05-06T10:00:00-04:00,2026-05-06T10:02:00-04:00,2026-05-06T10:41:00-04:00,28745.25,28788.75,28658.25,28789.0,stop,-875.0,-880.0,-1.0114942528735633
2026-05-11,ORL,29563.75,long,2026-05-11T10:35:00-04:00,2026-05-11T10:36:00-04:00,2026-05-11T11:56:00-04:00,29601.75,29528.5,29748.25,29748.25,target,2930.0,2925.0,1.9965870307167235
2026-05-12,ORL,29425.25,long,2026-05-12T10:15:00-04:00,2026-05-12T10:16:00-04:00,2026-05-12T10:29:00-04:00,29477.5,29399.0,29634.5,29398.75,stop,-1575.0,-1580.0,-1.0063694267515924
2026-05-13,ORL,29462.75,long,2026-05-13T10:25:00-04:00,2026-05-13T10:26:00-04:00,2026-05-13T12:00:00-04:00,29528.0,29443.5,29697.0,29592.0,noon,1280.0,1275.0,0.7544378698224852
2026-05-14,PDH,29847.75,short,2026-05-14T10:10:00-04:00,2026-05-14T10:12:00-04:00,2026-05-14T10:16:00-04:00,29823.25,29888.25,29693.25,29888.5,stop,-1305.0,-1310.0,-1.0076923076923077
2026-05-15,ORL,29433.25,long,2026-05-15T10:05:00-04:00,2026-05-15T10:09:00-04:00,2026-05-15T10:22:00-04:00,29496.0,29413.75,29660.5,29660.5,target,3290.0,3285.0,1.9969604863221884
2026-05-15,ORH,29573.25,short,2026-05-15T10:50:00-04:00,2026-05-15T10:51:00-04:00,2026-05-15T11:22:00-04:00,29562.75,29636.75,29414.75,29637.0,stop,-1485.0,-1490.0,-1.0067567567567568
2026-05-18,ORL,29442.25,long,2026-05-18T10:05:00-04:00,2026-05-18T10:08:00-04:00,2026-05-18T10:30:00-04:00,29525.75,29422.25,29732.75,29422.0,stop,-2075.0,-2080.0,-1.0048309178743962
2026-05-19,PDL,29097.0,long,2026-05-19T11:15:00-04:00,2026-05-19T11:16:00-04:00,2026-05-19T11:20:00-04:00,29118.75,29075.75,29204.75,29075.5,stop,-865.0,-870.0,-1.0116279069767442
2026-05-20,ORH,29436.75,short,2026-05-20T10:25:00-04:00,2026-05-20T10:26:00-04:00,2026-05-20T10:31:00-04:00,29418.0,29509.75,29234.5,29510.0,stop,-1840.0,-1845.0,-1.005449591280654
2026-05-21,ORH,29550.75,short,2026-05-21T10:15:00-04:00,2026-05-21T10:16:00-04:00,2026-05-21T12:00:00-04:00,29533.0,29606.5,29386.0,29548.75,noon,-315.0,-320.0,-0.21768707482993196
2026-05-22,ORL,29833.5,long,2026-05-22T10:15:00-04:00,2026-05-22T10:16:00-04:00,2026-05-22T10:19:00-04:00,29870.25,29831.75,29947.25,29831.5,stop,-775.0,-780.0,-1.0129870129870129
2026-05-22,ORL,29833.5,long,2026-05-22T10:30:00-04:00,2026-05-22T10:31:00-04:00,2026-05-22T11:06:00-04:00,29849.5,29793.0,29962.5,29962.5,target,2260.0,2255.0,1.9955752212389382
2026-05-27,ORL,30247.25,long,2026-05-27T10:40:00-04:00,2026-05-27T10:41:00-04:00,2026-05-27T10:57:00-04:00,30286.25,30212.25,30434.25,30212.0,stop,-1485.0,-1490.0,-1.0067567567567568
2026-05-28,ORH,30394.25,short,2026-05-28T10:35:00-04:00,2026-05-28T10:36:00-04:00,2026-05-28T10:45:00-04:00,30392.25,30449.0,30278.75,30449.25,stop,-1140.0,-1145.0,-1.0088105726872247
2026-05-29,ORH,30744.25,short,2026-05-29T10:15:00-04:00,2026-05-29T10:16:00-04:00,2026-05-29T10:43:00-04:00,30726.25,30785.0,30608.75,30608.75,target,2350.0,2345.0,1.995744680851064
2026-05-29,ORL,30647.0,long,2026-05-29T11:05:00-04:00,2026-05-29T11:08:00-04:00,2026-05-29T12:00:00-04:00,30660.75,30622.5,30737.25,30644.5,noon,-325.0,-330.0,-0.43137254901960786
2026-06-01,ORL,30591.75,long,2026-06-01T10:10:00-04:00,2026-06-01T10:17:00-04:00,2026-06-01T11:36:00-04:00,30666.75,30584.75,30830.75,30830.75,target,3280.0,3275.0,1.9969512195121952
2026-06-03,ORL,30904.25,long,2026-06-03T10:10:00-04:00,2026-06-03T10:12:00-04:00,2026-06-03T11:46:00-04:00,30932.5,30879.5,31038.5,30879.25,stop,-1065.0,-1070.0,-1.009433962264151
2026-06-04,ORL,30492.25,long,2026-06-04T10:15:00-04:00,2026-06-04T10:16:00-04:00,2026-06-04T12:00:00-04:00,30565.25,30463.25,30769.25,30695.75,noon,2610.0,2605.0,1.2769607843137254
2026-06-05,ORL,30211.0,long,2026-06-05T10:20:00-04:00,2026-06-05T10:21:00-04:00,2026-06-05T10:23:00-04:00,30224.25,30148.5,30375.75,30148.25,stop,-1520.0,-1525.0,-1.0066006600660067
2026-06-08,ORL,29679.75,long,2026-06-08T10:10:00-04:00,2026-06-08T10:12:00-04:00,2026-06-08T11:04:00-04:00,29749.25,29630.25,29987.25,29987.25,target,4760.0,4755.0,1.9978991596638656
2026-06-09,PDH,30025.25,short,2026-06-09T10:00:00-04:00,2026-06-09T10:01:00-04:00,2026-06-09T10:14:00-04:00,29945.0,30029.0,29777.0,29777.0,target,3360.0,3355.0,1.9970238095238095
2026-06-10,ORH,29375.0,short,2026-06-10T10:00:00-04:00,2026-06-10T10:01:00-04:00,2026-06-10T10:04:00-04:00,29282.75,29376.75,29094.75,29377.0,stop,-1885.0,-1890.0,-1.0053191489361701
2026-06-10,ORH,29375.0,short,2026-06-10T10:15:00-04:00,2026-06-10T10:16:00-04:00,2026-06-10T10:24:00-04:00,29352.25,29448.75,29159.25,29449.0,stop,-1935.0,-1940.0,-1.005181347150259
2026-06-12,ORH,29792.0,short,2026-06-12T10:45:00-04:00,2026-06-12T10:46:00-04:00,2026-06-12T10:53:00-04:00,29700.5,29846.5,29408.5,29846.75,stop,-2925.0,-2930.0,-1.0034246575342465
2026-06-15,ORH,30734.5,short,2026-06-15T10:00:00-04:00,2026-06-15T10:01:00-04:00,2026-06-15T10:58:00-04:00,30696.0,30784.0,30520.0,30784.25,stop,-1765.0,-1770.0,-1.0056818181818181
2026-06-16,ORH,30860.5,short,2026-06-16T10:00:00-04:00,2026-06-16T10:04:00-04:00,2026-06-16T10:32:00-04:00,30799.5,30889.5,30619.5,30619.5,target,3600.0,3595.0,1.9972222222222222
2026-06-16,PDL,30604.75,long,2026-06-16T11:05:00-04:00,2026-06-16T11:06:00-04:00,2026-06-16T11:21:00-04:00,30640.5,30589.75,30742.0,30589.5,stop,-1020.0,-1025.0,-1.0098522167487685
2026-06-17,ORL,30398.25,long,2026-06-17T10:15:00-04:00,2026-06-17T10:16:00-04:00,2026-06-17T10:48:00-04:00,30448.25,30356.5,30631.75,30356.25,stop,-1840.0,-1845.0,-1.005449591280654
2026-06-17,ORL,30398.25,long,2026-06-17T11:15:00-04:00,2026-06-17T11:16:00-04:00,2026-06-17T12:00:00-04:00,30419.75,30353.75,30551.75,30449.75,noon,600.0,595.0,0.45075757575757575
2026-06-18,PDH,30545.75,short,2026-06-18T10:15:00-04:00,2026-06-18T10:16:00-04:00,2026-06-18T10:17:00-04:00,30500.25,30570.5,30359.75,30570.75,stop,-1410.0,-1415.0,-1.00711743772242
2026-06-18,PDH,30545.75,short,2026-06-18T10:30:00-04:00,2026-06-18T10:31:00-04:00,2026-06-18T10:48:00-04:00,30503.0,30628.0,30253.0,30628.25,stop,-2505.0,-2510.0,-1.004
2026-06-22,ORH,30926.75,short,2026-06-22T10:05:00-04:00,2026-06-22T10:06:00-04:00,2026-06-22T10:09:00-04:00,30907.0,30955.0,30811.0,30955.25,stop,-965.0,-970.0,-1.0104166666666667
2026-06-22,ORH,30926.75,short,2026-06-22T10:15:00-04:00,2026-06-22T10:16:00-04:00,2026-06-22T10:28:00-04:00,30896.75,30968.5,30753.25,30753.25,target,2870.0,2865.0,1.9965156794425087
2026-06-23,ORH,29806.0,short,2026-06-23T11:10:00-04:00,2026-06-23T11:18:00-04:00,2026-06-23T12:00:00-04:00,29764.5,29840.75,29612.0,29798.0,noon,-670.0,-675.0,-0.4426229508196721
2026-06-24,PDL,29577.25,long,2026-06-24T10:20:00-04:00,2026-06-24T10:26:00-04:00,2026-06-24T12:00:00-04:00,29696.0,29575.0,29938.0,29755.75,noon,1195.0,1190.0,0.49173553719008267
2026-06-29,PDH,29716.0,short,2026-06-29T10:00:00-04:00,2026-06-29T10:01:00-04:00,2026-06-29T11:31:00-04:00,29577.5,29776.5,29179.5,29776.75,stop,-3985.0,-3990.0,-1.0025125628140703
2026-07-01,ORH,30260.0,short,2026-07-01T10:35:00-04:00,2026-07-01T10:36:00-04:00,2026-07-01T11:18:00-04:00,30217.5,30289.75,30073.0,30290.0,stop,-1450.0,-1455.0,-1.0069204152249136
2026-07-02,ORH,30188.75,short,2026-07-02T10:10:00-04:00,2026-07-02T10:11:00-04:00,2026-07-02T10:28:00-04:00,30167.25,30261.5,29978.75,29978.75,target,3770.0,3765.0,1.9973474801061009
2026-07-06,ORH,29939.25,short,2026-07-06T10:00:00-04:00,2026-07-06T10:01:00-04:00,2026-07-06T10:09:00-04:00,29914.5,29988.75,29766.0,29989.0,stop,-1490.0,-1495.0,-1.0067340067340067
2026-07-09,ORH,29871.25,short,2026-07-09T10:10:00-04:00,2026-07-09T10:11:00-04:00,2026-07-09T10:16:00-04:00,29850.0,29915.75,29718.5,29718.5,target,2630.0,2625.0,1.9961977186311788
2026-07-09,ORL,29672.0,long,2026-07-09T10:25:00-04:00,2026-07-09T10:26:00-04:00,2026-07-09T12:00:00-04:00,29714.75,29614.0,29916.25,29886.0,noon,3425.0,3420.0,1.6972704714640199
2026-07-10,ORH,29936.75,short,2026-07-10T10:20:00-04:00,2026-07-10T10:22:00-04:00,2026-07-10T10:33:00-04:00,29888.0,29952.0,29760.0,29952.25,stop,-1285.0,-1290.0,-1.0078125
2026-07-10,ORL,29798.0,long,2026-07-10T11:05:00-04:00,2026-07-10T11:08:00-04:00,2026-07-10T11:17:00-04:00,29834.5,29789.25,29925.0,29925.0,target,1810.0,1805.0,1.9944751381215469
2026-07-13,ORL,29552.25,long,2026-07-13T10:00:00-04:00,2026-07-13T10:01:00-04:00,2026-07-13T10:17:00-04:00,29640.5,29526.25,29869.0,29526.0,stop,-2290.0,-2295.0,-1.0043763676148796
2026-07-13,PDL,29675.0,long,2026-07-13T10:30:00-04:00,2026-07-13T10:31:00-04:00,2026-07-13T10:41:00-04:00,29703.5,29649.5,29811.5,29649.25,stop,-1085.0,-1090.0,-1.0092592592592593
2026-07-14,PDH,29752.5,short,2026-07-14T10:05:00-04:00,2026-07-14T10:06:00-04:00,2026-07-14T10:35:00-04:00,29688.25,29805.25,29454.25,29805.5,stop,-2345.0,-2350.0,-1.0042735042735043
2026-07-14,PDH,29752.5,short,2026-07-14T10:45:00-04:00,2026-07-14T10:47:00-04:00,2026-07-14T11:05:00-04:00,29715.25,29802.0,29541.75,29802.25,stop,-1740.0,-1745.0,-1.005763688760807
2026-07-15,ORL,29831.0,long,2026-07-15T10:05:00-04:00,2026-07-15T10:07:00-04:00,2026-07-15T10:15:00-04:00,29872.25,29821.75,29973.25,29821.5,stop,-1015.0,-1020.0,-1.00990099009901
2026-07-15,PDL,29567.5,long,2026-07-15T10:45:00-04:00,2026-07-15T10:49:00-04:00,2026-07-15T11:18:00-04:00,29624.75,29536.25,29801.75,29536.0,stop,-1775.0,-1780.0,-1.0056497175141244
2026-07-16,ORL,29308.5,long,2026-07-16T10:00:00-04:00,2026-07-16T10:01:00-04:00,2026-07-16T12:00:00-04:00,29364.25,29255.0,29582.75,29392.25,noon,560.0,555.0,0.2540045766590389
2026-07-20,ORL,29025.75,long,2026-07-20T10:30:00-04:00,2026-07-20T10:31:00-04:00,2026-07-20T10:44:00-04:00,29033.25,28962.5,29174.75,28962.25,stop,-1420.0,-1425.0,-1.0070671378091873
2026-07-21,ORL,29129.5,long,2026-07-21T10:00:00-04:00,2026-07-21T10:01:00-04:00,2026-07-21T10:04:00-04:00,29164.25,29092.0,29308.75,29091.75,stop,-1450.0,-1455.0,-1.0069204152249136
2026-07-21,ORL,29129.5,long,2026-07-21T10:15:00-04:00,2026-07-21T10:19:00-04:00,2026-07-21T11:13:00-04:00,29137.75,29063.75,29285.75,29285.75,target,2960.0,2955.0,1.9966216216216217
2026-07-23,ORL,28657.0,long,2026-07-23T10:35:00-04:00,2026-07-23T10:38:00-04:00,2026-07-23T10:44:00-04:00,28752.0,28639.5,28977.0,28639.25,stop,-2255.0,-2260.0,-1.0044444444444445
2026-07-24,PDL,28432.5,long,2026-07-24T11:00:00-04:00,2026-07-24T11:01:00-04:00,2026-07-24T12:00:00-04:00,28462.0,28349.5,28687.0,28575.75,noon,2275.0,2270.0,1.008888888888889
2026-07-28,ORL,27728.5,long,2026-07-28T10:45:00-04:00,2026-07-28T10:48:00-04:00,2026-07-28T11:21:00-04:00,27793.5,27713.0,27954.5,27954.5,target,3220.0,3215.0,1.9968944099378882
2026-07-29,PDL,27603.5,long,2026-07-29T11:05:00-04:00,2026-07-29T11:09:00-04:00,2026-07-29T11:12:00-04:00,27647.75,27580.5,27782.25,27580.25,stop,-1350.0,-1355.0,-1.0074349442379182
2026-07-30,PDH,28099.5,short,2026-07-30T10:10:00-04:00,2026-07-30T10:11:00-04:00,2026-07-30T10:24:00-04:00,28072.75,28166.5,27885.25,28166.75,stop,-1880.0,-1885.0,-1.0053333333333334
2026-07-30,PDH,28099.5,short,2026-07-30T10:55:00-04:00,2026-07-30T10:56:00-04:00,2026-07-30T12:00:00-04:00,28062.5,28176.75,27834.0,28079.75,noon,-345.0,-350.0,-0.15317286652078774
2026-07-31,PDH,28297.75,short,2026-07-31T10:05:00-04:00,2026-07-31T10:06:00-04:00,2026-07-31T12:00:00-04:00,28239.25,28393.5,27930.75,28274.25,noon,-700.0,-705.0,-0.22852512155591573
2026-08-05,ORL,29910.25,long,2026-08-05T10:25:00-04:00,2026-08-05T10:26:00-04:00,2026-08-05T10:31:00-04:00,29978.25,29900.75,30133.25,29900.5,stop,-1555.0,-1560.0,-1.0064516129032257
2026-08-06,PDL,29592.75,long,2026-08-06T10:15:00-04:00,2026-08-06T10:16:00-04:00,2026-08-06T10:28:00-04:00,29619.5,29577.75,29703.0,29577.5,stop,-840.0,-845.0,-1.0119760479041917
2026-08-06,PDL,29592.75,long,2026-08-06T10:35:00-04:00,2026-08-06T10:36:00-04:00,2026-08-06T10:39:00-04:00,29639.25,29575.5,29766.75,29575.25,stop,-1280.0,-1285.0,-1.007843137254902
2026-08-07,PDH,29686.25,short,2026-08-07T10:00:00-04:00,2026-08-07T10:03:00-04:00,2026-08-07T10:28:00-04:00,29643.25,29762.25,29405.25,29762.5,stop,-2385.0,-2390.0,-1.004201680672269
2026-08-07,PDH,29686.25,short,2026-08-07T10:40:00-04:00,2026-08-07T10:44:00-04:00,2026-08-07T11:04:00-04:00,29669.0,29744.25,29518.5,29744.5,stop,-1510.0,-1515.0,-1.0066445182724253
2026-08-10,PDH,29860.25,short,2026-08-10T10:25:00-04:00,2026-08-10T10:26:00-04:00,2026-08-10T10:36:00-04:00,29826.5,29885.0,29709.5,29885.25,stop,-1175.0,-1180.0,-1.0085470085470085
2026-08-10,PDH,29860.25,short,2026-08-10T10:55:00-04:00,2026-08-10T10:56:00-04:00,2026-08-10T12:00:00-04:00,29794.25,29877.75,29627.25,29844.25,noon,-1000.0,-1005.0,-0.6017964071856288
2026-08-11,PDL,29718.75,long,2026-08-11T10:00:00-04:00,2026-08-11T10:01:00-04:00,2026-08-11T12:00:00-04:00,29735.5,29656.5,29893.5,29663.0,noon,-1450.0,-1455.0,-0.9208860759493671
2026-08-12,ORL,29853.25,long,2026-08-12T10:10:00-04:00,2026-08-12T10:11:00-04:00,2026-08-12T10:32:00-04:00,29923.25,29847.25,30075.25,29847.0,stop,-1525.0,-1530.0,-1.006578947368421
2026-08-12,ORL,29853.25,long,2026-08-12T11:10:00-04:00,2026-08-12T11:13:00-04:00,2026-08-12T11:33:00-04:00,29879.0,29840.75,29955.5,29840.5,stop,-770.0,-775.0,-1.0130718954248366
2026-08-14,ORH,30269.5,short,2026-08-14T10:10:00-04:00,2026-08-14T10:11:00-04:00,2026-08-14T10:31:00-04:00,30225.5,30272.75,30131.0,30131.0,target,1890.0,1885.0,1.9947089947089947
2026-08-17,ORL,30165.5,long,2026-08-17T10:10:00-04:00,2026-08-17T10:11:00-04:00,2026-08-17T10:25:00-04:00,30214.5,30160.5,30322.5,30160.25,stop,-1085.0,-1090.0,-1.0092592592592593
2026-08-17,PDH,30280.5,short,2026-08-17T11:10:00-04:00,2026-08-17T11:15:00-04:00,2026-08-17T12:00:00-04:00,30256.75,30288.0,30194.25,30239.75,noon,340.0,335.0,0.536
2026-08-18,ORL,29631.25,long,2026-08-18T10:00:00-04:00,2026-08-18T10:03:00-04:00,2026-08-18T10:11:00-04:00,29665.75,29604.25,29788.75,29604.0,stop,-1235.0,-1240.0,-1.008130081300813
2026-08-18,ORL,29631.25,long,2026-08-18T10:25:00-04:00,2026-08-18T10:26:00-04:00,2026-08-18T10:51:00-04:00,29662.0,29592.75,29800.5,29592.5,stop,-1390.0,-1395.0,-1.0072202166064983
2026-08-19,PDL,29514.0,long,2026-08-19T10:40:00-04:00,2026-08-19T10:41:00-04:00,2026-08-19T12:00:00-04:00,29567.5,29483.25,29736.0,29606.0,noon,770.0,765.0,0.4540059347181009
2026-08-21,ORL,29312.25,long,2026-08-21T11:00:00-04:00,2026-08-21T11:01:00-04:00,2026-08-21T11:39:00-04:00,29334.25,29288.25,29426.25,29426.25,target,1840.0,1835.0,1.9945652173913044
2026-08-24,ORL,28975.5,long,2026-08-24T10:10:00-04:00,2026-08-24T10:16:00-04:00,2026-08-24T10:35:00-04:00,28999.25,28960.0,29077.75,29077.75,target,1570.0,1565.0,1.9936305732484076
2026-08-25,PDH,29243.0,short,2026-08-25T10:20:00-04:00,2026-08-25T10:22:00-04:00,2026-08-25T10:31:00-04:00,29233.25,29270.0,29159.75,29159.75,target,1470.0,1465.0,1.9931972789115646
2026-08-25,PDH,29243.0,short,2026-08-25T11:00:00-04:00,2026-08-25T11:01:00-04:00,2026-08-25T11:21:00-04:00,29218.25,29250.5,29153.75,29250.75,stop,-650.0,-655.0,-1.0155038759689923
2026-08-26,ORH,29313.25,short,2026-08-26T10:05:00-04:00,2026-08-26T10:06:00-04:00,2026-08-26T10:22:00-04:00,29296.25,29333.0,29222.75,29222.75,target,1470.0,1465.0,1.9931972789115646
2026-08-26,ORL,29174.25,long,2026-08-26T10:30:00-04:00,2026-08-26T10:37:00-04:00,2026-08-26T12:00:00-04:00,29209.25,29156.25,29315.25,29217.5,noon,165.0,160.0,0.1509433962264151
2026-08-27,ORL,29443.0,long,2026-08-27T10:00:00-04:00,2026-08-27T10:04:00-04:00,2026-08-27T12:00:00-04:00,29545.25,29423.25,29789.25,29597.75,noon,1050.0,1045.0,0.42827868852459017
2026-08-28,PDH,29704.5,short,2026-08-28T10:05:00-04:00,2026-08-28T10:06:00-04:00,2026-08-28T10:39:00-04:00,29597.25,29706.5,29378.75,29706.75,stop,-2190.0,-2195.0,-1.0045766590389016
2026-08-31,ORL,29390.25,long,2026-08-31T10:15:00-04:00,2026-08-31T10:17:00-04:00,2026-08-31T10:25:00-04:00,29406.0,29370.5,29477.0,29370.25,stop,-715.0,-720.0,-1.0140845070422535
2026-08-31,ORL,29390.25,long,2026-08-31T10:40:00-04:00,2026-08-31T10:43:00-04:00,2026-08-31T12:00:00-04:00,29430.0,29370.5,29549.0,29388.5,noon,-830.0,-835.0,-0.7016806722689075
2026-09-02,ORL,29036.5,long,2026-09-02T10:00:00-04:00,2026-09-02T10:05:00-04:00,2026-09-02T10:22:00-04:00,29068.25,29016.75,29171.25,29171.25,target,2060.0,2055.0,1.9951456310679612
2026-09-03,ORH,29359.5,short,2026-09-03T10:25:00-04:00,2026-09-03T10:26:00-04:00,2026-09-03T10:57:00-04:00,29327.75,29365.0,29253.25,29253.25,target,1490.0,1485.0,1.9932885906040267
2026-09-04,ORH,29647.0,short,2026-09-04T10:10:00-04:00,2026-09-04T10:11:00-04:00,2026-09-04T10:27:00-04:00,29640.5,29676.0,29569.5,29569.5,target,1420.0,1415.0,1.9929577464788732
2026-09-04,PDH,29584.25,short,2026-09-04T10:45:00-04:00,2026-09-04T10:46:00-04:00,2026-09-04T12:00:00-04:00,29530.5,29587.5,29416.5,29515.25,noon,305.0,300.0,0.2631578947368421
2026-09-08,ORL,29467.0,long,2026-09-08T10:20:00-04:00,2026-09-08T10:21:00-04:00,2026-09-08T11:01:00-04:00,29494.25,29458.0,29566.75,29566.75,target,1450.0,1445.0,1.993103448275862
2026-09-09,ORH,29503.75,short,2026-09-09T10:20:00-04:00,2026-09-09T10:22:00-04:00,2026-09-09T11:01:00-04:00,29488.0,29562.25,29339.5,29562.5,stop,-1490.0,-1495.0,-1.0067340067340067
2026-09-09,ORH,29503.75,short,2026-09-09T11:10:00-04:00,2026-09-09T11:11:00-04:00,2026-09-09T12:00:00-04:00,29433.5,29506.5,29287.5,29448.25,noon,-295.0,-300.0,-0.2054794520547945
