entry_time,exit_time,direction,entry,stop,target,risk_points,outcome,raw_r,net_r,pnl,session,year
2020-12-10 14:55:00-05:00,2020-12-10 14:55:00-05:00,LONG,12370.5,12373.75,12373.75,3.25,STOP,-1.0,-1.2184615384615385,-79.2,2020-12-09,2020
2020-12-10 15:35:00-05:00,2020-12-10 15:36:00-05:00,SHORT,12403.75,12410.5,12397.0,6.75,STOP,-1.0,-1.1051851851851853,-149.20000000000002,2020-12-09,2020
2020-12-11 14:25:00-05:00,2020-12-11 14:26:00-05:00,SHORT,12339.5,12343.5,12335.5,4.0,TARGET,1.0,0.8225,65.8,2020-12-10,2020
2020-12-14 12:30:00-05:00,2020-12-14 12:31:00-05:00,LONG,12520.0,12514.0,12526.0,6.0,STOP,-1.0,-1.1183333333333334,-134.20000000000002,2020-12-13,2020
2020-12-14 15:30:00-05:00,2020-12-14 15:32:00-05:00,SHORT,12517.25,12528.0,12506.5,10.75,TARGET,1.0,0.933953488372093,200.8,2020-12-13,2020
2020-12-15 12:45:00-05:00,2020-12-15 12:53:00-05:00,SHORT,12529.75,12536.25,12523.25,6.5,STOP,-1.0,-1.1092307692307692,-144.2,2020-12-14,2020
2020-12-15 13:35:00-05:00,2020-12-15 13:38:00-05:00,SHORT,12548.25,12553.75,12542.75,5.5,STOP,-1.0,-1.1290909090909091,-124.2,2020-12-14,2020
2020-12-16 12:10:00-05:00,2020-12-16 12:10:00-05:00,SHORT,12656.25,12660.25,12652.25,4.0,TARGET,1.0,0.8225,65.8,2020-12-15,2020
2020-12-16 12:50:00-05:00,2020-12-16 12:50:00-05:00,SHORT,12639.0,12649.5,12628.5,10.5,TARGET,1.0,0.9323809523809524,195.8,2020-12-15,2020
2020-12-17 12:40:00-05:00,2020-12-17 12:41:00-05:00,LONG,12712.75,12705.0,12720.5,7.75,TARGET,1.0,0.9083870967741936,140.8,2020-12-16,2020
2020-12-17 13:35:00-05:00,2020-12-17 13:37:00-05:00,LONG,12719.25,12713.0,12725.5,6.25,STOP,-1.0,-1.1136,-139.2,2020-12-16,2020
2020-12-18 12:55:00-05:00,2020-12-18 12:57:00-05:00,LONG,12712.5,12708.25,12716.75,4.25,STOP,-1.0,-1.1670588235294117,-99.19999999999999,2020-12-17,2020
2020-12-21 12:10:00-05:00,2020-12-21 12:10:00-05:00,SHORT,12597.0,12600.5,12593.5,3.5,TARGET,1.0,0.7971428571428572,55.8,2020-12-20,2020
2020-12-21 15:00:00-05:00,2020-12-21 15:00:00-05:00,LONG,12682.0,12678.0,12686.0,4.0,TARGET,1.0,0.8225,65.8,2020-12-20,2020
2020-12-22 13:05:00-05:00,2020-12-22 13:05:00-05:00,SHORT,12684.0,12689.25,12678.75,5.25,STOP,-1.0,-1.1352380952380952,-119.19999999999999,2020-12-21,2020
2020-12-22 14:10:00-05:00,2020-12-22 14:37:00-05:00,SHORT,12707.0,12717.5,12696.5,10.5,TARGET,1.0,0.9323809523809524,195.8,2020-12-21,2020
2020-12-23 12:10:00-05:00,2020-12-23 12:11:00-05:00,LONG,12689.25,12682.75,12695.75,6.5,TARGET,1.0,0.8907692307692308,115.8,2020-12-22,2020
2020-12-23 13:05:00-05:00,2020-12-23 13:06:00-05:00,SHORT,12709.5,12712.75,12706.25,3.25,STOP,-1.0,-1.2184615384615385,-79.2,2020-12-22,2020
2020-12-28 13:25:00-05:00,2020-12-28 13:28:00-05:00,SHORT,12835.0,12840.75,12829.25,5.75,STOP,-1.0,-1.1234782608695653,-129.20000000000002,2020-12-27,2020
2020-12-28 14:05:00-05:00,2020-12-28 14:06:00-05:00,SHORT,12843.0,12846.0,12840.0,3.0,TARGET,1.0,0.7633333333333333,45.8,2020-12-27,2020
2020-12-29 13:40:00-05:00,2020-12-29 13:52:00-05:00,LONG,12849.5,12841.75,12857.25,7.75,TARGET,1.0,0.9083870967741936,140.8,2020-12-28,2020
2020-12-29 14:50:00-05:00,2020-12-29 14:50:00-05:00,LONG,12824.0,12819.0,12829.0,5.0,TARGET,1.0,0.858,85.8,2020-12-28,2020
2020-12-30 13:45:00-05:00,2020-12-30 14:04:00-05:00,LONG,12866.25,12855.75,12876.75,10.5,STOP,-1.0,-1.0676190476190477,-224.20000000000002,2020-12-29,2020
2020-12-30 15:00:00-05:00,2020-12-30 15:01:00-05:00,LONG,12848.0,12842.25,12853.75,5.75,STOP,-1.0,-1.1234782608695653,-129.20000000000002,2020-12-29,2020
2020-12-31 13:15:00-05:00,2020-12-31 14:00:00-05:00,LONG,12821.0,12814.0,12828.0,7.0,STOP,-1.0,-1.1014285714285714,-154.2,2020-12-30,2020
2020-12-31 14:00:00-05:00,2020-12-31 14:08:00-05:00,SHORT,12815.5,12825.75,12805.25,10.25,TARGET,1.0,0.9307317073170732,190.8,2020-12-30,2020
2021-01-04 13:45:00-05:00,2021-01-04 13:51:00-05:00,SHORT,12655.75,12664.25,12647.25,8.5,STOP,-1.0,-1.0835294117647059,-184.2,2021-01-03,2021
2021-01-04 15:25:00-05:00,2021-01-04 15:27:00-05:00,LONG,12643.25,12634.0,12652.5,9.25,TARGET,1.0,0.9232432432432433,170.8,2021-01-03,2021
2021-01-05 11:55:00-05:00,2021-01-05 11:55:00-05:00,SHORT,12741.25,12746.0,12736.5,4.75,TARGET,1.0,0.8505263157894737,80.8,2021-01-04,2021
2021-01-05 12:35:00-05:00,2021-01-05 12:36:00-05:00,SHORT,12719.0,12723.0,12715.0,4.0,STOP,-1.0,-1.1775,-94.2,2021-01-04,2021
2021-01-06 12:00:00-05:00,2021-01-06 12:01:00-05:00,SHORT,12752.75,12760.0,12745.5,7.25,STOP,-1.0,-1.0979310344827586,-159.2,2021-01-05,2021
2021-01-06 12:40:00-05:00,2021-01-06 12:40:00-05:00,LONG,12760.0,12755.75,12764.25,4.25,TARGET,1.0,0.8329411764705883,70.80000000000001,2021-01-05,2021
2021-01-07 14:10:00-05:00,2021-01-07 14:12:00-05:00,SHORT,12915.25,12922.75,12907.75,7.5,TARGET,1.0,0.9053333333333333,135.8,2021-01-06,2021
2021-01-07 14:55:00-05:00,2021-01-07 14:58:00-05:00,LONG,12910.0,12904.25,12915.75,5.75,TARGET,1.0,0.8765217391304347,100.8,2021-01-06,2021
2021-01-08 12:45:00-05:00,2021-01-08 12:45:00-05:00,SHORT,13054.75,13062.0,13047.5,7.25,TARGET,1.0,0.9020689655172414,130.8,2021-01-07,2021
2021-01-08 15:20:00-05:00,2021-01-08 15:20:00-05:00,SHORT,13057.5,13061.75,13053.25,4.25,TARGET,1.0,0.8329411764705883,70.80000000000001,2021-01-07,2021
2021-01-12 13:25:00-05:00,2021-01-12 13:25:00-05:00,LONG,12846.25,12840.75,12851.75,5.5,TARGET,1.0,0.8709090909090909,95.8,2021-01-11,2021
2021-01-12 15:25:00-05:00,2021-01-12 15:26:00-05:00,SHORT,12886.75,12894.5,12879.0,7.75,TARGET,1.0,0.9083870967741936,140.8,2021-01-11,2021
2021-01-13 12:30:00-05:00,2021-01-13 12:30:00-05:00,SHORT,12963.0,12965.0,12961.0,2.0,STOP,-1.0,-1.355,-54.2,2021-01-12,2021
2021-01-13 13:20:00-05:00,2021-01-13 13:20:00-05:00,SHORT,12984.75,12988.5,12981.0,3.75,TARGET,1.0,0.8106666666666666,60.8,2021-01-12,2021
2021-01-14 13:45:00-05:00,2021-01-14 13:50:00-05:00,SHORT,12954.25,12962.5,12946.0,8.25,STOP,-1.0,-1.086060606060606,-179.2,2021-01-13,2021
2021-01-14 14:55:00-05:00,2021-01-14 15:00:00-05:00,SHORT,12945.0,12954.0,12936.0,9.0,STOP,-1.0,-1.0788888888888888,-194.2,2021-01-13,2021
2021-01-15 12:40:00-05:00,2021-01-15 12:41:00-05:00,SHORT,12839.5,12850.5,12828.5,11.0,STOP,-1.0,-1.0645454545454545,-234.2,2021-01-14,2021
2021-01-15 13:50:00-05:00,2021-01-15 13:51:00-05:00,SHORT,12868.0,12879.0,12857.0,11.0,STOP,-1.0,-1.0645454545454545,-234.2,2021-01-14,2021
2021-01-19 13:25:00-05:00,2021-01-19 13:38:00-05:00,LONG,12966.5,12959.0,12974.0,7.5,TARGET,1.0,0.9053333333333333,135.8,2021-01-18,2021
2021-01-19 14:05:00-05:00,2021-01-19 14:16:00-05:00,SHORT,12986.25,12992.5,12980.0,6.25,TARGET,1.0,0.8864,110.8,2021-01-18,2021
2021-01-20 12:25:00-05:00,2021-01-20 12:32:00-05:00,SHORT,13253.25,13259.5,13247.0,6.25,STOP,-1.0,-1.1136,-139.2,2021-01-19,2021
2021-01-20 13:05:00-05:00,2021-01-20 13:07:00-05:00,SHORT,13273.75,13280.0,13267.5,6.25,TARGET,1.0,0.8864,110.8,2021-01-19,2021
2021-01-21 13:20:00-05:00,2021-01-21 13:20:00-05:00,SHORT,13369.75,13373.25,13366.25,3.5,STOP,-1.0,-1.2028571428571428,-84.2,2021-01-20,2021
2021-01-21 14:30:00-05:00,2021-01-21 14:34:00-05:00,SHORT,13392.25,13398.75,13385.75,6.5,STOP,-1.0,-1.1092307692307692,-144.2,2021-01-20,2021
2021-01-22 12:30:00-05:00,2021-01-22 12:31:00-05:00,SHORT,13371.75,13378.5,13365.0,6.75,TARGET,1.0,0.8948148148148148,120.8,2021-01-21,2021
2021-01-25 13:50:00-05:00,2021-01-25 13:50:00-05:00,SHORT,13439.25,13446.5,13432.0,7.25,TARGET,1.0,0.9020689655172414,130.8,2021-01-24,2021
2021-01-25 14:50:00-05:00,2021-01-25 14:52:00-05:00,SHORT,13446.75,13453.0,13440.5,6.25,TARGET,1.0,0.8864,110.8,2021-01-24,2021
2021-01-26 14:05:00-05:00,2021-01-26 14:26:00-05:00,LONG,13505.25,13496.75,13513.75,8.5,STOP,-1.0,-1.0835294117647059,-184.2,2021-01-25,2021
2021-01-26 14:50:00-05:00,2021-01-26 14:50:00-05:00,LONG,13491.75,13487.25,13496.25,4.5,STOP,-1.0,-1.1577777777777778,-104.2,2021-01-25,2021
2021-01-28 12:35:00-05:00,2021-01-28 12:44:00-05:00,SHORT,13358.75,13369.75,13347.75,11.0,STOP,-1.0,-1.0645454545454545,-234.2,2021-01-27,2021
2021-01-28 14:00:00-05:00,2021-01-28 14:07:00-05:00,LONG,13376.75,13366.5,13387.0,10.25,STOP,-1.0,-1.069268292682927,-219.20000000000002,2021-01-27,2021
2021-01-29 14:30:00-05:00,2021-01-29 14:30:00-05:00,LONG,12930.5,12925.75,12935.25,4.75,STOP,-1.0,-1.1494736842105264,-109.20000000000002,2021-01-28,2021
2021-02-01 12:50:00-05:00,2021-02-01 12:50:00-05:00,LONG,13225.5,13219.0,13232.0,6.5,TARGET,1.0,0.8907692307692308,115.8,2021-01-31,2021
2021-02-01 14:20:00-05:00,2021-02-01 14:22:00-05:00,SHORT,13256.25,13265.5,13247.0,9.25,TARGET,1.0,0.9232432432432433,170.8,2021-01-31,2021
2021-02-02 14:05:00-05:00,2021-02-02 14:18:00-05:00,LONG,13469.5,13462.25,13476.75,7.25,STOP,-1.0,-1.0979310344827586,-159.2,2021-02-01,2021
2021-02-02 15:00:00-05:00,2021-02-02 15:01:00-05:00,LONG,13488.5,13480.0,13497.0,8.5,STOP,-1.0,-1.0835294117647059,-184.2,2021-02-01,2021
2021-02-03 12:20:00-05:00,2021-02-03 12:33:00-05:00,SHORT,13473.75,13481.5,13466.0,7.75,TARGET,1.0,0.9083870967741936,140.8,2021-02-02,2021
2021-02-03 13:00:00-05:00,2021-02-03 13:06:00-05:00,LONG,13481.5,13472.5,13490.5,9.0,STOP,-1.0,-1.0788888888888888,-194.2,2021-02-02,2021
2021-02-04 12:15:00-05:00,2021-02-04 12:15:00-05:00,SHORT,13468.75,13473.25,13464.25,4.5,STOP,-1.0,-1.1577777777777778,-104.2,2021-02-03,2021
2021-02-04 12:55:00-05:00,2021-02-04 13:02:00-05:00,LONG,13477.25,13468.5,13486.0,8.75,TARGET,1.0,0.9188571428571428,160.79999999999998,2021-02-03,2021
2021-02-05 12:00:00-05:00,2021-02-05 12:00:00-05:00,LONG,13565.0,13561.0,13569.0,4.0,STOP,-1.0,-1.1775,-94.2,2021-02-04,2021
2021-02-05 14:35:00-05:00,2021-02-05 14:36:00-05:00,SHORT,13608.25,13615.0,13601.5,6.75,TARGET,1.0,0.8948148148148148,120.8,2021-02-04,2021
2021-02-08 12:50:00-05:00,2021-02-08 12:53:00-05:00,SHORT,13646.75,13651.5,13642.0,4.75,TARGET,1.0,0.8505263157894737,80.8,2021-02-07,2021
2021-02-08 13:50:00-05:00,2021-02-08 13:50:00-05:00,LONG,13641.75,13638.25,13645.25,3.5,STOP,-1.0,-1.2028571428571428,-84.2,2021-02-07,2021
2021-02-09 12:40:00-05:00,2021-02-09 12:42:00-05:00,LONG,13692.5,13687.75,13697.25,4.75,STOP,-1.0,-1.1494736842105264,-109.20000000000002,2021-02-08,2021
2021-02-09 13:20:00-05:00,2021-02-09 13:21:00-05:00,LONG,13687.75,13682.25,13693.25,5.5,STOP,-1.0,-1.1290909090909091,-124.2,2021-02-08,2021
2021-02-10 13:10:00-05:00,2021-02-10 13:23:00-05:00,SHORT,13629.25,13638.75,13619.75,9.5,STOP,-1.0,-1.0747368421052632,-204.20000000000002,2021-02-09,2021
2021-02-10 15:05:00-05:00,2021-02-10 15:10:00-05:00,SHORT,13684.0,13692.75,13675.25,8.75,TARGET,1.0,0.9188571428571428,160.79999999999998,2021-02-09,2021
2021-02-11 13:40:00-05:00,2021-02-11 13:40:00-05:00,SHORT,13710.75,13713.0,13708.5,2.25,STOP,-1.0,-1.3155555555555556,-59.2,2021-02-10,2021
2021-02-11 15:05:00-05:00,2021-02-11 15:06:00-05:00,SHORT,13688.25,13693.5,13683.0,5.25,STOP,-1.0,-1.1352380952380952,-119.19999999999999,2021-02-10,2021
2021-02-12 12:25:00-05:00,2021-02-12 12:30:00-05:00,LONG,13742.75,13735.75,13749.75,7.0,STOP,-1.0,-1.1014285714285714,-154.2,2021-02-11,2021
2021-02-12 15:15:00-05:00,2021-02-12 15:16:00-05:00,LONG,13740.25,13736.5,13744.0,3.75,TARGET,1.0,0.8106666666666666,60.8,2021-02-11,2021
2021-02-16 13:35:00-05:00,2021-02-16 13:41:00-05:00,LONG,13786.75,13775.25,13798.25,11.5,STOP,-1.0,-1.0617391304347825,-244.2,2021-02-15,2021
2021-02-16 14:40:00-05:00,2021-02-16 14:41:00-05:00,SHORT,13790.5,13798.0,13783.0,7.5,TARGET,1.0,0.9053333333333333,135.8,2021-02-15,2021
2021-02-17 13:05:00-05:00,2021-02-17 13:06:00-05:00,SHORT,13645.0,13650.0,13640.0,5.0,STOP,-1.0,-1.142,-114.19999999999999,2021-02-16,2021
2021-02-17 15:20:00-05:00,2021-02-17 15:20:00-05:00,SHORT,13672.25,13677.5,13667.0,5.25,STOP,-1.0,-1.1352380952380952,-119.19999999999999,2021-02-16,2021
2021-02-18 12:00:00-05:00,2021-02-18 12:00:00-05:00,SHORT,13532.5,13538.0,13527.0,5.5,TARGET,1.0,0.8709090909090909,95.8,2021-02-17,2021
2021-02-18 12:50:00-05:00,2021-02-18 12:51:00-05:00,SHORT,13559.75,13569.0,13550.5,9.25,TARGET,1.0,0.9232432432432433,170.8,2021-02-17,2021
2021-02-19 11:45:00-05:00,2021-02-19 11:48:00-05:00,LONG,13690.75,13685.0,13696.5,5.75,STOP,-1.0,-1.1234782608695653,-129.20000000000002,2021-02-18,2021
2021-02-19 14:05:00-05:00,2021-02-19 14:06:00-05:00,SHORT,13590.75,13600.0,13581.5,9.25,STOP,-1.0,-1.0767567567567569,-199.20000000000002,2021-02-18,2021
2021-02-22 13:55:00-05:00,2021-02-22 13:55:00-05:00,SHORT,13372.0,13376.75,13367.25,4.75,STOP,-1.0,-1.1494736842105264,-109.20000000000002,2021-02-21,2021
2021-02-22 14:50:00-05:00,2021-02-22 14:50:00-05:00,LONG,13333.5,13329.5,13337.5,4.0,TARGET,1.0,0.8225,65.8,2021-02-21,2021
2021-02-23 14:30:00-05:00,2021-02-23 14:30:00-05:00,SHORT,13085.0,13092.0,13078.0,7.0,TARGET,1.0,0.8985714285714286,125.8,2021-02-22,2021
2021-02-23 15:45:00-05:00,2021-02-23 15:45:00-05:00,LONG,13211.75,13200.75,13222.75,11.0,TARGET,1.0,0.9354545454545454,205.79999999999998,2021-02-22,2021
2021-02-24 11:50:00-05:00,2021-02-24 11:50:00-05:00,SHORT,13180.0,13185.5,13174.5,5.5,TARGET,1.0,0.8709090909090909,95.8,2021-02-23,2021
2021-02-24 15:10:00-05:00,2021-02-24 15:14:00-05:00,SHORT,13240.0,13250.25,13229.75,10.25,STOP,-1.0,-1.069268292682927,-219.20000000000002,2021-02-23,2021
2021-02-26 14:25:00-05:00,2021-02-26 14:25:00-05:00,LONG,12923.5,12912.25,12934.75,11.25,TARGET,1.0,0.9368888888888889,210.8,2021-02-25,2021
2021-03-01 13:40:00-05:00,2021-03-01 13:41:00-05:00,SHORT,13206.0,13212.25,13199.75,6.25,STOP,-1.0,-1.1136,-139.2,2021-02-28,2021
2021-03-01 14:35:00-05:00,2021-03-01 14:35:00-05:00,SHORT,13250.75,13255.5,13246.0,4.75,STOP,-1.0,-1.1494736842105264,-109.20000000000002,2021-02-28,2021
2021-03-02 13:50:00-05:00,2021-03-02 13:50:00-05:00,SHORT,13208.5,13212.75,13204.25,4.25,TARGET,1.0,0.8329411764705883,70.80000000000001,2021-03-01,2021
2021-03-02 14:50:00-05:00,2021-03-02 14:51:00-05:00,SHORT,13155.25,13160.75,13149.75,5.5,STOP,-1.0,-1.1290909090909091,-124.2,2021-03-01,2021
2021-03-03 11:40:00-05:00,2021-03-03 11:41:00-05:00,LONG,12933.25,12928.0,12938.5,5.25,STOP,-1.0,-1.1352380952380952,-119.19999999999999,2021-03-02,2021
2021-03-03 12:20:00-05:00,2021-03-03 12:21:00-05:00,LONG,12876.5,12868.0,12885.0,8.5,STOP,-1.0,-1.0835294117647059,-184.2,2021-03-02,2021
2021-03-05 13:40:00-05:00,2021-03-05 13:40:00-05:00,SHORT,12601.75,12610.5,12593.0,8.75,STOP,-1.0,-1.0811428571428572,-189.20000000000002,2021-03-04,2021
2021-03-08 12:50:00-05:00,2021-03-08 12:50:00-05:00,SHORT,12573.75,12585.5,12562.0,11.75,STOP,-1.0,-1.0604255319148936,-249.20000000000002,2021-03-07,2021
2021-03-08 13:40:00-05:00,2021-03-08 13:40:00-05:00,LONG,12523.0,12519.0,12527.0,4.0,STOP,-1.0,-1.1775,-94.2,2021-03-07,2021
2021-03-09 12:45:00-05:00,2021-03-09 12:46:00-05:00,LONG,12787.5,12782.25,12792.75,5.25,STOP,-1.0,-1.1352380952380952,-119.19999999999999,2021-03-08,2021
2021-03-09 13:25:00-05:00,2021-03-09 13:29:00-05:00,SHORT,12830.75,12841.0,12820.5,10.25,TARGET,1.0,0.9307317073170732,190.8,2021-03-08,2021
2021-03-10 12:25:00-05:00,2021-03-10 12:26:00-05:00,LONG,12814.0,12805.0,12823.0,9.0,STOP,-1.0,-1.0788888888888888,-194.2,2021-03-09,2021
2021-03-10 14:45:00-05:00,2021-03-10 14:47:00-05:00,SHORT,12786.5,12795.5,12777.5,9.0,STOP,-1.0,-1.0788888888888888,-194.2,2021-03-09,2021
2021-09-08 12:50:00-04:00,2021-09-08 12:59:00-04:00,LONG,15574.25,15568.25,15580.25,6.0,STOP,-1.0,-1.1183333333333334,-134.20000000000002,2021-09-07,2021
2021-09-08 13:50:00-04:00,2021-09-08 13:50:00-04:00,SHORT,15598.75,15602.5,15595.0,3.75,STOP,-1.0,-1.1893333333333334,-89.2,2021-09-07,2021
2021-09-09 14:30:00-04:00,2021-09-09 14:32:00-04:00,SHORT,15580.25,15589.0,15571.5,8.75,TARGET,1.0,0.9188571428571428,160.79999999999998,2021-09-08,2021
2021-09-09 15:35:00-04:00,2021-09-09 15:38:00-04:00,SHORT,15579.75,15589.0,15570.5,9.25,STOP,-1.0,-1.0767567567567569,-199.20000000000002,2021-09-08,2021
2021-09-10 12:35:00-04:00,2021-09-10 12:35:00-04:00,SHORT,15578.5,15580.0,15577.0,1.5,STOP,-1.0,-1.4733333333333334,-44.2,2021-09-09,2021
2021-09-13 13:50:00-04:00,2021-09-13 13:50:00-04:00,LONG,15386.75,15375.25,15398.25,11.5,STOP,-1.0,-1.0617391304347825,-244.2,2021-09-12,2021
2021-09-13 14:35:00-04:00,2021-09-13 14:38:00-04:00,LONG,15356.25,15348.5,15364.0,7.75,STOP,-1.0,-1.0916129032258064,-169.2,2021-09-12,2021
2021-09-14 15:45:00-04:00,2021-09-14 15:45:00-04:00,SHORT,15359.75,15366.0,15353.5,6.25,STOP,-1.0,-1.1136,-139.2,2021-09-13,2021
2021-09-15 13:30:00-04:00,2021-09-15 13:31:00-04:00,SHORT,15443.25,15451.75,15434.75,8.5,STOP,-1.0,-1.0835294117647059,-184.2,2021-09-14,2021
2021-09-15 15:35:00-04:00,2021-09-15 15:35:00-04:00,LONG,15495.25,15492.0,15498.5,3.25,TARGET,1.0,0.7815384615384615,50.8,2021-09-14,2021
2021-09-16 13:10:00-04:00,2021-09-16 13:12:00-04:00,LONG,15422.5,15415.75,15429.25,6.75,TARGET,1.0,0.8948148148148148,120.8,2021-09-15,2021
2021-09-16 14:40:00-04:00,2021-09-16 14:53:00-04:00,SHORT,15479.25,15487.0,15471.5,7.75,STOP,-1.0,-1.0916129032258064,-169.2,2021-09-15,2021
2021-09-17 13:00:00-04:00,2021-09-17 13:00:00-04:00,LONG,15346.75,15343.5,15350.0,3.25,STOP,-1.0,-1.2184615384615385,-79.2,2021-09-16,2021
2021-09-17 15:00:00-04:00,2021-09-17 15:01:00-04:00,SHORT,15306.75,15316.75,15296.75,10.0,STOP,-1.0,-1.071,-214.2,2021-09-16,2021
2021-09-20 12:45:00-04:00,2021-09-20 12:45:00-04:00,LONG,14924.5,14915.75,14933.25,8.75,STOP,-1.0,-1.0811428571428572,-189.20000000000002,2021-09-19,2021
2021-09-20 13:50:00-04:00,2021-09-20 14:01:00-04:00,LONG,14932.5,14920.75,14944.25,11.75,STOP,-1.0,-1.0604255319148936,-249.20000000000002,2021-09-19,2021
2021-09-21 12:00:00-04:00,2021-09-21 12:00:00-04:00,LONG,15090.5,15086.0,15095.0,4.5,STOP,-1.0,-1.1577777777777778,-104.2,2021-09-20,2021
2021-09-21 14:40:00-04:00,2021-09-21 14:40:00-04:00,SHORT,15033.0,15038.0,15028.0,5.0,STOP,-1.0,-1.142,-114.19999999999999,2021-09-20,2021
2021-09-22 12:30:00-04:00,2021-09-22 12:30:00-04:00,SHORT,15171.5,15175.5,15167.5,4.0,STOP,-1.0,-1.1775,-94.2,2021-09-21,2021
2021-09-23 13:45:00-04:00,2021-09-23 13:58:00-04:00,SHORT,15340.75,15346.0,15335.5,5.25,STOP,-1.0,-1.1352380952380952,-119.19999999999999,2021-09-22,2021
2021-09-23 14:35:00-04:00,2021-09-23 14:36:00-04:00,SHORT,15329.75,15339.5,15320.0,9.75,TARGET,1.0,0.9271794871794872,180.8,2021-09-22,2021
2021-09-24 12:40:00-04:00,2021-09-24 12:40:00-04:00,LONG,15275.0,15269.5,15280.5,5.5,TARGET,1.0,0.8709090909090909,95.8,2021-09-23,2021
2021-09-24 14:15:00-04:00,2021-09-24 14:15:00-04:00,LONG,15261.25,15258.75,15263.75,2.5,TARGET,1.0,0.716,35.8,2021-09-23,2021
2021-09-27 12:10:00-04:00,2021-09-27 12:14:00-04:00,SHORT,15152.5,15160.0,15145.0,7.5,STOP,-1.0,-1.0946666666666667,-164.2,2021-09-26,2021
2021-09-27 13:40:00-04:00,2021-09-27 13:49:00-04:00,LONG,15180.5,15172.5,15188.5,8.0,TARGET,1.0,0.91125,145.8,2021-09-26,2021
2021-09-28 13:20:00-04:00,2021-09-28 13:21:00-04:00,SHORT,14772.75,14779.25,14766.25,6.5,STOP,-1.0,-1.1092307692307692,-144.2,2021-09-27,2021
2021-09-28 15:45:00-04:00,2021-09-28 15:45:00-04:00,LONG,14797.5,14793.75,14801.25,3.75,STOP,-1.0,-1.1893333333333334,-89.2,2021-09-27,2021
2021-09-30 14:45:00-04:00,2021-09-30 14:48:00-04:00,SHORT,14810.75,14818.0,14803.5,7.25,TARGET,1.0,0.9020689655172414,130.8,2021-09-29,2021
2021-10-01 14:25:00-04:00,2021-10-01 14:26:00-04:00,SHORT,14743.25,14749.0,14737.5,5.75,STOP,-1.0,-1.1234782608695653,-129.20000000000002,2021-09-30,2021
2021-10-04 13:50:00-04:00,2021-10-04 13:50:00-04:00,SHORT,14424.5,14428.5,14420.5,4.0,STOP,-1.0,-1.1775,-94.2,2021-10-03,2021
2021-10-05 13:05:00-04:00,2021-10-05 13:05:00-04:00,LONG,14706.75,14703.5,14710.0,3.25,TARGET,1.0,0.7815384615384615,50.8,2021-10-04,2021
2021-10-05 14:50:00-04:00,2021-10-05 14:56:00-04:00,SHORT,14744.0,14755.25,14732.75,11.25,TARGET,1.0,0.9368888888888889,210.8,2021-10-04,2021
2021-10-06 14:35:00-04:00,2021-10-06 14:40:00-04:00,SHORT,14732.0,14741.25,14722.75,9.25,STOP,-1.0,-1.0767567567567569,-199.20000000000002,2021-10-05,2021
2021-10-06 15:35:00-04:00,2021-10-06 15:35:00-04:00,LONG,14703.5,14695.0,14712.0,8.5,STOP,-1.0,-1.0835294117647059,-184.2,2021-10-05,2021
2021-10-07 11:55:00-04:00,2021-10-07 11:55:00-04:00,SHORT,14989.25,14992.5,14986.0,3.25,STOP,-1.0,-1.2184615384615385,-79.2,2021-10-06,2021
2021-10-07 12:35:00-04:00,2021-10-07 12:38:00-04:00,SHORT,14980.5,14986.0,14975.0,5.5,STOP,-1.0,-1.1290909090909091,-124.2,2021-10-06,2021
2021-10-08 11:55:00-04:00,2021-10-08 12:03:00-04:00,LONG,14819.5,14808.5,14830.5,11.0,TARGET,1.0,0.9354545454545454,205.79999999999998,2021-10-07,2021
2021-10-08 14:50:00-04:00,2021-10-08 14:54:00-04:00,LONG,14854.75,14846.75,14862.75,8.0,STOP,-1.0,-1.08875,-174.20000000000002,2021-10-07,2021
2021-10-11 12:40:00-04:00,2021-10-11 12:44:00-04:00,LONG,14833.75,14826.5,14841.0,7.25,STOP,-1.0,-1.0979310344827586,-159.2,2021-10-10,2021
2021-10-12 09:35:00-04:00,2021-10-12 09:35:00-04:00,SHORT,14767.75,14779.5,14756.0,11.75,TARGET,1.0,0.9395744680851064,220.79999999999998,2021-10-11,2021
2021-10-12 12:30:00-04:00,2021-10-12 12:32:00-04:00,LONG,14699.0,14693.5,14704.5,5.5,STOP,-1.0,-1.1290909090909091,-124.2,2021-10-11,2021
2021-10-13 11:30:00-04:00,2021-10-13 11:31:00-04:00,LONG,14700.0,14689.75,14710.25,10.25,STOP,-1.0,-1.069268292682927,-219.20000000000002,2021-10-12,2021
2021-10-13 12:10:00-04:00,2021-10-13 12:16:00-04:00,LONG,14720.25,14710.25,14730.25,10.0,STOP,-1.0,-1.071,-214.2,2021-10-12,2021
2021-10-14 13:25:00-04:00,2021-10-14 13:29:00-04:00,LONG,15022.75,15018.75,15026.75,4.0,STOP,-1.0,-1.1775,-94.2,2021-10-13,2021
2021-10-14 14:45:00-04:00,2021-10-14 14:50:00-04:00,LONG,15034.25,15030.75,15037.75,3.5,TARGET,1.0,0.7971428571428572,55.8,2021-10-13,2021
2021-10-15 13:00:00-04:00,2021-10-15 13:01:00-04:00,SHORT,15097.5,15101.5,15093.5,4.0,TARGET,1.0,0.8225,65.8,2021-10-14,2021
2021-10-15 13:50:00-04:00,2021-10-15 13:51:00-04:00,SHORT,15099.75,15102.0,15097.5,2.25,STOP,-1.0,-1.3155555555555556,-59.2,2021-10-14,2021
2021-10-18 12:15:00-04:00,2021-10-18 12:25:00-04:00,SHORT,15212.0,15220.0,15204.0,8.0,TARGET,1.0,0.91125,145.8,2021-10-17,2021
2021-10-18 12:55:00-04:00,2021-10-18 12:59:00-04:00,LONG,15216.0,15209.25,15222.75,6.75,TARGET,1.0,0.8948148148148148,120.8,2021-10-17,2021
2021-10-19 12:35:00-04:00,2021-10-19 12:38:00-04:00,SHORT,15382.25,15386.5,15378.0,4.25,TARGET,1.0,0.8329411764705883,70.80000000000001,2021-10-18,2021
2021-10-19 14:05:00-04:00,2021-10-19 14:11:00-04:00,SHORT,15393.75,15396.5,15391.0,2.75,STOP,-1.0,-1.2581818181818183,-69.2,2021-10-18,2021
2021-10-20 14:00:00-04:00,2021-10-20 14:00:00-04:00,SHORT,15355.25,15357.25,15353.25,2.0,STOP,-1.0,-1.355,-54.2,2021-10-19,2021
2021-10-20 14:45:00-04:00,2021-10-20 14:56:00-04:00,SHORT,15366.5,15378.0,15355.0,11.5,STOP,-1.0,-1.0617391304347825,-244.2,2021-10-19,2021
2021-10-21 12:40:00-04:00,2021-10-21 12:43:00-04:00,LONG,15417.75,15413.25,15422.25,4.5,TARGET,1.0,0.8422222222222222,75.8,2021-10-20,2021
2021-10-21 13:45:00-04:00,2021-10-21 13:45:00-04:00,SHORT,15430.75,15438.25,15423.25,7.5,TARGET,1.0,0.9053333333333333,135.8,2021-10-20,2021
2021-10-22 13:40:00-04:00,2021-10-22 13:44:00-04:00,SHORT,15349.25,15355.5,15343.0,6.25,TARGET,1.0,0.8864,110.8,2021-10-21,2021
2021-10-22 14:25:00-04:00,2021-10-22 14:29:00-04:00,SHORT,15349.0,15355.5,15342.5,6.5,STOP,-1.0,-1.1092307692307692,-144.2,2021-10-21,2021
2021-10-25 13:45:00-04:00,2021-10-25 13:59:00-04:00,LONG,15498.0,15489.5,15506.5,8.5,STOP,-1.0,-1.0835294117647059,-184.2,2021-10-24,2021
2021-10-25 15:10:00-04:00,2021-10-25 15:11:00-04:00,LONG,15513.0,15509.75,15516.25,3.25,TARGET,1.0,0.7815384615384615,50.8,2021-10-24,2021
2021-10-26 14:35:00-04:00,2021-10-26 14:38:00-04:00,SHORT,15578.0,15583.0,15573.0,5.0,TARGET,1.0,0.858,85.8,2021-10-25,2021
2021-10-26 15:40:00-04:00,2021-10-26 15:40:00-04:00,SHORT,15574.5,15578.25,15570.75,3.75,TARGET,1.0,0.8106666666666666,60.8,2021-10-25,2021
2021-10-27 13:05:00-04:00,2021-10-27 13:07:00-04:00,SHORT,15679.75,15689.75,15669.75,10.0,STOP,-1.0,-1.071,-214.2,2021-10-26,2021
2021-10-27 14:15:00-04:00,2021-10-27 14:15:00-04:00,SHORT,15711.75,15715.75,15707.75,4.0,TARGET,1.0,0.8225,65.8,2021-10-26,2021
2021-10-28 12:35:00-04:00,2021-10-28 12:36:00-04:00,LONG,15744.0,15734.75,15753.25,9.25,STOP,-1.0,-1.0767567567567569,-199.20000000000002,2021-10-27,2021
2021-10-28 14:00:00-04:00,2021-10-28 14:01:00-04:00,LONG,15729.5,15722.5,15736.5,7.0,TARGET,1.0,0.8985714285714286,125.8,2021-10-27,2021
2021-10-29 11:50:00-04:00,2021-10-29 11:50:00-04:00,LONG,15729.0,15725.0,15733.0,4.0,TARGET,1.0,0.8225,65.8,2021-10-28,2021
2021-10-29 12:55:00-04:00,2021-10-29 13:03:00-04:00,LONG,15782.75,15777.0,15788.5,5.75,TARGET,1.0,0.8765217391304347,100.8,2021-10-28,2021
2021-11-01 11:45:00-04:00,2021-11-01 11:48:00-04:00,LONG,15845.5,15837.0,15854.0,8.5,TARGET,1.0,0.9164705882352941,155.8,2021-10-31,2021
2021-11-01 12:30:00-04:00,2021-11-01 13:01:00-04:00,LONG,15856.5,15846.5,15866.5,10.0,TARGET,1.0,0.929,185.8,2021-10-31,2021
2021-11-02 13:15:00-04:00,2021-11-02 13:16:00-04:00,SHORT,15953.5,15959.25,15947.75,5.75,TARGET,1.0,0.8765217391304347,100.8,2021-11-01,2021
2021-11-02 14:05:00-04:00,2021-11-02 14:05:00-04:00,LONG,15931.5,15926.25,15936.75,5.25,STOP,-1.0,-1.1352380952380952,-119.19999999999999,2021-11-01,2021
2021-11-03 12:25:00-04:00,2021-11-03 12:27:00-04:00,LONG,15972.0,15967.0,15977.0,5.0,TARGET,1.0,0.858,85.8,2021-11-02,2021
2021-11-03 13:05:00-04:00,2021-11-03 13:06:00-04:00,LONG,15972.5,15969.75,15975.25,2.75,STOP,-1.0,-1.2581818181818183,-69.2,2021-11-02,2021
2021-11-04 13:35:00-04:00,2021-11-04 13:41:00-04:00,SHORT,16317.5,16327.25,16307.75,9.75,STOP,-1.0,-1.0728205128205128,-209.2,2021-11-03,2021
2021-11-04 14:45:00-04:00,2021-11-04 14:45:00-04:00,SHORT,16367.25,16370.0,16364.5,2.75,STOP,-1.0,-1.2581818181818183,-69.2,2021-11-03,2021
2021-11-05 12:15:00-04:00,2021-11-05 12:15:00-04:00,SHORT,16430.25,16440.0,16420.5,9.75,TARGET,1.0,0.9271794871794872,180.8,2021-11-04,2021
2021-11-05 14:50:00-04:00,2021-11-05 15:00:00-04:00,SHORT,16368.25,16378.25,16358.25,10.0,TARGET,1.0,0.929,185.8,2021-11-04,2021
2021-11-08 13:40:00-05:00,2021-11-08 13:47:00-05:00,LONG,16353.75,16344.75,16362.75,9.0,TARGET,1.0,0.9211111111111111,165.8,2021-11-07,2021
2021-11-08 14:55:00-05:00,2021-11-08 14:56:00-05:00,SHORT,16358.75,16369.25,16348.25,10.5,STOP,-1.0,-1.0676190476190477,-224.20000000000002,2021-11-07,2021
2021-11-09 13:20:00-05:00,2021-11-09 13:20:00-05:00,SHORT,16228.0,16231.5,16224.5,3.5,TARGET,1.0,0.7971428571428572,55.8,2021-11-08,2021
2021-11-10 12:15:00-05:00,2021-11-10 12:17:00-05:00,LONG,16144.75,16135.0,16154.5,9.75,STOP,-1.0,-1.0728205128205128,-209.2,2021-11-09,2021
2021-11-11 14:35:00-05:00,2021-11-11 14:37:00-05:00,SHORT,16066.0,16071.25,16060.75,5.25,STOP,-1.0,-1.1352380952380952,-119.19999999999999,2021-11-10,2021
2021-11-12 12:25:00-05:00,2021-11-12 12:49:00-05:00,SHORT,16190.25,16198.25,16182.25,8.0,TARGET,1.0,0.91125,145.8,2021-11-11,2021
2021-11-12 13:50:00-05:00,2021-11-12 13:50:00-05:00,LONG,16178.75,16175.75,16181.75,3.0,STOP,-1.0,-1.2366666666666666,-74.19999999999999,2021-11-11,2021
2021-11-15 13:45:00-05:00,2021-11-15 14:00:00-05:00,LONG,16138.75,16127.0,16150.5,11.75,STOP,-1.0,-1.0604255319148936,-249.20000000000002,2021-11-14,2021
2021-11-15 14:40:00-05:00,2021-11-15 14:40:00-05:00,SHORT,16142.25,16144.5,16140.0,2.25,STOP,-1.0,-1.3155555555555556,-59.2,2021-11-14,2021
2021-11-16 12:50:00-05:00,2021-11-16 12:58:00-05:00,SHORT,16297.25,16303.5,16291.0,6.25,TARGET,1.0,0.8864,110.8,2021-11-15,2021
2021-11-16 13:40:00-05:00,2021-11-16 13:40:00-05:00,SHORT,16299.5,16302.0,16297.0,2.5,TARGET,1.0,0.716,35.8,2021-11-15,2021
2021-11-17 14:15:00-05:00,2021-11-17 14:15:00-05:00,LONG,16337.0,16332.75,16341.25,4.25,TARGET,1.0,0.8329411764705883,70.80000000000001,2021-11-16,2021
2021-11-17 14:55:00-05:00,2021-11-17 14:56:00-05:00,SHORT,16329.75,16335.5,16324.0,5.75,STOP,-1.0,-1.1234782608695653,-129.20000000000002,2021-11-16,2021
2021-11-18 12:25:00-05:00,2021-11-18 12:25:00-05:00,SHORT,16476.5,16479.0,16474.0,2.5,STOP,-1.0,-1.284,-64.2,2021-11-17,2021
2021-11-18 13:10:00-05:00,2021-11-18 13:10:00-05:00,SHORT,16445.25,16454.25,16436.25,9.0,STOP,-1.0,-1.0788888888888888,-194.2,2021-11-17,2021
2021-11-19 12:00:00-05:00,2021-11-19 12:11:00-05:00,LONG,16603.75,16594.5,16613.0,9.25,TARGET,1.0,0.9232432432432433,170.8,2021-11-18,2021
2021-11-19 14:15:00-05:00,2021-11-19 14:18:00-05:00,SHORT,16580.25,16587.25,16573.25,7.0,STOP,-1.0,-1.1014285714285714,-154.2,2021-11-18,2021
2021-11-22 14:30:00-05:00,2021-11-22 14:30:00-05:00,LONG,16533.25,16523.5,16543.0,9.75,TARGET,1.0,0.9271794871794872,180.8,2021-11-21,2021
2021-11-24 13:30:00-05:00,2021-11-24 13:37:00-05:00,SHORT,16325.25,16337.0,16313.5,11.75,TARGET,1.0,0.9395744680851064,220.79999999999998,2021-11-23,2021
2021-11-24 15:35:00-05:00,2021-11-24 15:35:00-05:00,LONG,16343.25,16333.0,16353.5,10.25,TARGET,1.0,0.9307317073170732,190.8,2021-11-23,2021
2021-11-25 10:30:00-05:00,2021-11-25 10:47:00-05:00,SHORT,16413.5,16418.5,16408.5,5.0,TARGET,1.0,0.858,85.8,2021-11-24,2021
2021-11-25 11:35:00-05:00,2021-11-25 11:41:00-05:00,SHORT,16399.0,16401.5,16396.5,2.5,STOP,-1.0,-1.284,-64.2,2021-11-24,2021
2021-11-29 12:40:00-05:00,2021-11-29 12:46:00-05:00,SHORT,16397.25,16404.75,16389.75,7.5,STOP,-1.0,-1.0946666666666667,-164.2,2021-11-28,2021
2021-11-29 13:35:00-05:00,2021-11-29 13:37:00-05:00,SHORT,16403.0,16413.0,16393.0,10.0,TARGET,1.0,0.929,185.8,2021-11-28,2021
2021-11-30 12:45:00-05:00,2021-11-30 12:45:00-05:00,SHORT,16150.5,16158.25,16142.75,7.75,STOP,-1.0,-1.0916129032258064,-169.2,2021-11-29,2021
2021-11-30 14:15:00-05:00,2021-11-30 14:17:00-05:00,SHORT,16208.0,16218.0,16198.0,10.0,TARGET,1.0,0.929,185.8,2021-11-29,2021
2021-12-02 13:00:00-05:00,2021-12-02 13:00:00-05:00,LONG,15997.75,15985.75,16009.75,12.0,STOP,-1.0,-1.0591666666666666,-254.2,2021-12-01,2021
2021-12-03 14:05:00-05:00,2021-12-03 14:05:00-05:00,SHORT,15609.25,15617.5,15601.0,8.25,STOP,-1.0,-1.086060606060606,-179.2,2021-12-02,2021
2021-12-06 12:45:00-05:00,2021-12-06 12:45:00-05:00,LONG,15778.0,15766.75,15789.25,11.25,TARGET,1.0,0.9368888888888889,210.8,2021-12-05,2021
2021-12-06 14:00:00-05:00,2021-12-06 14:01:00-05:00,SHORT,15871.5,15882.75,15860.25,11.25,STOP,-1.0,-1.0631111111111111,-239.2,2021-12-05,2021
2021-12-07 12:10:00-05:00,2021-12-07 12:10:00-05:00,SHORT,16302.75,16311.0,16294.5,8.25,STOP,-1.0,-1.086060606060606,-179.2,2021-12-06,2021
2021-12-07 12:55:00-05:00,2021-12-07 12:56:00-05:00,SHORT,16321.75,16326.75,16316.75,5.0,STOP,-1.0,-1.142,-114.19999999999999,2021-12-06,2021
2021-12-08 13:05:00-05:00,2021-12-08 13:10:00-05:00,LONG,16321.0,16311.75,16330.25,9.25,TARGET,1.0,0.9232432432432433,170.8,2021-12-07,2021
2021-12-08 14:10:00-05:00,2021-12-08 14:12:00-05:00,LONG,16348.5,16339.75,16357.25,8.75,STOP,-1.0,-1.0811428571428572,-189.20000000000002,2021-12-07,2021
2022-03-11 12:50:00-05:00,2022-03-11 12:53:00-05:00,SHORT,13427.5,13439.25,13415.75,11.75,STOP,-1.0,-1.0604255319148936,-249.20000000000002,2022-03-10,2022
2022-03-14 12:25:00-04:00,2022-03-14 12:26:00-04:00,SHORT,13165.25,13175.0,13155.5,9.75,TARGET,1.0,0.9271794871794872,180.8,2022-03-13,2022
2022-03-14 13:25:00-04:00,2022-03-14 13:25:00-04:00,SHORT,13076.0,13080.75,13071.25,4.75,TARGET,1.0,0.8505263157894737,80.8,2022-03-13,2022
2022-03-15 15:10:00-04:00,2022-03-15 15:10:00-04:00,SHORT,13388.75,13395.75,13381.75,7.0,STOP,-1.0,-1.1014285714285714,-154.2,2022-03-14,2022
2022-03-16 13:30:00-04:00,2022-03-16 13:30:00-04:00,SHORT,13691.0,13696.5,13685.5,5.5,STOP,-1.0,-1.1290909090909091,-124.2,2022-03-15,2022
2022-03-17 12:45:00-04:00,2022-03-17 12:46:00-04:00,SHORT,13974.75,13980.75,13968.75,6.0,STOP,-1.0,-1.1183333333333334,-134.20000000000002,2022-03-16,2022
2022-03-17 14:15:00-04:00,2022-03-17 14:23:00-04:00,LONG,14049.75,14040.25,14059.25,9.5,STOP,-1.0,-1.0747368421052632,-204.20000000000002,2022-03-16,2022
2022-03-18 13:10:00-04:00,2022-03-18 13:15:00-04:00,SHORT,14305.75,14316.5,14295.0,10.75,TARGET,1.0,0.933953488372093,200.8,2022-03-17,2022
2022-03-21 14:55:00-04:00,2022-03-21 14:55:00-04:00,LONG,14299.75,14290.5,14309.0,9.25,STOP,-1.0,-1.0767567567567569,-199.20000000000002,2022-03-20,2022
2022-03-22 13:55:00-04:00,2022-03-22 13:55:00-04:00,SHORT,14636.75,14640.25,14633.25,3.5,STOP,-1.0,-1.2028571428571428,-84.2,2022-03-21,2022
2022-03-22 14:55:00-04:00,2022-03-22 14:55:00-04:00,SHORT,14634.5,14640.5,14628.5,6.0,STOP,-1.0,-1.1183333333333334,-134.20000000000002,2022-03-21,2022
2022-03-23 14:45:00-04:00,2022-03-23 14:45:00-04:00,SHORT,14520.0,14527.0,14513.0,7.0,STOP,-1.0,-1.1014285714285714,-154.2,2022-03-22,2022
2022-03-24 13:30:00-04:00,2022-03-24 13:33:00-04:00,SHORT,14647.5,14659.5,14635.5,12.0,TARGET,1.0,0.9408333333333333,225.79999999999998,2022-03-23,2022
2022-03-24 14:50:00-04:00,2022-03-24 14:50:00-04:00,LONG,14643.0,14635.25,14650.75,7.75,TARGET,1.0,0.9083870967741936,140.8,2022-03-23,2022
2022-03-25 13:45:00-04:00,2022-03-25 13:45:00-04:00,SHORT,14675.5,14679.0,14672.0,3.5,TARGET,1.0,0.7971428571428572,55.8,2022-03-24,2022
2022-03-25 14:30:00-04:00,2022-03-25 14:31:00-04:00,SHORT,14726.0,14736.25,14715.75,10.25,STOP,-1.0,-1.069268292682927,-219.20000000000002,2022-03-24,2022
2022-03-28 14:00:00-04:00,2022-03-28 14:03:00-04:00,SHORT,14844.75,14852.25,14837.25,7.5,STOP,-1.0,-1.0946666666666667,-164.2,2022-03-27,2022
2022-03-28 15:30:00-04:00,2022-03-28 15:31:00-04:00,SHORT,14946.5,14953.5,14939.5,7.0,STOP,-1.0,-1.1014285714285714,-154.2,2022-03-27,2022
2022-03-29 13:10:00-04:00,2022-03-29 13:10:00-04:00,LONG,15097.0,15093.5,15100.5,3.5,TARGET,1.0,0.7971428571428572,55.8,2022-03-28,2022
2022-03-29 14:15:00-04:00,2022-03-29 14:16:00-04:00,SHORT,15186.75,15195.0,15178.5,8.25,TARGET,1.0,0.9139393939393939,150.8,2022-03-28,2022
2022-03-30 12:30:00-04:00,2022-03-30 12:31:00-04:00,SHORT,15157.5,15164.0,15151.0,6.5,TARGET,1.0,0.8907692307692308,115.8,2022-03-29,2022
2022-03-30 13:20:00-04:00,2022-03-30 13:20:00-04:00,LONG,15165.25,15158.0,15172.5,7.25,STOP,-1.0,-1.0979310344827586,-159.2,2022-03-29,2022
2022-04-01 13:00:00-04:00,2022-04-01 13:00:00-04:00,LONG,14744.5,14741.25,14747.75,3.25,STOP,-1.0,-1.2184615384615385,-79.2,2022-03-31,2022
2022-04-04 12:10:00-04:00,2022-04-04 12:11:00-04:00,LONG,15106.25,15100.75,15111.75,5.5,STOP,-1.0,-1.1290909090909091,-124.2,2022-04-03,2022
2022-04-04 13:20:00-04:00,2022-04-04 13:21:00-04:00,SHORT,15099.5,15105.0,15094.0,5.5,TARGET,1.0,0.8709090909090909,95.8,2022-04-03,2022
2022-04-06 13:00:00-04:00,2022-04-06 13:03:00-04:00,SHORT,14447.0,14458.25,14435.75,11.25,TARGET,1.0,0.9368888888888889,210.8,2022-04-05,2022
2022-04-08 13:00:00-04:00,2022-04-08 13:00:00-04:00,SHORT,14480.5,14488.25,14472.75,7.75,TARGET,1.0,0.9083870967741936,140.8,2022-04-07,2022
2022-04-11 12:35:00-04:00,2022-04-11 12:39:00-04:00,LONG,14053.5,14043.75,14063.25,9.75,TARGET,1.0,0.9271794871794872,180.8,2022-04-10,2022
2022-04-11 14:40:00-04:00,2022-04-11 14:40:00-04:00,SHORT,14066.0,14074.5,14057.5,8.5,STOP,-1.0,-1.0835294117647059,-184.2,2022-04-10,2022
2022-04-13 11:50:00-04:00,2022-04-13 11:50:00-04:00,LONG,14148.25,14141.75,14154.75,6.5,STOP,-1.0,-1.1092307692307692,-144.2,2022-04-12,2022
2022-04-13 13:30:00-04:00,2022-04-13 13:33:00-04:00,LONG,14185.0,14173.0,14197.0,12.0,STOP,-1.0,-1.0591666666666666,-254.2,2022-04-12,2022
2022-04-14 12:20:00-04:00,2022-04-14 12:22:00-04:00,LONG,14011.75,13999.75,14023.75,12.0,STOP,-1.0,-1.0591666666666666,-254.2,2022-04-13,2022
2022-04-14 13:00:00-04:00,2022-04-14 13:00:00-04:00,SHORT,13983.25,13988.5,13978.0,5.25,STOP,-1.0,-1.1352380952380952,-119.19999999999999,2022-04-13,2022
2022-04-18 14:10:00-04:00,2022-04-18 14:11:00-04:00,LONG,13951.5,13940.25,13962.75,11.25,STOP,-1.0,-1.0631111111111111,-239.2,2022-04-17,2022
2022-04-19 12:00:00-04:00,2022-04-19 12:00:00-04:00,LONG,14174.5,14171.25,14177.75,3.25,STOP,-1.0,-1.2184615384615385,-79.2,2022-04-18,2022
2022-04-19 13:15:00-04:00,2022-04-19 13:22:00-04:00,LONG,14152.75,14141.75,14163.75,11.0,TARGET,1.0,0.9354545454545454,205.79999999999998,2022-04-18,2022
2022-04-20 14:35:00-04:00,2022-04-20 14:35:00-04:00,LONG,14029.75,14022.25,14037.25,7.5,STOP,-1.0,-1.0946666666666667,-164.2,2022-04-19,2022
2022-04-22 13:15:00-04:00,2022-04-22 13:16:00-04:00,SHORT,13492.0,13502.5,13481.5,10.5,STOP,-1.0,-1.0676190476190477,-224.20000000000002,2022-04-21,2022
2022-04-25 14:45:00-04:00,2022-04-25 14:45:00-04:00,LONG,13420.5,13412.0,13429.0,8.5,STOP,-1.0,-1.0835294117647059,-184.2,2022-04-24,2022
2022-04-26 13:40:00-04:00,2022-04-26 13:40:00-04:00,SHORT,13119.0,13131.0,13107.0,12.0,STOP,-1.0,-1.0591666666666666,-254.2,2022-04-25,2022
2022-04-27 12:50:00-04:00,2022-04-27 12:50:00-04:00,LONG,13182.0,13174.5,13189.5,7.5,STOP,-1.0,-1.0946666666666667,-164.2,2022-04-26,2022
2022-04-27 14:00:00-04:00,2022-04-27 14:00:00-04:00,SHORT,13168.75,13176.25,13161.25,7.5,STOP,-1.0,-1.0946666666666667,-164.2,2022-04-26,2022
2022-04-29 12:40:00-04:00,2022-04-29 12:40:00-04:00,LONG,13110.75,13099.5,13122.0,11.25,STOP,-1.0,-1.0631111111111111,-239.2,2022-04-28,2022
2022-05-02 13:40:00-04:00,2022-05-02 13:40:00-04:00,LONG,12782.5,12774.25,12790.75,8.25,TARGET,1.0,0.9139393939393939,150.8,2022-05-01,2022
2022-05-03 13:55:00-04:00,2022-05-03 13:56:00-04:00,LONG,13144.25,13135.75,13152.75,8.5,STOP,-1.0,-1.0835294117647059,-184.2,2022-05-02,2022
2022-05-03 14:35:00-04:00,2022-05-03 14:35:00-04:00,SHORT,13067.25,13070.0,13064.5,2.75,STOP,-1.0,-1.2581818181818183,-69.2,2022-05-02,2022
2022-05-05 15:35:00-04:00,2022-05-05 15:35:00-04:00,SHORT,12760.75,12768.5,12753.0,7.75,STOP,-1.0,-1.0916129032258064,-169.2,2022-05-04,2022
2022-05-06 14:45:00-04:00,2022-05-06 14:45:00-04:00,LONG,12612.75,12611.75,12613.75,1.0,STOP,-1.0,-1.71,-34.2,2022-05-05,2022
2022-05-09 13:15:00-04:00,2022-05-09 13:15:00-04:00,LONG,12276.0,12266.5,12285.5,9.5,TARGET,1.0,0.9252631578947368,175.79999999999998,2022-05-08,2022
2022-05-10 14:05:00-04:00,2022-05-10 14:05:00-04:00,SHORT,12509.0,12520.0,12498.0,11.0,TARGET,1.0,0.9354545454545454,205.79999999999998,2022-05-09,2022
2022-05-11 12:20:00-04:00,2022-05-11 12:20:00-04:00,LONG,12231.25,12227.5,12235.0,3.75,STOP,-1.0,-1.1893333333333334,-89.2,2022-05-10,2022
2022-05-11 13:25:00-04:00,2022-05-11 13:25:00-04:00,SHORT,12128.5,12139.0,12118.0,10.5,STOP,-1.0,-1.0676190476190477,-224.20000000000002,2022-05-10,2022
2022-05-12 14:40:00-04:00,2022-05-12 14:40:00-04:00,LONG,11705.0,11696.25,11713.75,8.75,TARGET,1.0,0.9188571428571428,160.79999999999998,2022-05-11,2022
2022-05-16 14:25:00-04:00,2022-05-16 14:25:00-04:00,SHORT,12359.25,12366.25,12352.25,7.0,STOP,-1.0,-1.1014285714285714,-154.2,2022-05-15,2022
2022-05-17 12:55:00-04:00,2022-05-17 12:56:00-04:00,LONG,12475.5,12466.5,12484.5,9.0,STOP,-1.0,-1.0788888888888888,-194.2,2022-05-16,2022
2022-05-23 12:30:00-04:00,2022-05-23 12:30:00-04:00,LONG,12014.5,12007.25,12021.75,7.25,STOP,-1.0,-1.0979310344827586,-159.2,2022-05-22,2022
2022-05-23 13:45:00-04:00,2022-05-23 13:45:00-04:00,SHORT,11982.75,11988.5,11977.0,5.75,TARGET,1.0,0.8765217391304347,100.8,2022-05-22,2022
2022-05-24 13:30:00-04:00,2022-05-24 13:30:00-04:00,SHORT,11677.5,11684.75,11670.25,7.25,TARGET,1.0,0.9020689655172414,130.8,2022-05-23,2022
2022-05-24 14:40:00-04:00,2022-05-24 14:40:00-04:00,SHORT,11759.5,11768.0,11751.0,8.5,STOP,-1.0,-1.0835294117647059,-184.2,2022-05-23,2022
2022-05-26 13:45:00-04:00,2022-05-26 13:45:00-04:00,SHORT,12304.25,12308.0,12300.5,3.75,STOP,-1.0,-1.1893333333333334,-89.2,2022-05-25,2022
2022-05-26 15:00:00-04:00,2022-05-26 15:00:00-04:00,SHORT,12307.25,12314.0,12300.5,6.75,TARGET,1.0,0.8948148148148148,120.8,2022-05-25,2022
2022-05-27 12:40:00-04:00,2022-05-27 12:41:00-04:00,LONG,12572.5,12561.0,12584.0,11.5,TARGET,1.0,0.9382608695652174,215.79999999999998,2022-05-26,2022
2022-05-27 13:20:00-04:00,2022-05-27 13:20:00-04:00,SHORT,12598.75,12600.0,12597.5,1.25,STOP,-1.0,-1.568,-39.2,2022-05-26,2022
2022-05-30 10:40:00-04:00,2022-05-30 10:46:00-04:00,SHORT,12766.0,12775.0,12757.0,9.0,STOP,-1.0,-1.0788888888888888,-194.2,2022-05-29,2022
2022-05-30 11:55:00-04:00,2022-05-30 12:02:00-04:00,LONG,12804.0,12794.5,12813.5,9.5,STOP,-1.0,-1.0747368421052632,-204.20000000000002,2022-05-29,2022
2022-06-02 13:40:00-04:00,2022-06-02 13:40:00-04:00,SHORT,12814.0,12817.0,12811.0,3.0,TARGET,1.0,0.7633333333333333,45.8,2022-06-01,2022
2022-06-02 14:25:00-04:00,2022-06-02 14:26:00-04:00,SHORT,12858.25,12867.5,12849.0,9.25,TARGET,1.0,0.9232432432432433,170.8,2022-06-01,2022
2022-06-03 12:50:00-04:00,2022-06-03 12:50:00-04:00,SHORT,12591.25,12599.5,12583.0,8.25,TARGET,1.0,0.9139393939393939,150.8,2022-06-02,2022
2022-06-03 14:05:00-04:00,2022-06-03 14:06:00-04:00,SHORT,12561.5,12571.0,12552.0,9.5,STOP,-1.0,-1.0747368421052632,-204.20000000000002,2022-06-02,2022
2022-06-07 13:45:00-04:00,2022-06-07 13:47:00-04:00,LONG,12646.75,12636.0,12657.5,10.75,TARGET,1.0,0.933953488372093,200.8,2022-06-06,2022
2022-06-07 14:35:00-04:00,2022-06-07 14:37:00-04:00,SHORT,12697.75,12704.25,12691.25,6.5,TARGET,1.0,0.8907692307692308,115.8,2022-06-06,2022
2022-09-07 12:10:00-04:00,2022-09-07 12:15:00-04:00,LONG,12213.25,12203.0,12223.5,10.25,STOP,-1.0,-1.069268292682927,-219.20000000000002,2022-09-06,2022
2022-09-07 13:25:00-04:00,2022-09-07 13:25:00-04:00,LONG,12239.25,12236.5,12242.0,2.75,STOP,-1.0,-1.2581818181818183,-69.2,2022-09-06,2022
2022-09-08 11:25:00-04:00,2022-09-08 11:27:00-04:00,SHORT,12447.5,12454.0,12441.0,6.5,TARGET,1.0,0.8907692307692308,115.8,2022-09-07,2022
2022-09-08 15:35:00-04:00,2022-09-08 15:35:00-04:00,LONG,12341.25,12340.25,12342.25,1.0,STOP,-1.0,-1.71,-34.2,2022-09-07,2022
2022-09-09 13:35:00-04:00,2022-09-09 13:37:00-04:00,SHORT,12672.75,12677.25,12668.25,4.5,STOP,-1.0,-1.1577777777777778,-104.2,2022-09-08,2022
2022-09-09 14:20:00-04:00,2022-09-09 14:21:00-04:00,SHORT,12666.25,12672.0,12660.5,5.75,STOP,-1.0,-1.1234782608695653,-129.20000000000002,2022-09-08,2022
2022-09-12 15:05:00-04:00,2022-09-12 15:07:00-04:00,LONG,12795.5,12783.75,12807.25,11.75,TARGET,1.0,0.9395744680851064,220.79999999999998,2022-09-11,2022
2022-09-13 12:45:00-04:00,2022-09-13 12:48:00-04:00,SHORT,12301.5,12310.75,12292.25,9.25,TARGET,1.0,0.9232432432432433,170.8,2022-09-12,2022
2022-09-13 13:45:00-04:00,2022-09-13 13:45:00-04:00,LONG,12313.0,12311.0,12315.0,2.0,STOP,-1.0,-1.355,-54.2,2022-09-12,2022
2022-09-14 12:35:00-04:00,2022-09-14 12:35:00-04:00,LONG,12200.5,12192.0,12209.0,8.5,STOP,-1.0,-1.0835294117647059,-184.2,2022-09-13,2022
2022-09-14 13:30:00-04:00,2022-09-14 13:32:00-04:00,LONG,12218.0,12206.25,12229.75,11.75,STOP,-1.0,-1.0604255319148936,-249.20000000000002,2022-09-13,2022
2022-09-15 12:55:00-04:00,2022-09-15 12:59:00-04:00,SHORT,12054.75,12065.5,12044.0,10.75,STOP,-1.0,-1.066046511627907,-229.2,2022-09-14,2022
2022-09-15 13:35:00-04:00,2022-09-15 13:36:00-04:00,LONG,12127.0,12115.5,12138.5,11.5,STOP,-1.0,-1.0617391304347825,-244.2,2022-09-14,2022
2022-09-16 14:10:00-04:00,2022-09-16 14:10:00-04:00,SHORT,11827.5,11832.25,11822.75,4.75,STOP,-1.0,-1.1494736842105264,-109.20000000000002,2022-09-15,2022
2022-09-19 12:30:00-04:00,2022-09-19 12:31:00-04:00,LONG,11882.5,11870.5,11894.5,12.0,TARGET,1.0,0.9408333333333333,225.79999999999998,2022-09-18,2022
2022-09-19 14:00:00-04:00,2022-09-19 14:00:00-04:00,LONG,11918.25,11911.5,11925.0,6.75,STOP,-1.0,-1.1051851851851853,-149.20000000000002,2022-09-18,2022
2022-09-20 13:00:00-04:00,2022-09-20 13:00:00-04:00,SHORT,11950.25,11956.0,11944.5,5.75,TARGET,1.0,0.8765217391304347,100.8,2022-09-19,2022
2022-09-21 11:55:00-04:00,2022-09-21 11:59:00-04:00,LONG,11963.75,11957.5,11970.0,6.25,TARGET,1.0,0.8864,110.8,2022-09-20,2022
2022-09-21 12:55:00-04:00,2022-09-21 12:55:00-04:00,LONG,11991.25,11988.5,11994.0,2.75,STOP,-1.0,-1.2581818181818183,-69.2,2022-09-20,2022
2022-09-22 12:15:00-04:00,2022-09-22 12:16:00-04:00,LONG,11553.0,11541.25,11564.75,11.75,STOP,-1.0,-1.0604255319148936,-249.20000000000002,2022-09-21,2022
2022-09-23 13:50:00-04:00,2022-09-23 13:57:00-04:00,SHORT,11327.5,11337.0,11318.0,9.5,TARGET,1.0,0.9252631578947368,175.79999999999998,2022-09-22,2022
2022-09-26 12:45:00-04:00,2022-09-26 12:45:00-04:00,LONG,11315.25,11309.25,11321.25,6.0,TARGET,1.0,0.8816666666666667,105.80000000000001,2022-09-25,2022
2022-09-27 14:35:00-04:00,2022-09-27 14:35:00-04:00,SHORT,11281.5,11286.75,11276.25,5.25,STOP,-1.0,-1.1352380952380952,-119.19999999999999,2022-09-26,2022
2022-09-27 15:30:00-04:00,2022-09-27 15:30:00-04:00,LONG,11311.25,11300.0,11322.5,11.25,STOP,-1.0,-1.0631111111111111,-239.2,2022-09-26,2022
2022-09-28 11:00:00-04:00,2022-09-28 11:00:00-04:00,LONG,11398.0,11389.75,11406.25,8.25,STOP,-1.0,-1.086060606060606,-179.2,2022-09-27,2022
2022-09-28 13:30:00-04:00,2022-09-28 13:30:00-04:00,LONG,11497.5,11491.5,11503.5,6.0,STOP,-1.0,-1.1183333333333334,-134.20000000000002,2022-09-27,2022
2022-09-29 12:40:00-04:00,2022-09-29 12:40:00-04:00,SHORT,11214.5,11219.5,11209.5,5.0,TARGET,1.0,0.858,85.8,2022-09-28,2022
2022-09-29 13:40:00-04:00,2022-09-29 13:40:00-04:00,SHORT,11188.5,11200.0,11177.0,11.5,TARGET,1.0,0.9382608695652174,215.79999999999998,2022-09-28,2022
2022-09-30 11:35:00-04:00,2022-09-30 11:35:00-04:00,LONG,11328.75,11321.5,11336.0,7.25,STOP,-1.0,-1.0979310344827586,-159.2,2022-09-29,2022
2022-09-30 12:45:00-04:00,2022-09-30 12:45:00-04:00,SHORT,11254.0,11259.25,11248.75,5.25,TARGET,1.0,0.8647619047619047,90.8,2022-09-29,2022
2022-10-03 13:50:00-04:00,2022-10-03 13:50:00-04:00,SHORT,11274.25,11282.25,11266.25,8.0,TARGET,1.0,0.91125,145.8,2022-10-02,2022
2022-10-03 14:50:00-04:00,2022-10-03 14:53:00-04:00,SHORT,11335.25,11346.75,11323.75,11.5,STOP,-1.0,-1.0617391304347825,-244.2,2022-10-02,2022
2022-10-04 14:15:00-04:00,2022-10-04 14:17:00-04:00,LONG,11602.25,11596.5,11608.0,5.75,TARGET,1.0,0.8765217391304347,100.8,2022-10-03,2022
2022-10-07 12:10:00-04:00,2022-10-07 12:10:00-04:00,SHORT,11193.5,11198.5,11188.5,5.0,STOP,-1.0,-1.142,-114.19999999999999,2022-10-06,2022
2022-10-07 13:05:00-04:00,2022-10-07 13:07:00-04:00,LONG,11124.25,11115.0,11133.5,9.25,STOP,-1.0,-1.0767567567567569,-199.20000000000002,2022-10-06,2022
2022-10-10 12:50:00-04:00,2022-10-10 12:50:00-04:00,LONG,10920.75,10914.5,10927.0,6.25,STOP,-1.0,-1.1136,-139.2,2022-10-09,2022
2022-10-11 12:40:00-04:00,2022-10-11 12:40:00-04:00,SHORT,10991.75,10995.0,10988.5,3.25,STOP,-1.0,-1.2184615384615385,-79.2,2022-10-10,2022
2022-10-12 12:50:00-04:00,2022-10-12 12:50:00-04:00,SHORT,10866.5,10869.5,10863.5,3.0,STOP,-1.0,-1.2366666666666666,-74.19999999999999,2022-10-11,2022
2022-10-12 14:00:00-04:00,2022-10-12 14:00:00-04:00,LONG,10848.75,10840.5,10857.0,8.25,STOP,-1.0,-1.086060606060606,-179.2,2022-10-11,2022
2022-10-14 12:55:00-04:00,2022-10-14 13:00:00-04:00,LONG,10818.25,10807.0,10829.5,11.25,TARGET,1.0,0.9368888888888889,210.8,2022-10-13,2022
2022-10-14 13:40:00-04:00,2022-10-14 13:40:00-04:00,SHORT,10836.75,10847.0,10826.5,10.25,STOP,-1.0,-1.069268292682927,-219.20000000000002,2022-10-13,2022
2022-10-17 13:45:00-04:00,2022-10-17 13:46:00-04:00,SHORT,11111.5,11122.0,11101.0,10.5,STOP,-1.0,-1.0676190476190477,-224.20000000000002,2022-10-16,2022
2022-10-18 13:55:00-04:00,2022-10-18 13:55:00-04:00,SHORT,11241.5,11246.25,11236.75,4.75,STOP,-1.0,-1.1494736842105264,-109.20000000000002,2022-10-17,2022
2022-10-18 15:15:00-04:00,2022-10-18 15:17:00-04:00,LONG,11107.5,11097.75,11117.25,9.75,TARGET,1.0,0.9271794871794872,180.8,2022-10-17,2022
2022-10-19 15:05:00-04:00,2022-10-19 15:05:00-04:00,LONG,11101.25,11092.0,11110.5,9.25,TARGET,1.0,0.9232432432432433,170.8,2022-10-18,2022
2022-10-20 14:30:00-04:00,2022-10-20 14:31:00-04:00,LONG,11057.25,11050.0,11064.5,7.25,TARGET,1.0,0.9020689655172414,130.8,2022-10-19,2022
2022-10-20 15:40:00-04:00,2022-10-20 15:43:00-04:00,LONG,11066.75,11056.0,11077.5,10.75,TARGET,1.0,0.933953488372093,200.8,2022-10-19,2022
2022-10-21 12:30:00-04:00,2022-10-21 12:30:00-04:00,LONG,11186.0,11180.5,11191.5,5.5,TARGET,1.0,0.8709090909090909,95.8,2022-10-20,2022
2022-10-21 15:45:00-04:00,2022-10-21 15:45:00-04:00,SHORT,11363.25,11370.75,11355.75,7.5,TARGET,1.0,0.9053333333333333,135.8,2022-10-20,2022
2022-10-24 13:15:00-04:00,2022-10-24 13:16:00-04:00,LONG,11413.5,11405.75,11421.25,7.75,STOP,-1.0,-1.0916129032258064,-169.2,2022-10-23,2022
2022-10-24 14:25:00-04:00,2022-10-24 14:25:00-04:00,SHORT,11430.0,11434.25,11425.75,4.25,TARGET,1.0,0.8329411764705883,70.80000000000001,2022-10-23,2022
2022-10-25 12:45:00-04:00,2022-10-25 12:48:00-04:00,LONG,11678.75,11668.5,11689.0,10.25,STOP,-1.0,-1.069268292682927,-219.20000000000002,2022-10-24,2022
2022-10-25 14:40:00-04:00,2022-10-25 14:40:00-04:00,SHORT,11696.5,11699.5,11693.5,3.0,STOP,-1.0,-1.2366666666666666,-74.19999999999999,2022-10-24,2022
2022-10-26 12:25:00-04:00,2022-10-26 12:25:00-04:00,SHORT,11660.5,11669.75,11651.25,9.25,TARGET,1.0,0.9232432432432433,170.8,2022-10-25,2022
2022-10-26 14:00:00-04:00,2022-10-26 14:00:00-04:00,SHORT,11524.5,11529.5,11519.5,5.0,TARGET,1.0,0.858,85.8,2022-10-25,2022
2022-10-27 12:00:00-04:00,2022-10-27 12:00:00-04:00,LONG,11291.25,11283.75,11298.75,7.5,STOP,-1.0,-1.0946666666666667,-164.2,2022-10-26,2022
2022-10-27 13:55:00-04:00,2022-10-27 13:55:00-04:00,LONG,11273.0,11269.25,11276.75,3.75,TARGET,1.0,0.8106666666666666,60.8,2022-10-26,2022
2022-10-28 13:55:00-04:00,2022-10-28 13:58:00-04:00,LONG,11539.0,11530.75,11547.25,8.25,STOP,-1.0,-1.086060606060606,-179.2,2022-10-27,2022
2022-10-28 15:35:00-04:00,2022-10-28 15:35:00-04:00,SHORT,11587.75,11590.5,11585.0,2.75,TARGET,1.0,0.7418181818181818,40.8,2022-10-27,2022
2022-10-31 14:05:00-04:00,2022-10-31 14:05:00-04:00,SHORT,11476.5,11485.5,11467.5,9.0,TARGET,1.0,0.9211111111111111,165.8,2022-10-30,2022
2022-11-01 14:05:00-04:00,2022-11-01 14:09:00-04:00,SHORT,11349.5,11358.0,11341.0,8.5,STOP,-1.0,-1.0835294117647059,-184.2,2022-10-31,2022
2022-11-01 14:45:00-04:00,2022-11-01 14:46:00-04:00,LONG,11340.0,11335.0,11345.0,5.0,STOP,-1.0,-1.142,-114.19999999999999,2022-10-31,2022
2022-11-02 12:05:00-04:00,2022-11-02 12:07:00-04:00,LONG,11236.75,11227.5,11246.0,9.25,STOP,-1.0,-1.0767567567567569,-199.20000000000002,2022-11-01,2022
2022-11-02 13:30:00-04:00,2022-11-02 13:37:00-04:00,LONG,11216.75,11209.25,11224.25,7.5,TARGET,1.0,0.9053333333333333,135.8,2022-11-01,2022
2022-11-03 12:40:00-04:00,2022-11-03 12:41:00-04:00,LONG,10798.5,10788.25,10808.75,10.25,TARGET,1.0,0.9307317073170732,190.8,2022-11-02,2022
2022-11-03 15:05:00-04:00,2022-11-03 15:05:00-04:00,SHORT,10802.0,10813.0,10791.0,11.0,TARGET,1.0,0.9354545454545454,205.79999999999998,2022-11-02,2022
2022-11-04 15:40:00-04:00,2022-11-04 15:41:00-04:00,SHORT,10851.25,10861.25,10841.25,10.0,TARGET,1.0,0.929,185.8,2022-11-03,2022
2022-11-07 12:55:00-05:00,2022-11-07 12:55:00-05:00,LONG,10887.0,10881.75,10892.25,5.25,STOP,-1.0,-1.1352380952380952,-119.19999999999999,2022-11-06,2022
2022-11-07 13:45:00-05:00,2022-11-07 13:54:00-05:00,LONG,10914.5,10903.25,10925.75,11.25,TARGET,1.0,0.9368888888888889,210.8,2022-11-06,2022
2022-11-09 12:30:00-05:00,2022-11-09 12:31:00-05:00,LONG,10957.5,10945.75,10969.25,11.75,TARGET,1.0,0.9395744680851064,220.79999999999998,2022-11-08,2022
2022-11-10 11:55:00-05:00,2022-11-10 11:55:00-05:00,SHORT,11484.25,11489.75,11478.75,5.5,STOP,-1.0,-1.1290909090909091,-124.2,2022-11-09,2022
2022-11-10 13:00:00-05:00,2022-11-10 13:00:00-05:00,LONG,11426.0,11421.75,11430.25,4.25,TARGET,1.0,0.8329411764705883,70.80000000000001,2022-11-09,2022
2022-11-11 12:40:00-05:00,2022-11-11 12:41:00-05:00,LONG,11734.5,11726.25,11742.75,8.25,STOP,-1.0,-1.086060606060606,-179.2,2022-11-10,2022
2022-11-11 14:30:00-05:00,2022-11-11 14:30:00-05:00,SHORT,11854.5,11858.25,11850.75,3.75,TARGET,1.0,0.8106666666666666,60.8,2022-11-10,2022
2022-11-14 13:50:00-05:00,2022-11-14 13:52:00-05:00,LONG,11878.75,11868.75,11888.75,10.0,TARGET,1.0,0.929,185.8,2022-11-13,2022
2022-11-15 12:45:00-05:00,2022-11-15 12:46:00-05:00,LONG,11988.75,11980.75,11996.75,8.0,STOP,-1.0,-1.08875,-174.20000000000002,2022-11-14,2022
2022-11-16 13:55:00-05:00,2022-11-16 13:56:00-05:00,LONG,11758.0,11752.75,11763.25,5.25,STOP,-1.0,-1.1352380952380952,-119.19999999999999,2022-11-15,2022
2022-11-16 15:00:00-05:00,2022-11-16 15:00:00-05:00,SHORT,11767.25,11770.0,11764.5,2.75,STOP,-1.0,-1.2581818181818183,-69.2,2022-11-15,2022
2022-11-17 12:45:00-05:00,2022-11-17 12:45:00-05:00,SHORT,11702.25,11713.0,11691.5,10.75,STOP,-1.0,-1.066046511627907,-229.2,2022-11-16,2022
2022-11-18 12:50:00-05:00,2022-11-18 12:53:00-05:00,LONG,11633.0,11624.0,11642.0,9.0,STOP,-1.0,-1.0788888888888888,-194.2,2022-11-17,2022
2022-11-18 14:35:00-05:00,2022-11-18 14:42:00-05:00,LONG,11646.5,11636.0,11657.0,10.5,TARGET,1.0,0.9323809523809524,195.8,2022-11-17,2022
2022-11-21 14:15:00-05:00,2022-11-21 14:16:00-05:00,LONG,11604.25,11596.75,11611.75,7.5,TARGET,1.0,0.9053333333333333,135.8,2022-11-20,2022
2022-11-21 15:20:00-05:00,2022-11-21 15:20:00-05:00,SHORT,11607.5,11611.75,11603.25,4.25,STOP,-1.0,-1.1670588235294117,-99.19999999999999,2022-11-20,2022
2022-11-22 12:50:00-05:00,2022-11-22 12:52:00-05:00,SHORT,11656.5,11664.25,11648.75,7.75,TARGET,1.0,0.9083870967741936,140.8,2022-11-21,2022
2022-11-22 13:30:00-05:00,2022-11-22 13:31:00-05:00,SHORT,11689.0,11693.5,11684.5,4.5,STOP,-1.0,-1.1577777777777778,-104.2,2022-11-21,2022
2022-11-23 12:35:00-05:00,2022-11-23 12:37:00-05:00,LONG,11806.5,11796.5,11816.5,10.0,STOP,-1.0,-1.071,-214.2,2022-11-22,2022
2022-11-23 13:50:00-05:00,2022-11-23 13:50:00-05:00,SHORT,11815.5,11824.5,11806.5,9.0,TARGET,1.0,0.9211111111111111,165.8,2022-11-22,2022
2022-11-24 10:20:00-05:00,2022-11-24 10:26:00-05:00,SHORT,11907.5,11913.5,11901.5,6.0,STOP,-1.0,-1.1183333333333334,-134.20000000000002,2022-11-23,2022
2022-11-24 11:25:00-05:00,2022-11-24 11:28:00-05:00,LONG,11919.0,11916.5,11921.5,2.5,STOP,-1.0,-1.284,-64.2,2022-11-23,2022
2022-11-25 13:00:00-05:00,2022-11-25 13:02:00-05:00,LONG,11785.25,11777.25,11793.25,8.0,STOP,-1.0,-1.08875,-174.20000000000002,2022-11-24,2022
2022-11-28 12:40:00-05:00,2022-11-28 12:40:00-05:00,SHORT,11714.75,11719.25,11710.25,4.5,STOP,-1.0,-1.1577777777777778,-104.2,2022-11-27,2022
2022-11-28 13:40:00-05:00,2022-11-28 13:43:00-05:00,LONG,11674.25,11665.0,11683.5,9.25,STOP,-1.0,-1.0767567567567569,-199.20000000000002,2022-11-27,2022
2022-11-29 14:45:00-05:00,2022-11-29 14:46:00-05:00,LONG,11496.75,11491.25,11502.25,5.5,STOP,-1.0,-1.1290909090909091,-124.2,2022-11-28,2022
2022-11-30 11:30:00-05:00,2022-11-30 11:30:00-05:00,SHORT,11552.5,11560.0,11545.0,7.5,STOP,-1.0,-1.0946666666666667,-164.2,2022-11-29,2022
2022-11-30 12:45:00-05:00,2022-11-30 12:45:00-05:00,SHORT,11523.5,11529.5,11517.5,6.0,STOP,-1.0,-1.1183333333333334,-134.20000000000002,2022-11-29,2022
2022-12-01 12:50:00-05:00,2022-12-01 12:50:00-05:00,LONG,12034.5,12026.75,12042.25,7.75,TARGET,1.0,0.9083870967741936,140.8,2022-11-30,2022
2022-12-01 13:40:00-05:00,2022-12-01 13:42:00-05:00,SHORT,12043.0,12051.25,12034.75,8.25,STOP,-1.0,-1.086060606060606,-179.2,2022-11-30,2022
2022-12-02 13:05:00-05:00,2022-12-02 13:05:00-05:00,LONG,11918.5,11914.25,11922.75,4.25,STOP,-1.0,-1.1670588235294117,-99.19999999999999,2022-12-01,2022
2022-12-02 14:25:00-05:00,2022-12-02 14:25:00-05:00,SHORT,11934.75,11940.25,11929.25,5.5,TARGET,1.0,0.8709090909090909,95.8,2022-12-01,2022
2022-12-05 13:00:00-05:00,2022-12-05 13:00:00-05:00,LONG,11820.0,11814.75,11825.25,5.25,TARGET,1.0,0.8647619047619047,90.8,2022-12-04,2022
2022-12-05 13:50:00-05:00,2022-12-05 13:50:00-05:00,LONG,11826.0,11823.0,11829.0,3.0,STOP,-1.0,-1.2366666666666666,-74.19999999999999,2022-12-04,2022
2022-12-06 12:45:00-05:00,2022-12-06 12:53:00-05:00,LONG,11598.25,11589.0,11607.5,9.25,STOP,-1.0,-1.0767567567567569,-199.20000000000002,2022-12-05,2022
2022-12-07 13:35:00-05:00,2022-12-07 13:37:00-05:00,LONG,11538.5,11527.5,11549.5,11.0,STOP,-1.0,-1.0645454545454545,-234.2,2022-12-06,2022
2022-12-07 14:25:00-05:00,2022-12-07 14:26:00-05:00,LONG,11500.25,11488.5,11512.0,11.75,TARGET,1.0,0.9395744680851064,220.79999999999998,2022-12-06,2022
2022-12-09 11:30:00-05:00,2022-12-09 11:31:00-05:00,SHORT,11688.0,11695.5,11680.5,7.5,TARGET,1.0,0.9053333333333333,135.8,2022-12-08,2022
2022-12-09 12:10:00-05:00,2022-12-09 12:10:00-05:00,LONG,11699.75,11688.0,11711.5,11.75,TARGET,1.0,0.9395744680851064,220.79999999999998,2022-12-08,2022
2023-03-13 14:00:00-04:00,2023-03-13 14:00:00-04:00,SHORT,12132.75,12140.5,12125.0,7.75,STOP,-1.0,-1.0916129032258064,-169.2,2023-03-12,2023
2023-03-14 10:55:00-04:00,2023-03-14 10:56:00-04:00,SHORT,12319.0,12327.75,12310.25,8.75,TARGET,1.0,0.9188571428571428,160.79999999999998,2023-03-13,2023
2023-03-14 11:40:00-04:00,2023-03-14 11:40:00-04:00,SHORT,12353.0,12355.5,12350.5,2.5,STOP,-1.0,-1.284,-64.2,2023-03-13,2023
2023-03-15 14:20:00-04:00,2023-03-15 14:21:00-04:00,SHORT,12287.25,12295.5,12279.0,8.25,STOP,-1.0,-1.086060606060606,-179.2,2023-03-14,2023
2023-03-16 15:05:00-04:00,2023-03-16 15:05:00-04:00,SHORT,12692.5,12695.0,12690.0,2.5,STOP,-1.0,-1.284,-64.2,2023-03-15,2023
2023-03-16 15:55:00-04:00,2023-03-16 15:55:00-04:00,LONG,12703.5,12697.25,12709.75,6.25,STOP,-1.0,-1.1136,-139.2,2023-03-15,2023
2023-03-17 14:50:00-04:00,2023-03-17 14:50:00-04:00,LONG,12606.5,12596.25,12616.75,10.25,STOP,-1.0,-1.069268292682927,-219.20000000000002,2023-03-16,2023
2023-03-20 15:15:00-04:00,2023-03-20 15:19:00-04:00,LONG,12657.25,12647.5,12667.0,9.75,TARGET,1.0,0.9271794871794872,180.8,2023-03-19,2023
2023-03-21 12:30:00-04:00,2023-03-21 12:30:00-04:00,SHORT,12765.5,12772.25,12758.75,6.75,STOP,-1.0,-1.1051851851851853,-149.20000000000002,2023-03-20,2023
2023-03-21 13:50:00-04:00,2023-03-21 13:50:00-04:00,LONG,12803.75,12801.0,12806.5,2.75,STOP,-1.0,-1.2581818181818183,-69.2,2023-03-20,2023
2023-03-22 13:50:00-04:00,2023-03-22 13:52:00-04:00,SHORT,12914.25,12917.25,12911.25,3.0,STOP,-1.0,-1.2366666666666666,-74.19999999999999,2023-03-21,2023
2023-03-24 13:20:00-04:00,2023-03-24 13:20:00-04:00,LONG,12787.0,12781.25,12792.75,5.75,TARGET,1.0,0.8765217391304347,100.8,2023-03-23,2023
2023-03-24 15:10:00-04:00,2023-03-24 15:11:00-04:00,LONG,12839.0,12831.0,12847.0,8.0,TARGET,1.0,0.91125,145.8,2023-03-23,2023
2023-03-27 13:05:00-04:00,2023-03-27 13:05:00-04:00,SHORT,12798.75,12804.0,12793.5,5.25,TARGET,1.0,0.8647619047619047,90.8,2023-03-26,2023
2023-03-27 14:50:00-04:00,2023-03-27 14:52:00-04:00,SHORT,12849.25,12856.5,12842.0,7.25,STOP,-1.0,-1.0979310344827586,-159.2,2023-03-26,2023
2023-03-28 13:10:00-04:00,2023-03-28 13:21:00-04:00,LONG,12682.0,12670.75,12693.25,11.25,TARGET,1.0,0.9368888888888889,210.8,2023-03-27,2023
2023-03-28 14:35:00-04:00,2023-03-28 14:35:00-04:00,LONG,12659.5,12655.0,12664.0,4.5,TARGET,1.0,0.8422222222222222,75.8,2023-03-27,2023
2023-03-29 12:05:00-04:00,2023-03-29 12:05:00-04:00,SHORT,12917.75,12921.5,12914.0,3.75,TARGET,1.0,0.8106666666666666,60.8,2023-03-28,2023
2023-03-29 15:40:00-04:00,2023-03-29 15:40:00-04:00,LONG,12971.75,12967.75,12975.75,4.0,STOP,-1.0,-1.1775,-94.2,2023-03-28,2023
2023-03-30 13:30:00-04:00,2023-03-30 13:30:00-04:00,LONG,13049.25,13044.5,13054.0,4.75,STOP,-1.0,-1.1494736842105264,-109.20000000000002,2023-03-29,2023
2023-03-30 14:50:00-04:00,2023-03-30 14:51:00-04:00,LONG,13065.25,13057.75,13072.75,7.5,STOP,-1.0,-1.0946666666666667,-164.2,2023-03-29,2023
2023-03-31 11:55:00-04:00,2023-03-31 11:57:00-04:00,SHORT,13202.75,13211.25,13194.25,8.5,STOP,-1.0,-1.0835294117647059,-184.2,2023-03-30,2023
2023-03-31 12:50:00-04:00,2023-03-31 13:01:00-04:00,LONG,13235.25,13225.0,13245.5,10.25,STOP,-1.0,-1.069268292682927,-219.20000000000002,2023-03-30,2023
2023-04-03 15:15:00-04:00,2023-04-03 15:27:00-04:00,SHORT,13234.5,13242.0,13227.0,7.5,STOP,-1.0,-1.0946666666666667,-164.2,2023-04-02,2023
2023-04-04 13:05:00-04:00,2023-04-04 13:07:00-04:00,LONG,13219.0,13208.5,13229.5,10.5,TARGET,1.0,0.9323809523809524,195.8,2023-04-03,2023
2023-04-05 13:00:00-04:00,2023-04-05 13:05:00-04:00,SHORT,13022.0,13032.25,13011.75,10.25,STOP,-1.0,-1.069268292682927,-219.20000000000002,2023-04-04,2023
2023-04-05 13:45:00-04:00,2023-04-05 13:58:00-04:00,SHORT,13046.25,13054.75,13037.75,8.5,STOP,-1.0,-1.0835294117647059,-184.2,2023-04-04,2023
2023-04-06 13:25:00-04:00,2023-04-06 13:28:00-04:00,SHORT,13154.75,13160.5,13149.0,5.75,TARGET,1.0,0.8765217391304347,100.8,2023-04-05,2023
2023-04-06 14:10:00-04:00,2023-04-06 14:14:00-04:00,SHORT,13176.0,13181.75,13170.25,5.75,STOP,-1.0,-1.1234782608695653,-129.20000000000002,2023-04-05,2023
2023-04-10 13:05:00-04:00,2023-04-10 13:06:00-04:00,SHORT,13114.75,13123.25,13106.25,8.5,STOP,-1.0,-1.0835294117647059,-184.2,2023-04-09,2023
2023-04-10 15:35:00-04:00,2023-04-10 15:36:00-04:00,LONG,13137.0,13134.25,13139.75,2.75,TARGET,1.0,0.7418181818181818,40.8,2023-04-09,2023
2023-04-11 13:45:00-04:00,2023-04-11 13:45:00-04:00,SHORT,13109.25,13112.25,13106.25,3.0,STOP,-1.0,-1.2366666666666666,-74.19999999999999,2023-04-10,2023
2023-04-11 14:25:00-04:00,2023-04-11 14:26:00-04:00,SHORT,13116.5,13122.0,13111.0,5.5,STOP,-1.0,-1.1290909090909091,-124.2,2023-04-10,2023
2023-04-12 12:10:00-04:00,2023-04-12 12:11:00-04:00,SHORT,13081.5,13089.75,13073.25,8.25,TARGET,1.0,0.9139393939393939,150.8,2023-04-11,2023
2023-04-12 13:00:00-04:00,2023-04-12 13:01:00-04:00,SHORT,13085.75,13090.5,13081.0,4.75,TARGET,1.0,0.8505263157894737,80.8,2023-04-11,2023
2023-04-13 12:25:00-04:00,2023-04-13 12:29:00-04:00,SHORT,13150.0,13156.5,13143.5,6.5,STOP,-1.0,-1.1092307692307692,-144.2,2023-04-12,2023
2023-04-13 14:05:00-04:00,2023-04-13 14:05:00-04:00,SHORT,13195.0,13198.75,13191.25,3.75,STOP,-1.0,-1.1893333333333334,-89.2,2023-04-12,2023
2023-04-14 12:35:00-04:00,2023-04-14 12:38:00-04:00,LONG,13101.5,13093.0,13110.0,8.5,STOP,-1.0,-1.0835294117647059,-184.2,2023-04-13,2023
2023-04-14 15:10:00-04:00,2023-04-14 15:10:00-04:00,LONG,13157.5,13149.25,13165.75,8.25,STOP,-1.0,-1.086060606060606,-179.2,2023-04-13,2023
2023-04-17 12:05:00-04:00,2023-04-17 12:06:00-04:00,LONG,13097.5,13088.75,13106.25,8.75,STOP,-1.0,-1.0811428571428572,-189.20000000000002,2023-04-16,2023
2023-04-17 13:50:00-04:00,2023-04-17 13:50:00-04:00,LONG,13115.75,13110.5,13121.0,5.25,STOP,-1.0,-1.1352380952380952,-119.19999999999999,2023-04-16,2023
2023-04-18 12:35:00-04:00,2023-04-18 12:35:00-04:00,SHORT,13198.0,13203.0,13193.0,5.0,TARGET,1.0,0.858,85.8,2023-04-17,2023
2023-04-18 15:25:00-04:00,2023-04-18 15:25:00-04:00,SHORT,13179.75,13188.0,13171.5,8.25,TARGET,1.0,0.9139393939393939,150.8,2023-04-17,2023
2023-04-19 12:55:00-04:00,2023-04-19 13:00:00-04:00,LONG,13197.25,13189.0,13205.5,8.25,STOP,-1.0,-1.086060606060606,-179.2,2023-04-18,2023
2023-04-19 14:30:00-04:00,2023-04-19 14:31:00-04:00,SHORT,13204.5,13208.0,13201.0,3.5,TARGET,1.0,0.7971428571428572,55.8,2023-04-18,2023
2023-04-20 13:35:00-04:00,2023-04-20 13:35:00-04:00,LONG,13188.0,13184.0,13192.0,4.0,TARGET,1.0,0.8225,65.8,2023-04-19,2023
2023-04-21 12:55:00-04:00,2023-04-21 12:57:00-04:00,SHORT,13072.0,13079.75,13064.25,7.75,STOP,-1.0,-1.0916129032258064,-169.2,2023-04-20,2023
2023-04-21 14:00:00-04:00,2023-04-21 14:00:00-04:00,SHORT,13100.75,13107.25,13094.25,6.5,STOP,-1.0,-1.1092307692307692,-144.2,2023-04-20,2023
2023-04-24 12:50:00-04:00,2023-04-24 13:14:00-04:00,LONG,13008.75,12997.25,13020.25,11.5,TARGET,1.0,0.9382608695652174,215.79999999999998,2023-04-23,2023
2023-04-24 13:30:00-04:00,2023-04-24 13:33:00-04:00,SHORT,13018.75,13025.25,13012.25,6.5,STOP,-1.0,-1.1092307692307692,-144.2,2023-04-23,2023
2023-04-25 15:25:00-04:00,2023-04-25 15:27:00-04:00,SHORT,12854.25,12864.75,12843.75,10.5,TARGET,1.0,0.9323809523809524,195.8,2023-04-24,2023
2023-04-26 11:45:00-04:00,2023-04-26 11:46:00-04:00,SHORT,12985.0,12992.75,12977.25,7.75,STOP,-1.0,-1.0916129032258064,-169.2,2023-04-25,2023
2023-04-26 12:55:00-04:00,2023-04-26 12:59:00-04:00,LONG,12958.25,12949.5,12967.0,8.75,STOP,-1.0,-1.0811428571428572,-189.20000000000002,2023-04-25,2023
2023-04-27 11:45:00-04:00,2023-04-27 11:45:00-04:00,LONG,13130.5,13127.5,13133.5,3.0,STOP,-1.0,-1.2366666666666666,-74.19999999999999,2023-04-26,2023
2023-04-27 12:30:00-04:00,2023-04-27 12:43:00-04:00,SHORT,13154.75,13163.25,13146.25,8.5,STOP,-1.0,-1.0835294117647059,-184.2,2023-04-26,2023
2023-04-28 14:40:00-04:00,2023-04-28 14:41:00-04:00,LONG,13271.25,13264.75,13277.75,6.5,STOP,-1.0,-1.1092307692307692,-144.2,2023-04-27,2023
2023-05-01 12:25:00-04:00,2023-05-01 12:27:00-04:00,SHORT,13312.5,13317.0,13308.0,4.5,STOP,-1.0,-1.1577777777777778,-104.2,2023-04-30,2023
2023-05-01 13:15:00-04:00,2023-05-01 13:16:00-04:00,SHORT,13348.0,13355.25,13340.75,7.25,STOP,-1.0,-1.0979310344827586,-159.2,2023-04-30,2023
2023-05-02 12:55:00-04:00,2023-05-02 13:04:00-04:00,SHORT,13169.0,13179.0,13159.0,10.0,STOP,-1.0,-1.071,-214.2,2023-05-01,2023
2023-05-02 14:40:00-04:00,2023-05-02 14:41:00-04:00,SHORT,13188.0,13193.0,13183.0,5.0,TARGET,1.0,0.858,85.8,2023-05-01,2023
2023-05-03 13:50:00-04:00,2023-05-03 14:00:00-04:00,LONG,13221.75,13214.0,13229.5,7.75,STOP,-1.0,-1.0916129032258064,-169.2,2023-05-02,2023
2023-05-04 14:20:00-04:00,2023-05-04 14:21:00-04:00,LONG,13093.25,13083.75,13102.75,9.5,STOP,-1.0,-1.0747368421052632,-204.20000000000002,2023-05-03,2023
2023-05-04 15:00:00-04:00,2023-05-04 15:00:00-04:00,SHORT,13060.5,13066.5,13054.5,6.0,STOP,-1.0,-1.1183333333333334,-134.20000000000002,2023-05-03,2023
2023-05-05 11:10:00-04:00,2023-05-05 11:19:00-04:00,SHORT,13256.75,13268.75,13244.75,12.0,TARGET,1.0,0.9408333333333333,225.79999999999998,2023-05-04,2023
2023-05-05 12:10:00-04:00,2023-05-05 12:22:00-04:00,LONG,13250.25,13242.0,13258.5,8.25,TARGET,1.0,0.9139393939393939,150.8,2023-05-04,2023
2023-05-08 12:20:00-04:00,2023-05-08 12:51:00-04:00,LONG,13314.5,13306.75,13322.25,7.75,TARGET,1.0,0.9083870967741936,140.8,2023-05-07,2023
2023-05-08 13:10:00-04:00,2023-05-08 13:13:00-04:00,LONG,13327.5,13316.0,13339.0,11.5,TARGET,1.0,0.9382608695652174,215.79999999999998,2023-05-07,2023
2023-05-09 14:20:00-04:00,2023-05-09 14:24:00-04:00,SHORT,13291.25,13295.0,13287.5,3.75,TARGET,1.0,0.8106666666666666,60.8,2023-05-08,2023
2023-05-09 15:45:00-04:00,2023-05-09 15:49:00-04:00,LONG,13261.25,13250.0,13272.5,11.25,TARGET,1.0,0.9368888888888889,210.8,2023-05-08,2023
2023-05-10 12:25:00-04:00,2023-05-10 12:26:00-04:00,SHORT,13355.25,13359.5,13351.0,4.25,TARGET,1.0,0.8329411764705883,70.80000000000001,2023-05-09,2023
2023-05-10 15:10:00-04:00,2023-05-10 15:11:00-04:00,SHORT,13397.25,13404.25,13390.25,7.0,STOP,-1.0,-1.1014285714285714,-154.2,2023-05-09,2023
2023-05-11 13:00:00-04:00,2023-05-11 13:02:00-04:00,LONG,13451.0,13442.75,13459.25,8.25,STOP,-1.0,-1.086060606060606,-179.2,2023-05-10,2023
2023-05-11 14:20:00-04:00,2023-05-11 14:23:00-04:00,SHORT,13427.0,13434.75,13419.25,7.75,STOP,-1.0,-1.0916129032258064,-169.2,2023-05-10,2023
2023-05-15 12:50:00-04:00,2023-05-15 12:52:00-04:00,SHORT,13437.25,13442.75,13431.75,5.5,STOP,-1.0,-1.1290909090909091,-124.2,2023-05-14,2023
2023-05-15 14:20:00-04:00,2023-05-15 14:26:00-04:00,LONG,13455.75,13447.25,13464.25,8.5,STOP,-1.0,-1.0835294117647059,-184.2,2023-05-14,2023
2023-05-16 12:10:00-04:00,2023-05-16 12:11:00-04:00,SHORT,13546.5,13550.0,13543.0,3.5,TARGET,1.0,0.7971428571428572,55.8,2023-05-15,2023
2023-05-16 13:10:00-04:00,2023-05-16 13:12:00-04:00,SHORT,13551.5,13555.0,13548.0,3.5,TARGET,1.0,0.7971428571428572,55.8,2023-05-15,2023
2023-05-18 14:45:00-04:00,2023-05-18 14:46:00-04:00,SHORT,13801.0,13805.0,13797.0,4.0,STOP,-1.0,-1.1775,-94.2,2023-05-17,2023
2023-05-19 13:00:00-04:00,2023-05-19 13:06:00-04:00,SHORT,13851.5,13861.75,13841.25,10.25,STOP,-1.0,-1.069268292682927,-219.20000000000002,2023-05-18,2023
2023-05-19 13:40:00-04:00,2023-05-19 13:42:00-04:00,LONG,13862.5,13853.75,13871.25,8.75,STOP,-1.0,-1.0811428571428572,-189.20000000000002,2023-05-18,2023
2023-05-22 13:05:00-04:00,2023-05-22 13:07:00-04:00,SHORT,13897.25,13907.0,13887.5,9.75,STOP,-1.0,-1.0728205128205128,-209.2,2023-05-21,2023
2023-05-22 14:05:00-04:00,2023-05-22 14:14:00-04:00,LONG,13909.5,13900.5,13918.5,9.0,STOP,-1.0,-1.0788888888888888,-194.2,2023-05-21,2023
2023-05-23 11:45:00-04:00,2023-05-23 11:45:00-04:00,SHORT,13870.25,13873.25,13867.25,3.0,TARGET,1.0,0.7633333333333333,45.8,2023-05-22,2023
2023-05-23 15:05:00-04:00,2023-05-23 15:07:00-04:00,SHORT,13739.5,13747.75,13731.25,8.25,TARGET,1.0,0.9139393939393939,150.8,2023-05-22,2023
2023-05-24 13:10:00-04:00,2023-05-24 13:12:00-04:00,LONG,13593.0,13586.75,13599.25,6.25,STOP,-1.0,-1.1136,-139.2,2023-05-23,2023
2023-05-25 13:05:00-04:00,2023-05-25 13:05:00-04:00,LONG,13976.75,13966.75,13986.75,10.0,STOP,-1.0,-1.071,-214.2,2023-05-24,2023
2023-05-25 13:45:00-04:00,2023-05-25 13:56:00-04:00,LONG,13986.5,13978.25,13994.75,8.25,STOP,-1.0,-1.086060606060606,-179.2,2023-05-24,2023
2023-05-26 12:25:00-04:00,2023-05-26 12:37:00-04:00,SHORT,14298.0,14308.5,14287.5,10.5,STOP,-1.0,-1.0676190476190477,-224.20000000000002,2023-05-25,2023
2023-05-26 13:10:00-04:00,2023-05-26 13:13:00-04:00,SHORT,14330.5,14336.5,14324.5,6.0,STOP,-1.0,-1.1183333333333334,-134.20000000000002,2023-05-25,2023
2023-05-29 11:55:00-04:00,2023-05-29 11:56:00-04:00,LONG,14381.25,14378.75,14383.75,2.5,STOP,-1.0,-1.284,-64.2,2023-05-28,2023
2023-05-30 14:15:00-04:00,2023-05-30 14:16:00-04:00,SHORT,14357.5,14363.75,14351.25,6.25,STOP,-1.0,-1.1136,-139.2,2023-05-29,2023
2023-05-30 15:35:00-04:00,2023-05-30 15:35:00-04:00,SHORT,14421.5,14427.25,14415.75,5.75,TARGET,1.0,0.8765217391304347,100.8,2023-05-29,2023
2023-05-31 13:15:00-04:00,2023-05-31 13:17:00-04:00,SHORT,14289.5,14297.25,14281.75,7.75,STOP,-1.0,-1.0916129032258064,-169.2,2023-05-30,2023
2023-05-31 14:10:00-04:00,2023-05-31 14:10:00-04:00,SHORT,14349.5,14352.0,14347.0,2.5,STOP,-1.0,-1.284,-64.2,2023-05-30,2023
2023-06-01 12:50:00-04:00,2023-06-01 13:08:00-04:00,LONG,14455.0,14443.25,14466.75,11.75,TARGET,1.0,0.9395744680851064,220.79999999999998,2023-05-31,2023
2023-06-01 13:30:00-04:00,2023-06-01 13:31:00-04:00,LONG,14453.75,14446.0,14461.5,7.75,STOP,-1.0,-1.0916129032258064,-169.2,2023-05-31,2023
2023-06-02 13:10:00-04:00,2023-06-02 13:11:00-04:00,SHORT,14600.75,14605.75,14595.75,5.0,TARGET,1.0,0.858,85.8,2023-06-01,2023
2023-06-02 13:50:00-04:00,2023-06-02 14:02:00-04:00,LONG,14583.25,14575.0,14591.5,8.25,TARGET,1.0,0.9139393939393939,150.8,2023-06-01,2023
2023-06-05 12:50:00-04:00,2023-06-05 12:50:00-04:00,SHORT,14677.5,14682.75,14672.25,5.25,STOP,-1.0,-1.1352380952380952,-119.19999999999999,2023-06-04,2023
2023-06-05 15:45:00-04:00,2023-06-05 15:45:00-04:00,SHORT,14600.25,14606.75,14593.75,6.5,TARGET,1.0,0.8907692307692308,115.8,2023-06-04,2023
2023-06-06 14:35:00-04:00,2023-06-06 14:50:00-04:00,SHORT,14569.5,14578.25,14560.75,8.75,STOP,-1.0,-1.0811428571428572,-189.20000000000002,2023-06-05,2023
2023-06-06 15:30:00-04:00,2023-06-06 15:30:00-04:00,LONG,14589.75,14585.25,14594.25,4.5,STOP,-1.0,-1.1577777777777778,-104.2,2023-06-05,2023
2023-06-07 14:15:00-04:00,2023-06-07 14:15:00-04:00,SHORT,14390.75,14397.25,14384.25,6.5,STOP,-1.0,-1.1092307692307692,-144.2,2023-06-06,2023
2023-06-07 15:05:00-04:00,2023-06-07 15:09:00-04:00,SHORT,14372.75,14382.75,14362.75,10.0,TARGET,1.0,0.929,185.8,2023-06-06,2023
2023-06-08 11:50:00-04:00,2023-06-08 11:51:00-04:00,SHORT,14487.5,14497.75,14477.25,10.25,STOP,-1.0,-1.069268292682927,-219.20000000000002,2023-06-07,2023
2023-06-08 13:15:00-04:00,2023-06-08 13:16:00-04:00,SHORT,14485.75,14493.5,14478.0,7.75,TARGET,1.0,0.9083870967741936,140.8,2023-06-07,2023
2023-06-09 14:00:00-04:00,2023-06-09 14:01:00-04:00,SHORT,14608.75,14615.75,14601.75,7.0,TARGET,1.0,0.8985714285714286,125.8,2023-06-08,2023
2023-06-09 15:05:00-04:00,2023-06-09 15:06:00-04:00,SHORT,14581.5,14587.25,14575.75,5.75,TARGET,1.0,0.8765217391304347,100.8,2023-06-08,2023
2023-06-12 13:20:00-04:00,2023-06-12 13:31:00-04:00,LONG,14854.5,14848.25,14860.75,6.25,TARGET,1.0,0.8864,110.8,2023-06-11,2023
2023-06-12 14:25:00-04:00,2023-06-12 14:32:00-04:00,LONG,14890.5,14882.25,14898.75,8.25,TARGET,1.0,0.9139393939393939,150.8,2023-06-11,2023
2023-06-13 12:55:00-04:00,2023-06-13 12:57:00-04:00,SHORT,15088.75,15096.75,15080.75,8.0,STOP,-1.0,-1.08875,-174.20000000000002,2023-06-12,2023
2023-06-13 13:50:00-04:00,2023-06-13 13:50:00-04:00,SHORT,15103.25,15109.5,15097.0,6.25,TARGET,1.0,0.8864,110.8,2023-06-12,2023
2023-06-14 12:35:00-04:00,2023-06-14 12:36:00-04:00,LONG,15174.5,15168.75,15180.25,5.75,STOP,-1.0,-1.1234782608695653,-129.20000000000002,2023-06-13,2023
2023-06-15 12:35:00-04:00,2023-06-15 12:35:00-04:00,LONG,15288.25,15282.25,15294.25,6.0,STOP,-1.0,-1.1183333333333334,-134.20000000000002,2023-06-14,2023
2023-06-15 15:45:00-04:00,2023-06-15 15:45:00-04:00,LONG,15394.0,15389.0,15399.0,5.0,TARGET,1.0,0.858,85.8,2023-06-14,2023
2023-06-20 14:15:00-04:00,2023-06-20 14:15:00-04:00,LONG,15237.75,15230.5,15245.0,7.25,TARGET,1.0,0.9020689655172414,130.8,2023-06-19,2023
2023-06-20 15:00:00-04:00,2023-06-20 15:00:00-04:00,SHORT,15248.75,15253.0,15244.5,4.25,STOP,-1.0,-1.1670588235294117,-99.19999999999999,2023-06-19,2023
2023-06-21 13:55:00-04:00,2023-06-21 13:55:00-04:00,SHORT,15082.0,15086.75,15077.25,4.75,TARGET,1.0,0.8505263157894737,80.8,2023-06-20,2023
2023-06-22 13:30:00-04:00,2023-06-22 13:30:00-04:00,SHORT,15118.25,15121.75,15114.75,3.5,TARGET,1.0,0.7971428571428572,55.8,2023-06-21,2023
2023-06-22 14:20:00-04:00,2023-06-22 14:21:00-04:00,LONG,15150.0,15145.0,15155.0,5.0,TARGET,1.0,0.858,85.8,2023-06-21,2023
2023-06-23 13:05:00-04:00,2023-06-23 13:06:00-04:00,SHORT,15121.5,15132.75,15110.25,11.25,TARGET,1.0,0.9368888888888889,210.8,2023-06-22,2023
2023-06-23 13:55:00-04:00,2023-06-23 14:05:00-04:00,LONG,15129.5,15122.0,15137.0,7.5,STOP,-1.0,-1.0946666666666667,-164.2,2023-06-22,2023
2023-06-26 13:15:00-04:00,2023-06-26 13:15:00-04:00,LONG,14898.75,14887.0,14910.5,11.75,TARGET,1.0,0.9395744680851064,220.79999999999998,2023-06-25,2023
2023-06-26 13:55:00-04:00,2023-06-26 13:56:00-04:00,LONG,14906.25,14898.5,14914.0,7.75,STOP,-1.0,-1.0916129032258064,-169.2,2023-06-25,2023
2023-06-27 13:10:00-04:00,2023-06-27 13:17:00-04:00,LONG,15047.25,15035.25,15059.25,12.0,TARGET,1.0,0.9408333333333333,225.79999999999998,2023-06-26,2023
2023-06-27 14:05:00-04:00,2023-06-27 14:09:00-04:00,SHORT,15111.75,15118.25,15105.25,6.5,TARGET,1.0,0.8907692307692308,115.8,2023-06-26,2023
2023-06-28 13:45:00-04:00,2023-06-28 13:49:00-04:00,LONG,15109.0,15099.75,15118.25,9.25,STOP,-1.0,-1.0767567567567569,-199.20000000000002,2023-06-27,2023
2023-06-29 12:50:00-04:00,2023-06-29 12:56:00-04:00,SHORT,15119.0,15130.5,15107.5,11.5,TARGET,1.0,0.9382608695652174,215.79999999999998,2023-06-28,2023
2023-06-29 13:35:00-04:00,2023-06-29 13:37:00-04:00,LONG,15085.25,15077.75,15092.75,7.5,STOP,-1.0,-1.0946666666666667,-164.2,2023-06-28,2023
2023-06-30 13:25:00-04:00,2023-06-30 13:30:00-04:00,LONG,15344.5,15337.25,15351.75,7.25,TARGET,1.0,0.9020689655172414,130.8,2023-06-29,2023
2023-06-30 14:10:00-04:00,2023-06-30 14:11:00-04:00,SHORT,15349.5,15359.25,15339.75,9.75,TARGET,1.0,0.9271794871794872,180.8,2023-06-29,2023
2023-07-04 10:55:00-04:00,2023-07-04 11:03:00-04:00,SHORT,15348.5,15351.0,15346.0,2.5,STOP,-1.0,-1.284,-64.2,2023-07-03,2023
2023-07-04 12:40:00-04:00,2023-07-04 12:42:00-04:00,LONG,15346.75,15345.0,15348.5,1.75,STOP,-1.0,-1.4057142857142857,-49.2,2023-07-03,2023
2023-07-05 13:30:00-04:00,2023-07-05 13:33:00-04:00,LONG,15367.25,15361.0,15373.5,6.25,STOP,-1.0,-1.1136,-139.2,2023-07-04,2023
2023-07-05 15:35:00-04:00,2023-07-05 15:38:00-04:00,SHORT,15385.5,15392.5,15378.5,7.0,TARGET,1.0,0.8985714285714286,125.8,2023-07-04,2023
2023-07-06 12:00:00-04:00,2023-07-06 12:01:00-04:00,LONG,15159.5,15151.75,15167.25,7.75,TARGET,1.0,0.9083870967741936,140.8,2023-07-05,2023
2023-07-06 12:50:00-04:00,2023-07-06 13:03:00-04:00,LONG,15210.0,15198.25,15221.75,11.75,TARGET,1.0,0.9395744680851064,220.79999999999998,2023-07-05,2023
2023-07-07 11:25:00-04:00,2023-07-07 11:34:00-04:00,SHORT,15254.25,15262.25,15246.25,8.0,TARGET,1.0,0.91125,145.8,2023-07-06,2023
2023-07-07 12:55:00-04:00,2023-07-07 13:00:00-04:00,SHORT,15332.25,15338.5,15326.0,6.25,STOP,-1.0,-1.1136,-139.2,2023-07-06,2023
2023-07-10 13:20:00-04:00,2023-07-10 13:27:00-04:00,LONG,15145.75,15137.5,15154.0,8.25,TARGET,1.0,0.9139393939393939,150.8,2023-07-09,2023
2023-07-10 14:00:00-04:00,2023-07-10 14:01:00-04:00,LONG,15152.5,15143.75,15161.25,8.75,STOP,-1.0,-1.0811428571428572,-189.20000000000002,2023-07-09,2023
2023-07-11 15:25:00-04:00,2023-07-11 15:32:00-04:00,SHORT,15216.75,15222.5,15211.0,5.75,TARGET,1.0,0.8765217391304347,100.8,2023-07-10,2023
2023-07-12 13:10:00-04:00,2023-07-12 13:10:00-04:00,LONG,15411.75,15405.25,15418.25,6.5,STOP,-1.0,-1.1092307692307692,-144.2,2023-07-11,2023
2023-07-12 14:05:00-04:00,2023-07-12 14:08:00-04:00,LONG,15450.0,15440.5,15459.5,9.5,TARGET,1.0,0.9252631578947368,175.79999999999998,2023-07-11,2023
2023-07-13 12:20:00-04:00,2023-07-13 12:23:00-04:00,SHORT,15635.25,15644.5,15626.0,9.25,STOP,-1.0,-1.0767567567567569,-199.20000000000002,2023-07-12,2023
2023-07-13 13:35:00-04:00,2023-07-13 13:35:00-04:00,SHORT,15665.0,15668.75,15661.25,3.75,STOP,-1.0,-1.1893333333333334,-89.2,2023-07-12,2023
2023-07-14 15:45:00-04:00,2023-07-14 15:48:00-04:00,SHORT,15682.0,15692.0,15672.0,10.0,TARGET,1.0,0.929,185.8,2023-07-13,2023
2023-07-17 14:10:00-04:00,2023-07-17 14:20:00-04:00,LONG,15817.5,15807.0,15828.0,10.5,TARGET,1.0,0.9323809523809524,195.8,2023-07-16,2023
2023-07-17 15:00:00-04:00,2023-07-17 15:02:00-04:00,SHORT,15825.75,15834.0,15817.5,8.25,STOP,-1.0,-1.086060606060606,-179.2,2023-07-16,2023
2023-07-19 14:05:00-04:00,2023-07-19 14:06:00-04:00,LONG,15945.5,15939.25,15951.75,6.25,STOP,-1.0,-1.1136,-139.2,2023-07-18,2023
2023-07-19 14:55:00-04:00,2023-07-19 14:59:00-04:00,LONG,15942.5,15934.0,15951.0,8.5,TARGET,1.0,0.9164705882352941,155.8,2023-07-18,2023
2023-07-20 13:05:00-04:00,2023-07-20 13:18:00-04:00,LONG,15695.75,15685.0,15706.5,10.75,STOP,-1.0,-1.066046511627907,-229.2,2023-07-19,2023
2023-07-20 14:45:00-04:00,2023-07-20 14:45:00-04:00,LONG,15612.75,15610.75,15614.75,2.0,TARGET,1.0,0.645,25.8,2023-07-19,2023
2023-07-21 14:50:00-04:00,2023-07-21 14:50:00-04:00,SHORT,15607.75,15615.0,15600.5,7.25,TARGET,1.0,0.9020689655172414,130.8,2023-07-20,2023
2023-07-24 13:10:00-04:00,2023-07-24 13:12:00-04:00,SHORT,15545.25,15554.75,15535.75,9.5,STOP,-1.0,-1.0747368421052632,-204.20000000000002,2023-07-23,2023
2023-07-24 14:00:00-04:00,2023-07-24 14:01:00-04:00,SHORT,15584.75,15591.75,15577.75,7.0,STOP,-1.0,-1.1014285714285714,-154.2,2023-07-23,2023
2023-07-25 13:35:00-04:00,2023-07-25 13:36:00-04:00,SHORT,15706.5,15709.25,15703.75,2.75,STOP,-1.0,-1.2581818181818183,-69.2,2023-07-24,2023
2023-07-26 12:15:00-04:00,2023-07-26 12:21:00-04:00,SHORT,15589.75,15599.0,15580.5,9.25,TARGET,1.0,0.9232432432432433,170.8,2023-07-25,2023
2023-07-26 13:25:00-04:00,2023-07-26 13:50:00-04:00,LONG,15554.25,15543.0,15565.5,11.25,TARGET,1.0,0.9368888888888889,210.8,2023-07-25,2023
2023-07-28 12:55:00-04:00,2023-07-28 12:55:00-04:00,SHORT,15877.5,15881.0,15874.0,3.5,TARGET,1.0,0.7971428571428572,55.8,2023-07-27,2023
2023-07-31 12:40:00-04:00,2023-07-31 12:41:00-04:00,LONG,15852.0,15840.0,15864.0,12.0,STOP,-1.0,-1.0591666666666666,-254.2,2023-07-30,2023
2023-07-31 14:30:00-04:00,2023-07-31 14:49:00-04:00,LONG,15829.25,15820.25,15838.25,9.0,TARGET,1.0,0.9211111111111111,165.8,2023-07-30,2023
2023-08-01 13:30:00-04:00,2023-08-01 13:30:00-04:00,LONG,15819.5,15815.75,15823.25,3.75,STOP,-1.0,-1.1893333333333334,-89.2,2023-07-31,2023
2023-08-01 14:30:00-04:00,2023-08-01 14:38:00-04:00,LONG,15832.0,15824.0,15840.0,8.0,TARGET,1.0,0.91125,145.8,2023-07-31,2023
2023-08-02 14:55:00-04:00,2023-08-02 14:55:00-04:00,SHORT,15495.0,15498.75,15491.25,3.75,TARGET,1.0,0.8106666666666666,60.8,2023-08-01,2023
2023-08-03 12:30:00-04:00,2023-08-03 12:36:00-04:00,SHORT,15474.0,15483.0,15465.0,9.0,STOP,-1.0,-1.0788888888888888,-194.2,2023-08-02,2023
2023-08-03 13:20:00-04:00,2023-08-03 13:25:00-04:00,LONG,15498.0,15486.5,15509.5,11.5,TARGET,1.0,0.9382608695652174,215.79999999999998,2023-08-02,2023
2023-08-04 12:25:00-04:00,2023-08-04 12:25:00-04:00,SHORT,15571.5,15573.0,15570.0,1.5,STOP,-1.0,-1.4733333333333334,-44.2,2023-08-03,2023
2023-08-07 12:20:00-04:00,2023-08-07 12:20:00-04:00,LONG,15409.25,15403.25,15415.25,6.0,STOP,-1.0,-1.1183333333333334,-134.20000000000002,2023-08-06,2023
2023-08-07 13:45:00-04:00,2023-08-07 13:46:00-04:00,SHORT,15427.5,15438.75,15416.25,11.25,TARGET,1.0,0.9368888888888889,210.8,2023-08-06,2023
2023-08-08 15:20:00-04:00,2023-08-08 15:21:00-04:00,LONG,15322.5,15317.25,15327.75,5.25,TARGET,1.0,0.8647619047619047,90.8,2023-08-07,2023
2023-08-09 12:50:00-04:00,2023-08-09 12:50:00-04:00,SHORT,15215.0,15219.25,15210.75,4.25,TARGET,1.0,0.8329411764705883,70.80000000000001,2023-08-08,2023
2023-08-09 13:35:00-04:00,2023-08-09 13:39:00-04:00,SHORT,15251.5,15259.75,15243.25,8.25,STOP,-1.0,-1.086060606060606,-179.2,2023-08-08,2023
2023-08-11 12:55:00-04:00,2023-08-11 13:00:00-04:00,LONG,15060.25,15051.0,15069.5,9.25,TARGET,1.0,0.9232432432432433,170.8,2023-08-10,2023
2023-08-11 14:25:00-04:00,2023-08-11 14:25:00-04:00,SHORT,15109.0,15113.75,15104.25,4.75,STOP,-1.0,-1.1494736842105264,-109.20000000000002,2023-08-10,2023
2023-08-14 13:20:00-04:00,2023-08-14 13:20:00-04:00,SHORT,15233.25,15236.75,15229.75,3.5,STOP,-1.0,-1.2028571428571428,-84.2,2023-08-13,2023
2023-08-14 15:40:00-04:00,2023-08-14 15:40:00-04:00,SHORT,15234.5,15239.75,15229.25,5.25,STOP,-1.0,-1.1352380952380952,-119.19999999999999,2023-08-13,2023
2023-08-15 12:40:00-04:00,2023-08-15 12:44:00-04:00,LONG,15175.25,15166.25,15184.25,9.0,STOP,-1.0,-1.0788888888888888,-194.2,2023-08-14,2023
2023-08-15 14:05:00-04:00,2023-08-15 14:06:00-04:00,SHORT,15151.25,15160.75,15141.75,9.5,STOP,-1.0,-1.0747368421052632,-204.20000000000002,2023-08-14,2023
2023-08-16 13:40:00-04:00,2023-08-16 13:40:00-04:00,SHORT,15019.75,15023.0,15016.5,3.25,STOP,-1.0,-1.2184615384615385,-79.2,2023-08-15,2023
2023-08-17 14:05:00-04:00,2023-08-17 14:05:00-04:00,LONG,14863.5,14861.5,14865.5,2.0,STOP,-1.0,-1.355,-54.2,2023-08-16,2023
2023-08-18 14:55:00-04:00,2023-08-18 14:56:00-04:00,LONG,14754.25,14745.75,14762.75,8.5,TARGET,1.0,0.9164705882352941,155.8,2023-08-17,2023
2023-08-21 14:00:00-04:00,2023-08-21 14:07:00-04:00,LONG,14944.75,14934.75,14954.75,10.0,TARGET,1.0,0.929,185.8,2023-08-20,2023
2023-08-21 15:05:00-04:00,2023-08-21 15:05:00-04:00,SHORT,14991.0,14996.75,14985.25,5.75,STOP,-1.0,-1.1234782608695653,-129.20000000000002,2023-08-20,2023
2023-08-22 13:50:00-04:00,2023-08-22 13:53:00-04:00,LONG,14944.75,14936.5,14953.0,8.25,STOP,-1.0,-1.086060606060606,-179.2,2023-08-21,2023
2023-08-22 15:55:00-04:00,2023-08-22 15:55:00-04:00,SHORT,14951.5,14959.25,14943.75,7.75,STOP,-1.0,-1.0916129032258064,-169.2,2023-08-21,2023
2023-08-23 15:35:00-04:00,2023-08-23 15:42:00-04:00,LONG,15221.5,15214.75,15228.25,6.75,TARGET,1.0,0.8948148148148148,120.8,2023-08-22,2023
2023-08-24 13:20:00-04:00,2023-08-24 13:25:00-04:00,LONG,14984.75,14977.5,14992.0,7.25,STOP,-1.0,-1.0979310344827586,-159.2,2023-08-23,2023
2023-08-24 14:00:00-04:00,2023-08-24 14:00:00-04:00,LONG,14975.25,14963.75,14986.75,11.5,TARGET,1.0,0.9382608695652174,215.79999999999998,2023-08-23,2023
2023-08-25 14:05:00-04:00,2023-08-25 14:05:00-04:00,SHORT,14882.5,14890.0,14875.0,7.5,STOP,-1.0,-1.0946666666666667,-164.2,2023-08-24,2023
2023-08-28 12:25:00-04:00,2023-08-28 12:25:00-04:00,LONG,15002.5,14993.0,15012.0,9.5,STOP,-1.0,-1.0747368421052632,-204.20000000000002,2023-08-27,2023
2023-08-28 14:20:00-04:00,2023-08-28 14:20:00-04:00,LONG,15008.5,15005.0,15012.0,3.5,TARGET,1.0,0.7971428571428572,55.8,2023-08-27,2023
2023-08-29 14:30:00-04:00,2023-08-29 14:37:00-04:00,SHORT,15396.0,15404.25,15387.75,8.25,STOP,-1.0,-1.086060606060606,-179.2,2023-08-28,2023
2023-08-29 15:45:00-04:00,2023-08-29 15:45:00-04:00,SHORT,15427.25,15431.0,15423.5,3.75,TARGET,1.0,0.8106666666666666,60.8,2023-08-28,2023
2023-08-30 13:15:00-04:00,2023-08-30 13:15:00-04:00,SHORT,15508.0,15514.25,15501.75,6.25,TARGET,1.0,0.8864,110.8,2023-08-29,2023
2023-08-30 15:20:00-04:00,2023-08-30 15:21:00-04:00,LONG,15505.75,15498.25,15513.25,7.5,STOP,-1.0,-1.0946666666666667,-164.2,2023-08-29,2023
2023-08-31 12:45:00-04:00,2023-08-31 12:45:00-04:00,LONG,15524.0,15520.0,15528.0,4.0,STOP,-1.0,-1.1775,-94.2,2023-08-30,2023
2023-08-31 13:35:00-04:00,2023-08-31 13:38:00-04:00,SHORT,15569.25,15576.5,15562.0,7.25,TARGET,1.0,0.9020689655172414,130.8,2023-08-30,2023
2023-09-01 13:35:00-04:00,2023-09-01 13:38:00-04:00,LONG,15496.75,15488.0,15505.5,8.75,TARGET,1.0,0.9188571428571428,160.79999999999998,2023-08-31,2023
2023-09-01 14:45:00-04:00,2023-09-01 14:45:00-04:00,SHORT,15475.5,15484.0,15467.0,8.5,STOP,-1.0,-1.0835294117647059,-184.2,2023-08-31,2023
2023-09-04 12:00:00-04:00,2023-09-04 12:02:00-04:00,SHORT,15522.0,15528.25,15515.75,6.25,STOP,-1.0,-1.1136,-139.2,2023-09-03,2023
2023-09-05 12:50:00-04:00,2023-09-05 12:50:00-04:00,SHORT,15557.5,15564.0,15551.0,6.5,TARGET,1.0,0.8907692307692308,115.8,2023-09-04,2023
2023-09-05 13:35:00-04:00,2023-09-05 13:36:00-04:00,LONG,15529.75,15523.0,15536.5,6.75,TARGET,1.0,0.8948148148148148,120.8,2023-09-04,2023
2023-09-06 13:05:00-04:00,2023-09-06 13:06:00-04:00,LONG,15319.75,15310.0,15329.5,9.75,TARGET,1.0,0.9271794871794872,180.8,2023-09-05,2023
2023-09-06 13:45:00-04:00,2023-09-06 13:45:00-04:00,SHORT,15360.5,15365.5,15355.5,5.0,TARGET,1.0,0.858,85.8,2023-09-05,2023
2023-09-07 12:45:00-04:00,2023-09-07 12:47:00-04:00,LONG,15257.75,15252.75,15262.75,5.0,TARGET,1.0,0.858,85.8,2023-09-06,2023
2023-09-07 14:15:00-04:00,2023-09-07 14:20:00-04:00,LONG,15280.75,15273.0,15288.5,7.75,STOP,-1.0,-1.0916129032258064,-169.2,2023-09-06,2023
2023-09-08 13:15:00-04:00,2023-09-08 13:18:00-04:00,LONG,15312.0,15300.5,15323.5,11.5,TARGET,1.0,0.9382608695652174,215.79999999999998,2023-09-07,2023
2023-09-08 15:50:00-04:00,2023-09-08 15:51:00-04:00,SHORT,15275.0,15282.0,15268.0,7.0,STOP,-1.0,-1.1014285714285714,-154.2,2023-09-07,2023
2023-09-11 12:55:00-04:00,2023-09-11 12:58:00-04:00,SHORT,15589.5,15595.75,15583.25,6.25,STOP,-1.0,-1.1136,-139.2,2023-09-10,2023
2023-09-11 14:25:00-04:00,2023-09-11 14:25:00-04:00,SHORT,15674.25,15678.5,15670.0,4.25,STOP,-1.0,-1.1670588235294117,-99.19999999999999,2023-09-10,2023
2023-09-12 11:55:00-04:00,2023-09-12 11:55:00-04:00,SHORT,15560.25,15567.0,15553.5,6.75,TARGET,1.0,0.8948148148148148,120.8,2023-09-11,2023
2023-09-12 14:20:00-04:00,2023-09-12 14:21:00-04:00,LONG,15532.75,15523.0,15542.5,9.75,STOP,-1.0,-1.0728205128205128,-209.2,2023-09-11,2023
2023-09-13 11:25:00-04:00,2023-09-13 11:25:00-04:00,SHORT,15589.75,15592.5,15587.0,2.75,STOP,-1.0,-1.2581818181818183,-69.2,2023-09-12,2023
2023-09-13 12:25:00-04:00,2023-09-13 12:25:00-04:00,SHORT,15582.75,15590.75,15574.75,8.0,STOP,-1.0,-1.08875,-174.20000000000002,2023-09-12,2023
2023-09-14 13:20:00-04:00,2023-09-14 13:21:00-04:00,LONG,15693.25,15685.0,15701.5,8.25,TARGET,1.0,0.9139393939393939,150.8,2023-09-13,2023
2023-09-15 14:05:00-04:00,2023-09-15 14:09:00-04:00,LONG,15388.5,15380.75,15396.25,7.75,STOP,-1.0,-1.0916129032258064,-169.2,2023-09-14,2023
2023-09-18 11:55:00-04:00,2023-09-18 11:55:00-04:00,SHORT,15447.0,15449.5,15444.5,2.5,STOP,-1.0,-1.284,-64.2,2023-09-17,2023
2023-09-18 13:50:00-04:00,2023-09-18 13:54:00-04:00,LONG,15443.25,15435.5,15451.0,7.75,STOP,-1.0,-1.0916129032258064,-169.2,2023-09-17,2023
2023-09-19 12:35:00-04:00,2023-09-19 12:35:00-04:00,LONG,15280.25,15277.25,15283.25,3.0,STOP,-1.0,-1.2366666666666666,-74.19999999999999,2023-09-18,2023
2023-09-19 13:35:00-04:00,2023-09-19 13:39:00-04:00,SHORT,15335.75,15342.75,15328.75,7.0,STOP,-1.0,-1.1014285714285714,-154.2,2023-09-18,2023
2023-09-20 12:30:00-04:00,2023-09-20 12:30:00-04:00,SHORT,15376.5,15378.0,15375.0,1.5,STOP,-1.0,-1.4733333333333334,-44.2,2023-09-19,2023
2023-09-20 13:10:00-04:00,2023-09-20 13:12:00-04:00,LONG,15377.25,15368.25,15386.25,9.0,STOP,-1.0,-1.0788888888888888,-194.2,2023-09-19,2023
2023-09-21 12:25:00-04:00,2023-09-21 12:26:00-04:00,SHORT,14942.75,14951.0,14934.5,8.25,TARGET,1.0,0.9139393939393939,150.8,2023-09-20,2023
2023-09-21 13:45:00-04:00,2023-09-21 13:51:00-04:00,LONG,14983.0,14974.0,14992.0,9.0,TARGET,1.0,0.9211111111111111,165.8,2023-09-20,2023
2023-09-22 12:40:00-04:00,2023-09-22 12:40:00-04:00,SHORT,15013.75,15016.25,15011.25,2.5,STOP,-1.0,-1.284,-64.2,2023-09-21,2023
2023-09-22 14:10:00-04:00,2023-09-22 14:10:00-04:00,LONG,14911.5,14905.0,14918.0,6.5,STOP,-1.0,-1.1092307692307692,-144.2,2023-09-21,2023
2023-09-25 11:45:00-04:00,2023-09-25 11:46:00-04:00,SHORT,14914.5,14923.5,14905.5,9.0,TARGET,1.0,0.9211111111111111,165.8,2023-09-24,2023
2023-09-25 14:20:00-04:00,2023-09-25 14:22:00-04:00,LONG,14900.5,14890.0,14911.0,10.5,STOP,-1.0,-1.0676190476190477,-224.20000000000002,2023-09-24,2023
2023-09-26 12:55:00-04:00,2023-09-26 12:59:00-04:00,SHORT,14773.25,14782.5,14764.0,9.25,TARGET,1.0,0.9232432432432433,170.8,2023-09-25,2023
2023-09-26 14:35:00-04:00,2023-09-26 14:39:00-04:00,LONG,14711.25,14701.75,14720.75,9.5,STOP,-1.0,-1.0747368421052632,-204.20000000000002,2023-09-25,2023
2023-09-27 12:25:00-04:00,2023-09-27 12:25:00-04:00,LONG,14647.0,14642.75,14651.25,4.25,TARGET,1.0,0.8329411764705883,70.80000000000001,2023-09-26,2023
2023-09-28 11:10:00-04:00,2023-09-28 11:11:00-04:00,SHORT,14783.25,14792.0,14774.5,8.75,TARGET,1.0,0.9188571428571428,160.79999999999998,2023-09-27,2023
2023-09-28 12:25:00-04:00,2023-09-28 12:26:00-04:00,SHORT,14911.5,14923.5,14899.5,12.0,STOP,-1.0,-1.0591666666666666,-254.2,2023-09-27,2023
2023-09-29 15:45:00-04:00,2023-09-29 15:45:00-04:00,LONG,14858.5,14854.25,14862.75,4.25,TARGET,1.0,0.8329411764705883,70.80000000000001,2023-09-28,2023
2023-10-02 13:10:00-04:00,2023-10-02 13:11:00-04:00,LONG,14888.25,14877.5,14899.0,10.75,STOP,-1.0,-1.066046511627907,-229.2,2023-10-01,2023
2023-10-02 13:50:00-04:00,2023-10-02 13:52:00-04:00,SHORT,14914.0,14925.25,14902.75,11.25,STOP,-1.0,-1.0631111111111111,-239.2,2023-10-01,2023
2023-10-03 13:55:00-04:00,2023-10-03 13:56:00-04:00,LONG,14702.5,14692.75,14712.25,9.75,STOP,-1.0,-1.0728205128205128,-209.2,2023-10-02,2023
2023-10-03 15:00:00-04:00,2023-10-03 15:00:00-04:00,LONG,14698.5,14691.25,14705.75,7.25,STOP,-1.0,-1.0979310344827586,-159.2,2023-10-02,2023
2023-10-04 12:55:00-04:00,2023-10-04 12:57:00-04:00,SHORT,14882.5,14894.0,14871.0,11.5,TARGET,1.0,0.9382608695652174,215.79999999999998,2023-10-03,2023
2023-10-04 15:00:00-04:00,2023-10-04 15:00:00-04:00,SHORT,14870.75,14876.25,14865.25,5.5,STOP,-1.0,-1.1290909090909091,-124.2,2023-10-03,2023
2023-10-05 15:10:00-04:00,2023-10-05 15:10:00-04:00,LONG,14883.75,14880.75,14886.75,3.0,TARGET,1.0,0.7633333333333333,45.8,2023-10-04,2023
2023-10-05 15:50:00-04:00,2023-10-05 15:50:00-04:00,SHORT,14880.5,14888.75,14872.25,8.25,TARGET,1.0,0.9139393939393939,150.8,2023-10-04,2023
2023-10-06 12:40:00-04:00,2023-10-06 12:40:00-04:00,LONG,15030.75,15018.75,15042.75,12.0,TARGET,1.0,0.9408333333333333,225.79999999999998,2023-10-05,2023
2023-10-06 13:35:00-04:00,2023-10-06 13:35:00-04:00,SHORT,15097.25,15098.75,15095.75,1.5,TARGET,1.0,0.5266666666666666,15.799999999999999,2023-10-05,2023
2023-10-09 13:05:00-04:00,2023-10-09 13:10:00-04:00,SHORT,15068.5,15078.0,15059.0,9.5,STOP,-1.0,-1.0747368421052632,-204.20000000000002,2023-10-08,2023
2023-10-09 15:40:00-04:00,2023-10-09 15:40:00-04:00,LONG,15181.25,15176.25,15186.25,5.0,TARGET,1.0,0.858,85.8,2023-10-08,2023
2023-10-10 12:00:00-04:00,2023-10-10 12:21:00-04:00,SHORT,15372.5,15384.0,15361.0,11.5,TARGET,1.0,0.9382608695652174,215.79999999999998,2023-10-09,2023
2023-10-10 12:55:00-04:00,2023-10-10 12:55:00-04:00,SHORT,15368.5,15375.5,15361.5,7.0,TARGET,1.0,0.8985714285714286,125.8,2023-10-09,2023
2023-10-11 15:00:00-04:00,2023-10-11 15:02:00-04:00,SHORT,15325.25,15336.5,15314.0,11.25,STOP,-1.0,-1.0631111111111111,-239.2,2023-10-10,2023
2023-10-12 13:55:00-04:00,2023-10-12 13:55:00-04:00,LONG,15289.75,15282.75,15296.75,7.0,TARGET,1.0,0.8985714285714286,125.8,2023-10-11,2023
2023-10-12 15:15:00-04:00,2023-10-12 15:15:00-04:00,SHORT,15300.0,15304.75,15295.25,4.75,TARGET,1.0,0.8505263157894737,80.8,2023-10-11,2023
2023-10-13 14:05:00-04:00,2023-10-13 14:05:00-04:00,LONG,15109.5,15103.0,15116.0,6.5,TARGET,1.0,0.8907692307692308,115.8,2023-10-12,2023
2023-10-13 15:00:00-04:00,2023-10-13 15:00:00-04:00,SHORT,15130.75,15138.0,15123.5,7.25,TARGET,1.0,0.9020689655172414,130.8,2023-10-12,2023
2023-10-16 12:55:00-04:00,2023-10-16 12:56:00-04:00,SHORT,15279.25,15287.0,15271.5,7.75,TARGET,1.0,0.9083870967741936,140.8,2023-10-15,2023
2023-10-16 15:10:00-04:00,2023-10-16 15:12:00-04:00,SHORT,15317.5,15323.25,15311.75,5.75,STOP,-1.0,-1.1234782608695653,-129.20000000000002,2023-10-15,2023
2023-10-17 13:30:00-04:00,2023-10-17 13:30:00-04:00,LONG,15258.75,15255.0,15262.5,3.75,STOP,-1.0,-1.1893333333333334,-89.2,2023-10-16,2023
2023-10-17 14:15:00-04:00,2023-10-17 14:15:00-04:00,SHORT,15215.75,15225.5,15206.0,9.75,STOP,-1.0,-1.0728205128205128,-209.2,2023-10-16,2023
2023-10-18 15:30:00-04:00,2023-10-18 15:30:00-04:00,LONG,15027.5,15021.5,15033.5,6.0,TARGET,1.0,0.8816666666666667,105.80000000000001,2023-10-17,2023
2023-10-19 14:25:00-04:00,2023-10-19 14:25:00-04:00,LONG,14985.0,14976.5,14993.5,8.5,TARGET,1.0,0.9164705882352941,155.8,2023-10-18,2023
2023-10-19 15:25:00-04:00,2023-10-19 15:27:00-04:00,LONG,14894.75,14882.75,14906.75,12.0,STOP,-1.0,-1.0591666666666666,-254.2,2023-10-18,2023
2023-10-23 12:55:00-04:00,2023-10-23 12:55:00-04:00,SHORT,14796.5,14800.0,14793.0,3.5,STOP,-1.0,-1.2028571428571428,-84.2,2023-10-22,2023
2023-10-24 13:55:00-04:00,2023-10-24 13:56:00-04:00,SHORT,14775.25,14785.75,14764.75,10.5,TARGET,1.0,0.9323809523809524,195.8,2023-10-23,2023
2023-10-24 14:50:00-04:00,2023-10-24 14:50:00-04:00,SHORT,14832.25,14835.0,14829.5,2.75,TARGET,1.0,0.7418181818181818,40.8,2023-10-23,2023
2023-10-25 12:25:00-04:00,2023-10-25 12:25:00-04:00,SHORT,14584.0,14589.5,14578.5,5.5,TARGET,1.0,0.8709090909090909,95.8,2023-10-24,2023
2023-10-25 14:20:00-04:00,2023-10-25 14:21:00-04:00,SHORT,14495.75,14505.5,14486.0,9.75,STOP,-1.0,-1.0728205128205128,-209.2,2023-10-24,2023
2023-10-27 12:10:00-04:00,2023-10-27 12:10:00-04:00,SHORT,14376.75,14385.5,14368.0,8.75,TARGET,1.0,0.9188571428571428,160.79999999999998,2023-10-26,2023
2023-10-27 15:30:00-04:00,2023-10-27 15:30:00-04:00,SHORT,14256.5,14261.75,14251.25,5.25,STOP,-1.0,-1.1352380952380952,-119.19999999999999,2023-10-26,2023
2023-10-30 14:35:00-04:00,2023-10-30 14:35:00-04:00,SHORT,14419.75,14423.25,14416.25,3.5,STOP,-1.0,-1.2028571428571428,-84.2,2023-10-29,2023
2023-10-30 15:50:00-04:00,2023-10-30 15:50:00-04:00,LONG,14435.5,14428.75,14442.25,6.75,STOP,-1.0,-1.1051851851851853,-149.20000000000002,2023-10-29,2023
2023-10-31 13:00:00-04:00,2023-10-31 13:01:00-04:00,SHORT,14436.25,14441.25,14431.25,5.0,STOP,-1.0,-1.142,-114.19999999999999,2023-10-30,2023
2023-10-31 14:05:00-04:00,2023-10-31 14:09:00-04:00,SHORT,14479.5,14488.25,14470.75,8.75,TARGET,1.0,0.9188571428571428,160.79999999999998,2023-10-30,2023
2023-11-01 12:35:00-04:00,2023-11-01 12:36:00-04:00,SHORT,14602.0,14613.25,14590.75,11.25,TARGET,1.0,0.9368888888888889,210.8,2023-10-31,2023
2023-11-02 12:15:00-04:00,2023-11-02 12:17:00-04:00,SHORT,14941.5,14947.25,14935.75,5.75,TARGET,1.0,0.8765217391304347,100.8,2023-11-01,2023
2023-11-02 13:05:00-04:00,2023-11-02 13:08:00-04:00,LONG,14952.0,14942.5,14961.5,9.5,TARGET,1.0,0.9252631578947368,175.79999999999998,2023-11-01,2023
2023-11-03 12:55:00-04:00,2023-11-03 12:55:00-04:00,LONG,15182.0,15178.25,15185.75,3.75,TARGET,1.0,0.8106666666666666,60.8,2023-11-02,2023
2023-11-03 14:55:00-04:00,2023-11-03 14:55:00-04:00,SHORT,15215.5,15217.75,15213.25,2.25,STOP,-1.0,-1.3155555555555556,-59.2,2023-11-02,2023
2023-11-06 15:05:00-05:00,2023-11-06 15:05:00-05:00,SHORT,15207.0,15211.25,15202.75,4.25,TARGET,1.0,0.8329411764705883,70.80000000000001,2023-11-05,2023
2023-11-06 15:45:00-05:00,2023-11-06 15:51:00-05:00,LONG,15202.25,15194.0,15210.5,8.25,TARGET,1.0,0.9139393939393939,150.8,2023-11-05,2023
2023-11-07 13:45:00-05:00,2023-11-07 13:45:00-05:00,LONG,15394.5,15389.75,15399.25,4.75,TARGET,1.0,0.8505263157894737,80.8,2023-11-06,2023
2023-11-07 14:25:00-05:00,2023-11-07 14:25:00-05:00,SHORT,15406.0,15409.75,15402.25,3.75,TARGET,1.0,0.8106666666666666,60.8,2023-11-06,2023
2023-11-08 13:00:00-05:00,2023-11-08 13:02:00-05:00,LONG,15329.5,15320.75,15338.25,8.75,STOP,-1.0,-1.0811428571428572,-189.20000000000002,2023-11-07,2023
2023-11-08 13:50:00-05:00,2023-11-08 13:53:00-05:00,SHORT,15361.5,15367.5,15355.5,6.0,TARGET,1.0,0.8816666666666667,105.80000000000001,2023-11-07,2023
2023-11-09 15:50:00-05:00,2023-11-09 15:50:00-05:00,LONG,15242.25,15237.75,15246.75,4.5,TARGET,1.0,0.8422222222222222,75.8,2023-11-08,2023
2023-11-10 14:00:00-05:00,2023-11-10 14:01:00-05:00,LONG,15558.25,15551.75,15564.75,6.5,STOP,-1.0,-1.1092307692307692,-144.2,2023-11-09,2023
2023-11-10 14:45:00-05:00,2023-11-10 14:51:00-05:00,SHORT,15572.5,15579.25,15565.75,6.75,STOP,-1.0,-1.1051851851851853,-149.20000000000002,2023-11-09,2023
2023-11-13 13:15:00-05:00,2023-11-13 13:15:00-05:00,SHORT,15556.0,15560.25,15551.75,4.25,STOP,-1.0,-1.1670588235294117,-99.19999999999999,2023-11-12,2023
2023-11-13 14:45:00-05:00,2023-11-13 14:46:00-05:00,SHORT,15584.25,15588.0,15580.5,3.75,STOP,-1.0,-1.1893333333333334,-89.2,2023-11-12,2023
2023-11-14 12:35:00-05:00,2023-11-14 12:37:00-05:00,SHORT,15849.25,15853.5,15845.0,4.25,STOP,-1.0,-1.1670588235294117,-99.19999999999999,2023-11-13,2023
2023-11-14 13:35:00-05:00,2023-11-14 13:41:00-05:00,SHORT,15880.0,15888.5,15871.5,8.5,TARGET,1.0,0.9164705882352941,155.8,2023-11-13,2023
2023-11-15 12:45:00-05:00,2023-11-15 12:47:00-05:00,LONG,15898.75,15891.5,15906.0,7.25,TARGET,1.0,0.9020689655172414,130.8,2023-11-14,2023
2023-11-15 13:55:00-05:00,2023-11-15 13:59:00-05:00,SHORT,15901.5,15908.0,15895.0,6.5,STOP,-1.0,-1.1092307692307692,-144.2,2023-11-14,2023
2023-11-16 12:35:00-05:00,2023-11-16 12:37:00-05:00,SHORT,15874.5,15881.0,15868.0,6.5,STOP,-1.0,-1.1092307692307692,-144.2,2023-11-15,2023
2023-11-16 14:30:00-05:00,2023-11-16 14:31:00-05:00,LONG,15855.0,15849.0,15861.0,6.0,TARGET,1.0,0.8816666666666667,105.80000000000001,2023-11-15,2023
2023-11-17 13:40:00-05:00,2023-11-17 13:44:00-05:00,SHORT,15916.25,15921.0,15911.5,4.75,TARGET,1.0,0.8505263157894737,80.8,2023-11-16,2023
2023-11-17 15:05:00-05:00,2023-11-17 15:11:00-05:00,SHORT,15908.0,15914.75,15901.25,6.75,TARGET,1.0,0.8948148148148148,120.8,2023-11-16,2023
2023-11-20 12:10:00-05:00,2023-11-20 12:10:00-05:00,SHORT,16016.75,16021.0,16012.5,4.25,STOP,-1.0,-1.1670588235294117,-99.19999999999999,2023-11-19,2023
2023-11-20 13:45:00-05:00,2023-11-20 14:01:00-05:00,LONG,16070.0,16063.25,16076.75,6.75,TARGET,1.0,0.8948148148148148,120.8,2023-11-19,2023
2023-11-21 12:10:00-05:00,2023-11-21 12:10:00-05:00,SHORT,15962.25,15964.5,15960.0,2.25,STOP,-1.0,-1.3155555555555556,-59.2,2023-11-20,2023
2023-11-21 14:55:00-05:00,2023-11-21 14:58:00-05:00,LONG,15975.0,15965.75,15984.25,9.25,TARGET,1.0,0.9232432432432433,170.8,2023-11-20,2023
2023-11-22 13:05:00-05:00,2023-11-22 13:06:00-05:00,SHORT,16068.5,16077.75,16059.25,9.25,STOP,-1.0,-1.0767567567567569,-199.20000000000002,2023-11-21,2023
2023-11-22 14:05:00-05:00,2023-11-22 14:07:00-05:00,SHORT,16091.25,16099.5,16083.0,8.25,STOP,-1.0,-1.086060606060606,-179.2,2023-11-21,2023
2023-11-23 12:25:00-05:00,2023-11-23 12:37:00-05:00,SHORT,16063.0,16065.5,16060.5,2.5,STOP,-1.0,-1.284,-64.2,2023-11-22,2023
2023-11-24 11:30:00-05:00,2023-11-24 11:31:00-05:00,SHORT,16008.75,16013.25,16004.25,4.5,TARGET,1.0,0.8422222222222222,75.8,2023-11-23,2023
2023-11-24 12:20:00-05:00,2023-11-24 12:20:00-05:00,SHORT,16021.25,16024.0,16018.5,2.75,TARGET,1.0,0.7418181818181818,40.8,2023-11-23,2023
2023-11-27 12:25:00-05:00,2023-11-27 12:27:00-05:00,LONG,16057.75,16053.5,16062.0,4.25,STOP,-1.0,-1.1670588235294117,-99.19999999999999,2023-11-26,2023
2023-11-27 13:50:00-05:00,2023-11-27 13:50:00-05:00,LONG,16055.0,16052.0,16058.0,3.0,STOP,-1.0,-1.2366666666666666,-74.19999999999999,2023-11-26,2023
2023-11-28 13:50:00-05:00,2023-11-28 13:54:00-05:00,SHORT,16007.75,16014.75,16000.75,7.0,STOP,-1.0,-1.1014285714285714,-154.2,2023-11-27,2023
2023-11-28 14:35:00-05:00,2023-11-28 14:36:00-05:00,LONG,15996.75,15984.75,16008.75,12.0,TARGET,1.0,0.9408333333333333,225.79999999999998,2023-11-27,2023
2023-11-29 12:45:00-05:00,2023-11-29 12:52:00-05:00,SHORT,16089.25,16096.0,16082.5,6.75,STOP,-1.0,-1.1051851851851853,-149.20000000000002,2023-11-28,2023
2023-11-29 14:00:00-05:00,2023-11-29 14:02:00-05:00,LONG,16076.25,16071.0,16081.5,5.25,STOP,-1.0,-1.1352380952380952,-119.19999999999999,2023-11-28,2023
2023-11-30 12:25:00-05:00,2023-11-30 12:25:00-05:00,LONG,15878.5,15875.5,15881.5,3.0,STOP,-1.0,-1.2366666666666666,-74.19999999999999,2023-11-29,2023
2023-11-30 14:30:00-05:00,2023-11-30 14:30:00-05:00,LONG,15887.75,15886.0,15889.5,1.75,STOP,-1.0,-1.4057142857142857,-49.2,2023-11-29,2023
2023-12-01 13:10:00-05:00,2023-12-01 13:13:00-05:00,LONG,16032.75,16021.0,16044.5,11.75,STOP,-1.0,-1.0604255319148936,-249.20000000000002,2023-11-30,2023
2023-12-01 14:40:00-05:00,2023-12-01 14:40:00-05:00,SHORT,16022.25,16023.75,16020.75,1.5,STOP,-1.0,-1.4733333333333334,-44.2,2023-11-30,2023
2023-12-04 12:55:00-05:00,2023-12-04 12:57:00-05:00,SHORT,15856.5,15864.75,15848.25,8.25,STOP,-1.0,-1.086060606060606,-179.2,2023-12-03,2023
2023-12-04 14:40:00-05:00,2023-12-04 15:03:00-05:00,SHORT,15831.25,15842.75,15819.75,11.5,TARGET,1.0,0.9382608695652174,215.79999999999998,2023-12-03,2023
2023-12-05 11:50:00-05:00,2023-12-05 11:50:00-05:00,SHORT,15896.5,15905.0,15888.0,8.5,TARGET,1.0,0.9164705882352941,155.8,2023-12-04,2023
2023-12-05 13:35:00-05:00,2023-12-05 13:36:00-05:00,LONG,15874.75,15862.75,15886.75,12.0,STOP,-1.0,-1.0591666666666666,-254.2,2023-12-04,2023
2023-12-06 12:45:00-05:00,2023-12-06 12:46:00-05:00,SHORT,15905.75,15914.5,15897.0,8.75,TARGET,1.0,0.9188571428571428,160.79999999999998,2023-12-05,2023
2023-12-06 14:45:00-05:00,2023-12-06 14:52:00-05:00,SHORT,15881.25,15888.0,15874.5,6.75,TARGET,1.0,0.8948148148148148,120.8,2023-12-05,2023
2023-12-07 12:05:00-05:00,2023-12-07 12:05:00-05:00,SHORT,16021.75,16031.0,16012.5,9.25,TARGET,1.0,0.9232432432432433,170.8,2023-12-06,2023
2023-12-07 13:00:00-05:00,2023-12-07 13:03:00-05:00,SHORT,16034.0,16046.0,16022.0,12.0,STOP,-1.0,-1.0591666666666666,-254.2,2023-12-06,2023
2023-12-08 12:05:00-05:00,2023-12-08 12:08:00-05:00,LONG,16026.25,16016.0,16036.5,10.25,TARGET,1.0,0.9307317073170732,190.8,2023-12-07,2023
2023-12-08 12:45:00-05:00,2023-12-08 12:51:00-05:00,SHORT,16060.0,16065.75,16054.25,5.75,STOP,-1.0,-1.1234782608695653,-129.20000000000002,2023-12-07,2023
2023-12-11 12:55:00-05:00,2023-12-11 13:01:00-05:00,SHORT,16413.0,16417.75,16408.25,4.75,STOP,-1.0,-1.1494736842105264,-109.20000000000002,2023-12-10,2023
2023-12-11 14:15:00-05:00,2023-12-11 14:16:00-05:00,SHORT,16454.25,16460.0,16448.5,5.75,TARGET,1.0,0.8765217391304347,100.8,2023-12-10,2023
2023-12-12 11:50:00-05:00,2023-12-12 11:51:00-05:00,SHORT,16503.75,16508.5,16499.0,4.75,TARGET,1.0,0.8505263157894737,80.8,2023-12-11,2023
2023-12-12 13:25:00-05:00,2023-12-12 13:25:00-05:00,LONG,16499.75,16497.75,16501.75,2.0,STOP,-1.0,-1.355,-54.2,2023-12-11,2023
2023-12-13 12:30:00-05:00,2023-12-13 12:35:00-05:00,SHORT,16603.75,16613.0,16594.5,9.25,TARGET,1.0,0.9232432432432433,170.8,2023-12-12,2023
2023-12-13 13:40:00-05:00,2023-12-13 13:40:00-05:00,SHORT,16587.25,16589.25,16585.25,2.0,STOP,-1.0,-1.355,-54.2,2023-12-12,2023
2023-12-14 12:10:00-05:00,2023-12-14 12:11:00-05:00,SHORT,16790.5,16795.25,16785.75,4.75,TARGET,1.0,0.8505263157894737,80.8,2023-12-13,2023
2023-12-14 12:50:00-05:00,2023-12-14 12:50:00-05:00,SHORT,16809.0,16818.5,16799.5,9.5,TARGET,1.0,0.9252631578947368,175.79999999999998,2023-12-13,2023
2023-12-15 13:20:00-05:00,2023-12-15 13:22:00-05:00,SHORT,16814.5,16823.0,16806.0,8.5,STOP,-1.0,-1.0835294117647059,-184.2,2023-12-14,2023
2023-12-15 14:55:00-05:00,2023-12-15 14:55:00-05:00,LONG,16814.75,16810.5,16819.0,4.25,STOP,-1.0,-1.1670588235294117,-99.19999999999999,2023-12-14,2023
2023-12-18 11:50:00-05:00,2023-12-18 11:53:00-05:00,SHORT,16906.5,16914.5,16898.5,8.0,STOP,-1.0,-1.08875,-174.20000000000002,2023-12-17,2023
2023-12-18 12:50:00-05:00,2023-12-18 13:00:00-05:00,LONG,16927.5,16921.75,16933.25,5.75,TARGET,1.0,0.8765217391304347,100.8,2023-12-17,2023
2023-12-19 14:45:00-05:00,2023-12-19 15:05:00-05:00,LONG,16999.75,16991.0,17008.5,8.75,STOP,-1.0,-1.0811428571428572,-189.20000000000002,2023-12-18,2023
2023-12-21 12:55:00-05:00,2023-12-21 12:55:00-05:00,LONG,16835.25,16832.25,16838.25,3.0,STOP,-1.0,-1.2366666666666666,-74.19999999999999,2023-12-20,2023
2023-12-21 13:55:00-05:00,2023-12-21 13:55:00-05:00,SHORT,16873.5,16879.0,16868.0,5.5,STOP,-1.0,-1.1290909090909091,-124.2,2023-12-20,2023
2023-12-22 12:05:00-05:00,2023-12-22 12:05:00-05:00,SHORT,16994.0,16999.0,16989.0,5.0,STOP,-1.0,-1.142,-114.19999999999999,2023-12-21,2023
2023-12-22 13:05:00-05:00,2023-12-22 13:05:00-05:00,SHORT,17008.5,17011.5,17005.5,3.0,STOP,-1.0,-1.2366666666666666,-74.19999999999999,2023-12-21,2023
2023-12-26 12:05:00-05:00,2023-12-26 12:06:00-05:00,LONG,17045.25,17042.25,17048.25,3.0,STOP,-1.0,-1.2366666666666666,-74.19999999999999,2023-12-25,2023
2023-12-26 14:00:00-05:00,2023-12-26 14:03:00-05:00,LONG,17049.25,17045.25,17053.25,4.0,TARGET,1.0,0.8225,65.8,2023-12-25,2023
2023-12-27 13:55:00-05:00,2023-12-27 13:58:00-05:00,SHORT,17117.0,17123.5,17110.5,6.5,TARGET,1.0,0.8907692307692308,115.8,2023-12-26,2023
2023-12-28 14:15:00-05:00,2023-12-28 14:33:00-05:00,SHORT,17122.0,17127.5,17116.5,5.5,TARGET,1.0,0.8709090909090909,95.8,2023-12-27,2023
2024-01-02 12:10:00-05:00,2024-01-02 12:13:00-05:00,SHORT,16780.75,16788.25,16773.25,7.5,TARGET,1.0,0.9053333333333333,135.8,2024-01-01,2024
2024-01-02 14:35:00-05:00,2024-01-02 14:40:00-05:00,SHORT,16696.25,16708.0,16684.5,11.75,TARGET,1.0,0.9395744680851064,220.79999999999998,2024-01-01,2024
2024-01-03 13:30:00-05:00,2024-01-03 13:31:00-05:00,LONG,16589.0,16584.25,16593.75,4.75,STOP,-1.0,-1.1494736842105264,-109.20000000000002,2024-01-02,2024
2024-01-04 13:25:00-05:00,2024-01-04 13:26:00-05:00,SHORT,16507.75,16514.0,16501.5,6.25,STOP,-1.0,-1.1136,-139.2,2024-01-03,2024
2024-01-05 12:40:00-05:00,2024-01-05 12:41:00-05:00,SHORT,16468.0,16477.0,16459.0,9.0,STOP,-1.0,-1.0788888888888888,-194.2,2024-01-04,2024
2024-01-05 13:55:00-05:00,2024-01-05 13:59:00-05:00,SHORT,16497.25,16506.25,16488.25,9.0,TARGET,1.0,0.9211111111111111,165.8,2024-01-04,2024
2024-01-08 13:10:00-05:00,2024-01-08 13:10:00-05:00,SHORT,16714.75,16719.75,16709.75,5.0,TARGET,1.0,0.858,85.8,2024-01-07,2024
2024-01-09 12:35:00-05:00,2024-01-09 12:35:00-05:00,LONG,16817.75,16813.5,16822.0,4.25,TARGET,1.0,0.8329411764705883,70.80000000000001,2024-01-08,2024
2024-01-10 12:35:00-05:00,2024-01-10 12:37:00-05:00,SHORT,16892.75,16896.75,16888.75,4.0,STOP,-1.0,-1.1775,-94.2,2024-01-09,2024
2024-01-10 13:45:00-05:00,2024-01-10 13:50:00-05:00,SHORT,16917.0,16923.0,16911.0,6.0,STOP,-1.0,-1.1183333333333334,-134.20000000000002,2024-01-09,2024
2024-01-11 13:30:00-05:00,2024-01-11 13:38:00-05:00,SHORT,16886.0,16898.0,16874.0,12.0,STOP,-1.0,-1.0591666666666666,-254.2,2024-01-10,2024
2024-01-11 14:35:00-05:00,2024-01-11 14:40:00-05:00,SHORT,16945.5,16956.5,16934.5,11.0,STOP,-1.0,-1.0645454545454545,-234.2,2024-01-10,2024
2024-01-12 12:15:00-05:00,2024-01-12 12:16:00-05:00,SHORT,16939.75,16948.5,16931.0,8.75,STOP,-1.0,-1.0811428571428572,-189.20000000000002,2024-01-11,2024
2024-01-12 13:25:00-05:00,2024-01-12 13:40:00-05:00,SHORT,16967.0,16977.25,16956.75,10.25,STOP,-1.0,-1.069268292682927,-219.20000000000002,2024-01-11,2024
2024-01-15 11:25:00-05:00,2024-01-15 11:36:00-05:00,LONG,16969.25,16961.5,16977.0,7.75,TARGET,1.0,0.9083870967741936,140.8,2024-01-14,2024
2024-01-15 12:45:00-05:00,2024-01-15 12:48:00-05:00,LONG,16965.75,16962.25,16969.25,3.5,TARGET,1.0,0.7971428571428572,55.8,2024-01-14,2024
2024-01-16 12:30:00-05:00,2024-01-16 12:30:00-05:00,LONG,16919.0,16912.25,16925.75,6.75,STOP,-1.0,-1.1051851851851853,-149.20000000000002,2024-01-15,2024
2024-01-16 13:45:00-05:00,2024-01-16 13:45:00-05:00,LONG,16919.75,16914.5,16925.0,5.25,STOP,-1.0,-1.1352380952380952,-119.19999999999999,2024-01-15,2024
2024-01-17 11:45:00-05:00,2024-01-17 11:45:00-05:00,SHORT,16830.5,16837.5,16823.5,7.0,STOP,-1.0,-1.1014285714285714,-154.2,2024-01-16,2024
2024-01-18 14:00:00-05:00,2024-01-18 14:01:00-05:00,SHORT,17016.25,17022.75,17009.75,6.5,STOP,-1.0,-1.1092307692307692,-144.2,2024-01-17,2024
2024-01-18 15:10:00-05:00,2024-01-18 15:10:00-05:00,SHORT,17110.75,17115.0,17106.5,4.25,TARGET,1.0,0.8329411764705883,70.80000000000001,2024-01-17,2024
2024-01-19 15:50:00-05:00,2024-01-19 15:50:00-05:00,SHORT,17437.75,17442.0,17433.5,4.25,TARGET,1.0,0.8329411764705883,70.80000000000001,2024-01-18,2024
2024-01-22 13:00:00-05:00,2024-01-22 13:00:00-05:00,SHORT,17483.25,17495.25,17471.25,12.0,TARGET,1.0,0.9408333333333333,225.79999999999998,2024-01-21,2024
2024-01-22 15:05:00-05:00,2024-01-22 15:06:00-05:00,SHORT,17463.0,17472.0,17454.0,9.0,TARGET,1.0,0.9211111111111111,165.8,2024-01-21,2024
2024-01-23 13:25:00-05:00,2024-01-23 13:32:00-05:00,SHORT,17479.0,17490.25,17467.75,11.25,TARGET,1.0,0.9368888888888889,210.8,2024-01-22,2024
2024-01-23 14:10:00-05:00,2024-01-23 14:10:00-05:00,LONG,17471.75,17466.75,17476.75,5.0,TARGET,1.0,0.858,85.8,2024-01-22,2024
2024-01-24 15:00:00-05:00,2024-01-24 15:00:00-05:00,LONG,17664.5,17655.25,17673.75,9.25,STOP,-1.0,-1.0767567567567569,-199.20000000000002,2024-01-23,2024
2024-01-25 11:35:00-05:00,2024-01-25 11:42:00-05:00,SHORT,17722.0,17729.5,17714.5,7.5,TARGET,1.0,0.9053333333333333,135.8,2024-01-24,2024
2024-01-26 13:15:00-05:00,2024-01-26 13:19:00-05:00,SHORT,17531.75,17542.0,17521.5,10.25,TARGET,1.0,0.9307317073170732,190.8,2024-01-25,2024
2024-01-26 14:35:00-05:00,2024-01-26 14:35:00-05:00,LONG,17521.25,17513.75,17528.75,7.5,TARGET,1.0,0.9053333333333333,135.8,2024-01-25,2024
2024-01-29 12:15:00-05:00,2024-01-29 12:16:00-05:00,SHORT,17584.0,17589.25,17578.75,5.25,STOP,-1.0,-1.1352380952380952,-119.19999999999999,2024-01-28,2024
2024-01-29 13:35:00-05:00,2024-01-29 13:42:00-05:00,SHORT,17592.25,17601.5,17583.0,9.25,STOP,-1.0,-1.0767567567567569,-199.20000000000002,2024-01-28,2024
2024-01-30 14:55:00-05:00,2024-01-30 15:04:00-05:00,SHORT,17594.25,17602.0,17586.5,7.75,TARGET,1.0,0.9083870967741936,140.8,2024-01-29,2024
2024-01-31 11:45:00-05:00,2024-01-31 11:45:00-05:00,SHORT,17336.5,17340.75,17332.25,4.25,STOP,-1.0,-1.1670588235294117,-99.19999999999999,2024-01-30,2024
2024-01-31 12:25:00-05:00,2024-01-31 12:25:00-05:00,LONG,17350.5,17344.25,17356.75,6.25,TARGET,1.0,0.8864,110.8,2024-01-30,2024
2024-02-01 14:45:00-05:00,2024-02-01 14:45:00-05:00,SHORT,17403.0,17408.0,17398.0,5.0,STOP,-1.0,-1.142,-114.19999999999999,2024-01-31,2024
2024-02-02 12:15:00-05:00,2024-02-02 12:16:00-05:00,LONG,17698.5,17692.25,17704.75,6.25,TARGET,1.0,0.8864,110.8,2024-02-01,2024
2024-02-02 14:00:00-05:00,2024-02-02 14:00:00-05:00,SHORT,17729.0,17733.0,17725.0,4.0,STOP,-1.0,-1.1775,-94.2,2024-02-01,2024
2024-02-05 12:30:00-05:00,2024-02-05 12:30:00-05:00,SHORT,17687.5,17690.25,17684.75,2.75,STOP,-1.0,-1.2581818181818183,-69.2,2024-02-04,2024
2024-02-05 14:00:00-05:00,2024-02-05 14:00:00-05:00,SHORT,17697.25,17701.25,17693.25,4.0,TARGET,1.0,0.8225,65.8,2024-02-04,2024
2024-02-06 13:10:00-05:00,2024-02-06 13:11:00-05:00,SHORT,17608.0,17616.25,17599.75,8.25,TARGET,1.0,0.9139393939393939,150.8,2024-02-05,2024
2024-02-06 14:00:00-05:00,2024-02-06 14:00:00-05:00,SHORT,17631.0,17633.5,17628.5,2.5,TARGET,1.0,0.716,35.8,2024-02-05,2024
2024-02-07 14:00:00-05:00,2024-02-07 14:02:00-05:00,SHORT,17852.0,17859.5,17844.5,7.5,TARGET,1.0,0.9053333333333333,135.8,2024-02-06,2024
2024-02-07 15:00:00-05:00,2024-02-07 15:03:00-05:00,SHORT,17854.25,17862.0,17846.5,7.75,STOP,-1.0,-1.0916129032258064,-169.2,2024-02-06,2024
2024-02-08 11:25:00-05:00,2024-02-08 11:26:00-05:00,SHORT,17883.75,17894.75,17872.75,11.0,TARGET,1.0,0.9354545454545454,205.79999999999998,2024-02-07,2024
2024-02-08 15:25:00-05:00,2024-02-08 15:25:00-05:00,SHORT,17873.0,17875.25,17870.75,2.25,TARGET,1.0,0.6844444444444444,30.799999999999997,2024-02-07,2024
2024-02-09 13:15:00-05:00,2024-02-09 13:28:00-05:00,SHORT,18025.5,18035.25,18015.75,9.75,STOP,-1.0,-1.0728205128205128,-209.2,2024-02-08,2024
2024-02-09 13:55:00-05:00,2024-02-09 14:23:00-05:00,LONG,18036.75,18026.0,18047.5,10.75,TARGET,1.0,0.933953488372093,200.8,2024-02-08,2024
2024-02-12 13:15:00-05:00,2024-02-12 13:20:00-05:00,SHORT,18103.5,18109.75,18097.25,6.25,TARGET,1.0,0.8864,110.8,2024-02-11,2024
2024-02-12 15:45:00-05:00,2024-02-12 15:47:00-05:00,LONG,17968.25,17960.0,17976.5,8.25,TARGET,1.0,0.9139393939393939,150.8,2024-02-11,2024
2024-02-13 14:30:00-05:00,2024-02-13 14:30:00-05:00,SHORT,17613.5,17620.75,17606.25,7.25,STOP,-1.0,-1.0979310344827586,-159.2,2024-02-12,2024
2024-02-13 15:15:00-05:00,2024-02-13 15:15:00-05:00,LONG,17569.25,17563.25,17575.25,6.0,TARGET,1.0,0.8816666666666667,105.80000000000001,2024-02-12,2024
2024-02-14 12:50:00-05:00,2024-02-14 12:53:00-05:00,SHORT,17778.5,17784.0,17773.0,5.5,TARGET,1.0,0.8709090909090909,95.8,2024-02-13,2024
2024-02-14 14:25:00-05:00,2024-02-14 14:25:00-05:00,SHORT,17763.5,17770.25,17756.75,6.75,STOP,-1.0,-1.1051851851851853,-149.20000000000002,2024-02-13,2024
2024-02-15 12:40:00-05:00,2024-02-15 12:40:00-05:00,SHORT,17873.5,17877.25,17869.75,3.75,STOP,-1.0,-1.1893333333333334,-89.2,2024-02-14,2024
2024-02-15 14:10:00-05:00,2024-02-15 14:10:00-05:00,SHORT,17914.25,17925.0,17903.5,10.75,TARGET,1.0,0.933953488372093,200.8,2024-02-14,2024
2024-02-16 11:40:00-05:00,2024-02-16 11:40:00-05:00,LONG,17861.5,17852.5,17870.5,9.0,TARGET,1.0,0.9211111111111111,165.8,2024-02-15,2024
2024-02-16 13:55:00-05:00,2024-02-16 13:55:00-05:00,SHORT,17866.25,17869.5,17863.0,3.25,TARGET,1.0,0.7815384615384615,50.8,2024-02-15,2024
2024-02-19 11:40:00-05:00,2024-02-19 11:43:00-05:00,SHORT,17782.75,17787.5,17778.0,4.75,TARGET,1.0,0.8505263157894737,80.8,2024-02-18,2024
2024-02-19 12:20:00-05:00,2024-02-19 12:23:00-05:00,SHORT,17785.25,17788.5,17782.0,3.25,TARGET,1.0,0.7815384615384615,50.8,2024-02-18,2024
2024-02-20 15:30:00-05:00,2024-02-20 15:31:00-05:00,SHORT,17586.75,17593.5,17580.0,6.75,TARGET,1.0,0.8948148148148148,120.8,2024-02-19,2024
2024-02-21 12:40:00-05:00,2024-02-21 12:40:00-05:00,SHORT,17457.75,17461.0,17454.5,3.25,TARGET,1.0,0.7815384615384615,50.8,2024-02-20,2024
2024-02-21 13:55:00-05:00,2024-02-21 13:55:00-05:00,LONG,17453.25,17450.0,17456.5,3.25,STOP,-1.0,-1.2184615384615385,-79.2,2024-02-20,2024
2024-02-22 13:15:00-05:00,2024-02-22 13:15:00-05:00,LONG,18007.25,18002.0,18012.5,5.25,TARGET,1.0,0.8647619047619047,90.8,2024-02-21,2024
2024-02-22 14:20:00-05:00,2024-02-22 14:20:00-05:00,SHORT,18068.5,18075.75,18061.25,7.25,STOP,-1.0,-1.0979310344827586,-159.2,2024-02-21,2024
2024-02-23 13:15:00-05:00,2024-02-23 13:18:00-05:00,SHORT,18048.0,18053.75,18042.25,5.75,STOP,-1.0,-1.1234782608695653,-129.20000000000002,2024-02-22,2024
2024-02-23 13:55:00-05:00,2024-02-23 14:01:00-05:00,LONG,18035.0,18026.75,18043.25,8.25,STOP,-1.0,-1.086060606060606,-179.2,2024-02-22,2024
2024-02-26 14:45:00-05:00,2024-02-26 14:51:00-05:00,LONG,18021.75,18013.75,18029.75,8.0,TARGET,1.0,0.91125,145.8,2024-02-25,2024
2024-02-26 15:55:00-05:00,2024-02-26 15:58:00-05:00,LONG,17996.25,17986.0,18006.5,10.25,STOP,-1.0,-1.069268292682927,-219.20000000000002,2024-02-25,2024
2024-02-27 13:55:00-05:00,2024-02-27 13:57:00-05:00,SHORT,17954.25,17960.5,17948.0,6.25,STOP,-1.0,-1.1136,-139.2,2024-02-26,2024
2024-02-27 15:55:00-05:00,2024-02-27 16:04:00-05:00,SHORT,18017.75,18029.5,18006.0,11.75,TARGET,1.0,0.9395744680851064,220.79999999999998,2024-02-26,2024
2024-02-28 11:40:00-05:00,2024-02-28 11:46:00-05:00,SHORT,17966.0,17974.0,17958.0,8.0,STOP,-1.0,-1.08875,-174.20000000000002,2024-02-27,2024
2024-02-28 13:55:00-05:00,2024-02-28 13:59:00-05:00,LONG,17940.75,17932.5,17949.0,8.25,TARGET,1.0,0.9139393939393939,150.8,2024-02-27,2024
2024-02-29 12:25:00-05:00,2024-02-29 12:26:00-05:00,SHORT,17990.5,18001.5,17979.5,11.0,TARGET,1.0,0.9354545454545454,205.79999999999998,2024-02-28,2024
2024-02-29 14:05:00-05:00,2024-02-29 14:05:00-05:00,SHORT,18039.0,18044.25,18033.75,5.25,TARGET,1.0,0.8647619047619047,90.8,2024-02-28,2024
2024-03-01 12:40:00-05:00,2024-03-01 12:49:00-05:00,SHORT,18267.0,18277.75,18256.25,10.75,STOP,-1.0,-1.066046511627907,-229.2,2024-02-29,2024
2024-03-01 14:00:00-05:00,2024-03-01 14:00:00-05:00,SHORT,18344.75,18348.75,18340.75,4.0,STOP,-1.0,-1.1775,-94.2,2024-02-29,2024
2024-03-04 13:05:00-05:00,2024-03-04 13:08:00-05:00,SHORT,18304.5,18312.5,18296.5,8.0,TARGET,1.0,0.91125,145.8,2024-03-03,2024
2024-03-04 14:00:00-05:00,2024-03-04 14:00:00-05:00,SHORT,18302.0,18306.75,18297.25,4.75,TARGET,1.0,0.8505263157894737,80.8,2024-03-03,2024
2024-03-05 14:10:00-05:00,2024-03-05 14:12:00-05:00,SHORT,17895.75,17904.0,17887.5,8.25,STOP,-1.0,-1.086060606060606,-179.2,2024-03-04,2024
2024-03-07 13:05:00-05:00,2024-03-07 13:05:00-05:00,SHORT,18307.0,18316.75,18297.25,9.75,TARGET,1.0,0.9271794871794872,180.8,2024-03-06,2024
2024-03-07 14:10:00-05:00,2024-03-07 14:10:00-05:00,LONG,18340.25,18335.0,18345.5,5.25,TARGET,1.0,0.8647619047619047,90.8,2024-03-06,2024
2024-03-08 13:30:00-05:00,2024-03-08 13:30:00-05:00,LONG,18057.75,18053.0,18062.5,4.75,STOP,-1.0,-1.1494736842105264,-109.20000000000002,2024-03-07,2024
2024-03-11 13:00:00-04:00,2024-03-11 13:01:00-04:00,SHORT,18236.75,18245.75,18227.75,9.0,STOP,-1.0,-1.0788888888888888,-194.2,2024-03-10,2024
2024-03-11 14:20:00-04:00,2024-03-11 14:22:00-04:00,SHORT,18229.25,18240.5,18218.0,11.25,STOP,-1.0,-1.0631111111111111,-239.2,2024-03-10,2024
2024-03-12 13:45:00-04:00,2024-03-12 13:45:00-04:00,SHORT,18402.25,18406.5,18398.0,4.25,STOP,-1.0,-1.1670588235294117,-99.19999999999999,2024-03-11,2024
2024-03-12 15:15:00-04:00,2024-03-12 15:16:00-04:00,SHORT,18459.25,18468.5,18450.0,9.25,TARGET,1.0,0.9232432432432433,170.8,2024-03-11,2024
2024-03-13 12:25:00-04:00,2024-03-13 12:25:00-04:00,SHORT,18340.75,18346.0,18335.5,5.25,STOP,-1.0,-1.1352380952380952,-119.19999999999999,2024-03-12,2024
2024-03-13 14:15:00-04:00,2024-03-13 14:22:00-04:00,LONG,18376.75,18367.0,18386.5,9.75,TARGET,1.0,0.9271794871794872,180.8,2024-03-12,2024
2024-03-14 12:45:00-04:00,2024-03-14 12:45:00-04:00,LONG,18273.5,18268.75,18278.25,4.75,TARGET,1.0,0.8505263157894737,80.8,2024-03-13,2024
2024-03-15 13:45:00-04:00,2024-03-15 13:46:00-04:00,SHORT,18063.5,18074.0,18053.0,10.5,TARGET,1.0,0.9323809523809524,195.8,2024-03-14,2024
2024-03-15 14:35:00-04:00,2024-03-15 14:35:00-04:00,SHORT,18070.0,18075.5,18064.5,5.5,TARGET,1.0,0.8709090909090909,95.8,2024-03-14,2024
2024-03-18 14:05:00-04:00,2024-03-18 14:05:00-04:00,SHORT,18275.75,18280.0,18271.5,4.25,TARGET,1.0,0.8329411764705883,70.80000000000001,2024-03-17,2024
2024-03-18 15:45:00-04:00,2024-03-18 15:50:00-04:00,LONG,18276.5,18265.5,18287.5,11.0,STOP,-1.0,-1.0645454545454545,-234.2,2024-03-17,2024
2024-03-19 13:45:00-04:00,2024-03-19 13:45:00-04:00,SHORT,18263.75,18271.75,18255.75,8.0,STOP,-1.0,-1.08875,-174.20000000000002,2024-03-18,2024
2024-03-20 13:05:00-04:00,2024-03-20 13:09:00-04:00,SHORT,18284.25,18292.0,18276.5,7.75,TARGET,1.0,0.9083870967741936,140.8,2024-03-19,2024
2024-03-21 12:20:00-04:00,2024-03-21 12:27:00-04:00,SHORT,18693.5,18703.5,18683.5,10.0,STOP,-1.0,-1.071,-214.2,2024-03-20,2024
2024-03-22 15:05:00-04:00,2024-03-22 15:05:00-04:00,LONG,18585.25,18580.75,18589.75,4.5,TARGET,1.0,0.8422222222222222,75.8,2024-03-21,2024
2024-03-25 13:35:00-04:00,2024-03-25 13:35:00-04:00,SHORT,18545.0,18549.5,18540.5,4.5,TARGET,1.0,0.8422222222222222,75.8,2024-03-24,2024
2024-03-25 14:30:00-04:00,2024-03-25 14:31:00-04:00,LONG,18559.0,18553.25,18564.75,5.75,STOP,-1.0,-1.1234782608695653,-129.20000000000002,2024-03-24,2024
2024-03-26 12:45:00-04:00,2024-03-26 12:45:00-04:00,LONG,18547.5,18544.75,18550.25,2.75,STOP,-1.0,-1.2581818181818183,-69.2,2024-03-25,2024
2024-03-26 14:10:00-04:00,2024-03-26 14:12:00-04:00,SHORT,18550.0,18556.5,18543.5,6.5,TARGET,1.0,0.8907692307692308,115.8,2024-03-25,2024
2024-03-27 12:50:00-04:00,2024-03-27 12:51:00-04:00,SHORT,18447.25,18454.0,18440.5,6.75,TARGET,1.0,0.8948148148148148,120.8,2024-03-26,2024
2024-03-27 13:45:00-04:00,2024-03-27 13:49:00-04:00,LONG,18429.5,18421.25,18437.75,8.25,TARGET,1.0,0.9139393939393939,150.8,2024-03-26,2024
2024-03-28 13:00:00-04:00,2024-03-28 13:01:00-04:00,LONG,18482.25,18472.25,18492.25,10.0,STOP,-1.0,-1.071,-214.2,2024-03-27,2024
2024-03-28 15:30:00-04:00,2024-03-28 15:32:00-04:00,SHORT,18500.25,18510.0,18490.5,9.75,TARGET,1.0,0.9271794871794872,180.8,2024-03-27,2024
2024-04-01 12:40:00-04:00,2024-04-01 12:44:00-04:00,SHORT,18478.0,18487.75,18468.25,9.75,STOP,-1.0,-1.0728205128205128,-209.2,2024-03-31,2024
2024-04-01 14:40:00-04:00,2024-04-01 14:41:00-04:00,SHORT,18478.75,18483.0,18474.5,4.25,TARGET,1.0,0.8329411764705883,70.80000000000001,2024-03-31,2024
2024-04-02 12:25:00-04:00,2024-04-02 12:26:00-04:00,SHORT,18241.75,18249.25,18234.25,7.5,STOP,-1.0,-1.0946666666666667,-164.2,2024-04-01,2024
2024-04-02 13:30:00-04:00,2024-04-02 13:38:00-04:00,LONG,18280.25,18272.25,18288.25,8.0,STOP,-1.0,-1.08875,-174.20000000000002,2024-04-01,2024
2024-04-03 11:30:00-04:00,2024-04-03 11:30:00-04:00,SHORT,18442.75,18450.5,18435.0,7.75,STOP,-1.0,-1.0916129032258064,-169.2,2024-04-02,2024
2024-04-03 13:25:00-04:00,2024-04-03 13:25:00-04:00,SHORT,18417.75,18424.75,18410.75,7.0,STOP,-1.0,-1.1014285714285714,-154.2,2024-04-02,2024
2024-04-04 12:45:00-04:00,2024-04-04 12:51:00-04:00,SHORT,18556.5,18563.25,18549.75,6.75,STOP,-1.0,-1.1051851851851853,-149.20000000000002,2024-04-03,2024
2024-04-05 12:20:00-04:00,2024-04-05 12:20:00-04:00,SHORT,18370.75,18376.25,18365.25,5.5,TARGET,1.0,0.8709090909090909,95.8,2024-04-04,2024
2024-04-08 13:05:00-04:00,2024-04-08 13:10:00-04:00,SHORT,18309.25,18318.0,18300.5,8.75,TARGET,1.0,0.9188571428571428,160.79999999999998,2024-04-07,2024
2024-04-08 13:45:00-04:00,2024-04-08 13:48:00-04:00,LONG,18292.25,18280.5,18304.0,11.75,STOP,-1.0,-1.0604255319148936,-249.20000000000002,2024-04-07,2024
2024-04-09 12:35:00-04:00,2024-04-09 12:35:00-04:00,SHORT,18300.25,18303.75,18296.75,3.5,TARGET,1.0,0.7971428571428572,55.8,2024-04-08,2024
2024-04-09 14:30:00-04:00,2024-04-09 14:30:00-04:00,LONG,18259.75,18253.75,18265.75,6.0,STOP,-1.0,-1.1183333333333334,-134.20000000000002,2024-04-08,2024
2024-04-10 14:45:00-04:00,2024-04-10 14:46:00-04:00,SHORT,18170.75,18178.75,18162.75,8.0,STOP,-1.0,-1.08875,-174.20000000000002,2024-04-09,2024
2024-04-11 12:55:00-04:00,2024-04-11 12:57:00-04:00,SHORT,18316.25,18323.5,18309.0,7.25,TARGET,1.0,0.9020689655172414,130.8,2024-04-10,2024
2024-04-11 14:45:00-04:00,2024-04-11 14:45:00-04:00,SHORT,18504.5,18513.25,18495.75,8.75,TARGET,1.0,0.9188571428571428,160.79999999999998,2024-04-10,2024
2024-04-12 13:15:00-04:00,2024-04-12 13:15:00-04:00,SHORT,18168.25,18176.0,18160.5,7.75,STOP,-1.0,-1.0916129032258064,-169.2,2024-04-11,2024
2024-04-15 13:05:00-04:00,2024-04-15 13:05:00-04:00,SHORT,18110.0,18120.0,18100.0,10.0,STOP,-1.0,-1.071,-214.2,2024-04-14,2024
2024-04-16 12:40:00-04:00,2024-04-16 12:41:00-04:00,LONG,17902.0,17891.25,17912.75,10.75,TARGET,1.0,0.933953488372093,200.8,2024-04-15,2024
2024-04-16 15:25:00-04:00,2024-04-16 15:25:00-04:00,SHORT,17937.25,17943.25,17931.25,6.0,STOP,-1.0,-1.1183333333333334,-134.20000000000002,2024-04-15,2024
2024-04-18 11:55:00-04:00,2024-04-18 12:00:00-04:00,LONG,17694.25,17682.5,17706.0,11.75,TARGET,1.0,0.9395744680851064,220.79999999999998,2024-04-17,2024
2024-04-18 14:10:00-04:00,2024-04-18 14:11:00-04:00,LONG,17541.25,17531.75,17550.75,9.5,STOP,-1.0,-1.0747368421052632,-204.20000000000002,2024-04-17,2024
2024-04-19 12:40:00-04:00,2024-04-19 12:40:00-04:00,LONG,17209.0,17204.75,17213.25,4.25,STOP,-1.0,-1.1670588235294117,-99.19999999999999,2024-04-18,2024
2024-04-19 15:10:00-04:00,2024-04-19 15:12:00-04:00,SHORT,17172.0,17183.0,17161.0,11.0,STOP,-1.0,-1.0645454545454545,-234.2,2024-04-18,2024
2024-04-22 15:05:00-04:00,2024-04-22 15:06:00-04:00,SHORT,17407.25,17414.75,17399.75,7.5,TARGET,1.0,0.9053333333333333,135.8,2024-04-21,2024
2024-04-23 12:40:00-04:00,2024-04-23 12:53:00-04:00,SHORT,17606.75,17615.5,17598.0,8.75,TARGET,1.0,0.9188571428571428,160.79999999999998,2024-04-22,2024
2024-04-23 14:10:00-04:00,2024-04-23 14:12:00-04:00,SHORT,17636.0,17645.0,17627.0,9.0,TARGET,1.0,0.9211111111111111,165.8,2024-04-22,2024
2024-04-24 15:50:00-04:00,2024-04-24 15:51:00-04:00,SHORT,17678.25,17687.25,17669.25,9.0,TARGET,1.0,0.9211111111111111,165.8,2024-04-23,2024
2024-04-25 11:55:00-04:00,2024-04-25 11:55:00-04:00,SHORT,17394.0,17400.0,17388.0,6.0,STOP,-1.0,-1.1183333333333334,-134.20000000000002,2024-04-24,2024
2024-04-25 12:45:00-04:00,2024-04-25 12:46:00-04:00,SHORT,17464.75,17470.0,17459.5,5.25,STOP,-1.0,-1.1352380952380952,-119.19999999999999,2024-04-24,2024
2024-04-26 12:30:00-04:00,2024-04-26 12:30:00-04:00,SHORT,17847.25,17852.75,17841.75,5.5,TARGET,1.0,0.8709090909090909,95.8,2024-04-25,2024
2024-04-26 13:30:00-04:00,2024-04-26 13:34:00-04:00,SHORT,17890.75,17899.0,17882.5,8.25,STOP,-1.0,-1.086060606060606,-179.2,2024-04-25,2024
2024-04-29 12:35:00-04:00,2024-04-29 12:39:00-04:00,SHORT,17906.75,17914.25,17899.25,7.5,TARGET,1.0,0.9053333333333333,135.8,2024-04-28,2024
2024-04-29 13:50:00-04:00,2024-04-29 14:00:00-04:00,SHORT,17920.5,17932.0,17909.0,11.5,TARGET,1.0,0.9382608695652174,215.79999999999998,2024-04-28,2024
2024-04-30 13:00:00-04:00,2024-04-30 13:00:00-04:00,SHORT,17704.5,17713.0,17696.0,8.5,TARGET,1.0,0.9164705882352941,155.8,2024-04-29,2024
2024-04-30 13:40:00-04:00,2024-04-30 13:40:00-04:00,SHORT,17710.75,17714.0,17707.5,3.25,STOP,-1.0,-1.2184615384615385,-79.2,2024-04-29,2024
2024-05-01 12:35:00-04:00,2024-05-01 12:35:00-04:00,LONG,17445.0,17439.25,17450.75,5.75,TARGET,1.0,0.8765217391304347,100.8,2024-04-30,2024
2024-05-02 14:00:00-04:00,2024-05-02 14:00:00-04:00,SHORT,17595.5,17602.75,17588.25,7.25,TARGET,1.0,0.9020689655172414,130.8,2024-05-01,2024
2024-05-02 14:50:00-04:00,2024-05-02 14:53:00-04:00,SHORT,17652.0,17660.5,17643.5,8.5,STOP,-1.0,-1.0835294117647059,-184.2,2024-05-01,2024
2024-05-03 12:20:00-04:00,2024-05-03 12:21:00-04:00,LONG,17984.5,17978.0,17991.0,6.5,STOP,-1.0,-1.1092307692307692,-144.2,2024-05-02,2024
2024-05-03 13:10:00-04:00,2024-05-03 13:11:00-04:00,SHORT,17985.75,17993.0,17978.5,7.25,STOP,-1.0,-1.0979310344827586,-159.2,2024-05-02,2024
2024-05-06 15:20:00-04:00,2024-05-06 15:41:00-04:00,LONG,18140.5,18129.0,18152.0,11.5,TARGET,1.0,0.9382608695652174,215.79999999999998,2024-05-05,2024
2024-05-07 12:10:00-04:00,2024-05-07 12:10:00-04:00,SHORT,18259.5,18261.75,18257.25,2.25,STOP,-1.0,-1.3155555555555556,-59.2,2024-05-06,2024
2024-05-07 13:20:00-04:00,2024-05-07 13:24:00-04:00,LONG,18246.0,18234.25,18257.75,11.75,TARGET,1.0,0.9395744680851064,220.79999999999998,2024-05-06,2024
2024-05-08 12:15:00-04:00,2024-05-08 12:19:00-04:00,LONG,18176.5,18165.5,18187.5,11.0,TARGET,1.0,0.9354545454545454,205.79999999999998,2024-05-07,2024
2024-05-08 14:05:00-04:00,2024-05-08 14:05:00-04:00,SHORT,18178.5,18183.25,18173.75,4.75,TARGET,1.0,0.8505263157894737,80.8,2024-05-07,2024
2024-05-09 12:30:00-04:00,2024-05-09 12:33:00-04:00,SHORT,18196.25,18204.0,18188.5,7.75,TARGET,1.0,0.9083870967741936,140.8,2024-05-08,2024
2024-05-09 13:50:00-04:00,2024-05-09 14:00:00-04:00,SHORT,18212.0,18224.0,18200.0,12.0,TARGET,1.0,0.9408333333333333,225.79999999999998,2024-05-08,2024
2024-05-10 11:35:00-04:00,2024-05-10 11:36:00-04:00,SHORT,18233.5,18244.0,18223.0,10.5,TARGET,1.0,0.9323809523809524,195.8,2024-05-09,2024
2024-05-10 12:30:00-04:00,2024-05-10 12:36:00-04:00,SHORT,18234.75,18244.25,18225.25,9.5,TARGET,1.0,0.9252631578947368,175.79999999999998,2024-05-09,2024
2024-05-13 12:30:00-04:00,2024-05-13 12:31:00-04:00,SHORT,18302.25,18305.0,18299.5,2.75,STOP,-1.0,-1.2581818181818183,-69.2,2024-05-12,2024
2024-05-13 14:05:00-04:00,2024-05-13 14:11:00-04:00,LONG,18272.75,18267.0,18278.5,5.75,TARGET,1.0,0.8765217391304347,100.8,2024-05-12,2024
2024-05-14 12:15:00-04:00,2024-05-14 12:21:00-04:00,SHORT,18322.75,18332.0,18313.5,9.25,TARGET,1.0,0.9232432432432433,170.8,2024-05-13,2024
2024-05-14 12:55:00-04:00,2024-05-14 13:00:00-04:00,SHORT,18312.25,18318.5,18306.0,6.25,STOP,-1.0,-1.1136,-139.2,2024-05-13,2024
2024-05-15 12:00:00-04:00,2024-05-15 12:00:00-04:00,SHORT,18594.25,18605.5,18583.0,11.25,TARGET,1.0,0.9368888888888889,210.8,2024-05-14,2024
2024-05-15 12:50:00-04:00,2024-05-15 12:52:00-04:00,SHORT,18617.5,18625.0,18610.0,7.5,STOP,-1.0,-1.0946666666666667,-164.2,2024-05-14,2024
2024-05-16 13:00:00-04:00,2024-05-16 13:00:00-04:00,SHORT,18733.75,18735.5,18732.0,1.75,TARGET,1.0,0.5942857142857143,20.8,2024-05-15,2024
2024-05-16 15:00:00-04:00,2024-05-16 15:30:00-04:00,LONG,18695.5,18683.75,18707.25,11.75,STOP,-1.0,-1.0604255319148936,-249.20000000000002,2024-05-15,2024
2024-05-17 13:15:00-04:00,2024-05-17 13:16:00-04:00,LONG,18633.0,18628.0,18638.0,5.0,STOP,-1.0,-1.142,-114.19999999999999,2024-05-16,2024
2024-05-17 14:00:00-04:00,2024-05-17 14:00:00-04:00,LONG,18615.5,18612.25,18618.75,3.25,STOP,-1.0,-1.2184615384615385,-79.2,2024-05-16,2024
2024-05-20 13:15:00-04:00,2024-05-20 13:16:00-04:00,LONG,18784.5,18779.25,18789.75,5.25,TARGET,1.0,0.8647619047619047,90.8,2024-05-19,2024
2024-05-20 14:50:00-04:00,2024-05-20 15:00:00-04:00,SHORT,18757.5,18767.75,18747.25,10.25,TARGET,1.0,0.9307317073170732,190.8,2024-05-19,2024
2024-05-21 13:00:00-04:00,2024-05-21 13:01:00-04:00,LONG,18747.0,18737.75,18756.25,9.25,STOP,-1.0,-1.0767567567567569,-199.20000000000002,2024-05-20,2024
2024-05-21 14:15:00-04:00,2024-05-21 14:19:00-04:00,LONG,18771.25,18764.75,18777.75,6.5,STOP,-1.0,-1.1092307692307692,-144.2,2024-05-20,2024
2024-05-22 11:40:00-04:00,2024-05-22 11:41:00-04:00,LONG,18834.5,18827.75,18841.25,6.75,STOP,-1.0,-1.1051851851851853,-149.20000000000002,2024-05-21,2024
2024-05-24 12:30:00-04:00,2024-05-24 12:36:00-04:00,SHORT,18906.25,18916.25,18896.25,10.0,TARGET,1.0,0.929,185.8,2024-05-23,2024
2024-05-24 15:35:00-04:00,2024-05-24 15:36:00-04:00,SHORT,18868.75,18875.0,18862.5,6.25,TARGET,1.0,0.8864,110.8,2024-05-23,2024
2024-05-27 12:10:00-04:00,2024-05-27 12:13:00-04:00,LONG,18935.75,18933.0,18938.5,2.75,TARGET,1.0,0.7418181818181818,40.8,2024-05-26,2024
2024-05-28 12:00:00-04:00,2024-05-28 12:01:00-04:00,LONG,18922.5,18919.0,18926.0,3.5,TARGET,1.0,0.7971428571428572,55.8,2024-05-27,2024
2024-05-29 12:55:00-04:00,2024-05-29 12:56:00-04:00,SHORT,18870.5,18877.75,18863.25,7.25,STOP,-1.0,-1.0979310344827586,-159.2,2024-05-28,2024
2024-05-29 14:25:00-04:00,2024-05-29 14:27:00-04:00,LONG,18851.25,18844.25,18858.25,7.0,STOP,-1.0,-1.1014285714285714,-154.2,2024-05-28,2024
2024-05-30 11:55:00-04:00,2024-05-30 11:59:00-04:00,LONG,18680.75,18673.5,18688.0,7.25,STOP,-1.0,-1.0979310344827586,-159.2,2024-05-29,2024
2024-05-30 13:35:00-04:00,2024-05-30 13:42:00-04:00,SHORT,18714.25,18725.5,18703.0,11.25,STOP,-1.0,-1.0631111111111111,-239.2,2024-05-29,2024
2024-05-31 13:45:00-04:00,2024-05-31 13:45:00-04:00,LONG,18344.0,18332.0,18356.0,12.0,TARGET,1.0,0.9408333333333333,225.79999999999998,2024-05-30,2024
2024-06-03 14:10:00-04:00,2024-06-03 14:12:00-04:00,SHORT,18563.75,18573.5,18554.0,9.75,TARGET,1.0,0.9271794871794872,180.8,2024-06-02,2024
2024-06-03 15:05:00-04:00,2024-06-03 15:07:00-04:00,SHORT,18564.5,18574.25,18554.75,9.75,TARGET,1.0,0.9271794871794872,180.8,2024-06-02,2024
2024-06-04 12:00:00-04:00,2024-06-04 12:00:00-04:00,LONG,18585.75,18582.75,18588.75,3.0,STOP,-1.0,-1.2366666666666666,-74.19999999999999,2024-06-03,2024
2024-06-04 14:05:00-04:00,2024-06-04 14:05:00-04:00,SHORT,18639.5,18642.25,18636.75,2.75,TARGET,1.0,0.7418181818181818,40.8,2024-06-03,2024
2024-06-05 11:55:00-04:00,2024-06-05 12:00:00-04:00,LONG,18969.0,18960.25,18977.75,8.75,STOP,-1.0,-1.0811428571428572,-189.20000000000002,2024-06-04,2024
2024-06-05 14:10:00-04:00,2024-06-05 14:13:00-04:00,LONG,19016.5,19006.5,19026.5,10.0,STOP,-1.0,-1.071,-214.2,2024-06-04,2024
2024-06-06 11:55:00-04:00,2024-06-06 11:57:00-04:00,SHORT,19068.25,19076.5,19060.0,8.25,TARGET,1.0,0.9139393939393939,150.8,2024-06-05,2024
2024-06-06 12:55:00-04:00,2024-06-06 12:58:00-04:00,SHORT,19052.5,19059.0,19046.0,6.5,STOP,-1.0,-1.1092307692307692,-144.2,2024-06-05,2024
2024-06-07 11:55:00-04:00,2024-06-07 11:55:00-04:00,SHORT,19079.0,19081.25,19076.75,2.25,STOP,-1.0,-1.3155555555555556,-59.2,2024-06-06,2024
2024-06-11 13:00:00-04:00,2024-06-11 13:01:00-04:00,LONG,19098.75,19090.25,19107.25,8.5,STOP,-1.0,-1.0835294117647059,-184.2,2024-06-10,2024
2024-06-11 15:35:00-04:00,2024-06-11 15:39:00-04:00,LONG,19197.25,19186.75,19207.75,10.5,TARGET,1.0,0.9323809523809524,195.8,2024-06-10,2024
2024-06-12 11:50:00-04:00,2024-06-12 11:50:00-04:00,LONG,19521.0,19512.25,19529.75,8.75,STOP,-1.0,-1.0811428571428572,-189.20000000000002,2024-06-11,2024
2024-06-12 13:10:00-04:00,2024-06-12 13:10:00-04:00,SHORT,19520.25,19523.25,19517.25,3.0,TARGET,1.0,0.7633333333333333,45.8,2024-06-11,2024
2024-06-13 15:00:00-04:00,2024-06-13 15:00:00-04:00,SHORT,19599.25,19606.0,19592.5,6.75,TARGET,1.0,0.8948148148148148,120.8,2024-06-12,2024
2024-06-13 15:55:00-04:00,2024-06-13 15:55:00-04:00,SHORT,19609.0,19615.0,19603.0,6.0,STOP,-1.0,-1.1183333333333334,-134.20000000000002,2024-06-12,2024
2024-06-18 12:45:00-04:00,2024-06-18 12:51:00-04:00,SHORT,20176.0,20185.75,20166.25,9.75,STOP,-1.0,-1.0728205128205128,-209.2,2024-06-17,2024
2024-06-18 14:55:00-04:00,2024-06-18 14:57:00-04:00,SHORT,20188.25,20192.75,20183.75,4.5,STOP,-1.0,-1.1577777777777778,-104.2,2024-06-17,2024
2024-06-19 12:35:00-04:00,2024-06-19 12:47:00-04:00,SHORT,20238.5,20241.25,20235.75,2.75,TARGET,1.0,0.7418181818181818,40.8,2024-06-18,2024
2024-06-20 11:40:00-04:00,2024-06-20 11:40:00-04:00,SHORT,20198.75,20203.5,20194.0,4.75,STOP,-1.0,-1.1494736842105264,-109.20000000000002,2024-06-19,2024
2024-06-20 14:30:00-04:00,2024-06-20 14:34:00-04:00,SHORT,20068.75,20077.5,20060.0,8.75,TARGET,1.0,0.9188571428571428,160.79999999999998,2024-06-19,2024
2024-06-21 14:40:00-04:00,2024-06-21 14:45:00-04:00,LONG,19982.75,19972.5,19993.0,10.25,TARGET,1.0,0.9307317073170732,190.8,2024-06-20,2024
2024-06-21 15:25:00-04:00,2024-06-21 15:25:00-04:00,SHORT,20008.75,20011.5,20006.0,2.75,TARGET,1.0,0.7418181818181818,40.8,2024-06-20,2024
2024-06-24 12:05:00-04:00,2024-06-24 12:06:00-04:00,SHORT,19914.25,19922.25,19906.25,8.0,TARGET,1.0,0.91125,145.8,2024-06-23,2024
2024-06-24 14:30:00-04:00,2024-06-24 14:34:00-04:00,LONG,19781.75,19770.75,19792.75,11.0,STOP,-1.0,-1.0645454545454545,-234.2,2024-06-23,2024
2024-06-25 13:40:00-04:00,2024-06-25 13:40:00-04:00,SHORT,19895.0,19903.0,19887.0,8.0,STOP,-1.0,-1.08875,-174.20000000000002,2024-06-24,2024
2024-06-25 15:10:00-04:00,2024-06-25 15:16:00-04:00,SHORT,19940.5,19951.75,19929.25,11.25,STOP,-1.0,-1.0631111111111111,-239.2,2024-06-24,2024
2024-06-26 12:25:00-04:00,2024-06-26 12:26:00-04:00,LONG,19995.5,19990.75,20000.25,4.75,TARGET,1.0,0.8505263157894737,80.8,2024-06-25,2024
2024-06-26 13:15:00-04:00,2024-06-26 13:16:00-04:00,SHORT,19977.75,19985.25,19970.25,7.5,TARGET,1.0,0.9053333333333333,135.8,2024-06-25,2024
2024-06-27 12:30:00-04:00,2024-06-27 12:30:00-04:00,SHORT,20033.25,20038.75,20027.75,5.5,STOP,-1.0,-1.1290909090909091,-124.2,2024-06-26,2024
2024-06-27 13:55:00-04:00,2024-06-27 13:57:00-04:00,LONG,20050.0,20043.5,20056.5,6.5,STOP,-1.0,-1.1092307692307692,-144.2,2024-06-26,2024
2024-06-28 13:30:00-04:00,2024-06-28 13:30:00-04:00,LONG,20050.75,20045.0,20056.5,5.75,STOP,-1.0,-1.1234782608695653,-129.20000000000002,2024-06-27,2024
2024-06-28 14:55:00-04:00,2024-06-28 15:00:00-04:00,LONG,20013.25,20002.75,20023.75,10.5,STOP,-1.0,-1.0676190476190477,-224.20000000000002,2024-06-27,2024
2024-07-01 12:40:00-04:00,2024-07-01 12:40:00-04:00,SHORT,20016.75,20023.0,20010.5,6.25,TARGET,1.0,0.8864,110.8,2024-06-30,2024
2024-07-01 13:55:00-04:00,2024-07-01 13:55:00-04:00,LONG,19995.5,19991.25,19999.75,4.25,STOP,-1.0,-1.1670588235294117,-99.19999999999999,2024-06-30,2024
2024-07-02 13:35:00-04:00,2024-07-02 13:38:00-04:00,LONG,20178.75,20168.5,20189.0,10.25,STOP,-1.0,-1.069268292682927,-219.20000000000002,2024-07-01,2024
2024-07-02 14:15:00-04:00,2024-07-02 14:48:00-04:00,SHORT,20218.75,20230.5,20207.0,11.75,STOP,-1.0,-1.0604255319148936,-249.20000000000002,2024-07-01,2024
2024-07-05 13:10:00-04:00,2024-07-05 13:15:00-04:00,LONG,20586.25,20575.25,20597.25,11.0,TARGET,1.0,0.9354545454545454,205.79999999999998,2024-07-04,2024
2024-07-05 13:50:00-04:00,2024-07-05 13:51:00-04:00,SHORT,20630.5,20637.25,20623.75,6.75,STOP,-1.0,-1.1051851851851853,-149.20000000000002,2024-07-04,2024
2024-07-08 13:55:00-04:00,2024-07-08 14:01:00-04:00,LONG,20653.5,20642.0,20665.0,11.5,STOP,-1.0,-1.0617391304347825,-244.2,2024-07-07,2024
2024-07-08 14:35:00-04:00,2024-07-08 14:37:00-04:00,LONG,20638.5,20631.0,20646.0,7.5,STOP,-1.0,-1.0946666666666667,-164.2,2024-07-07,2024
2024-07-09 14:00:00-04:00,2024-07-09 14:02:00-04:00,SHORT,20660.25,20665.75,20654.75,5.5,TARGET,1.0,0.8709090909090909,95.8,2024-07-08,2024
2024-07-09 15:10:00-04:00,2024-07-09 15:14:00-04:00,SHORT,20671.25,20677.75,20664.75,6.5,STOP,-1.0,-1.1092307692307692,-144.2,2024-07-08,2024
2024-07-10 14:40:00-04:00,2024-07-10 14:41:00-04:00,SHORT,20870.75,20875.5,20866.0,4.75,TARGET,1.0,0.8505263157894737,80.8,2024-07-09,2024
2024-07-11 13:15:00-04:00,2024-07-11 13:15:00-04:00,SHORT,20464.0,20471.75,20456.25,7.75,TARGET,1.0,0.9083870967741936,140.8,2024-07-10,2024
2024-07-12 14:45:00-04:00,2024-07-12 14:55:00-04:00,SHORT,20701.75,20711.5,20692.0,9.75,TARGET,1.0,0.9271794871794872,180.8,2024-07-11,2024
2024-07-15 15:05:00-04:00,2024-07-15 15:05:00-04:00,SHORT,20615.25,20624.5,20606.0,9.25,TARGET,1.0,0.9232432432432433,170.8,2024-07-14,2024
2024-07-16 13:15:00-04:00,2024-07-16 13:15:00-04:00,LONG,20523.75,20513.5,20534.0,10.25,STOP,-1.0,-1.069268292682927,-219.20000000000002,2024-07-15,2024
2024-07-17 15:05:00-04:00,2024-07-17 15:05:00-04:00,LONG,20017.0,20010.0,20024.0,7.0,STOP,-1.0,-1.1014285714285714,-154.2,2024-07-16,2024
2024-07-18 12:30:00-04:00,2024-07-18 12:30:00-04:00,SHORT,19834.0,19845.25,19822.75,11.25,TARGET,1.0,0.9368888888888889,210.8,2024-07-17,2024
2024-07-18 15:00:00-04:00,2024-07-18 15:00:00-04:00,SHORT,19846.25,19855.5,19837.0,9.25,STOP,-1.0,-1.0767567567567569,-199.20000000000002,2024-07-17,2024
2024-07-19 13:00:00-04:00,2024-07-19 13:01:00-04:00,SHORT,19729.25,19739.0,19719.5,9.75,TARGET,1.0,0.9271794871794872,180.8,2024-07-18,2024
2024-07-19 14:45:00-04:00,2024-07-19 14:45:00-04:00,LONG,19673.5,19671.0,19676.0,2.5,TARGET,1.0,0.716,35.8,2024-07-18,2024
2024-07-22 13:50:00-04:00,2024-07-22 13:52:00-04:00,SHORT,20004.75,20016.75,19992.75,12.0,TARGET,1.0,0.9408333333333333,225.79999999999998,2024-07-21,2024
2024-07-22 14:45:00-04:00,2024-07-22 14:48:00-04:00,LONG,20022.75,20014.75,20030.75,8.0,TARGET,1.0,0.91125,145.8,2024-07-21,2024
2024-07-23 11:40:00-04:00,2024-07-23 11:40:00-04:00,LONG,20057.25,20051.75,20062.75,5.5,STOP,-1.0,-1.1290909090909091,-124.2,2024-07-22,2024
2024-07-23 13:50:00-04:00,2024-07-23 13:50:00-04:00,SHORT,19967.25,19972.5,19962.0,5.25,STOP,-1.0,-1.1352380952380952,-119.19999999999999,2024-07-22,2024
2024-07-25 13:45:00-04:00,2024-07-25 13:45:00-04:00,SHORT,19284.5,19294.0,19275.0,9.5,TARGET,1.0,0.9252631578947368,175.79999999999998,2024-07-24,2024
2024-07-26 13:05:00-04:00,2024-07-26 13:06:00-04:00,SHORT,19285.75,19291.75,19279.75,6.0,TARGET,1.0,0.8816666666666667,105.80000000000001,2024-07-25,2024
2024-07-29 15:00:00-04:00,2024-07-29 15:00:00-04:00,SHORT,19220.5,19226.5,19214.5,6.0,TARGET,1.0,0.8816666666666667,105.80000000000001,2024-07-28,2024
2024-07-29 15:45:00-04:00,2024-07-29 15:45:00-04:00,SHORT,19262.0,19266.5,19257.5,4.5,STOP,-1.0,-1.1577777777777778,-104.2,2024-07-28,2024
2024-07-30 15:40:00-04:00,2024-07-30 15:40:00-04:00,LONG,18919.25,18910.25,18928.25,9.0,TARGET,1.0,0.9211111111111111,165.8,2024-07-29,2024
2024-07-31 13:00:00-04:00,2024-07-31 13:00:00-04:00,LONG,19429.25,19424.0,19434.5,5.25,STOP,-1.0,-1.1352380952380952,-119.19999999999999,2024-07-30,2024
2024-08-02 13:25:00-04:00,2024-08-02 13:25:00-04:00,LONG,18500.75,18495.5,18506.0,5.25,TARGET,1.0,0.8647619047619047,90.8,2024-08-01,2024
2024-08-02 15:30:00-04:00,2024-08-02 15:30:00-04:00,SHORT,18552.0,18563.75,18540.25,11.75,STOP,-1.0,-1.0604255319148936,-249.20000000000002,2024-08-01,2024
2024-08-05 13:55:00-04:00,2024-08-05 13:55:00-04:00,LONG,18102.25,18092.5,18112.0,9.75,TARGET,1.0,0.9271794871794872,180.8,2024-08-04,2024
2024-08-06 11:10:00-04:00,2024-08-06 11:10:00-04:00,SHORT,18324.5,18336.0,18313.0,11.5,TARGET,1.0,0.9382608695652174,215.79999999999998,2024-08-05,2024
2024-08-06 14:55:00-04:00,2024-08-06 14:55:00-04:00,SHORT,18477.0,18483.75,18470.25,6.75,TARGET,1.0,0.8948148148148148,120.8,2024-08-05,2024
2024-08-08 14:20:00-04:00,2024-08-08 14:21:00-04:00,SHORT,18547.0,18555.75,18538.25,8.75,TARGET,1.0,0.9188571428571428,160.79999999999998,2024-08-07,2024
2024-08-09 12:30:00-04:00,2024-08-09 12:30:00-04:00,SHORT,18481.0,18492.0,18470.0,11.0,STOP,-1.0,-1.0645454545454545,-234.2,2024-08-08,2024
2024-08-09 13:50:00-04:00,2024-08-09 13:50:00-04:00,LONG,18629.75,18621.75,18637.75,8.0,STOP,-1.0,-1.08875,-174.20000000000002,2024-08-08,2024
2024-08-13 11:20:00-04:00,2024-08-13 11:21:00-04:00,SHORT,18959.25,18965.5,18953.0,6.25,STOP,-1.0,-1.1136,-139.2,2024-08-12,2024
2024-08-13 13:10:00-04:00,2024-08-13 13:12:00-04:00,SHORT,19078.75,19083.5,19074.0,4.75,TARGET,1.0,0.8505263157894737,80.8,2024-08-12,2024
2024-08-14 13:35:00-04:00,2024-08-14 13:37:00-04:00,SHORT,19087.25,19099.0,19075.5,11.75,TARGET,1.0,0.9395744680851064,220.79999999999998,2024-08-13,2024
2024-08-14 14:20:00-04:00,2024-08-14 14:20:00-04:00,SHORT,19067.75,19079.5,19056.0,11.75,STOP,-1.0,-1.0604255319148936,-249.20000000000002,2024-08-13,2024
2024-08-15 13:20:00-04:00,2024-08-15 13:26:00-04:00,SHORT,19534.25,19545.75,19522.75,11.5,STOP,-1.0,-1.0617391304347825,-244.2,2024-08-14,2024
2024-08-15 14:10:00-04:00,2024-08-15 14:13:00-04:00,SHORT,19586.0,19592.5,19579.5,6.5,TARGET,1.0,0.8907692307692308,115.8,2024-08-14,2024
2024-08-16 12:55:00-04:00,2024-08-16 12:55:00-04:00,SHORT,19636.5,19638.0,19635.0,1.5,STOP,-1.0,-1.4733333333333334,-44.2,2024-08-15,2024
2024-08-16 14:35:00-04:00,2024-08-16 14:36:00-04:00,SHORT,19615.75,19620.0,19611.5,4.25,STOP,-1.0,-1.1670588235294117,-99.19999999999999,2024-08-15,2024
2024-08-19 13:30:00-04:00,2024-08-19 13:35:00-04:00,SHORT,19693.25,19704.25,19682.25,11.0,STOP,-1.0,-1.0645454545454545,-234.2,2024-08-18,2024
2024-08-19 14:25:00-04:00,2024-08-19 14:25:00-04:00,SHORT,19732.0,19735.0,19729.0,3.0,TARGET,1.0,0.7633333333333333,45.8,2024-08-18,2024
2024-08-20 13:30:00-04:00,2024-08-20 13:31:00-04:00,SHORT,19788.0,19793.75,19782.25,5.75,TARGET,1.0,0.8765217391304347,100.8,2024-08-19,2024
2024-08-20 14:50:00-04:00,2024-08-20 14:50:00-04:00,LONG,19850.0,19844.25,19855.75,5.75,TARGET,1.0,0.8765217391304347,100.8,2024-08-19,2024
2024-08-21 12:40:00-04:00,2024-08-21 12:40:00-04:00,SHORT,19850.5,19855.5,19845.5,5.0,TARGET,1.0,0.858,85.8,2024-08-20,2024
2024-08-21 13:20:00-04:00,2024-08-21 13:20:00-04:00,LONG,19860.0,19855.5,19864.5,4.5,STOP,-1.0,-1.1577777777777778,-104.2,2024-08-20,2024
2024-08-22 15:45:00-04:00,2024-08-22 15:45:00-04:00,LONG,19563.75,19553.5,19574.0,10.25,TARGET,1.0,0.9307317073170732,190.8,2024-08-21,2024
2024-08-23 13:40:00-04:00,2024-08-23 13:40:00-04:00,SHORT,19742.5,19747.25,19737.75,4.75,TARGET,1.0,0.8505263157894737,80.8,2024-08-22,2024
2024-08-23 14:20:00-04:00,2024-08-23 14:20:00-04:00,SHORT,19753.25,19760.0,19746.5,6.75,TARGET,1.0,0.8948148148148148,120.8,2024-08-22,2024
2024-08-26 14:10:00-04:00,2024-08-26 14:14:00-04:00,LONG,19525.5,19513.5,19537.5,12.0,TARGET,1.0,0.9408333333333333,225.79999999999998,2024-08-25,2024
2024-08-26 15:00:00-04:00,2024-08-26 15:00:00-04:00,SHORT,19615.5,19621.25,19609.75,5.75,TARGET,1.0,0.8765217391304347,100.8,2024-08-25,2024
2024-08-27 11:55:00-04:00,2024-08-27 11:56:00-04:00,LONG,19590.75,19579.5,19602.0,11.25,TARGET,1.0,0.9368888888888889,210.8,2024-08-26,2024
2024-08-27 12:35:00-04:00,2024-08-27 12:38:00-04:00,SHORT,19635.0,19645.5,19624.5,10.5,TARGET,1.0,0.9323809523809524,195.8,2024-08-26,2024
2024-08-28 13:00:00-04:00,2024-08-28 13:02:00-04:00,SHORT,19452.75,19463.25,19442.25,10.5,STOP,-1.0,-1.0676190476190477,-224.20000000000002,2024-08-27,2024
2024-08-29 12:40:00-04:00,2024-08-29 12:45:00-04:00,SHORT,19677.25,19685.5,19669.0,8.25,TARGET,1.0,0.9139393939393939,150.8,2024-08-28,2024
2024-08-30 12:25:00-04:00,2024-08-30 12:25:00-04:00,LONG,19450.75,19445.0,19456.5,5.75,STOP,-1.0,-1.1234782608695653,-129.20000000000002,2024-08-29,2024
2024-08-30 13:20:00-04:00,2024-08-30 13:20:00-04:00,LONG,19462.5,19455.25,19469.75,7.25,TARGET,1.0,0.9020689655172414,130.8,2024-08-29,2024
2024-09-02 11:05:00-04:00,2024-09-02 11:05:00-04:00,LONG,19655.25,19653.25,19657.25,2.0,STOP,-1.0,-1.355,-54.2,2024-09-01,2024
2024-09-02 12:10:00-04:00,2024-09-02 12:26:00-04:00,LONG,19655.0,19648.25,19661.75,6.75,STOP,-1.0,-1.1051851851851853,-149.20000000000002,2024-09-01,2024
2024-09-03 13:10:00-04:00,2024-09-03 13:11:00-04:00,SHORT,19155.5,19166.25,19144.75,10.75,TARGET,1.0,0.933953488372093,200.8,2024-09-02,2024
2024-09-03 14:25:00-04:00,2024-09-03 14:27:00-04:00,LONG,19041.25,19030.0,19052.5,11.25,TARGET,1.0,0.9368888888888889,210.8,2024-09-02,2024
2024-09-04 13:15:00-04:00,2024-09-04 13:15:00-04:00,LONG,19036.0,19030.75,19041.25,5.25,TARGET,1.0,0.8647619047619047,90.8,2024-09-03,2024
2024-09-04 14:00:00-04:00,2024-09-04 14:00:00-04:00,LONG,19005.5,18996.0,19015.0,9.5,STOP,-1.0,-1.0747368421052632,-204.20000000000002,2024-09-03,2024
2024-09-05 14:15:00-04:00,2024-09-05 14:15:00-04:00,LONG,18993.25,18989.0,18997.5,4.25,STOP,-1.0,-1.1670588235294117,-99.19999999999999,2024-09-04,2024
2024-09-06 13:05:00-04:00,2024-09-06 13:05:00-04:00,SHORT,18470.5,18478.25,18462.75,7.75,TARGET,1.0,0.9083870967741936,140.8,2024-09-05,2024
2024-09-06 13:50:00-04:00,2024-09-06 13:53:00-04:00,LONG,18461.5,18449.5,18473.5,12.0,TARGET,1.0,0.9408333333333333,225.79999999999998,2024-09-05,2024
2024-09-09 13:05:00-04:00,2024-09-09 13:06:00-04:00,SHORT,18711.5,18719.75,18703.25,8.25,STOP,-1.0,-1.086060606060606,-179.2,2024-09-08,2024
2024-09-10 13:10:00-04:00,2024-09-10 13:10:00-04:00,SHORT,18718.25,18722.25,18714.25,4.0,STOP,-1.0,-1.1775,-94.2,2024-09-09,2024
2024-09-10 14:00:00-04:00,2024-09-10 14:00:00-04:00,SHORT,18787.25,18796.0,18778.5,8.75,STOP,-1.0,-1.0811428571428572,-189.20000000000002,2024-09-09,2024
2024-09-11 13:35:00-04:00,2024-09-11 13:36:00-04:00,SHORT,18994.5,19001.75,18987.25,7.25,STOP,-1.0,-1.0979310344827586,-159.2,2024-09-10,2024
2024-09-12 12:35:00-04:00,2024-09-12 12:36:00-04:00,SHORT,19314.0,19323.0,19305.0,9.0,TARGET,1.0,0.9211111111111111,165.8,2024-09-11,2024
2024-09-12 14:15:00-04:00,2024-09-12 14:18:00-04:00,LONG,19444.75,19437.0,19452.5,7.75,TARGET,1.0,0.9083870967741936,140.8,2024-09-11,2024
2024-09-13 12:45:00-04:00,2024-09-13 12:45:00-04:00,LONG,19492.75,19487.5,19498.0,5.25,STOP,-1.0,-1.1352380952380952,-119.19999999999999,2024-09-12,2024
2024-09-13 13:30:00-04:00,2024-09-13 13:31:00-04:00,SHORT,19563.5,19568.0,19559.0,4.5,STOP,-1.0,-1.1577777777777778,-104.2,2024-09-12,2024
2024-09-16 13:15:00-04:00,2024-09-16 13:18:00-04:00,SHORT,19612.25,19624.0,19600.5,11.75,TARGET,1.0,0.9395744680851064,220.79999999999998,2024-09-15,2024
2024-09-16 14:30:00-04:00,2024-09-16 14:31:00-04:00,SHORT,19664.25,19672.0,19656.5,7.75,TARGET,1.0,0.9083870967741936,140.8,2024-09-15,2024
2024-09-17 13:20:00-04:00,2024-09-17 13:20:00-04:00,SHORT,19654.75,19658.75,19650.75,4.0,STOP,-1.0,-1.1775,-94.2,2024-09-16,2024
2024-09-17 14:10:00-04:00,2024-09-17 14:10:00-04:00,SHORT,19672.75,19679.25,19666.25,6.5,TARGET,1.0,0.8907692307692308,115.8,2024-09-16,2024
2024-09-19 12:50:00-04:00,2024-09-19 12:51:00-04:00,SHORT,20166.25,20172.5,20160.0,6.25,STOP,-1.0,-1.1136,-139.2,2024-09-18,2024
2024-09-20 12:40:00-04:00,2024-09-20 12:46:00-04:00,SHORT,20018.5,20025.0,20012.0,6.5,STOP,-1.0,-1.1092307692307692,-144.2,2024-09-19,2024
2024-09-20 13:50:00-04:00,2024-09-20 13:51:00-04:00,LONG,20008.0,19998.75,20017.25,9.25,STOP,-1.0,-1.0767567567567569,-199.20000000000002,2024-09-19,2024
2024-09-23 14:00:00-04:00,2024-09-23 14:00:00-04:00,SHORT,20073.25,20079.0,20067.5,5.75,STOP,-1.0,-1.1234782608695653,-129.20000000000002,2024-09-22,2024
2024-09-23 14:55:00-04:00,2024-09-23 14:56:00-04:00,SHORT,20073.0,20080.75,20065.25,7.75,STOP,-1.0,-1.0916129032258064,-169.2,2024-09-22,2024
2024-09-24 12:25:00-04:00,2024-09-24 12:26:00-04:00,LONG,20187.25,20178.75,20195.75,8.5,STOP,-1.0,-1.0835294117647059,-184.2,2024-09-23,2024
2024-09-24 13:40:00-04:00,2024-09-24 13:41:00-04:00,SHORT,20183.25,20193.5,20173.0,10.25,TARGET,1.0,0.9307317073170732,190.8,2024-09-23,2024
2024-09-25 14:50:00-04:00,2024-09-25 14:50:00-04:00,SHORT,20197.5,20202.5,20192.5,5.0,TARGET,1.0,0.858,85.8,2024-09-24,2024
2024-09-25 15:40:00-04:00,2024-09-25 15:48:00-04:00,SHORT,20179.0,20188.0,20170.0,9.0,STOP,-1.0,-1.0788888888888888,-194.2,2024-09-24,2024
2024-09-26 13:10:00-04:00,2024-09-26 13:10:00-04:00,LONG,20238.0,20233.75,20242.25,4.25,TARGET,1.0,0.8329411764705883,70.80000000000001,2024-09-25,2024
2024-09-26 14:55:00-04:00,2024-09-26 14:55:00-04:00,SHORT,20340.0,20342.0,20338.0,2.0,STOP,-1.0,-1.355,-54.2,2024-09-25,2024
2024-09-27 13:00:00-04:00,2024-09-27 13:00:00-04:00,SHORT,20262.5,20267.25,20257.75,4.75,STOP,-1.0,-1.1494736842105264,-109.20000000000002,2024-09-26,2024
2024-09-27 13:50:00-04:00,2024-09-27 13:50:00-04:00,SHORT,20239.25,20247.25,20231.25,8.0,STOP,-1.0,-1.08875,-174.20000000000002,2024-09-26,2024
2024-10-01 14:55:00-04:00,2024-10-01 14:55:00-04:00,LONG,20037.0,20025.5,20048.5,11.5,TARGET,1.0,0.9382608695652174,215.79999999999998,2024-09-30,2024
2024-10-02 12:55:00-04:00,2024-10-02 12:56:00-04:00,LONG,20023.0,20013.25,20032.75,9.75,STOP,-1.0,-1.0728205128205128,-209.2,2024-10-01,2024
2024-10-02 14:50:00-04:00,2024-10-02 14:50:00-04:00,SHORT,20028.5,20033.75,20023.25,5.25,STOP,-1.0,-1.1352380952380952,-119.19999999999999,2024-10-01,2024
2024-10-03 12:25:00-04:00,2024-10-03 12:28:00-04:00,SHORT,20045.25,20052.25,20038.25,7.0,TARGET,1.0,0.8985714285714286,125.8,2024-10-02,2024
2024-10-03 14:00:00-04:00,2024-10-03 14:00:00-04:00,SHORT,19963.0,19966.0,19960.0,3.0,STOP,-1.0,-1.2366666666666666,-74.19999999999999,2024-10-02,2024
2024-10-04 12:35:00-04:00,2024-10-04 12:35:00-04:00,SHORT,20110.75,20116.5,20105.0,5.75,STOP,-1.0,-1.1234782608695653,-129.20000000000002,2024-10-03,2024
2024-10-04 14:40:00-04:00,2024-10-04 14:41:00-04:00,SHORT,20142.75,20151.75,20133.75,9.0,STOP,-1.0,-1.0788888888888888,-194.2,2024-10-03,2024
2024-10-07 14:25:00-04:00,2024-10-07 14:29:00-04:00,SHORT,20116.0,20126.0,20106.0,10.0,TARGET,1.0,0.929,185.8,2024-10-06,2024
2024-10-08 11:50:00-04:00,2024-10-08 11:50:00-04:00,SHORT,20232.75,20243.25,20222.25,10.5,STOP,-1.0,-1.0676190476190477,-224.20000000000002,2024-10-07,2024
2024-10-08 13:40:00-04:00,2024-10-08 13:45:00-04:00,SHORT,20208.5,20217.75,20199.25,9.25,TARGET,1.0,0.9232432432432433,170.8,2024-10-07,2024
2024-10-09 12:45:00-04:00,2024-10-09 12:47:00-04:00,SHORT,20416.75,20423.5,20410.0,6.75,STOP,-1.0,-1.1051851851851853,-149.20000000000002,2024-10-08,2024
2024-10-09 15:05:00-04:00,2024-10-09 15:07:00-04:00,LONG,20435.25,20423.25,20447.25,12.0,STOP,-1.0,-1.0591666666666666,-254.2,2024-10-08,2024
2024-10-10 13:45:00-04:00,2024-10-10 13:46:00-04:00,LONG,20457.75,20447.5,20468.0,10.25,STOP,-1.0,-1.069268292682927,-219.20000000000002,2024-10-09,2024
2024-10-10 14:30:00-04:00,2024-10-10 14:31:00-04:00,LONG,20406.5,20399.75,20413.25,6.75,STOP,-1.0,-1.1051851851851853,-149.20000000000002,2024-10-09,2024
2024-10-11 12:40:00-04:00,2024-10-11 12:41:00-04:00,LONG,20429.0,20420.75,20437.25,8.25,STOP,-1.0,-1.086060606060606,-179.2,2024-10-10,2024
2024-10-11 13:20:00-04:00,2024-10-11 13:20:00-04:00,LONG,20424.0,20416.75,20431.25,7.25,TARGET,1.0,0.9020689655172414,130.8,2024-10-10,2024
2024-10-14 12:40:00-04:00,2024-10-14 12:41:00-04:00,SHORT,20609.5,20613.0,20606.0,3.5,STOP,-1.0,-1.2028571428571428,-84.2,2024-10-13,2024
2024-10-14 13:30:00-04:00,2024-10-14 13:32:00-04:00,SHORT,20608.0,20614.25,20601.75,6.25,TARGET,1.0,0.8864,110.8,2024-10-13,2024
2024-10-15 14:25:00-04:00,2024-10-15 14:26:00-04:00,SHORT,20380.5,20387.0,20374.0,6.5,TARGET,1.0,0.8907692307692308,115.8,2024-10-14,2024
2024-10-16 14:15:00-04:00,2024-10-16 14:17:00-04:00,SHORT,20335.75,20342.5,20329.0,6.75,STOP,-1.0,-1.1051851851851853,-149.20000000000002,2024-10-15,2024
2024-10-16 14:55:00-04:00,2024-10-16 15:22:00-04:00,SHORT,20360.75,20372.0,20349.5,11.25,TARGET,1.0,0.9368888888888889,210.8,2024-10-15,2024
2024-10-17 13:25:00-04:00,2024-10-17 13:25:00-04:00,LONG,20473.75,20467.25,20480.25,6.5,STOP,-1.0,-1.1092307692307692,-144.2,2024-10-16,2024
2024-10-17 15:25:00-04:00,2024-10-17 15:25:00-04:00,LONG,20403.25,20395.75,20410.75,7.5,STOP,-1.0,-1.0946666666666667,-164.2,2024-10-16,2024
2024-10-18 13:50:00-04:00,2024-10-18 13:53:00-04:00,SHORT,20498.25,20505.75,20490.75,7.5,TARGET,1.0,0.9053333333333333,135.8,2024-10-17,2024
2024-10-18 14:30:00-04:00,2024-10-18 14:31:00-04:00,SHORT,20501.5,20509.25,20493.75,7.75,TARGET,1.0,0.9083870967741936,140.8,2024-10-17,2024
2024-10-21 14:00:00-04:00,2024-10-21 14:02:00-04:00,SHORT,20492.0,20497.75,20486.25,5.75,TARGET,1.0,0.8765217391304347,100.8,2024-10-20,2024
2024-10-22 11:55:00-04:00,2024-10-22 11:55:00-04:00,LONG,20477.75,20466.25,20489.25,11.5,TARGET,1.0,0.9382608695652174,215.79999999999998,2024-10-21,2024
2024-10-22 13:25:00-04:00,2024-10-22 13:26:00-04:00,SHORT,20498.75,20507.25,20490.25,8.5,STOP,-1.0,-1.0835294117647059,-184.2,2024-10-21,2024
2024-10-23 15:20:00-04:00,2024-10-23 15:20:00-04:00,SHORT,20177.25,20182.5,20172.0,5.25,TARGET,1.0,0.8647619047619047,90.8,2024-10-22,2024
2024-10-24 13:40:00-04:00,2024-10-24 13:40:00-04:00,SHORT,20369.25,20372.25,20366.25,3.0,STOP,-1.0,-1.2366666666666666,-74.19999999999999,2024-10-23,2024
2024-10-24 14:25:00-04:00,2024-10-24 14:26:00-04:00,SHORT,20373.0,20384.0,20362.0,11.0,TARGET,1.0,0.9354545454545454,205.79999999999998,2024-10-23,2024
2024-10-25 13:05:00-04:00,2024-10-25 13:13:00-04:00,LONG,20639.25,20627.25,20651.25,12.0,STOP,-1.0,-1.0591666666666666,-254.2,2024-10-24,2024
2024-10-25 15:05:00-04:00,2024-10-25 15:05:00-04:00,LONG,20532.5,20525.75,20539.25,6.75,STOP,-1.0,-1.1051851851851853,-149.20000000000002,2024-10-24,2024
2024-10-28 14:05:00-04:00,2024-10-28 14:08:00-04:00,LONG,20548.0,20536.5,20559.5,11.5,TARGET,1.0,0.9382608695652174,215.79999999999998,2024-10-27,2024
2024-10-28 15:45:00-04:00,2024-10-28 15:45:00-04:00,LONG,20520.25,20516.75,20523.75,3.5,TARGET,1.0,0.7971428571428572,55.8,2024-10-27,2024
2024-10-29 13:30:00-04:00,2024-10-29 13:34:00-04:00,LONG,20665.25,20657.0,20673.5,8.25,TARGET,1.0,0.9139393939393939,150.8,2024-10-28,2024
2024-10-29 14:10:00-04:00,2024-10-29 14:15:00-04:00,LONG,20673.0,20663.0,20683.0,10.0,STOP,-1.0,-1.071,-214.2,2024-10-28,2024
2024-10-30 12:40:00-04:00,2024-10-30 12:40:00-04:00,SHORT,20657.25,20661.0,20653.5,3.75,STOP,-1.0,-1.1893333333333334,-89.2,2024-10-29,2024
2024-10-30 14:40:00-04:00,2024-10-30 14:42:00-04:00,SHORT,20608.25,20619.0,20597.5,10.75,STOP,-1.0,-1.066046511627907,-229.2,2024-10-29,2024
2024-10-31 13:05:00-04:00,2024-10-31 13:07:00-04:00,SHORT,20103.5,20110.5,20096.5,7.0,TARGET,1.0,0.8985714285714286,125.8,2024-10-30,2024
2024-11-01 12:15:00-04:00,2024-11-01 12:15:00-04:00,SHORT,20244.0,20254.25,20233.75,10.25,TARGET,1.0,0.9307317073170732,190.8,2024-10-31,2024
2024-11-01 13:55:00-04:00,2024-11-01 13:55:00-04:00,SHORT,20196.75,20201.25,20192.25,4.5,TARGET,1.0,0.8422222222222222,75.8,2024-10-31,2024
2024-11-04 13:05:00-05:00,2024-11-04 13:06:00-05:00,LONG,20121.25,20112.5,20130.0,8.75,STOP,-1.0,-1.0811428571428572,-189.20000000000002,2024-11-03,2024
2024-11-04 14:00:00-05:00,2024-11-04 14:00:00-05:00,LONG,20148.75,20144.0,20153.5,4.75,TARGET,1.0,0.8505263157894737,80.8,2024-11-03,2024
2024-11-05 12:40:00-05:00,2024-11-05 12:40:00-05:00,LONG,20349.25,20345.5,20353.0,3.75,TARGET,1.0,0.8106666666666666,60.8,2024-11-04,2024
2024-11-05 15:30:00-05:00,2024-11-05 15:30:00-05:00,SHORT,20331.0,20334.0,20328.0,3.0,TARGET,1.0,0.7633333333333333,45.8,2024-11-04,2024
2024-11-06 11:55:00-05:00,2024-11-06 11:56:00-05:00,SHORT,20802.25,20807.5,20797.0,5.25,STOP,-1.0,-1.1352380952380952,-119.19999999999999,2024-11-05,2024
2024-11-06 15:45:00-05:00,2024-11-06 15:45:00-05:00,SHORT,20912.5,20915.75,20909.25,3.25,TARGET,1.0,0.7815384615384615,50.8,2024-11-05,2024
2024-11-07 13:30:00-05:00,2024-11-07 13:30:00-05:00,SHORT,21173.25,21183.25,21163.25,10.0,TARGET,1.0,0.929,185.8,2024-11-06,2024
2024-11-08 13:05:00-05:00,2024-11-08 13:07:00-05:00,LONG,21222.25,21213.75,21230.75,8.5,TARGET,1.0,0.9164705882352941,155.8,2024-11-07,2024
2024-11-08 14:45:00-05:00,2024-11-08 14:47:00-05:00,SHORT,21257.75,21265.25,21250.25,7.5,TARGET,1.0,0.9053333333333333,135.8,2024-11-07,2024
2024-11-11 14:40:00-05:00,2024-11-11 14:46:00-05:00,SHORT,21172.5,21178.75,21166.25,6.25,TARGET,1.0,0.8864,110.8,2024-11-10,2024
2024-11-11 15:35:00-05:00,2024-11-11 15:35:00-05:00,SHORT,21198.75,21200.5,21197.0,1.75,STOP,-1.0,-1.4057142857142857,-49.2,2024-11-10,2024
2024-11-12 14:45:00-05:00,2024-11-12 14:52:00-05:00,SHORT,21201.0,21211.0,21191.0,10.0,TARGET,1.0,0.929,185.8,2024-11-11,2024
2024-11-12 15:40:00-05:00,2024-11-12 15:40:00-05:00,SHORT,21191.25,21196.0,21186.5,4.75,STOP,-1.0,-1.1494736842105264,-109.20000000000002,2024-11-11,2024
2024-11-13 13:15:00-05:00,2024-11-13 13:16:00-05:00,LONG,21220.5,21214.0,21227.0,6.5,STOP,-1.0,-1.1092307692307692,-144.2,2024-11-12,2024
2024-11-15 12:45:00-05:00,2024-11-15 12:45:00-05:00,SHORT,20503.25,20507.0,20499.5,3.75,STOP,-1.0,-1.1893333333333334,-89.2,2024-11-14,2024
2024-11-15 14:25:00-05:00,2024-11-15 14:28:00-05:00,LONG,20432.5,20426.0,20439.0,6.5,STOP,-1.0,-1.1092307692307692,-144.2,2024-11-14,2024
2024-11-18 11:10:00-05:00,2024-11-18 11:13:00-05:00,SHORT,20690.75,20701.25,20680.25,10.5,STOP,-1.0,-1.0676190476190477,-224.20000000000002,2024-11-17,2024
2024-11-18 12:40:00-05:00,2024-11-18 12:40:00-05:00,LONG,20657.0,20646.5,20667.5,10.5,STOP,-1.0,-1.0676190476190477,-224.20000000000002,2024-11-17,2024
2024-11-19 12:55:00-05:00,2024-11-19 12:55:00-05:00,LONG,20688.0,20680.0,20696.0,8.0,TARGET,1.0,0.91125,145.8,2024-11-18,2024
2024-11-19 15:30:00-05:00,2024-11-19 15:30:00-05:00,SHORT,20751.25,20756.0,20746.5,4.75,TARGET,1.0,0.8505263157894737,80.8,2024-11-18,2024
2024-11-20 14:05:00-05:00,2024-11-20 14:05:00-05:00,SHORT,20589.5,20595.25,20583.75,5.75,TARGET,1.0,0.8765217391304347,100.8,2024-11-19,2024
2024-11-20 15:05:00-05:00,2024-11-20 15:07:00-05:00,LONG,20604.75,20595.25,20614.25,9.5,STOP,-1.0,-1.0747368421052632,-204.20000000000002,2024-11-19,2024
2024-11-21 14:00:00-05:00,2024-11-21 14:00:00-05:00,SHORT,20856.75,20866.5,20847.0,9.75,STOP,-1.0,-1.0728205128205128,-209.2,2024-11-20,2024
2024-11-21 15:15:00-05:00,2024-11-21 15:25:00-05:00,SHORT,20869.75,20879.0,20860.5,9.25,TARGET,1.0,0.9232432432432433,170.8,2024-11-20,2024
2024-11-22 12:35:00-05:00,2024-11-22 12:38:00-05:00,LONG,20823.0,20811.5,20834.5,11.5,STOP,-1.0,-1.0617391304347825,-244.2,2024-11-21,2024
2024-11-22 14:00:00-05:00,2024-11-22 14:00:00-05:00,SHORT,20847.25,20853.75,20840.75,6.5,TARGET,1.0,0.8907692307692308,115.8,2024-11-21,2024
2024-11-25 15:15:00-05:00,2024-11-25 15:15:00-05:00,LONG,20842.0,20835.25,20848.75,6.75,TARGET,1.0,0.8948148148148148,120.8,2024-11-24,2024
2024-11-26 11:45:00-05:00,2024-11-26 11:47:00-05:00,LONG,20947.25,20937.0,20957.5,10.25,STOP,-1.0,-1.069268292682927,-219.20000000000002,2024-11-25,2024
2024-11-26 14:05:00-05:00,2024-11-26 14:05:00-05:00,SHORT,20979.0,20980.5,20977.5,1.5,STOP,-1.0,-1.4733333333333334,-44.2,2024-11-25,2024
2024-11-27 12:55:00-05:00,2024-11-27 12:58:00-05:00,SHORT,20734.0,20745.5,20722.5,11.5,STOP,-1.0,-1.0617391304347825,-244.2,2024-11-26,2024
2024-11-27 14:00:00-05:00,2024-11-27 14:02:00-05:00,SHORT,20810.5,20819.0,20802.0,8.5,TARGET,1.0,0.9164705882352941,155.8,2024-11-26,2024
2024-12-02 12:50:00-05:00,2024-12-02 12:50:00-05:00,SHORT,21243.0,21246.0,21240.0,3.0,STOP,-1.0,-1.2366666666666666,-74.19999999999999,2024-12-01,2024
2024-12-02 14:00:00-05:00,2024-12-02 14:00:00-05:00,LONG,21212.5,21206.25,21218.75,6.25,STOP,-1.0,-1.1136,-139.2,2024-12-01,2024
2024-12-03 12:35:00-05:00,2024-12-03 12:35:00-05:00,LONG,21204.5,21195.25,21213.75,9.25,STOP,-1.0,-1.0767567567567569,-199.20000000000002,2024-12-02,2024
2024-12-03 13:15:00-05:00,2024-12-03 13:17:00-05:00,SHORT,21238.25,21246.25,21230.25,8.0,TARGET,1.0,0.91125,145.8,2024-12-02,2024
2024-12-04 12:20:00-05:00,2024-12-04 12:21:00-05:00,SHORT,21479.25,21482.0,21476.5,2.75,STOP,-1.0,-1.2581818181818183,-69.2,2024-12-03,2024
2024-12-04 13:15:00-05:00,2024-12-04 13:26:00-05:00,SHORT,21481.25,21489.25,21473.25,8.0,TARGET,1.0,0.91125,145.8,2024-12-03,2024
2024-12-05 12:45:00-05:00,2024-12-05 12:45:00-05:00,LONG,21552.0,21548.0,21556.0,4.0,TARGET,1.0,0.8225,65.8,2024-12-04,2024
2024-12-05 14:35:00-05:00,2024-12-05 14:35:00-05:00,LONG,21497.25,21493.0,21501.5,4.25,TARGET,1.0,0.8329411764705883,70.80000000000001,2024-12-04,2024
2024-12-06 12:30:00-05:00,2024-12-06 12:30:00-05:00,SHORT,21634.5,21637.25,21631.75,2.75,STOP,-1.0,-1.2581818181818183,-69.2,2024-12-05,2024
2024-12-06 13:55:00-05:00,2024-12-06 13:59:00-05:00,SHORT,21651.5,21659.0,21644.0,7.5,STOP,-1.0,-1.0946666666666667,-164.2,2024-12-05,2024
2024-12-09 14:00:00-05:00,2024-12-09 14:00:00-05:00,LONG,21530.0,21524.0,21536.0,6.0,STOP,-1.0,-1.1183333333333334,-134.20000000000002,2024-12-08,2024
2024-12-09 15:30:00-05:00,2024-12-09 15:30:00-05:00,LONG,21445.75,21440.75,21450.75,5.0,TARGET,1.0,0.858,85.8,2024-12-08,2024
2024-12-10 13:25:00-05:00,2024-12-10 13:27:00-05:00,SHORT,21467.75,21477.5,21458.0,9.75,STOP,-1.0,-1.0728205128205128,-209.2,2024-12-09,2024
2024-12-10 14:15:00-05:00,2024-12-10 14:20:00-05:00,LONG,21443.75,21434.25,21453.25,9.5,TARGET,1.0,0.9252631578947368,175.79999999999998,2024-12-09,2024
2024-12-11 11:50:00-05:00,2024-12-11 11:51:00-05:00,LONG,21759.25,21748.75,21769.75,10.5,STOP,-1.0,-1.0676190476190477,-224.20000000000002,2024-12-10,2024
2024-12-11 12:30:00-05:00,2024-12-11 12:30:00-05:00,LONG,21777.0,21770.0,21784.0,7.0,TARGET,1.0,0.8985714285714286,125.8,2024-12-10,2024
2024-12-12 15:05:00-05:00,2024-12-12 15:10:00-05:00,LONG,21681.75,21671.75,21691.75,10.0,STOP,-1.0,-1.071,-214.2,2024-12-11,2024
2024-12-12 15:50:00-05:00,2024-12-12 15:50:00-05:00,SHORT,21668.25,21677.0,21659.5,8.75,STOP,-1.0,-1.0811428571428572,-189.20000000000002,2024-12-11,2024
2024-12-13 14:00:00-05:00,2024-12-13 14:00:00-05:00,SHORT,21774.0,21776.75,21771.25,2.75,TARGET,1.0,0.7418181818181818,40.8,2024-12-12,2024
2024-12-13 15:05:00-05:00,2024-12-13 15:06:00-05:00,SHORT,21805.0,21808.5,21801.5,3.5,TARGET,1.0,0.7971428571428572,55.8,2024-12-12,2024
2024-12-16 12:30:00-05:00,2024-12-16 12:30:00-05:00,SHORT,22355.25,22357.5,22353.0,2.25,STOP,-1.0,-1.3155555555555556,-59.2,2024-12-15,2024
2024-12-16 13:50:00-05:00,2024-12-16 13:50:00-05:00,SHORT,22416.5,22424.0,22409.0,7.5,TARGET,1.0,0.9053333333333333,135.8,2024-12-15,2024
2024-12-17 13:00:00-05:00,2024-12-17 13:00:00-05:00,LONG,22340.75,22331.25,22350.25,9.5,STOP,-1.0,-1.0747368421052632,-204.20000000000002,2024-12-16,2024
2024-12-17 14:30:00-05:00,2024-12-17 14:32:00-05:00,LONG,22286.0,22278.0,22294.0,8.0,STOP,-1.0,-1.08875,-174.20000000000002,2024-12-16,2024
2024-12-18 11:55:00-05:00,2024-12-18 11:55:00-05:00,SHORT,22319.25,22328.0,22310.5,8.75,TARGET,1.0,0.9188571428571428,160.79999999999998,2024-12-17,2024
2024-12-20 13:45:00-05:00,2024-12-20 13:45:00-05:00,LONG,21677.75,21666.5,21689.0,11.25,STOP,-1.0,-1.0631111111111111,-239.2,2024-12-19,2024
2024-12-20 15:20:00-05:00,2024-12-20 15:21:00-05:00,LONG,21680.25,21668.75,21691.75,11.5,STOP,-1.0,-1.0617391304347825,-244.2,2024-12-19,2024
2024-12-23 14:05:00-05:00,2024-12-23 14:05:00-05:00,SHORT,21753.5,21757.5,21749.5,4.0,TARGET,1.0,0.8225,65.8,2024-12-22,2024
2024-12-24 12:30:00-05:00,2024-12-24 12:31:00-05:00,SHORT,21989.5,21999.75,21979.25,10.25,TARGET,1.0,0.9307317073170732,190.8,2024-12-23,2024
2024-12-26 14:05:00-05:00,2024-12-26 14:06:00-05:00,LONG,22008.75,22001.0,22016.5,7.75,STOP,-1.0,-1.0916129032258064,-169.2,2024-12-25,2024
2024-12-26 15:35:00-05:00,2024-12-26 15:35:00-05:00,SHORT,22050.5,22055.0,22046.0,4.5,TARGET,1.0,0.8422222222222222,75.8,2024-12-25,2024
2024-12-27 13:40:00-05:00,2024-12-27 13:40:00-05:00,SHORT,21610.75,21620.75,21600.75,10.0,STOP,-1.0,-1.071,-214.2,2024-12-26,2024
2024-12-27 14:30:00-05:00,2024-12-27 14:31:00-05:00,LONG,21644.25,21635.25,21653.25,9.0,TARGET,1.0,0.9211111111111111,165.8,2024-12-26,2024
2024-12-30 14:05:00-05:00,2024-12-30 14:05:00-05:00,LONG,21532.75,21529.0,21536.5,3.75,TARGET,1.0,0.8106666666666666,60.8,2024-12-29,2024
2024-12-30 14:55:00-05:00,2024-12-30 14:57:00-05:00,SHORT,21525.25,21536.5,21514.0,11.25,STOP,-1.0,-1.0631111111111111,-239.2,2024-12-29,2024
2025-01-02 14:30:00-05:00,2025-01-02 14:30:00-05:00,SHORT,21112.5,21124.25,21100.75,11.75,TARGET,1.0,0.9395744680851064,220.79999999999998,2025-01-01,2025
2025-01-03 13:10:00-05:00,2025-01-03 13:11:00-05:00,SHORT,21470.5,21476.25,21464.75,5.75,STOP,-1.0,-1.1234782608695653,-129.20000000000002,2025-01-02,2025
2025-01-03 14:55:00-05:00,2025-01-03 15:00:00-05:00,LONG,21538.5,21528.25,21548.75,10.25,STOP,-1.0,-1.069268292682927,-219.20000000000002,2025-01-02,2025
2025-01-06 14:25:00-05:00,2025-01-06 14:25:00-05:00,SHORT,21712.5,21721.0,21704.0,8.5,TARGET,1.0,0.9164705882352941,155.8,2025-01-05,2025
2025-01-07 13:30:00-05:00,2025-01-07 13:30:00-05:00,SHORT,21507.0,21517.75,21496.25,10.75,TARGET,1.0,0.933953488372093,200.8,2025-01-06,2025
2025-01-08 15:30:00-05:00,2025-01-08 15:33:00-05:00,SHORT,21348.5,21359.0,21338.0,10.5,TARGET,1.0,0.9323809523809524,195.8,2025-01-07,2025
2025-01-13 11:35:00-05:00,2025-01-13 11:35:00-05:00,SHORT,20774.25,20786.25,20762.25,12.0,STOP,-1.0,-1.0591666666666666,-254.2,2025-01-12,2025
2025-01-13 13:50:00-05:00,2025-01-13 13:50:00-05:00,SHORT,20908.0,20914.25,20901.75,6.25,TARGET,1.0,0.8864,110.8,2025-01-12,2025
2025-01-14 13:10:00-05:00,2025-01-14 13:12:00-05:00,SHORT,20884.25,20895.25,20873.25,11.0,TARGET,1.0,0.9354545454545454,205.79999999999998,2025-01-13,2025
2025-01-14 14:20:00-05:00,2025-01-14 14:21:00-05:00,SHORT,21003.25,21013.75,20992.75,10.5,TARGET,1.0,0.9323809523809524,195.8,2025-01-13,2025
2025-01-15 12:50:00-05:00,2025-01-15 12:50:00-05:00,SHORT,21360.75,21365.5,21356.0,4.75,TARGET,1.0,0.8505263157894737,80.8,2025-01-14,2025
2025-01-15 14:20:00-05:00,2025-01-15 14:23:00-05:00,SHORT,21396.25,21404.0,21388.5,7.75,TARGET,1.0,0.9083870967741936,140.8,2025-01-14,2025
2025-01-16 12:45:00-05:00,2025-01-16 12:45:00-05:00,LONG,21389.25,21383.25,21395.25,6.0,TARGET,1.0,0.8816666666666667,105.80000000000001,2025-01-15,2025
2025-01-16 14:25:00-05:00,2025-01-16 14:25:00-05:00,LONG,21313.0,21307.25,21318.75,5.75,TARGET,1.0,0.8765217391304347,100.8,2025-01-15,2025
2025-01-17 12:35:00-05:00,2025-01-17 12:36:00-05:00,SHORT,21619.25,21628.5,21610.0,9.25,TARGET,1.0,0.9232432432432433,170.8,2025-01-16,2025
2025-01-17 14:10:00-05:00,2025-01-17 14:10:00-05:00,LONG,21620.0,21610.75,21629.25,9.25,STOP,-1.0,-1.0767567567567569,-199.20000000000002,2025-01-16,2025
2025-01-20 11:25:00-05:00,2025-01-20 11:25:00-05:00,SHORT,21709.25,21715.25,21703.25,6.0,TARGET,1.0,0.8816666666666667,105.80000000000001,2025-01-19,2025
2025-01-21 12:20:00-05:00,2025-01-21 12:22:00-05:00,LONG,21659.0,21649.25,21668.75,9.75,TARGET,1.0,0.9271794871794872,180.8,2025-01-20,2025
2025-01-21 13:10:00-05:00,2025-01-21 13:10:00-05:00,SHORT,21737.25,21746.5,21728.0,9.25,STOP,-1.0,-1.0767567567567569,-199.20000000000002,2025-01-20,2025
2025-01-22 12:35:00-05:00,2025-01-22 12:35:00-05:00,LONG,22065.5,22062.5,22068.5,3.0,TARGET,1.0,0.7633333333333333,45.8,2025-01-21,2025
2025-01-22 14:45:00-05:00,2025-01-22 14:47:00-05:00,LONG,22014.0,22006.0,22022.0,8.0,TARGET,1.0,0.91125,145.8,2025-01-21,2025
2025-01-23 13:45:00-05:00,2025-01-23 13:54:00-05:00,LONG,21963.0,21954.0,21972.0,9.0,STOP,-1.0,-1.0788888888888888,-194.2,2025-01-22,2025
2025-01-23 15:00:00-05:00,2025-01-23 15:01:00-05:00,LONG,21953.75,21945.75,21961.75,8.0,STOP,-1.0,-1.08875,-174.20000000000002,2025-01-22,2025
2025-01-24 13:40:00-05:00,2025-01-24 13:40:00-05:00,LONG,21926.0,21917.75,21934.25,8.25,STOP,-1.0,-1.086060606060606,-179.2,2025-01-23,2025
2025-01-24 14:25:00-05:00,2025-01-24 14:26:00-05:00,SHORT,21867.5,21873.0,21862.0,5.5,STOP,-1.0,-1.1290909090909091,-124.2,2025-01-23,2025
2025-01-27 13:25:00-05:00,2025-01-27 13:25:00-05:00,LONG,21157.5,21150.75,21164.25,6.75,TARGET,1.0,0.8948148148148148,120.8,2025-01-26,2025
2025-01-27 14:25:00-05:00,2025-01-27 14:25:00-05:00,SHORT,21207.5,21212.75,21202.25,5.25,STOP,-1.0,-1.1352380952380952,-119.19999999999999,2025-01-26,2025
2025-01-28 13:25:00-05:00,2025-01-28 13:26:00-05:00,LONG,21561.75,21553.0,21570.5,8.75,STOP,-1.0,-1.0811428571428572,-189.20000000000002,2025-01-27,2025
2025-01-28 14:25:00-05:00,2025-01-28 14:26:00-05:00,SHORT,21551.0,21558.25,21543.75,7.25,STOP,-1.0,-1.0979310344827586,-159.2,2025-01-27,2025
2025-01-30 13:55:00-05:00,2025-01-30 13:55:00-05:00,SHORT,21597.25,21605.5,21589.0,8.25,TARGET,1.0,0.9139393939393939,150.8,2025-01-29,2025
2025-01-30 14:45:00-05:00,2025-01-30 14:47:00-05:00,SHORT,21616.0,21620.75,21611.25,4.75,STOP,-1.0,-1.1494736842105264,-109.20000000000002,2025-01-29,2025
2025-01-31 12:55:00-05:00,2025-01-31 12:55:00-05:00,SHORT,21924.0,21934.0,21914.0,10.0,TARGET,1.0,0.929,185.8,2025-01-30,2025
2025-02-03 13:35:00-05:00,2025-02-03 13:35:00-05:00,SHORT,21435.75,21443.25,21428.25,7.5,STOP,-1.0,-1.0946666666666667,-164.2,2025-02-02,2025
2025-02-03 14:45:00-05:00,2025-02-03 14:45:00-05:00,SHORT,21500.75,21510.5,21491.0,9.75,STOP,-1.0,-1.0728205128205128,-209.2,2025-02-02,2025
2025-02-04 11:25:00-05:00,2025-02-04 11:27:00-05:00,LONG,21650.5,21640.0,21661.0,10.5,TARGET,1.0,0.9323809523809524,195.8,2025-02-03,2025
2025-02-04 14:50:00-05:00,2025-02-04 14:50:00-05:00,LONG,21651.75,21647.75,21655.75,4.0,STOP,-1.0,-1.1775,-94.2,2025-02-03,2025
2025-02-05 12:45:00-05:00,2025-02-05 12:46:00-05:00,LONG,21703.5,21694.0,21713.0,9.5,TARGET,1.0,0.9252631578947368,175.79999999999998,2025-02-04,2025
2025-02-05 13:55:00-05:00,2025-02-05 13:58:00-05:00,LONG,21697.0,21685.5,21708.5,11.5,TARGET,1.0,0.9382608695652174,215.79999999999998,2025-02-04,2025
2025-02-06 13:40:00-05:00,2025-02-06 13:40:00-05:00,LONG,21819.25,21812.75,21825.75,6.5,STOP,-1.0,-1.1092307692307692,-144.2,2025-02-05,2025
2025-02-06 14:20:00-05:00,2025-02-06 14:25:00-05:00,SHORT,21822.25,21830.75,21813.75,8.5,TARGET,1.0,0.9164705882352941,155.8,2025-02-05,2025
2025-02-07 14:10:00-05:00,2025-02-07 14:10:00-05:00,LONG,21619.5,21607.75,21631.25,11.75,STOP,-1.0,-1.0604255319148936,-249.20000000000002,2025-02-06,2025
2025-02-10 13:20:00-05:00,2025-02-10 13:21:00-05:00,SHORT,21865.5,21873.5,21857.5,8.0,STOP,-1.0,-1.08875,-174.20000000000002,2025-02-09,2025
2025-02-10 14:25:00-05:00,2025-02-10 14:27:00-05:00,SHORT,21875.25,21882.0,21868.5,6.75,TARGET,1.0,0.8948148148148148,120.8,2025-02-09,2025
2025-02-11 12:55:00-05:00,2025-02-11 13:11:00-05:00,LONG,21765.75,21754.75,21776.75,11.0,STOP,-1.0,-1.0645454545454545,-234.2,2025-02-10,2025
2025-02-11 14:20:00-05:00,2025-02-11 14:31:00-05:00,LONG,21801.5,21791.75,21811.25,9.75,TARGET,1.0,0.9271794871794872,180.8,2025-02-10,2025
2025-02-12 12:40:00-05:00,2025-02-12 12:42:00-05:00,LONG,21772.75,21762.75,21782.75,10.0,STOP,-1.0,-1.071,-214.2,2025-02-11,2025
2025-02-12 13:25:00-05:00,2025-02-12 13:27:00-05:00,LONG,21800.5,21789.5,21811.5,11.0,STOP,-1.0,-1.0645454545454545,-234.2,2025-02-11,2025
2025-02-14 13:15:00-05:00,2025-02-14 13:24:00-05:00,SHORT,22165.0,22175.5,22154.5,10.5,TARGET,1.0,0.9323809523809524,195.8,2025-02-13,2025
2025-02-14 14:05:00-05:00,2025-02-14 14:05:00-05:00,LONG,22184.25,22179.25,22189.25,5.0,TARGET,1.0,0.858,85.8,2025-02-13,2025
2025-02-17 12:25:00-05:00,2025-02-17 12:30:00-05:00,SHORT,22229.75,22233.5,22226.0,3.75,STOP,-1.0,-1.1893333333333334,-89.2,2025-02-16,2025
2025-02-18 12:45:00-05:00,2025-02-18 12:50:00-05:00,SHORT,22186.0,22196.25,22175.75,10.25,STOP,-1.0,-1.069268292682927,-219.20000000000002,2025-02-17,2025
2025-02-18 15:15:00-05:00,2025-02-18 15:16:00-05:00,LONG,22174.75,22167.75,22181.75,7.0,STOP,-1.0,-1.1014285714285714,-154.2,2025-02-17,2025
2025-02-19 12:20:00-05:00,2025-02-19 12:21:00-05:00,LONG,22234.0,22227.0,22241.0,7.0,STOP,-1.0,-1.1014285714285714,-154.2,2025-02-18,2025
2025-02-19 14:40:00-05:00,2025-02-19 14:40:00-05:00,SHORT,22286.25,22290.5,22282.0,4.25,STOP,-1.0,-1.1670588235294117,-99.19999999999999,2025-02-18,2025
2025-02-20 12:25:00-05:00,2025-02-20 12:35:00-05:00,SHORT,22079.5,22088.0,22071.0,8.5,STOP,-1.0,-1.0835294117647059,-184.2,2025-02-19,2025
2025-02-20 13:40:00-05:00,2025-02-20 13:41:00-05:00,SHORT,22058.25,22066.0,22050.5,7.75,TARGET,1.0,0.9083870967741936,140.8,2025-02-19,2025
2025-02-24 14:45:00-05:00,2025-02-24 14:46:00-05:00,LONG,21566.5,21555.75,21577.25,10.75,STOP,-1.0,-1.066046511627907,-229.2,2025-02-23,2025
2025-02-25 14:05:00-05:00,2025-02-25 14:11:00-05:00,LONG,21191.75,21182.25,21201.25,9.5,STOP,-1.0,-1.0747368421052632,-204.20000000000002,2025-02-24,2025
2025-02-25 15:05:00-05:00,2025-02-25 15:08:00-05:00,SHORT,21212.75,21224.5,21201.0,11.75,STOP,-1.0,-1.0604255319148936,-249.20000000000002,2025-02-24,2025
2025-02-26 14:40:00-05:00,2025-02-26 14:40:00-05:00,SHORT,21153.25,21159.25,21147.25,6.0,TARGET,1.0,0.8816666666666667,105.80000000000001,2025-02-25,2025
2025-03-04 12:20:00-05:00,2025-03-04 12:20:00-05:00,SHORT,20324.75,20333.25,20316.25,8.5,STOP,-1.0,-1.0835294117647059,-184.2,2025-03-03,2025
2025-03-05 14:50:00-05:00,2025-03-05 14:50:00-05:00,SHORT,20669.0,20675.75,20662.25,6.75,STOP,-1.0,-1.1051851851851853,-149.20000000000002,2025-03-04,2025
2025-03-11 12:35:00-04:00,2025-03-11 12:35:00-04:00,SHORT,19415.75,19424.25,19407.25,8.5,STOP,-1.0,-1.0835294117647059,-184.2,2025-03-10,2025
2025-03-13 13:40:00-04:00,2025-03-13 13:40:00-04:00,LONG,19190.75,19181.75,19199.75,9.0,TARGET,1.0,0.9211111111111111,165.8,2025-03-12,2025
2025-03-14 13:25:00-04:00,2025-03-14 13:25:00-04:00,LONG,19666.25,19660.25,19672.25,6.0,TARGET,1.0,0.8816666666666667,105.80000000000001,2025-03-13,2025
2025-03-17 13:10:00-04:00,2025-03-17 13:10:00-04:00,SHORT,19918.0,19924.25,19911.75,6.25,TARGET,1.0,0.8864,110.8,2025-03-16,2025
2025-03-17 15:05:00-04:00,2025-03-17 15:05:00-04:00,LONG,20130.25,20121.5,20139.0,8.75,TARGET,1.0,0.9188571428571428,160.79999999999998,2025-03-16,2025
2025-03-20 14:10:00-04:00,2025-03-20 14:10:00-04:00,SHORT,19870.75,19879.5,19862.0,8.75,STOP,-1.0,-1.0811428571428572,-189.20000000000002,2025-03-19,2025
2025-03-21 14:25:00-04:00,2025-03-21 14:25:00-04:00,LONG,19848.25,19839.25,19857.25,9.0,STOP,-1.0,-1.0788888888888888,-194.2,2025-03-20,2025
2025-03-21 15:25:00-04:00,2025-03-21 15:26:00-04:00,SHORT,19845.25,19852.75,19837.75,7.5,TARGET,1.0,0.9053333333333333,135.8,2025-03-20,2025
2025-03-24 11:30:00-04:00,2025-03-24 11:30:00-04:00,LONG,20356.0,20344.25,20367.75,11.75,STOP,-1.0,-1.0604255319148936,-249.20000000000002,2025-03-23,2025
2025-03-24 14:30:00-04:00,2025-03-24 14:30:00-04:00,SHORT,20335.5,20340.25,20330.75,4.75,TARGET,1.0,0.8505263157894737,80.8,2025-03-23,2025
2025-03-25 11:35:00-04:00,2025-03-25 11:35:00-04:00,LONG,20466.5,20456.0,20477.0,10.5,STOP,-1.0,-1.0676190476190477,-224.20000000000002,2025-03-24,2025
2025-03-25 13:55:00-04:00,2025-03-25 14:00:00-04:00,LONG,20419.75,20409.5,20430.0,10.25,STOP,-1.0,-1.069268292682927,-219.20000000000002,2025-03-24,2025
2025-03-28 12:55:00-04:00,2025-03-28 12:55:00-04:00,SHORT,19524.75,19533.25,19516.25,8.5,TARGET,1.0,0.9164705882352941,155.8,2025-03-27,2025
2025-03-28 14:45:00-04:00,2025-03-28 14:45:00-04:00,LONG,19461.0,19456.0,19466.0,5.0,TARGET,1.0,0.858,85.8,2025-03-27,2025
2025-03-31 13:45:00-04:00,2025-03-31 13:45:00-04:00,LONG,19223.25,19218.5,19228.0,4.75,STOP,-1.0,-1.1494736842105264,-109.20000000000002,2025-03-30,2025
2025-04-01 13:30:00-04:00,2025-04-01 13:30:00-04:00,LONG,19524.0,19516.25,19531.75,7.75,TARGET,1.0,0.9083870967741936,140.8,2025-03-31,2025
2025-04-03 14:20:00-04:00,2025-04-03 14:20:00-04:00,LONG,18773.5,18761.75,18785.25,11.75,STOP,-1.0,-1.0604255319148936,-249.20000000000002,2025-04-02,2025
2025-04-14 14:30:00-04:00,2025-04-14 14:30:00-04:00,SHORT,18998.25,19006.25,18990.25,8.0,TARGET,1.0,0.91125,145.8,2025-04-13,2025
2025-04-14 15:30:00-04:00,2025-04-14 15:30:00-04:00,LONG,19040.25,19030.0,19050.5,10.25,TARGET,1.0,0.9307317073170732,190.8,2025-04-13,2025
2025-04-15 12:25:00-04:00,2025-04-15 12:25:00-04:00,SHORT,19074.5,19080.0,19069.0,5.5,STOP,-1.0,-1.1290909090909091,-124.2,2025-04-14,2025
2025-04-15 15:15:00-04:00,2025-04-15 15:19:00-04:00,SHORT,18989.25,18999.5,18979.0,10.25,STOP,-1.0,-1.069268292682927,-219.20000000000002,2025-04-14,2025
2025-04-17 14:25:00-04:00,2025-04-17 14:25:00-04:00,SHORT,18512.5,18521.5,18503.5,9.0,STOP,-1.0,-1.0788888888888888,-194.2,2025-04-16,2025
2025-04-21 12:05:00-04:00,2025-04-21 12:05:00-04:00,SHORT,17821.75,17827.5,17816.0,5.75,STOP,-1.0,-1.1234782608695653,-129.20000000000002,2025-04-20,2025
2025-04-21 14:05:00-04:00,2025-04-21 14:06:00-04:00,LONG,17708.25,17699.5,17717.0,8.75,TARGET,1.0,0.9188571428571428,160.79999999999998,2025-04-20,2025
2025-04-23 12:50:00-04:00,2025-04-23 12:50:00-04:00,LONG,18826.5,18822.0,18831.0,4.5,STOP,-1.0,-1.1577777777777778,-104.2,2025-04-22,2025
2025-04-24 14:30:00-04:00,2025-04-24 14:30:00-04:00,SHORT,19284.5,19291.75,19277.25,7.25,STOP,-1.0,-1.0979310344827586,-159.2,2025-04-23,2025
2025-04-25 12:10:00-04:00,2025-04-25 12:12:00-04:00,SHORT,19369.75,19378.25,19361.25,8.5,STOP,-1.0,-1.0835294117647059,-184.2,2025-04-24,2025
2025-04-25 14:50:00-04:00,2025-04-25 14:50:00-04:00,SHORT,19524.5,19529.0,19520.0,4.5,TARGET,1.0,0.8422222222222222,75.8,2025-04-24,2025
2025-04-28 14:40:00-04:00,2025-04-28 14:40:00-04:00,SHORT,19417.75,19420.25,19415.25,2.5,STOP,-1.0,-1.284,-64.2,2025-04-27,2025
2025-04-29 12:05:00-04:00,2025-04-29 12:05:00-04:00,SHORT,19578.0,19582.5,19573.5,4.5,STOP,-1.0,-1.1577777777777778,-104.2,2025-04-28,2025
2025-04-29 12:45:00-04:00,2025-04-29 12:45:00-04:00,SHORT,19576.25,19586.75,19565.75,10.5,TARGET,1.0,0.9323809523809524,195.8,2025-04-28,2025
2025-04-30 13:00:00-04:00,2025-04-30 13:00:00-04:00,SHORT,19438.25,19444.25,19432.25,6.0,STOP,-1.0,-1.1183333333333334,-134.20000000000002,2025-04-29,2025
2025-05-02 12:00:00-04:00,2025-05-02 12:01:00-04:00,SHORT,20197.0,20207.5,20186.5,10.5,STOP,-1.0,-1.0676190476190477,-224.20000000000002,2025-05-01,2025
2025-05-02 13:00:00-04:00,2025-05-02 13:00:00-04:00,LONG,20242.0,20236.5,20247.5,5.5,STOP,-1.0,-1.1290909090909091,-124.2,2025-05-01,2025
2025-05-05 12:25:00-04:00,2025-05-05 12:25:00-04:00,SHORT,20128.5,20133.5,20123.5,5.0,TARGET,1.0,0.858,85.8,2025-05-04,2025
2025-05-05 13:55:00-04:00,2025-05-05 14:04:00-04:00,SHORT,20147.0,20156.75,20137.25,9.75,STOP,-1.0,-1.0728205128205128,-209.2,2025-05-04,2025
2025-05-06 12:10:00-04:00,2025-05-06 12:10:00-04:00,LONG,19887.0,19882.0,19892.0,5.0,TARGET,1.0,0.858,85.8,2025-05-05,2025
2025-05-08 12:30:00-04:00,2025-05-08 12:30:00-04:00,LONG,20283.75,20281.25,20286.25,2.5,STOP,-1.0,-1.284,-64.2,2025-05-07,2025
2025-05-08 13:20:00-04:00,2025-05-08 13:20:00-04:00,LONG,20296.25,20290.5,20302.0,5.75,STOP,-1.0,-1.1234782608695653,-129.20000000000002,2025-05-07,2025
2025-05-09 14:15:00-04:00,2025-05-09 14:15:00-04:00,LONG,20140.0,20131.0,20149.0,9.0,TARGET,1.0,0.9211111111111111,165.8,2025-05-08,2025
2025-05-12 12:40:00-04:00,2025-05-12 12:41:00-04:00,SHORT,20832.25,20844.0,20820.5,11.75,STOP,-1.0,-1.0604255319148936,-249.20000000000002,2025-05-11,2025
2025-05-12 13:50:00-04:00,2025-05-12 13:53:00-04:00,SHORT,20912.75,20922.0,20903.5,9.25,STOP,-1.0,-1.0767567567567569,-199.20000000000002,2025-05-11,2025
2025-05-13 13:10:00-04:00,2025-05-13 13:10:00-04:00,LONG,21315.5,21306.5,21324.5,9.0,STOP,-1.0,-1.0788888888888888,-194.2,2025-05-12,2025
2025-05-13 14:25:00-04:00,2025-05-13 14:25:00-04:00,SHORT,21311.5,21315.0,21308.0,3.5,TARGET,1.0,0.7971428571428572,55.8,2025-05-12,2025
2025-05-14 11:55:00-04:00,2025-05-14 11:55:00-04:00,LONG,21368.75,21360.75,21376.75,8.0,STOP,-1.0,-1.08875,-174.20000000000002,2025-05-13,2025
2025-05-14 15:00:00-04:00,2025-05-14 15:00:00-04:00,LONG,21369.75,21360.5,21379.0,9.25,STOP,-1.0,-1.0767567567567569,-199.20000000000002,2025-05-13,2025
2025-05-15 12:25:00-04:00,2025-05-15 12:27:00-04:00,LONG,21437.5,21427.25,21447.75,10.25,STOP,-1.0,-1.069268292682927,-219.20000000000002,2025-05-14,2025
2025-05-15 13:55:00-04:00,2025-05-15 13:55:00-04:00,LONG,21485.25,21476.75,21493.75,8.5,STOP,-1.0,-1.0835294117647059,-184.2,2025-05-14,2025
2025-05-16 12:45:00-04:00,2025-05-16 12:49:00-04:00,LONG,21426.5,21417.25,21435.75,9.25,STOP,-1.0,-1.0767567567567569,-199.20000000000002,2025-05-15,2025
2025-05-16 13:45:00-04:00,2025-05-16 13:50:00-04:00,LONG,21456.25,21448.5,21464.0,7.75,STOP,-1.0,-1.0916129032258064,-169.2,2025-05-15,2025
2025-05-19 12:15:00-04:00,2025-05-19 12:19:00-04:00,SHORT,21445.0,21454.25,21435.75,9.25,TARGET,1.0,0.9232432432432433,170.8,2025-05-18,2025
2025-05-19 14:00:00-04:00,2025-05-19 14:00:00-04:00,LONG,21499.25,21493.75,21504.75,5.5,STOP,-1.0,-1.1290909090909091,-124.2,2025-05-18,2025
2025-05-20 13:10:00-04:00,2025-05-20 13:10:00-04:00,SHORT,21471.5,21474.75,21468.25,3.25,TARGET,1.0,0.7815384615384615,50.8,2025-05-19,2025
2025-05-20 14:05:00-04:00,2025-05-20 14:06:00-04:00,SHORT,21435.5,21439.5,21431.5,4.0,STOP,-1.0,-1.1775,-94.2,2025-05-19,2025
2025-05-22 12:05:00-04:00,2025-05-22 12:05:00-04:00,SHORT,21271.0,21283.0,21259.0,12.0,TARGET,1.0,0.9408333333333333,225.79999999999998,2025-05-21,2025
2025-05-22 13:05:00-04:00,2025-05-22 13:05:00-04:00,LONG,21210.0,21203.75,21216.25,6.25,TARGET,1.0,0.8864,110.8,2025-05-21,2025
2025-05-23 13:05:00-04:00,2025-05-23 13:05:00-04:00,SHORT,21003.0,21007.25,20998.75,4.25,STOP,-1.0,-1.1670588235294117,-99.19999999999999,2025-05-22,2025
2025-05-26 12:05:00-04:00,2025-05-26 12:10:00-04:00,SHORT,21272.0,21279.25,21264.75,7.25,STOP,-1.0,-1.0979310344827586,-159.2,2025-05-25,2025
2025-05-27 12:10:00-04:00,2025-05-27 12:15:00-04:00,SHORT,21407.75,21418.5,21397.0,10.75,STOP,-1.0,-1.066046511627907,-229.2,2025-05-26,2025
2025-05-27 13:10:00-04:00,2025-05-27 13:14:00-04:00,SHORT,21444.5,21451.5,21437.5,7.0,STOP,-1.0,-1.1014285714285714,-154.2,2025-05-26,2025
2025-05-28 12:25:00-04:00,2025-05-28 12:25:00-04:00,LONG,21462.0,21458.25,21465.75,3.75,TARGET,1.0,0.8106666666666666,60.8,2025-05-27,2025
2025-05-28 13:25:00-04:00,2025-05-28 13:26:00-04:00,SHORT,21481.0,21491.0,21471.0,10.0,TARGET,1.0,0.929,185.8,2025-05-27,2025
2025-05-29 12:35:00-04:00,2025-05-29 12:36:00-04:00,SHORT,21435.0,21445.75,21424.25,10.75,STOP,-1.0,-1.066046511627907,-229.2,2025-05-28,2025
2025-05-29 14:55:00-04:00,2025-05-29 14:56:00-04:00,SHORT,21386.5,21396.5,21376.5,10.0,STOP,-1.0,-1.071,-214.2,2025-05-28,2025
2025-05-30 13:35:00-04:00,2025-05-30 13:35:00-04:00,SHORT,21180.0,21188.5,21171.5,8.5,STOP,-1.0,-1.0835294117647059,-184.2,2025-05-29,2025
2025-06-02 12:25:00-04:00,2025-06-02 12:25:00-04:00,SHORT,21437.25,21442.0,21432.5,4.75,TARGET,1.0,0.8505263157894737,80.8,2025-06-01,2025
2025-06-02 13:45:00-04:00,2025-06-02 13:47:00-04:00,LONG,21442.0,21437.0,21447.0,5.0,STOP,-1.0,-1.142,-114.19999999999999,2025-06-01,2025
2025-06-03 11:45:00-04:00,2025-06-03 11:45:00-04:00,SHORT,21679.0,21684.5,21673.5,5.5,TARGET,1.0,0.8709090909090909,95.8,2025-06-02,2025
2025-06-03 12:55:00-04:00,2025-06-03 13:02:00-04:00,SHORT,21740.0,21748.25,21731.75,8.25,TARGET,1.0,0.9139393939393939,150.8,2025-06-02,2025
2025-06-04 12:40:00-04:00,2025-06-04 12:40:00-04:00,LONG,21721.75,21712.25,21731.25,9.5,TARGET,1.0,0.9252631578947368,175.79999999999998,2025-06-03,2025
2025-06-04 13:20:00-04:00,2025-06-04 13:27:00-04:00,SHORT,21770.75,21778.25,21763.25,7.5,STOP,-1.0,-1.0946666666666667,-164.2,2025-06-03,2025
2025-06-05 11:45:00-04:00,2025-06-05 11:46:00-04:00,SHORT,21918.0,21929.0,21907.0,11.0,TARGET,1.0,0.9354545454545454,205.79999999999998,2025-06-04,2025
2025-06-05 13:35:00-04:00,2025-06-05 13:46:00-04:00,SHORT,21779.5,21790.25,21768.75,10.75,TARGET,1.0,0.933953488372093,200.8,2025-06-04,2025
2025-06-06 13:50:00-04:00,2025-06-06 13:51:00-04:00,SHORT,21815.25,21820.5,21810.0,5.25,STOP,-1.0,-1.1352380952380952,-119.19999999999999,2025-06-05,2025
2025-06-06 14:30:00-04:00,2025-06-06 14:30:00-04:00,LONG,21844.5,21838.0,21851.0,6.5,TARGET,1.0,0.8907692307692308,115.8,2025-06-05,2025
2025-06-09 14:00:00-04:00,2025-06-09 14:05:00-04:00,LONG,21867.5,21860.75,21874.25,6.75,STOP,-1.0,-1.1051851851851853,-149.20000000000002,2025-06-08,2025
2025-06-09 15:20:00-04:00,2025-06-09 15:20:00-04:00,LONG,21858.0,21852.25,21863.75,5.75,STOP,-1.0,-1.1234782608695653,-129.20000000000002,2025-06-08,2025
2025-06-10 14:50:00-04:00,2025-06-10 14:50:00-04:00,SHORT,21893.0,21897.25,21888.75,4.25,STOP,-1.0,-1.1670588235294117,-99.19999999999999,2025-06-09,2025
2025-06-12 11:00:00-04:00,2025-06-12 11:00:00-04:00,LONG,21934.75,21927.5,21942.0,7.25,TARGET,1.0,0.9020689655172414,130.8,2025-06-11,2025
2025-06-12 13:30:00-04:00,2025-06-12 13:30:00-04:00,LONG,21940.5,21933.75,21947.25,6.75,TARGET,1.0,0.8948148148148148,120.8,2025-06-11,2025
2025-06-16 11:50:00-04:00,2025-06-16 11:50:00-04:00,SHORT,22199.0,22205.75,22192.25,6.75,TARGET,1.0,0.8948148148148148,120.8,2025-06-15,2025
2025-06-16 14:30:00-04:00,2025-06-16 14:31:00-04:00,SHORT,22173.5,22182.75,22164.25,9.25,TARGET,1.0,0.9232432432432433,170.8,2025-06-15,2025
2025-06-17 12:30:00-04:00,2025-06-17 12:30:00-04:00,LONG,22108.75,22105.0,22112.5,3.75,STOP,-1.0,-1.1893333333333334,-89.2,2025-06-16,2025
2025-06-17 15:35:00-04:00,2025-06-17 15:39:00-04:00,SHORT,21986.0,21996.0,21976.0,10.0,TARGET,1.0,0.929,185.8,2025-06-16,2025
2025-06-18 11:30:00-04:00,2025-06-18 11:31:00-04:00,LONG,22050.25,22041.5,22059.0,8.75,TARGET,1.0,0.9188571428571428,160.79999999999998,2025-06-17,2025
2025-06-19 12:50:00-04:00,2025-06-19 12:52:00-04:00,LONG,21726.75,21715.0,21738.5,11.75,STOP,-1.0,-1.0604255319148936,-249.20000000000002,2025-06-18,2025
2025-06-20 12:55:00-04:00,2025-06-20 12:55:00-04:00,SHORT,21893.0,21898.25,21887.75,5.25,STOP,-1.0,-1.1352380952380952,-119.19999999999999,2025-06-19,2025
2025-06-20 14:15:00-04:00,2025-06-20 14:17:00-04:00,SHORT,21857.75,21867.0,21848.5,9.25,STOP,-1.0,-1.0767567567567569,-199.20000000000002,2025-06-19,2025
2025-06-23 14:25:00-04:00,2025-06-23 14:25:00-04:00,LONG,22057.25,22054.5,22060.0,2.75,STOP,-1.0,-1.2581818181818183,-69.2,2025-06-22,2025
2025-06-23 15:30:00-04:00,2025-06-23 15:30:00-04:00,SHORT,22055.0,22061.5,22048.5,6.5,TARGET,1.0,0.8907692307692308,115.8,2025-06-22,2025
2025-06-24 11:55:00-04:00,2025-06-24 11:56:00-04:00,LONG,22370.0,22364.5,22375.5,5.5,TARGET,1.0,0.8709090909090909,95.8,2025-06-23,2025
2025-06-24 13:20:00-04:00,2025-06-24 13:20:00-04:00,SHORT,22405.5,22415.0,22396.0,9.5,TARGET,1.0,0.9252631578947368,175.79999999999998,2025-06-23,2025
2025-06-25 14:15:00-04:00,2025-06-25 14:16:00-04:00,SHORT,22420.0,22426.25,22413.75,6.25,STOP,-1.0,-1.1136,-139.2,2025-06-24,2025
2025-06-25 14:55:00-04:00,2025-06-25 14:55:00-04:00,LONG,22410.75,22407.0,22414.5,3.75,TARGET,1.0,0.8106666666666666,60.8,2025-06-24,2025
2025-06-26 12:35:00-04:00,2025-06-26 12:36:00-04:00,LONG,22616.75,22610.25,22623.25,6.5,STOP,-1.0,-1.1092307692307692,-144.2,2025-06-25,2025
2025-06-26 13:25:00-04:00,2025-06-26 13:27:00-04:00,SHORT,22630.0,22636.75,22623.25,6.75,STOP,-1.0,-1.1051851851851853,-149.20000000000002,2025-06-25,2025
2025-06-30 13:25:00-04:00,2025-06-30 13:32:00-04:00,LONG,22831.75,22823.0,22840.5,8.75,STOP,-1.0,-1.0811428571428572,-189.20000000000002,2025-06-29,2025
2025-07-01 13:30:00-04:00,2025-07-01 13:31:00-04:00,LONG,22725.75,22717.25,22734.25,8.5,STOP,-1.0,-1.0835294117647059,-184.2,2025-06-30,2025
2025-07-01 14:25:00-04:00,2025-07-01 14:26:00-04:00,LONG,22728.75,22723.25,22734.25,5.5,TARGET,1.0,0.8709090909090909,95.8,2025-06-30,2025
2025-07-02 12:30:00-04:00,2025-07-02 12:39:00-04:00,SHORT,22831.75,22843.75,22819.75,12.0,STOP,-1.0,-1.0591666666666666,-254.2,2025-07-01,2025
2025-07-02 13:15:00-04:00,2025-07-02 13:15:00-04:00,LONG,22828.75,22826.0,22831.5,2.75,STOP,-1.0,-1.2581818181818183,-69.2,2025-07-01,2025
2025-07-03 12:20:00-04:00,2025-07-03 12:20:00-04:00,LONG,23084.25,23077.25,23091.25,7.0,STOP,-1.0,-1.1014285714285714,-154.2,2025-07-02,2025
2025-07-04 09:35:00-04:00,2025-07-04 09:35:00-04:00,SHORT,22915.25,22924.5,22906.0,9.25,TARGET,1.0,0.9232432432432433,170.8,2025-07-03,2025
2025-07-04 11:00:00-04:00,2025-07-04 11:00:00-04:00,LONG,22936.25,22931.0,22941.5,5.25,TARGET,1.0,0.8647619047619047,90.8,2025-07-03,2025
2025-07-07 14:05:00-04:00,2025-07-07 14:15:00-04:00,SHORT,22872.25,22881.75,22862.75,9.5,TARGET,1.0,0.9252631578947368,175.79999999999998,2025-07-06,2025
2025-07-07 15:30:00-04:00,2025-07-07 15:30:00-04:00,LONG,22847.5,22845.5,22849.5,2.0,TARGET,1.0,0.645,25.8,2025-07-06,2025
2025-07-08 11:55:00-04:00,2025-07-08 11:56:00-04:00,SHORT,22894.0,22903.25,22884.75,9.25,STOP,-1.0,-1.0767567567567569,-199.20000000000002,2025-07-07,2025
2025-07-08 13:05:00-04:00,2025-07-08 13:05:00-04:00,LONG,22917.5,22908.0,22927.0,9.5,STOP,-1.0,-1.0747368421052632,-204.20000000000002,2025-07-07,2025
2025-07-09 14:40:00-04:00,2025-07-09 14:41:00-04:00,SHORT,23019.5,23025.75,23013.25,6.25,TARGET,1.0,0.8864,110.8,2025-07-08,2025
2025-07-09 15:25:00-04:00,2025-07-09 15:50:00-04:00,SHORT,23040.25,23050.75,23029.75,10.5,STOP,-1.0,-1.0676190476190477,-224.20000000000002,2025-07-08,2025
2025-07-10 13:25:00-04:00,2025-07-10 13:25:00-04:00,SHORT,23009.0,23012.5,23005.5,3.5,TARGET,1.0,0.7971428571428572,55.8,2025-07-09,2025
2025-07-10 14:10:00-04:00,2025-07-10 14:18:00-04:00,SHORT,23039.0,23046.25,23031.75,7.25,STOP,-1.0,-1.0979310344827586,-159.2,2025-07-09,2025
2025-07-11 13:35:00-04:00,2025-07-11 13:36:00-04:00,LONG,22998.5,22992.75,23004.25,5.75,STOP,-1.0,-1.1234782608695653,-129.20000000000002,2025-07-10,2025
2025-07-11 14:30:00-04:00,2025-07-11 14:33:00-04:00,LONG,22999.75,22991.0,23008.5,8.75,TARGET,1.0,0.9188571428571428,160.79999999999998,2025-07-10,2025
2025-07-14 12:30:00-04:00,2025-07-14 12:31:00-04:00,LONG,23015.25,23008.25,23022.25,7.0,STOP,-1.0,-1.1014285714285714,-154.2,2025-07-13,2025
2025-07-14 13:40:00-04:00,2025-07-14 13:42:00-04:00,SHORT,23058.0,23067.0,23049.0,9.0,TARGET,1.0,0.9211111111111111,165.8,2025-07-13,2025
2025-07-16 13:45:00-04:00,2025-07-16 13:48:00-04:00,LONG,23034.5,23026.25,23042.75,8.25,STOP,-1.0,-1.086060606060606,-179.2,2025-07-15,2025
2025-07-16 15:20:00-04:00,2025-07-16 15:29:00-04:00,LONG,23065.5,23057.75,23073.25,7.75,TARGET,1.0,0.9083870967741936,140.8,2025-07-15,2025
2025-07-17 12:05:00-04:00,2025-07-17 12:06:00-04:00,SHORT,23255.75,23261.0,23250.5,5.25,TARGET,1.0,0.8647619047619047,90.8,2025-07-16,2025
2025-07-17 12:55:00-04:00,2025-07-17 13:28:00-04:00,SHORT,23254.0,23265.75,23242.25,11.75,TARGET,1.0,0.9395744680851064,220.79999999999998,2025-07-16,2025
2025-07-18 13:35:00-04:00,2025-07-18 13:35:00-04:00,SHORT,23217.0,23223.25,23210.75,6.25,TARGET,1.0,0.8864,110.8,2025-07-17,2025
2025-07-18 15:00:00-04:00,2025-07-18 15:08:00-04:00,LONG,23203.5,23197.0,23210.0,6.5,TARGET,1.0,0.8907692307692308,115.8,2025-07-17,2025
2025-07-21 11:55:00-04:00,2025-07-21 11:55:00-04:00,LONG,23393.25,23392.0,23394.5,1.25,TARGET,1.0,0.43200000000000005,10.8,2025-07-20,2025
2025-07-21 13:40:00-04:00,2025-07-21 13:41:00-04:00,LONG,23414.75,23412.0,23417.5,2.75,TARGET,1.0,0.7418181818181818,40.8,2025-07-20,2025
2025-07-22 14:55:00-04:00,2025-07-22 14:58:00-04:00,SHORT,23248.75,23253.25,23244.25,4.5,STOP,-1.0,-1.1577777777777778,-104.2,2025-07-21,2025
2025-07-22 15:35:00-04:00,2025-07-22 15:35:00-04:00,SHORT,23242.25,23248.75,23235.75,6.5,STOP,-1.0,-1.1092307692307692,-144.2,2025-07-21,2025
2025-07-23 13:00:00-04:00,2025-07-23 13:03:00-04:00,SHORT,23228.25,23235.5,23221.0,7.25,STOP,-1.0,-1.0979310344827586,-159.2,2025-07-22,2025
2025-07-23 14:55:00-04:00,2025-07-23 15:08:00-04:00,SHORT,23297.0,23307.25,23286.75,10.25,TARGET,1.0,0.9307317073170732,190.8,2025-07-22,2025
2025-07-24 13:45:00-04:00,2025-07-24 13:48:00-04:00,LONG,23389.75,23383.5,23396.0,6.25,TARGET,1.0,0.8864,110.8,2025-07-23,2025
2025-07-24 14:35:00-04:00,2025-07-24 14:39:00-04:00,SHORT,23414.25,23421.5,23407.0,7.25,TARGET,1.0,0.9020689655172414,130.8,2025-07-23,2025
2025-07-25 13:30:00-04:00,2025-07-25 13:32:00-04:00,SHORT,23445.25,23452.5,23438.0,7.25,STOP,-1.0,-1.0979310344827586,-159.2,2025-07-24,2025
2025-07-25 14:40:00-04:00,2025-07-25 14:42:00-04:00,LONG,23449.5,23444.25,23454.75,5.25,TARGET,1.0,0.8647619047619047,90.8,2025-07-24,2025
2025-07-28 12:55:00-04:00,2025-07-28 13:02:00-04:00,LONG,23481.75,23473.75,23489.75,8.0,STOP,-1.0,-1.08875,-174.20000000000002,2025-07-27,2025
2025-07-28 14:40:00-04:00,2025-07-28 14:50:00-04:00,LONG,23455.75,23445.25,23466.25,10.5,TARGET,1.0,0.9323809523809524,195.8,2025-07-27,2025
2025-07-29 13:20:00-04:00,2025-07-29 13:21:00-04:00,SHORT,23513.0,23520.0,23506.0,7.0,TARGET,1.0,0.8985714285714286,125.8,2025-07-28,2025
2025-07-29 14:55:00-04:00,2025-07-29 14:56:00-04:00,LONG,23484.5,23478.25,23490.75,6.25,STOP,-1.0,-1.1136,-139.2,2025-07-28,2025
2025-07-30 12:15:00-04:00,2025-07-30 12:15:00-04:00,SHORT,23529.5,23532.5,23526.5,3.0,STOP,-1.0,-1.2366666666666666,-74.19999999999999,2025-07-29,2025
2025-07-30 12:55:00-04:00,2025-07-30 12:55:00-04:00,SHORT,23531.75,23537.5,23526.0,5.75,TARGET,1.0,0.8765217391304347,100.8,2025-07-29,2025
2025-07-31 12:20:00-04:00,2025-07-31 12:24:00-04:00,SHORT,23598.5,23604.25,23592.75,5.75,STOP,-1.0,-1.1234782608695653,-129.20000000000002,2025-07-30,2025
2025-08-01 13:20:00-04:00,2025-08-01 13:21:00-04:00,LONG,22855.75,22850.25,22861.25,5.5,TARGET,1.0,0.8709090909090909,95.8,2025-07-31,2025
2025-08-04 12:25:00-04:00,2025-08-04 12:27:00-04:00,SHORT,23267.75,23274.75,23260.75,7.0,STOP,-1.0,-1.1014285714285714,-154.2,2025-08-03,2025
2025-08-04 13:35:00-04:00,2025-08-04 13:38:00-04:00,SHORT,23278.75,23285.75,23271.75,7.0,TARGET,1.0,0.8985714285714286,125.8,2025-08-03,2025
2025-08-05 13:20:00-04:00,2025-08-05 13:20:00-04:00,SHORT,23190.0,23194.25,23185.75,4.25,TARGET,1.0,0.8329411764705883,70.80000000000001,2025-08-04,2025
2025-08-05 14:00:00-04:00,2025-08-05 14:02:00-04:00,SHORT,23241.0,23252.5,23229.5,11.5,TARGET,1.0,0.9382608695652174,215.79999999999998,2025-08-04,2025
2025-08-06 12:30:00-04:00,2025-08-06 12:30:00-04:00,LONG,23368.5,23358.75,23378.25,9.75,STOP,-1.0,-1.0728205128205128,-209.2,2025-08-05,2025
2025-08-06 13:25:00-04:00,2025-08-06 13:30:00-04:00,SHORT,23370.5,23378.5,23362.5,8.0,STOP,-1.0,-1.08875,-174.20000000000002,2025-08-05,2025
2025-08-08 14:00:00-04:00,2025-08-08 14:00:00-04:00,SHORT,23700.5,23704.0,23697.0,3.5,STOP,-1.0,-1.2028571428571428,-84.2,2025-08-07,2025
2025-08-08 15:10:00-04:00,2025-08-08 15:16:00-04:00,LONG,23708.25,23703.25,23713.25,5.0,TARGET,1.0,0.858,85.8,2025-08-07,2025
2025-08-11 13:20:00-04:00,2025-08-11 13:25:00-04:00,LONG,23734.75,23726.0,23743.5,8.75,STOP,-1.0,-1.0811428571428572,-189.20000000000002,2025-08-10,2025
2025-08-12 12:15:00-04:00,2025-08-12 12:17:00-04:00,LONG,23856.75,23845.75,23867.75,11.0,TARGET,1.0,0.9354545454545454,205.79999999999998,2025-08-11,2025
2025-08-12 13:00:00-04:00,2025-08-12 13:29:00-04:00,SHORT,23900.25,23911.25,23889.25,11.0,TARGET,1.0,0.9354545454545454,205.79999999999998,2025-08-11,2025
2025-08-13 14:25:00-04:00,2025-08-13 14:28:00-04:00,LONG,23933.25,23925.75,23940.75,7.5,STOP,-1.0,-1.0946666666666667,-164.2,2025-08-12,2025
2025-08-13 15:05:00-04:00,2025-08-13 15:20:00-04:00,LONG,23932.25,23921.5,23943.0,10.75,TARGET,1.0,0.933953488372093,200.8,2025-08-12,2025
2025-08-14 12:40:00-04:00,2025-08-14 12:42:00-04:00,SHORT,23908.25,23918.75,23897.75,10.5,TARGET,1.0,0.9323809523809524,195.8,2025-08-13,2025
2025-08-14 14:00:00-04:00,2025-08-14 14:00:00-04:00,SHORT,23963.0,23968.0,23958.0,5.0,TARGET,1.0,0.858,85.8,2025-08-13,2025
2025-08-15 13:50:00-04:00,2025-08-15 13:55:00-04:00,LONG,23807.75,23801.25,23814.25,6.5,TARGET,1.0,0.8907692307692308,115.8,2025-08-14,2025
2025-08-15 14:35:00-04:00,2025-08-15 14:35:00-04:00,SHORT,23823.75,23831.0,23816.5,7.25,TARGET,1.0,0.9020689655172414,130.8,2025-08-14,2025
2025-08-18 14:00:00-04:00,2025-08-18 14:00:00-04:00,SHORT,23761.25,23766.0,23756.5,4.75,TARGET,1.0,0.8505263157894737,80.8,2025-08-17,2025
2025-08-18 14:50:00-04:00,2025-08-18 14:50:00-04:00,SHORT,23782.75,23790.0,23775.5,7.25,STOP,-1.0,-1.0979310344827586,-159.2,2025-08-17,2025
2025-08-19 13:55:00-04:00,2025-08-19 13:55:00-04:00,LONG,23493.25,23487.5,23499.0,5.75,TARGET,1.0,0.8765217391304347,100.8,2025-08-18,2025
2025-08-19 14:35:00-04:00,2025-08-19 14:35:00-04:00,LONG,23466.5,23461.5,23471.5,5.0,TARGET,1.0,0.858,85.8,2025-08-18,2025
2025-08-20 13:55:00-04:00,2025-08-20 13:55:00-04:00,LONG,23281.5,23273.75,23289.25,7.75,STOP,-1.0,-1.0916129032258064,-169.2,2025-08-19,2025
2025-08-20 15:00:00-04:00,2025-08-20 15:00:00-04:00,LONG,23243.75,23239.25,23248.25,4.5,TARGET,1.0,0.8422222222222222,75.8,2025-08-19,2025
2025-08-21 14:25:00-04:00,2025-08-21 14:27:00-04:00,SHORT,23213.75,23220.0,23207.5,6.25,TARGET,1.0,0.8864,110.8,2025-08-20,2025
2025-08-21 15:20:00-04:00,2025-08-21 15:21:00-04:00,SHORT,23245.5,23253.25,23237.75,7.75,STOP,-1.0,-1.0916129032258064,-169.2,2025-08-20,2025
2025-08-22 14:10:00-04:00,2025-08-22 14:20:00-04:00,LONG,23605.0,23593.75,23616.25,11.25,STOP,-1.0,-1.0631111111111111,-239.2,2025-08-21,2025
2025-08-22 15:15:00-04:00,2025-08-22 15:16:00-04:00,LONG,23581.25,23571.5,23591.0,9.75,STOP,-1.0,-1.0728205128205128,-209.2,2025-08-21,2025
2025-08-25 12:35:00-04:00,2025-08-25 12:36:00-04:00,LONG,23596.0,23588.25,23603.75,7.75,TARGET,1.0,0.9083870967741936,140.8,2025-08-24,2025
2025-08-25 13:30:00-04:00,2025-08-25 13:35:00-04:00,LONG,23584.0,23573.0,23595.0,11.0,STOP,-1.0,-1.0645454545454545,-234.2,2025-08-24,2025
2025-08-26 12:45:00-04:00,2025-08-26 12:47:00-04:00,SHORT,23540.5,23550.75,23530.25,10.25,TARGET,1.0,0.9307317073170732,190.8,2025-08-25,2025
2025-08-26 14:40:00-04:00,2025-08-26 14:41:00-04:00,SHORT,23545.25,23549.75,23540.75,4.5,STOP,-1.0,-1.1577777777777778,-104.2,2025-08-25,2025
2025-08-27 13:35:00-04:00,2025-08-27 13:37:00-04:00,SHORT,23604.25,23609.25,23599.25,5.0,STOP,-1.0,-1.142,-114.19999999999999,2025-08-26,2025
2025-08-27 14:40:00-04:00,2025-08-27 14:41:00-04:00,LONG,23644.75,23641.5,23648.0,3.25,STOP,-1.0,-1.2184615384615385,-79.2,2025-08-26,2025
2025-08-28 14:20:00-04:00,2025-08-28 14:22:00-04:00,LONG,23767.0,23761.0,23773.0,6.0,TARGET,1.0,0.8816666666666667,105.80000000000001,2025-08-27,2025
2025-08-28 15:10:00-04:00,2025-08-28 15:17:00-04:00,LONG,23787.75,23776.75,23798.75,11.0,STOP,-1.0,-1.0645454545454545,-234.2,2025-08-27,2025
2025-08-29 13:45:00-04:00,2025-08-29 13:45:00-04:00,SHORT,23441.0,23447.0,23435.0,6.0,STOP,-1.0,-1.1183333333333334,-134.20000000000002,2025-08-28,2025
2025-08-29 15:05:00-04:00,2025-08-29 15:05:00-04:00,SHORT,23458.75,23463.25,23454.25,4.5,STOP,-1.0,-1.1577777777777778,-104.2,2025-08-28,2025
2025-09-01 10:15:00-04:00,2025-09-01 10:20:00-04:00,LONG,23486.25,23481.75,23490.75,4.5,STOP,-1.0,-1.1577777777777778,-104.2,2025-08-31,2025
2025-09-01 12:30:00-04:00,2025-09-01 12:31:00-04:00,SHORT,23487.5,23491.75,23483.25,4.25,STOP,-1.0,-1.1670588235294117,-99.19999999999999,2025-08-31,2025
2025-09-02 12:15:00-04:00,2025-09-02 12:15:00-04:00,SHORT,23061.0,23069.25,23052.75,8.25,STOP,-1.0,-1.086060606060606,-179.2,2025-09-01,2025
2025-09-02 13:15:00-04:00,2025-09-02 13:19:00-04:00,LONG,23116.0,23104.0,23128.0,12.0,TARGET,1.0,0.9408333333333333,225.79999999999998,2025-09-01,2025
2025-09-03 14:25:00-04:00,2025-09-03 14:25:00-04:00,LONG,23338.25,23329.75,23346.75,8.5,TARGET,1.0,0.9164705882352941,155.8,2025-09-02,2025
2025-09-03 15:30:00-04:00,2025-09-03 15:30:00-04:00,SHORT,23353.75,23361.0,23346.5,7.25,STOP,-1.0,-1.0979310344827586,-159.2,2025-09-02,2025
2025-09-04 13:30:00-04:00,2025-09-04 13:30:00-04:00,SHORT,23575.25,23580.5,23570.0,5.25,TARGET,1.0,0.8647619047619047,90.8,2025-09-03,2025
2025-09-04 14:40:00-04:00,2025-09-04 14:41:00-04:00,SHORT,23613.25,23619.75,23606.75,6.5,STOP,-1.0,-1.1092307692307692,-144.2,2025-09-03,2025
2025-09-05 13:30:00-04:00,2025-09-05 13:30:00-04:00,LONG,23634.5,23628.75,23640.25,5.75,STOP,-1.0,-1.1234782608695653,-129.20000000000002,2025-09-04,2025
2025-09-05 15:25:00-04:00,2025-09-05 15:25:00-04:00,SHORT,23687.25,23692.25,23682.25,5.0,STOP,-1.0,-1.142,-114.19999999999999,2025-09-04,2025
2025-09-08 13:45:00-04:00,2025-09-08 13:48:00-04:00,LONG,23803.5,23792.0,23815.0,11.5,STOP,-1.0,-1.0617391304347825,-244.2,2025-09-07,2025
2025-09-08 15:05:00-04:00,2025-09-08 15:11:00-04:00,LONG,23791.5,23783.0,23800.0,8.5,STOP,-1.0,-1.0835294117647059,-184.2,2025-09-07,2025
2025-09-09 12:45:00-04:00,2025-09-09 12:49:00-04:00,SHORT,23812.0,23822.75,23801.25,10.75,STOP,-1.0,-1.066046511627907,-229.2,2025-09-08,2025
2025-09-09 13:40:00-04:00,2025-09-09 13:40:00-04:00,LONG,23837.25,23827.25,23847.25,10.0,STOP,-1.0,-1.071,-214.2,2025-09-08,2025
2025-09-11 12:35:00-04:00,2025-09-11 12:35:00-04:00,LONG,24025.0,24022.0,24028.0,3.0,STOP,-1.0,-1.2366666666666666,-74.19999999999999,2025-09-10,2025
2025-09-11 13:40:00-04:00,2025-09-11 13:40:00-04:00,SHORT,24024.0,24031.0,24017.0,7.0,STOP,-1.0,-1.1014285714285714,-154.2,2025-09-10,2025
2025-09-12 12:45:00-04:00,2025-09-12 12:45:00-04:00,LONG,24101.0,24095.5,24106.5,5.5,TARGET,1.0,0.8709090909090909,95.8,2025-09-11,2025
2025-09-12 14:30:00-04:00,2025-09-12 14:33:00-04:00,SHORT,24122.0,24126.75,24117.25,4.75,STOP,-1.0,-1.1494736842105264,-109.20000000000002,2025-09-11,2025
2025-09-15 12:55:00-04:00,2025-09-15 12:57:00-04:00,LONG,24514.75,24509.0,24520.5,5.75,STOP,-1.0,-1.1234782608695653,-129.20000000000002,2025-09-14,2025
2025-09-15 13:35:00-04:00,2025-09-15 13:40:00-04:00,LONG,24499.25,24490.0,24508.5,9.25,TARGET,1.0,0.9232432432432433,170.8,2025-09-14,2025
2025-09-16 13:00:00-04:00,2025-09-16 13:02:00-04:00,SHORT,24523.75,24533.25,24514.25,9.5,STOP,-1.0,-1.0747368421052632,-204.20000000000002,2025-09-15,2025
2025-09-16 13:55:00-04:00,2025-09-16 14:47:00-04:00,LONG,24533.0,24521.5,24544.5,11.5,TARGET,1.0,0.9382608695652174,215.79999999999998,2025-09-15,2025
2025-09-17 12:10:00-04:00,2025-09-17 12:10:00-04:00,LONG,24403.0,24398.25,24407.75,4.75,STOP,-1.0,-1.1494736842105264,-109.20000000000002,2025-09-16,2025
2025-09-18 12:55:00-04:00,2025-09-18 13:01:00-04:00,SHORT,24786.0,24793.75,24778.25,7.75,STOP,-1.0,-1.0916129032258064,-169.2,2025-09-17,2025
2025-09-18 14:00:00-04:00,2025-09-18 14:04:00-04:00,LONG,24734.5,24723.0,24746.0,11.5,TARGET,1.0,0.9382608695652174,215.79999999999998,2025-09-17,2025
2025-09-19 13:25:00-04:00,2025-09-19 13:27:00-04:00,LONG,24807.25,24797.75,24816.75,9.5,STOP,-1.0,-1.0747368421052632,-204.20000000000002,2025-09-18,2025
2025-09-19 14:05:00-04:00,2025-09-19 14:25:00-04:00,LONG,24820.0,24808.0,24832.0,12.0,STOP,-1.0,-1.0591666666666666,-254.2,2025-09-18,2025
2025-09-22 12:55:00-04:00,2025-09-22 13:13:00-04:00,SHORT,24988.5,24995.0,24982.0,6.5,TARGET,1.0,0.8907692307692308,115.8,2025-09-21,2025
2025-09-22 14:00:00-04:00,2025-09-22 14:05:00-04:00,LONG,24988.5,24982.25,24994.75,6.25,TARGET,1.0,0.8864,110.8,2025-09-21,2025
2025-09-24 13:05:00-04:00,2025-09-24 13:07:00-04:00,SHORT,24694.0,24701.5,24686.5,7.5,STOP,-1.0,-1.0946666666666667,-164.2,2025-09-23,2025
2025-09-24 14:10:00-04:00,2025-09-24 14:10:00-04:00,LONG,24703.0,24700.25,24705.75,2.75,STOP,-1.0,-1.2581818181818183,-69.2,2025-09-23,2025
2025-09-25 13:10:00-04:00,2025-09-25 13:11:00-04:00,SHORT,24633.5,24642.5,24624.5,9.0,TARGET,1.0,0.9211111111111111,165.8,2025-09-24,2025
2025-09-25 15:15:00-04:00,2025-09-25 15:15:00-04:00,LONG,24616.0,24611.5,24620.5,4.5,TARGET,1.0,0.8422222222222222,75.8,2025-09-24,2025
2025-09-26 13:45:00-04:00,2025-09-26 13:46:00-04:00,LONG,24699.0,24690.75,24707.25,8.25,STOP,-1.0,-1.086060606060606,-179.2,2025-09-25,2025
2025-09-26 15:05:00-04:00,2025-09-26 15:09:00-04:00,SHORT,24722.25,24730.75,24713.75,8.5,TARGET,1.0,0.9164705882352941,155.8,2025-09-25,2025
2025-09-29 12:50:00-04:00,2025-09-29 12:53:00-04:00,LONG,24842.5,24833.0,24852.0,9.5,STOP,-1.0,-1.0747368421052632,-204.20000000000002,2025-09-28,2025
2025-09-29 13:30:00-04:00,2025-09-29 13:32:00-04:00,SHORT,24832.0,24841.75,24822.25,9.75,TARGET,1.0,0.9271794871794872,180.8,2025-09-28,2025
2025-09-30 12:55:00-04:00,2025-09-30 12:56:00-04:00,LONG,24795.5,24790.75,24800.25,4.75,STOP,-1.0,-1.1494736842105264,-109.20000000000002,2025-09-29,2025
2025-09-30 13:45:00-04:00,2025-09-30 13:45:00-04:00,SHORT,24751.0,24761.75,24740.25,10.75,STOP,-1.0,-1.066046511627907,-229.2,2025-09-29,2025
2025-10-01 12:00:00-04:00,2025-10-01 12:00:00-04:00,SHORT,24931.5,24939.0,24924.0,7.5,STOP,-1.0,-1.0946666666666667,-164.2,2025-09-30,2025
2025-10-01 12:50:00-04:00,2025-10-01 12:58:00-04:00,LONG,24940.5,24929.75,24951.25,10.75,TARGET,1.0,0.933953488372093,200.8,2025-09-30,2025
2025-10-02 12:25:00-04:00,2025-10-02 12:41:00-04:00,SHORT,25060.5,25071.5,25049.5,11.0,TARGET,1.0,0.9354545454545454,205.79999999999998,2025-10-01,2025
2025-10-02 13:15:00-04:00,2025-10-02 13:15:00-04:00,SHORT,25078.5,25081.25,25075.75,2.75,STOP,-1.0,-1.2581818181818183,-69.2,2025-10-01,2025
2025-10-03 15:35:00-04:00,2025-10-03 15:36:00-04:00,SHORT,25012.0,25018.0,25006.0,6.0,STOP,-1.0,-1.1183333333333334,-134.20000000000002,2025-10-02,2025
2025-10-06 11:25:00-04:00,2025-10-06 11:26:00-04:00,LONG,25161.5,25153.5,25169.5,8.0,TARGET,1.0,0.91125,145.8,2025-10-05,2025
2025-10-06 13:00:00-04:00,2025-10-06 13:00:00-04:00,SHORT,25202.5,25205.25,25199.75,2.75,TARGET,1.0,0.7418181818181818,40.8,2025-10-05,2025
2025-10-07 15:15:00-04:00,2025-10-07 15:19:00-04:00,LONG,25040.0,25032.5,25047.5,7.5,TARGET,1.0,0.9053333333333333,135.8,2025-10-06,2025
2025-10-08 11:50:00-04:00,2025-10-08 11:50:00-04:00,SHORT,25245.0,25249.5,25240.5,4.5,STOP,-1.0,-1.1577777777777778,-104.2,2025-10-07,2025
2025-10-08 12:55:00-04:00,2025-10-08 12:55:00-04:00,LONG,25236.25,25233.0,25239.5,3.25,TARGET,1.0,0.7815384615384615,50.8,2025-10-07,2025
2025-10-09 14:50:00-04:00,2025-10-09 14:52:00-04:00,SHORT,25221.25,25228.75,25213.75,7.5,TARGET,1.0,0.9053333333333333,135.8,2025-10-08,2025
2025-10-09 15:30:00-04:00,2025-10-09 15:36:00-04:00,SHORT,25265.25,25271.25,25259.25,6.0,STOP,-1.0,-1.1183333333333334,-134.20000000000002,2025-10-08,2025
2025-10-13 12:15:00-04:00,2025-10-13 12:15:00-04:00,SHORT,24901.75,24906.75,24896.75,5.0,STOP,-1.0,-1.142,-114.19999999999999,2025-10-12,2025
2025-10-13 13:40:00-04:00,2025-10-13 13:40:00-04:00,LONG,24898.75,24892.25,24905.25,6.5,STOP,-1.0,-1.1092307692307692,-144.2,2025-10-12,2025
2025-10-14 13:30:00-04:00,2025-10-14 13:32:00-04:00,SHORT,24927.5,24938.5,24916.5,11.0,TARGET,1.0,0.9354545454545454,205.79999999999998,2025-10-13,2025
2025-10-14 14:30:00-04:00,2025-10-14 14:31:00-04:00,SHORT,24915.0,24926.0,24904.0,11.0,STOP,-1.0,-1.0645454545454545,-234.2,2025-10-13,2025
2025-10-15 14:40:00-04:00,2025-10-15 14:40:00-04:00,SHORT,24922.75,24928.0,24917.5,5.25,STOP,-1.0,-1.1352380952380952,-119.19999999999999,2025-10-14,2025
2025-10-16 15:45:00-04:00,2025-10-16 15:45:00-04:00,SHORT,24774.0,24782.75,24765.25,8.75,STOP,-1.0,-1.0811428571428572,-189.20000000000002,2025-10-15,2025
2025-10-17 12:30:00-04:00,2025-10-17 12:30:00-04:00,SHORT,24949.0,24957.25,24940.75,8.25,STOP,-1.0,-1.086060606060606,-179.2,2025-10-16,2025
2025-10-17 13:45:00-04:00,2025-10-17 13:45:00-04:00,LONG,24854.25,24847.0,24861.5,7.25,STOP,-1.0,-1.0979310344827586,-159.2,2025-10-16,2025
2025-10-20 11:40:00-04:00,2025-10-20 11:46:00-04:00,LONG,25317.0,25307.0,25327.0,10.0,STOP,-1.0,-1.071,-214.2,2025-10-19,2025
2025-10-20 13:00:00-04:00,2025-10-20 13:01:00-04:00,SHORT,25314.25,25320.0,25308.5,5.75,STOP,-1.0,-1.1234782608695653,-129.20000000000002,2025-10-19,2025
2025-10-21 12:30:00-04:00,2025-10-21 12:30:00-04:00,SHORT,25336.25,25338.0,25334.5,1.75,STOP,-1.0,-1.4057142857142857,-49.2,2025-10-20,2025
2025-10-21 13:55:00-04:00,2025-10-21 13:55:00-04:00,SHORT,25301.25,25308.25,25294.25,7.0,STOP,-1.0,-1.1014285714285714,-154.2,2025-10-20,2025
2025-10-22 15:30:00-04:00,2025-10-22 15:30:00-04:00,SHORT,25009.5,25018.0,25001.0,8.5,STOP,-1.0,-1.0835294117647059,-184.2,2025-10-21,2025
2025-10-23 12:20:00-04:00,2025-10-23 12:22:00-04:00,SHORT,25218.25,25227.25,25209.25,9.0,TARGET,1.0,0.9211111111111111,165.8,2025-10-22,2025
2025-10-23 13:05:00-04:00,2025-10-23 13:07:00-04:00,SHORT,25238.25,25249.0,25227.5,10.75,TARGET,1.0,0.933953488372093,200.8,2025-10-22,2025
2025-10-24 12:45:00-04:00,2025-10-24 12:46:00-04:00,LONG,25527.5,25519.5,25535.5,8.0,TARGET,1.0,0.91125,145.8,2025-10-23,2025
2025-10-24 14:35:00-04:00,2025-10-24 14:45:00-04:00,LONG,25547.25,25537.75,25556.75,9.5,STOP,-1.0,-1.0747368421052632,-204.20000000000002,2025-10-23,2025
2025-10-27 12:25:00-04:00,2025-10-27 12:36:00-04:00,LONG,25904.75,25896.5,25913.0,8.25,TARGET,1.0,0.9139393939393939,150.8,2025-10-26,2025
2025-10-27 13:15:00-04:00,2025-10-27 13:21:00-04:00,LONG,25908.75,25897.0,25920.5,11.75,STOP,-1.0,-1.0604255319148936,-249.20000000000002,2025-10-26,2025
2025-10-28 14:00:00-04:00,2025-10-28 14:02:00-04:00,SHORT,26153.5,26158.75,26148.25,5.25,TARGET,1.0,0.8647619047619047,90.8,2025-10-27,2025
2025-10-28 14:55:00-04:00,2025-10-28 14:59:00-04:00,SHORT,26187.25,26195.75,26178.75,8.5,STOP,-1.0,-1.0835294117647059,-184.2,2025-10-27,2025
2025-10-29 12:45:00-04:00,2025-10-29 12:45:00-04:00,SHORT,26254.75,26259.75,26249.75,5.0,STOP,-1.0,-1.142,-114.19999999999999,2025-10-28,2025
2025-10-30 13:00:00-04:00,2025-10-30 13:00:00-04:00,SHORT,26073.25,26081.0,26065.5,7.75,TARGET,1.0,0.9083870967741936,140.8,2025-10-29,2025
2025-10-30 13:55:00-04:00,2025-10-30 13:56:00-04:00,SHORT,26068.75,26076.0,26061.5,7.25,TARGET,1.0,0.9020689655172414,130.8,2025-10-29,2025
2025-10-31 11:15:00-04:00,2025-10-31 11:15:00-04:00,SHORT,26169.5,26175.75,26163.25,6.25,STOP,-1.0,-1.1136,-139.2,2025-10-30,2025
2025-10-31 14:05:00-04:00,2025-10-31 14:06:00-04:00,SHORT,25978.0,25985.5,25970.5,7.5,TARGET,1.0,0.9053333333333333,135.8,2025-10-30,2025
2025-11-03 12:55:00-05:00,2025-11-03 12:57:00-05:00,SHORT,26145.5,26157.5,26133.5,12.0,STOP,-1.0,-1.0591666666666666,-254.2,2025-11-02,2025
2025-11-03 13:35:00-05:00,2025-11-03 13:47:00-05:00,SHORT,26154.5,26166.5,26142.5,12.0,TARGET,1.0,0.9408333333333333,225.79999999999998,2025-11-02,2025
2025-11-05 13:00:00-05:00,2025-11-05 13:15:00-05:00,LONG,25811.75,25801.0,25822.5,10.75,TARGET,1.0,0.933953488372093,200.8,2025-11-04,2025
2025-11-05 15:10:00-05:00,2025-11-05 15:20:00-05:00,LONG,25857.25,25848.0,25866.5,9.25,STOP,-1.0,-1.0767567567567569,-199.20000000000002,2025-11-04,2025
2025-11-06 14:05:00-05:00,2025-11-06 14:05:00-05:00,SHORT,25366.25,25368.25,25364.25,2.0,STOP,-1.0,-1.355,-54.2,2025-11-05,2025
2025-11-07 13:20:00-05:00,2025-11-07 13:20:00-05:00,SHORT,24876.25,24882.25,24870.25,6.0,STOP,-1.0,-1.1183333333333334,-134.20000000000002,2025-11-06,2025
2025-11-10 13:15:00-05:00,2025-11-10 13:16:00-05:00,SHORT,25647.75,25655.5,25640.0,7.75,STOP,-1.0,-1.0916129032258064,-169.2,2025-11-09,2025
2025-11-10 14:20:00-05:00,2025-11-10 14:21:00-05:00,SHORT,25673.5,25677.5,25669.5,4.0,TARGET,1.0,0.8225,65.8,2025-11-09,2025
2025-11-11 12:45:00-05:00,2025-11-11 12:45:00-05:00,SHORT,25584.5,25586.5,25582.5,2.0,STOP,-1.0,-1.355,-54.2,2025-11-10,2025
2025-11-11 14:45:00-05:00,2025-11-11 14:45:00-05:00,LONG,25654.0,25650.5,25657.5,3.5,STOP,-1.0,-1.2028571428571428,-84.2,2025-11-10,2025
2025-11-13 13:10:00-05:00,2025-11-13 13:10:00-05:00,LONG,25129.75,25124.75,25134.75,5.0,STOP,-1.0,-1.142,-114.19999999999999,2025-11-12,2025
2025-11-13 14:15:00-05:00,2025-11-13 14:17:00-05:00,LONG,25027.25,25017.5,25037.0,9.75,TARGET,1.0,0.9271794871794872,180.8,2025-11-12,2025
2025-11-14 11:45:00-05:00,2025-11-14 11:45:00-05:00,LONG,25213.25,25202.0,25224.5,11.25,STOP,-1.0,-1.0631111111111111,-239.2,2025-11-13,2025
2025-11-14 12:40:00-05:00,2025-11-14 12:40:00-05:00,SHORT,25278.0,25285.0,25271.0,7.0,TARGET,1.0,0.8985714285714286,125.8,2025-11-13,2025
2025-11-17 13:35:00-05:00,2025-11-17 13:37:00-05:00,LONG,24967.25,24957.5,24977.0,9.75,TARGET,1.0,0.9271794871794872,180.8,2025-11-16,2025
2025-11-18 13:35:00-05:00,2025-11-18 13:35:00-05:00,SHORT,24776.5,24788.5,24764.5,12.0,TARGET,1.0,0.9408333333333333,225.79999999999998,2025-11-17,2025
2025-11-19 14:25:00-05:00,2025-11-19 14:25:00-05:00,LONG,24636.5,24627.75,24645.25,8.75,STOP,-1.0,-1.0811428571428572,-189.20000000000002,2025-11-18,2025
2025-11-24 13:50:00-05:00,2025-11-24 14:02:00-05:00,SHORT,24932.0,24941.25,24922.75,9.25,STOP,-1.0,-1.0767567567567569,-199.20000000000002,2025-11-23,2025
2025-11-25 11:50:00-05:00,2025-11-25 11:50:00-05:00,LONG,24850.5,24839.25,24861.75,11.25,TARGET,1.0,0.9368888888888889,210.8,2025-11-24,2025
2025-11-25 13:35:00-05:00,2025-11-25 13:36:00-05:00,SHORT,25022.0,25029.0,25015.0,7.0,TARGET,1.0,0.8985714285714286,125.8,2025-11-24,2025
2025-11-26 13:00:00-05:00,2025-11-26 13:01:00-05:00,LONG,25339.0,25332.0,25346.0,7.0,TARGET,1.0,0.8985714285714286,125.8,2025-11-25,2025
2025-11-26 15:40:00-05:00,2025-11-26 15:40:00-05:00,LONG,25334.5,25330.25,25338.75,4.25,STOP,-1.0,-1.1670588235294117,-99.19999999999999,2025-11-25,2025
2025-11-27 11:45:00-05:00,2025-11-27 11:48:00-05:00,LONG,25298.5,25295.5,25301.5,3.0,STOP,-1.0,-1.2366666666666666,-74.19999999999999,2025-11-26,2025
2025-11-27 12:40:00-05:00,2025-11-27 12:45:00-05:00,SHORT,25297.5,25302.75,25292.25,5.25,STOP,-1.0,-1.1352380952380952,-119.19999999999999,2025-11-26,2025
2025-11-28 12:35:00-05:00,2025-11-28 12:35:00-05:00,LONG,25415.25,25407.5,25423.0,7.75,TARGET,1.0,0.9083870967741936,140.8,2025-11-27,2025
2025-12-01 13:40:00-05:00,2025-12-01 13:41:00-05:00,SHORT,25470.25,25477.5,25463.0,7.25,TARGET,1.0,0.9020689655172414,130.8,2025-11-30,2025
2025-12-02 14:40:00-05:00,2025-12-02 14:42:00-05:00,SHORT,25603.5,25611.5,25595.5,8.0,TARGET,1.0,0.91125,145.8,2025-12-01,2025
2025-12-02 15:30:00-05:00,2025-12-02 15:30:00-05:00,SHORT,25633.25,25639.0,25627.5,5.75,STOP,-1.0,-1.1234782608695653,-129.20000000000002,2025-12-01,2025
2025-12-03 12:50:00-05:00,2025-12-03 12:50:00-05:00,SHORT,25625.25,25629.5,25621.0,4.25,TARGET,1.0,0.8329411764705883,70.80000000000001,2025-12-02,2025
2025-12-03 13:35:00-05:00,2025-12-03 13:35:00-05:00,SHORT,25633.25,25639.25,25627.25,6.0,STOP,-1.0,-1.1183333333333334,-134.20000000000002,2025-12-02,2025
2025-12-04 13:00:00-05:00,2025-12-04 13:02:00-05:00,SHORT,25617.5,25623.0,25612.0,5.5,TARGET,1.0,0.8709090909090909,95.8,2025-12-03,2025
2025-12-04 13:50:00-05:00,2025-12-04 13:50:00-05:00,LONG,25597.25,25592.0,25602.5,5.25,TARGET,1.0,0.8647619047619047,90.8,2025-12-03,2025
2025-12-05 13:20:00-05:00,2025-12-05 13:20:00-05:00,LONG,25722.75,25713.75,25731.75,9.0,STOP,-1.0,-1.0788888888888888,-194.2,2025-12-04,2025
2025-12-05 14:05:00-05:00,2025-12-05 14:05:00-05:00,LONG,25720.5,25714.5,25726.5,6.0,STOP,-1.0,-1.1183333333333334,-134.20000000000002,2025-12-04,2025
2025-12-08 12:50:00-05:00,2025-12-08 12:50:00-05:00,SHORT,25640.0,25643.5,25636.5,3.5,STOP,-1.0,-1.2028571428571428,-84.2,2025-12-07,2025
2025-12-08 14:35:00-05:00,2025-12-08 14:35:00-05:00,SHORT,25609.0,25612.5,25605.5,3.5,STOP,-1.0,-1.2028571428571428,-84.2,2025-12-07,2025
2025-12-09 14:25:00-05:00,2025-12-09 14:36:00-05:00,SHORT,25710.5,25717.75,25703.25,7.25,TARGET,1.0,0.9020689655172414,130.8,2025-12-08,2025
2025-12-09 15:10:00-05:00,2025-12-09 15:15:00-05:00,SHORT,25706.75,25713.75,25699.75,7.0,TARGET,1.0,0.8985714285714286,125.8,2025-12-08,2025
2025-12-11 12:45:00-05:00,2025-12-11 12:47:00-05:00,SHORT,25639.75,25648.0,25631.5,8.25,TARGET,1.0,0.9139393939393939,150.8,2025-12-10,2025
2025-12-11 13:25:00-05:00,2025-12-11 13:26:00-05:00,SHORT,25633.75,25645.0,25622.5,11.25,TARGET,1.0,0.9368888888888889,210.8,2025-12-10,2025
2025-12-12 14:20:00-05:00,2025-12-12 14:20:00-05:00,LONG,25237.0,25231.5,25242.5,5.5,TARGET,1.0,0.8709090909090909,95.8,2025-12-11,2025
2025-12-15 13:45:00-05:00,2025-12-15 13:45:00-05:00,SHORT,25365.5,25373.25,25357.75,7.75,STOP,-1.0,-1.0916129032258064,-169.2,2025-12-14,2025
2025-12-15 14:35:00-05:00,2025-12-15 14:37:00-05:00,LONG,25379.5,25367.75,25391.25,11.75,STOP,-1.0,-1.0604255319148936,-249.20000000000002,2025-12-14,2025
2025-12-17 14:45:00-05:00,2025-12-17 14:45:00-05:00,SHORT,24958.75,24967.25,24950.25,8.5,STOP,-1.0,-1.0835294117647059,-184.2,2025-12-16,2025
2025-12-17 15:45:00-05:00,2025-12-17 15:45:00-05:00,SHORT,24969.25,24974.5,24964.0,5.25,TARGET,1.0,0.8647619047619047,90.8,2025-12-16,2025
2025-12-18 11:55:00-05:00,2025-12-18 11:56:00-05:00,SHORT,25402.5,25412.5,25392.5,10.0,TARGET,1.0,0.929,185.8,2025-12-17,2025
2025-12-18 13:40:00-05:00,2025-12-18 13:43:00-05:00,SHORT,25391.5,25402.75,25380.25,11.25,TARGET,1.0,0.9368888888888889,210.8,2025-12-17,2025
2025-12-19 13:40:00-05:00,2025-12-19 13:40:00-05:00,LONG,25565.5,25558.75,25572.25,6.75,STOP,-1.0,-1.1051851851851853,-149.20000000000002,2025-12-18,2025
2025-12-19 14:30:00-05:00,2025-12-19 14:33:00-05:00,SHORT,25577.5,25584.0,25571.0,6.5,STOP,-1.0,-1.1092307692307692,-144.2,2025-12-18,2025
2025-12-22 12:35:00-05:00,2025-12-22 12:35:00-05:00,LONG,25695.5,25692.25,25698.75,3.25,TARGET,1.0,0.7815384615384615,50.8,2025-12-21,2025
2025-12-22 14:10:00-05:00,2025-12-22 14:11:00-05:00,LONG,25684.25,25677.25,25691.25,7.0,STOP,-1.0,-1.1014285714285714,-154.2,2025-12-21,2025
2025-12-23 11:30:00-05:00,2025-12-23 11:36:00-05:00,SHORT,25743.5,25755.0,25732.0,11.5,TARGET,1.0,0.9382608695652174,215.79999999999998,2025-12-22,2025
2025-12-23 12:15:00-05:00,2025-12-23 12:32:00-05:00,SHORT,25769.25,25778.25,25760.25,9.0,TARGET,1.0,0.9211111111111111,165.8,2025-12-22,2025
2025-12-24 12:00:00-05:00,2025-12-24 12:14:00-05:00,LONG,25876.5,25871.5,25881.5,5.0,TARGET,1.0,0.858,85.8,2025-12-23,2025
2025-12-26 11:55:00-05:00,2025-12-26 11:57:00-05:00,LONG,25881.5,25873.0,25890.0,8.5,STOP,-1.0,-1.0835294117647059,-184.2,2025-12-25,2025
2025-12-26 12:55:00-05:00,2025-12-26 13:05:00-05:00,LONG,25869.75,25859.0,25880.5,10.75,TARGET,1.0,0.933953488372093,200.8,2025-12-25,2025
2025-12-29 12:25:00-05:00,2025-12-29 12:25:00-05:00,LONG,25674.5,25671.5,25677.5,3.0,STOP,-1.0,-1.2366666666666666,-74.19999999999999,2025-12-28,2025
2025-12-29 14:30:00-05:00,2025-12-29 14:31:00-05:00,SHORT,25710.5,25713.25,25707.75,2.75,STOP,-1.0,-1.2581818181818183,-69.2,2025-12-28,2025
2025-12-30 13:40:00-05:00,2025-12-30 13:40:00-05:00,LONG,25729.25,25725.5,25733.0,3.75,STOP,-1.0,-1.1893333333333334,-89.2,2025-12-29,2025
2025-12-30 14:35:00-05:00,2025-12-30 14:35:00-05:00,LONG,25732.25,25728.25,25736.25,4.0,STOP,-1.0,-1.1775,-94.2,2025-12-29,2025
2025-12-31 12:55:00-05:00,2025-12-31 12:55:00-05:00,LONG,25584.0,25575.0,25593.0,9.0,STOP,-1.0,-1.0788888888888888,-194.2,2025-12-30,2025
2025-12-31 13:40:00-05:00,2025-12-31 13:40:00-05:00,SHORT,25603.5,25608.5,25598.5,5.0,STOP,-1.0,-1.142,-114.19999999999999,2025-12-30,2025
2026-01-02 12:40:00-05:00,2026-01-02 12:40:00-05:00,LONG,25369.25,25360.5,25378.0,8.75,TARGET,1.0,0.9188571428571428,160.79999999999998,2026-01-01,2026
2026-01-02 14:30:00-05:00,2026-01-02 14:30:00-05:00,SHORT,25410.75,25420.5,25401.0,9.75,STOP,-1.0,-1.0728205128205128,-209.2,2026-01-01,2026
2026-01-05 12:50:00-05:00,2026-01-05 12:50:00-05:00,SHORT,25627.0,25635.5,25618.5,8.5,TARGET,1.0,0.9164705882352941,155.8,2026-01-04,2026
2026-01-05 13:50:00-05:00,2026-01-05 13:50:00-05:00,SHORT,25617.5,25626.0,25609.0,8.5,TARGET,1.0,0.9164705882352941,155.8,2026-01-04,2026
2026-01-06 13:10:00-05:00,2026-01-06 13:15:00-05:00,LONG,25755.5,25744.5,25766.5,11.0,TARGET,1.0,0.9354545454545454,205.79999999999998,2026-01-05,2026
2026-01-06 14:05:00-05:00,2026-01-06 14:22:00-05:00,SHORT,25799.0,25810.75,25787.25,11.75,STOP,-1.0,-1.0604255319148936,-249.20000000000002,2026-01-05,2026
2026-01-07 12:25:00-05:00,2026-01-07 12:25:00-05:00,SHORT,25986.0,25989.5,25982.5,3.5,TARGET,1.0,0.7971428571428572,55.8,2026-01-06,2026
2026-01-07 15:05:00-05:00,2026-01-07 15:10:00-05:00,LONG,25908.0,25898.0,25918.0,10.0,STOP,-1.0,-1.071,-214.2,2026-01-06,2026
2026-01-08 14:45:00-05:00,2026-01-08 14:49:00-05:00,LONG,25620.75,25612.5,25629.0,8.25,TARGET,1.0,0.9139393939393939,150.8,2026-01-07,2026
2026-01-09 12:30:00-05:00,2026-01-09 12:34:00-05:00,SHORT,25913.0,25923.0,25903.0,10.0,STOP,-1.0,-1.071,-214.2,2026-01-08,2026
2026-01-09 14:40:00-05:00,2026-01-09 14:46:00-05:00,LONG,25959.75,25951.75,25967.75,8.0,TARGET,1.0,0.91125,145.8,2026-01-08,2026
2026-01-12 12:15:00-05:00,2026-01-12 12:15:00-05:00,SHORT,25969.75,25974.5,25965.0,4.75,TARGET,1.0,0.8505263157894737,80.8,2026-01-11,2026
2026-01-12 13:40:00-05:00,2026-01-12 13:42:00-05:00,LONG,25984.0,25978.75,25989.25,5.25,STOP,-1.0,-1.1352380952380952,-119.19999999999999,2026-01-11,2026
2026-01-13 13:40:00-05:00,2026-01-13 13:40:00-05:00,SHORT,25896.75,25904.5,25889.0,7.75,TARGET,1.0,0.9083870967741936,140.8,2026-01-12,2026
2026-01-13 14:50:00-05:00,2026-01-13 14:51:00-05:00,LONG,25853.75,25843.75,25863.75,10.0,TARGET,1.0,0.929,185.8,2026-01-12,2026
2026-01-15 13:30:00-05:00,2026-01-15 13:30:00-05:00,SHORT,25896.5,25898.75,25894.25,2.25,STOP,-1.0,-1.3155555555555556,-59.2,2026-01-14,2026
2026-01-16 12:20:00-05:00,2026-01-16 12:20:00-05:00,LONG,25701.0,25699.0,25703.0,2.0,TARGET,1.0,0.645,25.8,2026-01-15,2026
2026-01-16 13:45:00-05:00,2026-01-16 13:51:00-05:00,LONG,25719.0,25710.0,25728.0,9.0,STOP,-1.0,-1.0788888888888888,-194.2,2026-01-15,2026
2026-01-19 12:30:00-05:00,2026-01-19 12:30:00-05:00,SHORT,25409.0,25412.0,25406.0,3.0,STOP,-1.0,-1.2366666666666666,-74.19999999999999,2026-01-18,2026
2026-01-20 13:15:00-05:00,2026-01-20 13:18:00-05:00,LONG,25284.25,25274.25,25294.25,10.0,STOP,-1.0,-1.071,-214.2,2026-01-19,2026
2026-01-20 15:40:00-05:00,2026-01-20 15:40:00-05:00,LONG,25116.5,25111.0,25122.0,5.5,TARGET,1.0,0.8709090909090909,95.8,2026-01-19,2026
2026-01-22 11:45:00-05:00,2026-01-22 11:45:00-05:00,SHORT,25681.5,25690.5,25672.5,9.0,STOP,-1.0,-1.0788888888888888,-194.2,2026-01-21,2026
2026-01-22 13:00:00-05:00,2026-01-22 13:03:00-05:00,SHORT,25711.75,25722.5,25701.0,10.75,STOP,-1.0,-1.066046511627907,-229.2,2026-01-21,2026
2026-01-23 12:40:00-05:00,2026-01-23 12:40:00-05:00,LONG,25774.5,25768.75,25780.25,5.75,STOP,-1.0,-1.1234782608695653,-129.20000000000002,2026-01-22,2026
2026-01-23 13:35:00-05:00,2026-01-23 13:35:00-05:00,LONG,25733.75,25724.75,25742.75,9.0,TARGET,1.0,0.9211111111111111,165.8,2026-01-22,2026
2026-01-26 12:55:00-05:00,2026-01-26 13:00:00-05:00,LONG,25893.0,25881.25,25904.75,11.75,STOP,-1.0,-1.0604255319148936,-249.20000000000002,2026-01-25,2026
2026-01-26 14:10:00-05:00,2026-01-26 14:10:00-05:00,SHORT,25907.0,25910.75,25903.25,3.75,STOP,-1.0,-1.1893333333333334,-89.2,2026-01-25,2026
2026-01-27 11:30:00-05:00,2026-01-27 11:30:00-05:00,LONG,26090.5,26087.5,26093.5,3.0,STOP,-1.0,-1.2366666666666666,-74.19999999999999,2026-01-26,2026
2026-01-27 13:55:00-05:00,2026-01-27 13:55:00-05:00,SHORT,26089.25,26091.5,26087.0,2.25,TARGET,1.0,0.6844444444444444,30.799999999999997,2026-01-26,2026
2026-01-28 12:50:00-05:00,2026-01-28 12:50:00-05:00,SHORT,26133.25,26140.25,26126.25,7.0,STOP,-1.0,-1.1014285714285714,-154.2,2026-01-27,2026
2026-01-28 13:45:00-05:00,2026-01-28 13:50:00-05:00,LONG,26155.25,26144.75,26165.75,10.5,TARGET,1.0,0.9323809523809524,195.8,2026-01-27,2026
2026-01-29 14:15:00-05:00,2026-01-29 14:16:00-05:00,SHORT,25876.0,25884.0,25868.0,8.0,TARGET,1.0,0.91125,145.8,2026-01-28,2026
2026-01-30 14:20:00-05:00,2026-01-30 14:20:00-05:00,LONG,25732.75,25724.0,25741.5,8.75,TARGET,1.0,0.9188571428571428,160.79999999999998,2026-01-29,2026
2026-02-02 12:45:00-05:00,2026-02-02 12:53:00-05:00,LONG,25912.0,25900.75,25923.25,11.25,TARGET,1.0,0.9368888888888889,210.8,2026-02-01,2026
2026-02-02 13:50:00-05:00,2026-02-02 13:50:00-05:00,SHORT,25931.75,25937.5,25926.0,5.75,TARGET,1.0,0.8765217391304347,100.8,2026-02-01,2026
2026-02-03 14:45:00-05:00,2026-02-03 14:45:00-05:00,LONG,25269.5,25261.75,25277.25,7.75,STOP,-1.0,-1.0916129032258064,-169.2,2026-02-02,2026
2026-02-04 15:40:00-05:00,2026-02-04 15:40:00-05:00,SHORT,25086.5,25090.5,25082.5,4.0,STOP,-1.0,-1.1775,-94.2,2026-02-03,2026
2026-02-05 13:50:00-05:00,2026-02-05 13:50:00-05:00,LONG,24694.5,24684.5,24704.5,10.0,STOP,-1.0,-1.071,-214.2,2026-02-04,2026
2026-02-05 14:50:00-05:00,2026-02-05 14:50:00-05:00,LONG,24692.0,24680.25,24703.75,11.75,STOP,-1.0,-1.0604255319148936,-249.20000000000002,2026-02-04,2026
2026-02-06 13:50:00-05:00,2026-02-06 13:50:00-05:00,SHORT,25103.25,25108.25,25098.25,5.0,STOP,-1.0,-1.142,-114.19999999999999,2026-02-05,2026
2026-02-06 15:25:00-05:00,2026-02-06 15:29:00-05:00,SHORT,25117.25,25127.5,25107.0,10.25,TARGET,1.0,0.9307317073170732,190.8,2026-02-05,2026
2026-02-09 12:45:00-05:00,2026-02-09 12:47:00-05:00,LONG,25380.25,25372.5,25388.0,7.75,STOP,-1.0,-1.0916129032258064,-169.2,2026-02-08,2026
2026-02-09 14:00:00-05:00,2026-02-09 14:02:00-05:00,LONG,25370.0,25363.0,25377.0,7.0,TARGET,1.0,0.8985714285714286,125.8,2026-02-08,2026
2026-02-10 12:40:00-05:00,2026-02-10 12:41:00-05:00,LONG,25361.5,25352.5,25370.5,9.0,TARGET,1.0,0.9211111111111111,165.8,2026-02-09,2026
2026-02-10 15:30:00-05:00,2026-02-10 15:30:00-05:00,LONG,25254.25,25243.5,25265.0,10.75,TARGET,1.0,0.933953488372093,200.8,2026-02-09,2026
2026-02-11 14:00:00-05:00,2026-02-11 14:01:00-05:00,SHORT,25302.0,25313.0,25291.0,11.0,TARGET,1.0,0.9354545454545454,205.79999999999998,2026-02-10,2026
2026-02-11 15:15:00-05:00,2026-02-11 15:16:00-05:00,LONG,25307.5,25296.5,25318.5,11.0,TARGET,1.0,0.9354545454545454,205.79999999999998,2026-02-10,2026
2026-02-13 12:55:00-05:00,2026-02-13 12:55:00-05:00,LONG,24955.5,24946.5,24964.5,9.0,STOP,-1.0,-1.0788888888888888,-194.2,2026-02-12,2026
2026-02-13 14:05:00-05:00,2026-02-13 14:05:00-05:00,LONG,24924.25,24920.5,24928.0,3.75,TARGET,1.0,0.8106666666666666,60.8,2026-02-12,2026
2026-02-17 14:25:00-05:00,2026-02-17 14:25:00-05:00,SHORT,24862.25,24867.75,24856.75,5.5,TARGET,1.0,0.8709090909090909,95.8,2026-02-16,2026
2026-02-17 15:10:00-05:00,2026-02-17 15:11:00-05:00,LONG,24808.75,24802.75,24814.75,6.0,STOP,-1.0,-1.1183333333333334,-134.20000000000002,2026-02-16,2026
2026-02-18 12:45:00-05:00,2026-02-18 12:46:00-05:00,LONG,25079.0,25069.25,25088.75,9.75,TARGET,1.0,0.9271794871794872,180.8,2026-02-17,2026
2026-02-19 14:25:00-05:00,2026-02-19 14:26:00-05:00,SHORT,24844.75,24849.75,24839.75,5.0,TARGET,1.0,0.858,85.8,2026-02-18,2026
2026-02-19 15:35:00-05:00,2026-02-19 15:41:00-05:00,SHORT,24807.0,24817.75,24796.25,10.75,TARGET,1.0,0.933953488372093,200.8,2026-02-18,2026
2026-02-20 14:20:00-05:00,2026-02-20 14:21:00-05:00,LONG,25060.5,25050.0,25071.0,10.5,TARGET,1.0,0.9323809523809524,195.8,2026-02-19,2026
2026-02-23 12:15:00-05:00,2026-02-23 12:15:00-05:00,LONG,24732.75,24724.75,24740.75,8.0,TARGET,1.0,0.91125,145.8,2026-02-22,2026
2026-02-23 14:40:00-05:00,2026-02-23 14:40:00-05:00,LONG,24710.25,24703.0,24717.5,7.25,STOP,-1.0,-1.0979310344827586,-159.2,2026-02-22,2026
2026-02-24 13:15:00-05:00,2026-02-24 13:15:00-05:00,LONG,25043.0,25038.25,25047.75,4.75,STOP,-1.0,-1.1494736842105264,-109.20000000000002,2026-02-23,2026
2026-02-24 14:10:00-05:00,2026-02-24 14:10:00-05:00,LONG,25024.25,25019.75,25028.75,4.5,STOP,-1.0,-1.1577777777777778,-104.2,2026-02-23,2026
2026-02-25 12:10:00-05:00,2026-02-25 12:11:00-05:00,SHORT,25326.75,25336.0,25317.5,9.25,STOP,-1.0,-1.0767567567567569,-199.20000000000002,2026-02-24,2026
2026-02-25 13:35:00-05:00,2026-02-25 13:40:00-05:00,LONG,25338.75,25333.75,25343.75,5.0,TARGET,1.0,0.858,85.8,2026-02-24,2026
2026-02-26 14:30:00-05:00,2026-02-26 14:30:00-05:00,LONG,25048.75,25039.75,25057.75,9.0,STOP,-1.0,-1.0788888888888888,-194.2,2026-02-25,2026
2026-02-27 14:35:00-05:00,2026-02-27 14:35:00-05:00,LONG,24900.0,24889.25,24910.75,10.75,TARGET,1.0,0.933953488372093,200.8,2026-02-26,2026
2026-03-02 12:40:00-05:00,2026-03-02 12:40:00-05:00,LONG,25034.25,25026.5,25042.0,7.75,STOP,-1.0,-1.0916129032258064,-169.2,2026-03-01,2026
2026-03-02 14:35:00-05:00,2026-03-02 14:36:00-05:00,SHORT,25086.25,25093.0,25079.5,6.75,STOP,-1.0,-1.1051851851851853,-149.20000000000002,2026-03-01,2026
2026-03-04 12:30:00-05:00,2026-03-04 12:30:00-05:00,LONG,25132.75,25130.5,25135.0,2.25,STOP,-1.0,-1.3155555555555556,-59.2,2026-03-03,2026
2026-03-04 14:15:00-05:00,2026-03-04 14:22:00-05:00,SHORT,25209.5,25218.25,25200.75,8.75,TARGET,1.0,0.9188571428571428,160.79999999999998,2026-03-03,2026
2026-03-05 14:20:00-05:00,2026-03-05 14:20:00-05:00,SHORT,24860.5,24863.0,24858.0,2.5,STOP,-1.0,-1.284,-64.2,2026-03-04,2026
2026-03-06 14:25:00-05:00,2026-03-06 14:25:00-05:00,LONG,24793.75,24786.5,24801.0,7.25,STOP,-1.0,-1.0979310344827586,-159.2,2026-03-05,2026
2026-03-09 12:25:00-04:00,2026-03-09 12:25:00-04:00,SHORT,24674.25,24682.0,24666.5,7.75,TARGET,1.0,0.9083870967741936,140.8,2026-03-08,2026
2026-03-11 13:15:00-04:00,2026-03-11 13:16:00-04:00,LONG,24994.25,24985.0,25003.5,9.25,TARGET,1.0,0.9232432432432433,170.8,2026-03-10,2026
2026-03-11 14:55:00-04:00,2026-03-11 14:55:00-04:00,SHORT,24963.0,24972.25,24953.75,9.25,STOP,-1.0,-1.0767567567567569,-199.20000000000002,2026-03-10,2026
2026-03-12 13:40:00-04:00,2026-03-12 13:40:00-04:00,SHORT,24682.0,24690.75,24673.25,8.75,STOP,-1.0,-1.0811428571428572,-189.20000000000002,2026-03-11,2026
2026-03-13 14:10:00-04:00,2026-03-13 14:11:00-04:00,SHORT,24390.5,24401.0,24380.0,10.5,STOP,-1.0,-1.0676190476190477,-224.20000000000002,2026-03-12,2026
2026-03-13 14:55:00-04:00,2026-03-13 14:55:00-04:00,SHORT,24464.25,24473.0,24455.5,8.75,TARGET,1.0,0.9188571428571428,160.79999999999998,2026-03-12,2026
2026-03-16 13:25:00-04:00,2026-03-16 13:28:00-04:00,SHORT,24931.25,24940.0,24922.5,8.75,TARGET,1.0,0.9188571428571428,160.79999999999998,2026-03-15,2026
2026-03-16 14:30:00-04:00,2026-03-16 14:31:00-04:00,SHORT,24933.75,24943.0,24924.5,9.25,TARGET,1.0,0.9232432432432433,170.8,2026-03-15,2026
2026-03-17 15:40:00-04:00,2026-03-17 15:40:00-04:00,LONG,25001.25,24997.25,25005.25,4.0,TARGET,1.0,0.8225,65.8,2026-03-16,2026
2026-03-18 11:50:00-04:00,2026-03-18 11:50:00-04:00,LONG,24881.75,24875.25,24888.25,6.5,TARGET,1.0,0.8907692307692308,115.8,2026-03-17,2026
2026-03-18 13:30:00-04:00,2026-03-18 13:30:00-04:00,SHORT,24831.75,24836.0,24827.5,4.25,STOP,-1.0,-1.1670588235294117,-99.19999999999999,2026-03-17,2026
2026-03-20 14:15:00-04:00,2026-03-20 14:16:00-04:00,LONG,24186.0,24175.25,24196.75,10.75,STOP,-1.0,-1.066046511627907,-229.2,2026-03-19,2026
2026-03-23 10:45:00-04:00,2026-03-23 10:45:00-04:00,LONG,24602.0,24595.5,24608.5,6.5,STOP,-1.0,-1.1092307692307692,-144.2,2026-03-22,2026
2026-03-23 15:05:00-04:00,2026-03-23 15:06:00-04:00,LONG,24499.0,24491.5,24506.5,7.5,TARGET,1.0,0.9053333333333333,135.8,2026-03-22,2026
2026-03-25 14:55:00-04:00,2026-03-25 14:55:00-04:00,LONG,24387.5,24382.0,24393.0,5.5,STOP,-1.0,-1.1290909090909091,-124.2,2026-03-24,2026
2026-03-26 12:50:00-04:00,2026-03-26 12:52:00-04:00,LONG,23981.5,23969.5,23993.5,12.0,TARGET,1.0,0.9408333333333333,225.79999999999998,2026-03-25,2026
2026-03-27 13:55:00-04:00,2026-03-27 13:56:00-04:00,LONG,23366.75,23358.0,23375.5,8.75,STOP,-1.0,-1.0811428571428572,-189.20000000000002,2026-03-26,2026
2026-03-27 15:10:00-04:00,2026-03-27 15:10:00-04:00,LONG,23318.25,23311.0,23325.5,7.25,STOP,-1.0,-1.0979310344827586,-159.2,2026-03-26,2026
2026-03-30 12:25:00-04:00,2026-03-30 12:26:00-04:00,LONG,23301.25,23293.0,23309.5,8.25,STOP,-1.0,-1.086060606060606,-179.2,2026-03-29,2026
2026-03-31 15:05:00-04:00,2026-03-31 15:05:00-04:00,SHORT,23869.0,23879.5,23858.5,10.5,TARGET,1.0,0.9323809523809524,195.8,2026-03-30,2026
2026-04-01 11:55:00-04:00,2026-04-01 11:55:00-04:00,SHORT,24300.5,24306.5,24294.5,6.0,STOP,-1.0,-1.1183333333333334,-134.20000000000002,2026-03-31,2026
2026-04-01 12:55:00-04:00,2026-04-01 12:55:00-04:00,SHORT,24325.25,24331.25,24319.25,6.0,TARGET,1.0,0.8816666666666667,105.80000000000001,2026-03-31,2026
2026-04-02 14:50:00-04:00,2026-04-02 14:50:00-04:00,SHORT,24144.0,24150.5,24137.5,6.5,TARGET,1.0,0.8907692307692308,115.8,2026-04-01,2026
2026-04-06 12:25:00-04:00,2026-04-06 12:26:00-04:00,SHORT,24306.75,24316.75,24296.75,10.0,STOP,-1.0,-1.071,-214.2,2026-04-05,2026
2026-04-06 14:55:00-04:00,2026-04-06 14:59:00-04:00,SHORT,24348.5,24354.75,24342.25,6.25,STOP,-1.0,-1.1136,-139.2,2026-04-05,2026
2026-04-07 13:20:00-04:00,2026-04-07 13:20:00-04:00,LONG,24194.5,24187.25,24201.75,7.25,STOP,-1.0,-1.0979310344827586,-159.2,2026-04-06,2026
2026-04-07 14:00:00-04:00,2026-04-07 14:03:00-04:00,LONG,24226.0,24215.0,24237.0,11.0,TARGET,1.0,0.9354545454545454,205.79999999999998,2026-04-06,2026
2026-04-08 13:15:00-04:00,2026-04-08 13:15:00-04:00,LONG,25123.75,25118.0,25129.5,5.75,TARGET,1.0,0.8765217391304347,100.8,2026-04-07,2026
2026-04-10 13:50:00-04:00,2026-04-10 13:50:00-04:00,SHORT,25254.25,25259.0,25249.5,4.75,STOP,-1.0,-1.1494736842105264,-109.20000000000002,2026-04-09,2026
2026-04-10 15:10:00-04:00,2026-04-10 15:11:00-04:00,SHORT,25274.5,25280.25,25268.75,5.75,STOP,-1.0,-1.1234782608695653,-129.20000000000002,2026-04-09,2026
2026-04-13 13:40:00-04:00,2026-04-13 13:45:00-04:00,LONG,25424.75,25415.75,25433.75,9.0,STOP,-1.0,-1.0788888888888888,-194.2,2026-04-12,2026
2026-04-13 15:15:00-04:00,2026-04-13 15:17:00-04:00,LONG,25437.75,25430.5,25445.0,7.25,TARGET,1.0,0.9020689655172414,130.8,2026-04-12,2026
2026-04-14 14:10:00-04:00,2026-04-14 14:10:00-04:00,LONG,25954.5,25949.0,25960.0,5.5,STOP,-1.0,-1.1290909090909091,-124.2,2026-04-13,2026
2026-04-15 15:50:00-04:00,2026-04-15 15:50:00-04:00,LONG,26337.75,26328.75,26346.75,9.0,TARGET,1.0,0.9211111111111111,165.8,2026-04-14,2026
2026-04-16 12:25:00-04:00,2026-04-16 12:27:00-04:00,LONG,26530.0,26521.5,26538.5,8.5,TARGET,1.0,0.9164705882352941,155.8,2026-04-15,2026
2026-04-16 15:35:00-04:00,2026-04-16 15:35:00-04:00,SHORT,26458.25,26465.5,26451.0,7.25,STOP,-1.0,-1.0979310344827586,-159.2,2026-04-15,2026
2026-04-17 12:40:00-04:00,2026-04-17 12:42:00-04:00,SHORT,26873.75,26885.25,26862.25,11.5,TARGET,1.0,0.9382608695652174,215.79999999999998,2026-04-16,2026
2026-04-17 14:05:00-04:00,2026-04-17 14:05:00-04:00,LONG,26796.25,26788.0,26804.5,8.25,STOP,-1.0,-1.086060606060606,-179.2,2026-04-16,2026
2026-04-20 12:10:00-04:00,2026-04-20 12:10:00-04:00,SHORT,26666.25,26675.5,26657.0,9.25,STOP,-1.0,-1.0767567567567569,-199.20000000000002,2026-04-19,2026
2026-04-20 13:10:00-04:00,2026-04-20 13:10:00-04:00,SHORT,26689.5,26693.25,26685.75,3.75,TARGET,1.0,0.8106666666666666,60.8,2026-04-19,2026
2026-04-21 12:25:00-04:00,2026-04-21 12:25:00-04:00,LONG,26721.75,26713.0,26730.5,8.75,STOP,-1.0,-1.0811428571428572,-189.20000000000002,2026-04-20,2026
2026-04-22 12:30:00-04:00,2026-04-22 12:30:00-04:00,LONG,26973.5,26970.0,26977.0,3.5,STOP,-1.0,-1.2028571428571428,-84.2,2026-04-21,2026
2026-04-22 13:45:00-04:00,2026-04-22 13:45:00-04:00,SHORT,27042.25,27045.5,27039.0,3.25,TARGET,1.0,0.7815384615384615,50.8,2026-04-21,2026
2026-04-23 11:45:00-04:00,2026-04-23 11:45:00-04:00,LONG,27120.75,27114.75,27126.75,6.0,STOP,-1.0,-1.1183333333333334,-134.20000000000002,2026-04-22,2026
2026-04-24 12:30:00-04:00,2026-04-24 12:30:00-04:00,SHORT,27399.5,27409.25,27389.75,9.75,STOP,-1.0,-1.0728205128205128,-209.2,2026-04-23,2026
2026-04-24 14:55:00-04:00,2026-04-24 15:00:00-04:00,LONG,27403.75,27392.75,27414.75,11.0,TARGET,1.0,0.9354545454545454,205.79999999999998,2026-04-23,2026
2026-04-27 12:05:00-04:00,2026-04-27 12:06:00-04:00,LONG,27357.5,27347.25,27367.75,10.25,TARGET,1.0,0.9307317073170732,190.8,2026-04-26,2026
2026-04-27 12:45:00-04:00,2026-04-27 12:55:00-04:00,SHORT,27396.0,27407.0,27385.0,11.0,TARGET,1.0,0.9354545454545454,205.79999999999998,2026-04-26,2026
2026-04-28 12:00:00-04:00,2026-04-28 12:00:00-04:00,SHORT,27053.5,27055.5,27051.5,2.0,STOP,-1.0,-1.355,-54.2,2026-04-27,2026
2026-04-28 13:55:00-04:00,2026-04-28 13:55:00-04:00,SHORT,27130.25,27135.75,27124.75,5.5,STOP,-1.0,-1.1290909090909091,-124.2,2026-04-27,2026
2026-04-29 11:50:00-04:00,2026-04-29 11:51:00-04:00,SHORT,27286.5,27298.5,27274.5,12.0,TARGET,1.0,0.9408333333333333,225.79999999999998,2026-04-28,2026
2026-04-29 15:55:00-04:00,2026-04-29 15:55:00-04:00,SHORT,27296.0,27301.0,27291.0,5.0,STOP,-1.0,-1.142,-114.19999999999999,2026-04-28,2026
2026-04-30 13:55:00-04:00,2026-04-30 13:56:00-04:00,SHORT,27518.75,27524.5,27513.0,5.75,STOP,-1.0,-1.1234782608695653,-129.20000000000002,2026-04-29,2026
2026-04-30 14:40:00-04:00,2026-04-30 14:45:00-04:00,SHORT,27581.5,27592.25,27570.75,10.75,TARGET,1.0,0.933953488372093,200.8,2026-04-29,2026
2026-05-01 13:40:00-04:00,2026-05-01 13:42:00-04:00,LONG,27874.5,27863.5,27885.5,11.0,TARGET,1.0,0.9354545454545454,205.79999999999998,2026-04-30,2026
2026-05-04 14:00:00-04:00,2026-05-04 14:02:00-04:00,SHORT,27792.25,27803.0,27781.5,10.75,STOP,-1.0,-1.066046511627907,-229.2,2026-05-03,2026
2026-05-04 15:00:00-04:00,2026-05-04 15:01:00-04:00,SHORT,27759.0,27765.5,27752.5,6.5,TARGET,1.0,0.8907692307692308,115.8,2026-05-03,2026
2026-05-05 11:35:00-04:00,2026-05-05 11:35:00-04:00,LONG,28119.5,28110.0,28129.0,9.5,TARGET,1.0,0.9252631578947368,175.79999999999998,2026-05-04,2026
2026-05-05 13:10:00-04:00,2026-05-05 13:10:00-04:00,LONG,28116.0,28111.0,28121.0,5.0,STOP,-1.0,-1.142,-114.19999999999999,2026-05-04,2026
2026-05-06 11:05:00-04:00,2026-05-06 11:05:00-04:00,SHORT,28550.25,28552.5,28548.0,2.25,STOP,-1.0,-1.3155555555555556,-59.2,2026-05-05,2026
2026-05-06 12:05:00-04:00,2026-05-06 12:08:00-04:00,SHORT,28573.5,28580.0,28567.0,6.5,STOP,-1.0,-1.1092307692307692,-144.2,2026-05-05,2026
2026-05-08 13:30:00-04:00,2026-05-08 13:36:00-04:00,SHORT,29305.5,29317.25,29293.75,11.75,STOP,-1.0,-1.0604255319148936,-249.20000000000002,2026-05-07,2026
2026-05-08 14:50:00-04:00,2026-05-08 14:51:00-04:00,LONG,29268.75,29260.0,29277.5,8.75,TARGET,1.0,0.9188571428571428,160.79999999999998,2026-05-07,2026
2026-05-11 12:15:00-04:00,2026-05-11 12:15:00-04:00,SHORT,29479.5,29480.5,29478.5,1.0,TARGET,1.0,0.29000000000000004,5.800000000000001,2026-05-10,2026
2026-05-11 14:40:00-04:00,2026-05-11 14:40:00-04:00,LONG,29448.5,29446.25,29450.75,2.25,STOP,-1.0,-1.3155555555555556,-59.2,2026-05-10,2026
2026-05-12 14:25:00-04:00,2026-05-12 14:25:00-04:00,SHORT,28957.75,28963.0,28952.5,5.25,STOP,-1.0,-1.1352380952380952,-119.19999999999999,2026-05-11,2026
2026-05-13 13:20:00-04:00,2026-05-13 13:23:00-04:00,SHORT,29485.25,29496.75,29473.75,11.5,TARGET,1.0,0.9382608695652174,215.79999999999998,2026-05-12,2026
2026-05-13 14:50:00-04:00,2026-05-13 14:51:00-04:00,LONG,29512.25,29503.0,29521.5,9.25,STOP,-1.0,-1.0767567567567569,-199.20000000000002,2026-05-12,2026
2026-05-14 11:55:00-04:00,2026-05-14 11:55:00-04:00,SHORT,29754.0,29758.0,29750.0,4.0,STOP,-1.0,-1.1775,-94.2,2026-05-13,2026
2026-05-15 15:05:00-04:00,2026-05-15 15:05:00-04:00,LONG,29353.5,29350.5,29356.5,3.0,TARGET,1.0,0.7633333333333333,45.8,2026-05-14,2026
2026-05-20 14:50:00-04:00,2026-05-20 14:51:00-04:00,LONG,29303.0,29292.5,29313.5,10.5,STOP,-1.0,-1.0676190476190477,-224.20000000000002,2026-05-19,2026
2026-05-21 12:50:00-04:00,2026-05-21 12:50:00-04:00,LONG,29231.75,29219.75,29243.75,12.0,STOP,-1.0,-1.0591666666666666,-254.2,2026-05-20,2026
2026-05-21 15:30:00-04:00,2026-05-21 15:33:00-04:00,SHORT,29428.0,29439.75,29416.25,11.75,TARGET,1.0,0.9395744680851064,220.79999999999998,2026-05-20,2026
2026-05-25 12:00:00-04:00,2026-05-25 12:01:00-04:00,LONG,29923.0,29915.0,29931.0,8.0,STOP,-1.0,-1.08875,-174.20000000000002,2026-05-24,2026
2026-05-26 13:20:00-04:00,2026-05-26 13:20:00-04:00,LONG,29967.5,29964.75,29970.25,2.75,STOP,-1.0,-1.2581818181818183,-69.2,2026-05-25,2026
2026-05-27 12:40:00-04:00,2026-05-27 12:40:00-04:00,SHORT,30015.75,30018.75,30012.75,3.0,STOP,-1.0,-1.2366666666666666,-74.19999999999999,2026-05-26,2026
2026-05-28 11:25:00-04:00,2026-05-28 11:25:00-04:00,SHORT,30243.5,30250.0,30237.0,6.5,STOP,-1.0,-1.1092307692307692,-144.2,2026-05-27,2026
2026-05-28 12:15:00-04:00,2026-05-28 12:17:00-04:00,SHORT,30274.25,30283.5,30265.0,9.25,STOP,-1.0,-1.0767567567567569,-199.20000000000002,2026-05-27,2026
2026-05-29 13:45:00-04:00,2026-05-29 13:45:00-04:00,LONG,30347.0,30339.75,30354.25,7.25,TARGET,1.0,0.9020689655172414,130.8,2026-05-28,2026
2026-05-29 15:25:00-04:00,2026-05-29 15:25:00-04:00,SHORT,30368.25,30374.0,30362.5,5.75,TARGET,1.0,0.8765217391304347,100.8,2026-05-28,2026
2026-06-01 13:25:00-04:00,2026-06-01 13:25:00-04:00,SHORT,30556.25,30562.0,30550.5,5.75,TARGET,1.0,0.8765217391304347,100.8,2026-05-31,2026
2026-06-01 14:45:00-04:00,2026-06-01 14:46:00-04:00,LONG,30642.25,30630.5,30654.0,11.75,STOP,-1.0,-1.0604255319148936,-249.20000000000002,2026-05-31,2026
2026-06-02 11:55:00-04:00,2026-06-02 11:55:00-04:00,SHORT,30685.75,30690.5,30681.0,4.75,STOP,-1.0,-1.1494736842105264,-109.20000000000002,2026-06-01,2026
2026-06-02 15:30:00-04:00,2026-06-02 15:30:00-04:00,LONG,30663.75,30661.5,30666.0,2.25,TARGET,1.0,0.6844444444444444,30.799999999999997,2026-06-01,2026
2026-06-03 15:25:00-04:00,2026-06-03 15:27:00-04:00,LONG,30621.25,30613.0,30629.5,8.25,STOP,-1.0,-1.086060606060606,-179.2,2026-06-02,2026
2026-06-04 12:55:00-04:00,2026-06-04 13:00:00-04:00,SHORT,30484.25,30493.75,30474.75,9.5,TARGET,1.0,0.9252631578947368,175.79999999999998,2026-06-03,2026
2026-06-04 15:00:00-04:00,2026-06-04 15:00:00-04:00,LONG,30558.0,30549.5,30566.5,8.5,TARGET,1.0,0.9164705882352941,155.8,2026-06-03,2026
2026-06-15 13:05:00-04:00,2026-06-15 13:05:00-04:00,SHORT,30875.0,30881.75,30868.25,6.75,STOP,-1.0,-1.1051851851851853,-149.20000000000002,2026-06-14,2026
2026-06-15 14:15:00-04:00,2026-06-15 14:15:00-04:00,SHORT,30868.25,30871.75,30864.75,3.5,STOP,-1.0,-1.2028571428571428,-84.2,2026-06-14,2026
2026-06-16 13:20:00-04:00,2026-06-16 13:20:00-04:00,LONG,30456.5,30450.0,30463.0,6.5,TARGET,1.0,0.8907692307692308,115.8,2026-06-15,2026
2026-06-17 12:25:00-04:00,2026-06-17 12:25:00-04:00,SHORT,30459.5,30467.0,30452.0,7.5,TARGET,1.0,0.9053333333333333,135.8,2026-06-16,2026
2026-06-18 13:35:00-04:00,2026-06-18 13:37:00-04:00,SHORT,30726.5,30737.25,30715.75,10.75,TARGET,1.0,0.933953488372093,200.8,2026-06-17,2026
2026-06-19 10:50:00-04:00,2026-06-19 10:52:00-04:00,SHORT,30679.0,30685.25,30672.75,6.25,STOP,-1.0,-1.1136,-139.2,2026-06-18,2026
2026-06-19 12:15:00-04:00,2026-06-19 12:23:00-04:00,LONG,30669.25,30658.0,30680.5,11.25,TARGET,1.0,0.9368888888888889,210.8,2026-06-18,2026
2026-06-22 15:50:00-04:00,2026-06-22 15:50:00-04:00,SHORT,30590.0,30600.0,30580.0,10.0,STOP,-1.0,-1.071,-214.2,2026-06-21,2026
2026-06-29 12:20:00-04:00,2026-06-29 12:20:00-04:00,SHORT,29877.75,29888.5,29867.0,10.75,STOP,-1.0,-1.066046511627907,-229.2,2026-06-28,2026
2026-06-29 14:20:00-04:00,2026-06-29 14:20:00-04:00,SHORT,30017.5,30025.25,30009.75,7.75,TARGET,1.0,0.9083870967741936,140.8,2026-06-28,2026
2026-06-30 11:50:00-04:00,2026-06-30 11:50:00-04:00,SHORT,30432.25,30440.5,30424.0,8.25,STOP,-1.0,-1.086060606060606,-179.2,2026-06-29,2026
2026-06-30 12:35:00-04:00,2026-06-30 12:36:00-04:00,LONG,30486.0,30477.0,30495.0,9.0,TARGET,1.0,0.9211111111111111,165.8,2026-06-29,2026
2026-07-03 11:20:00-04:00,2026-07-03 11:20:00-04:00,SHORT,29921.5,29925.5,29917.5,4.0,TARGET,1.0,0.8225,65.8,2026-07-02,2026
2026-07-03 12:10:00-04:00,2026-07-03 12:12:00-04:00,LONG,29905.0,29898.0,29912.0,7.0,STOP,-1.0,-1.1014285714285714,-154.2,2026-07-02,2026
2026-07-06 14:40:00-04:00,2026-07-06 14:40:00-04:00,LONG,29958.25,29948.0,29968.5,10.25,TARGET,1.0,0.9307317073170732,190.8,2026-07-05,2026
2026-07-07 13:05:00-04:00,2026-07-07 13:05:00-04:00,SHORT,29551.25,29560.25,29542.25,9.0,STOP,-1.0,-1.0788888888888888,-194.2,2026-07-06,2026
2026-07-07 13:45:00-04:00,2026-07-07 13:45:00-04:00,SHORT,29561.25,29570.5,29552.0,9.25,TARGET,1.0,0.9232432432432433,170.8,2026-07-06,2026
2026-07-08 14:40:00-04:00,2026-07-08 14:40:00-04:00,SHORT,29408.25,29412.5,29404.0,4.25,STOP,-1.0,-1.1670588235294117,-99.19999999999999,2026-07-07,2026
2026-07-08 15:25:00-04:00,2026-07-08 15:27:00-04:00,SHORT,29407.75,29419.5,29396.0,11.75,STOP,-1.0,-1.0604255319148936,-249.20000000000002,2026-07-07,2026
2026-07-09 12:05:00-04:00,2026-07-09 12:05:00-04:00,SHORT,29905.25,29914.0,29896.5,8.75,STOP,-1.0,-1.0811428571428572,-189.20000000000002,2026-07-08,2026
2026-07-10 12:25:00-04:00,2026-07-10 12:25:00-04:00,SHORT,30014.0,30023.5,30004.5,9.5,TARGET,1.0,0.9252631578947368,175.79999999999998,2026-07-09,2026
2026-07-10 13:10:00-04:00,2026-07-10 13:10:00-04:00,LONG,30007.0,29998.75,30015.25,8.25,TARGET,1.0,0.9139393939393939,150.8,2026-07-09,2026
2026-07-13 14:40:00-04:00,2026-07-13 14:43:00-04:00,SHORT,29497.5,29509.5,29485.5,12.0,STOP,-1.0,-1.0591666666666666,-254.2,2026-07-12,2026
2026-07-14 12:40:00-04:00,2026-07-14 12:40:00-04:00,SHORT,29787.0,29796.75,29777.25,9.75,STOP,-1.0,-1.0728205128205128,-209.2,2026-07-13,2026
2026-07-14 14:00:00-04:00,2026-07-14 14:00:00-04:00,SHORT,29863.0,29866.0,29860.0,3.0,TARGET,1.0,0.7633333333333333,45.8,2026-07-13,2026
2026-07-16 12:55:00-04:00,2026-07-16 12:55:00-04:00,SHORT,29321.25,29327.75,29314.75,6.5,STOP,-1.0,-1.1092307692307692,-144.2,2026-07-15,2026
2026-07-20 13:40:00-04:00,2026-07-20 13:40:00-04:00,LONG,28946.0,28940.0,28952.0,6.0,STOP,-1.0,-1.1183333333333334,-134.20000000000002,2026-07-19,2026
2026-07-21 13:10:00-04:00,2026-07-21 13:10:00-04:00,SHORT,29347.0,29356.0,29338.0,9.0,TARGET,1.0,0.9211111111111111,165.8,2026-07-20,2026
2026-07-21 14:00:00-04:00,2026-07-21 14:00:00-04:00,LONG,29341.5,29331.75,29351.25,9.75,TARGET,1.0,0.9271794871794872,180.8,2026-07-20,2026
2026-07-22 12:20:00-04:00,2026-07-22 12:20:00-04:00,SHORT,29329.0,29335.5,29322.5,6.5,TARGET,1.0,0.8907692307692308,115.8,2026-07-21,2026
2026-07-22 13:20:00-04:00,2026-07-22 13:20:00-04:00,LONG,29309.75,29300.75,29318.75,9.0,STOP,-1.0,-1.0788888888888888,-194.2,2026-07-21,2026
2026-07-23 14:30:00-04:00,2026-07-23 14:30:00-04:00,SHORT,28574.75,28584.75,28564.75,10.0,STOP,-1.0,-1.071,-214.2,2026-07-22,2026
2026-07-24 13:25:00-04:00,2026-07-24 13:25:00-04:00,SHORT,28489.75,28495.0,28484.5,5.25,TARGET,1.0,0.8647619047619047,90.8,2026-07-23,2026
2026-07-24 14:05:00-04:00,2026-07-24 14:05:00-04:00,LONG,28455.5,28450.5,28460.5,5.0,STOP,-1.0,-1.142,-114.19999999999999,2026-07-23,2026
2026-07-27 15:25:00-04:00,2026-07-27 15:25:00-04:00,SHORT,28225.25,28236.5,28214.0,11.25,TARGET,1.0,0.9368888888888889,210.8,2026-07-26,2026
2026-07-28 12:30:00-04:00,2026-07-28 12:30:00-04:00,LONG,27995.5,27984.25,28006.75,11.25,STOP,-1.0,-1.0631111111111111,-239.2,2026-07-27,2026
2026-07-28 15:00:00-04:00,2026-07-28 15:00:00-04:00,SHORT,27972.25,27980.0,27964.5,7.75,STOP,-1.0,-1.0916129032258064,-169.2,2026-07-27,2026
2026-07-30 12:30:00-04:00,2026-07-30 12:30:00-04:00,LONG,28144.25,28140.0,28148.5,4.25,STOP,-1.0,-1.1670588235294117,-99.19999999999999,2026-07-29,2026
2026-07-30 13:35:00-04:00,2026-07-30 13:35:00-04:00,LONG,28163.25,28152.75,28173.75,10.5,TARGET,1.0,0.9323809523809524,195.8,2026-07-29,2026
2026-07-31 13:15:00-04:00,2026-07-31 13:15:00-04:00,SHORT,28403.0,28411.75,28394.25,8.75,STOP,-1.0,-1.0811428571428572,-189.20000000000002,2026-07-30,2026
2026-07-31 15:45:00-04:00,2026-07-31 15:45:00-04:00,SHORT,28477.0,28484.0,28470.0,7.0,STOP,-1.0,-1.1014285714285714,-154.2,2026-07-30,2026
2026-08-03 12:05:00-04:00,2026-08-03 12:05:00-04:00,SHORT,28806.75,28816.25,28797.25,9.5,STOP,-1.0,-1.0747368421052632,-204.20000000000002,2026-08-02,2026
2026-08-03 13:50:00-04:00,2026-08-03 13:53:00-04:00,SHORT,28892.25,28897.75,28886.75,5.5,STOP,-1.0,-1.1290909090909091,-124.2,2026-08-02,2026
2026-08-04 12:55:00-04:00,2026-08-04 13:00:00-04:00,SHORT,29736.5,29745.0,29728.0,8.5,STOP,-1.0,-1.0835294117647059,-184.2,2026-08-03,2026
2026-08-04 14:40:00-04:00,2026-08-04 14:40:00-04:00,LONG,29859.25,29852.5,29866.0,6.75,STOP,-1.0,-1.1051851851851853,-149.20000000000002,2026-08-03,2026
2026-08-05 12:55:00-04:00,2026-08-05 12:58:00-04:00,SHORT,29815.25,29826.75,29803.75,11.5,TARGET,1.0,0.9382608695652174,215.79999999999998,2026-08-04,2026
2026-08-06 14:05:00-04:00,2026-08-06 14:06:00-04:00,SHORT,29531.0,29538.5,29523.5,7.5,TARGET,1.0,0.9053333333333333,135.8,2026-08-05,2026
2026-08-07 14:10:00-04:00,2026-08-07 14:12:00-04:00,LONG,29743.5,29734.0,29753.0,9.5,STOP,-1.0,-1.0747368421052632,-204.20000000000002,2026-08-06,2026
2026-08-10 14:10:00-04:00,2026-08-10 14:10:00-04:00,SHORT,29765.0,29770.5,29759.5,5.5,STOP,-1.0,-1.1290909090909091,-124.2,2026-08-09,2026
2026-08-10 14:50:00-04:00,2026-08-10 14:51:00-04:00,SHORT,29765.25,29774.5,29756.0,9.25,STOP,-1.0,-1.0767567567567569,-199.20000000000002,2026-08-09,2026
2026-08-11 11:55:00-04:00,2026-08-11 11:55:00-04:00,LONG,29666.5,29660.75,29672.25,5.75,TARGET,1.0,0.8765217391304347,100.8,2026-08-10,2026
2026-08-11 14:20:00-04:00,2026-08-11 14:20:00-04:00,LONG,29604.25,29600.75,29607.75,3.5,STOP,-1.0,-1.2028571428571428,-84.2,2026-08-10,2026
2026-08-12 12:05:00-04:00,2026-08-12 12:08:00-04:00,SHORT,29851.0,29861.75,29840.25,10.75,STOP,-1.0,-1.066046511627907,-229.2,2026-08-11,2026
2026-08-12 13:20:00-04:00,2026-08-12 13:25:00-04:00,LONG,29899.5,29888.75,29910.25,10.75,TARGET,1.0,0.933953488372093,200.8,2026-08-11,2026
2026-08-13 13:25:00-04:00,2026-08-13 13:33:00-04:00,SHORT,30241.5,30250.5,30232.5,9.0,TARGET,1.0,0.9211111111111111,165.8,2026-08-12,2026
2026-08-13 14:05:00-04:00,2026-08-13 14:05:00-04:00,LONG,30208.0,30201.0,30215.0,7.0,TARGET,1.0,0.8985714285714286,125.8,2026-08-12,2026
2026-08-14 13:00:00-04:00,2026-08-14 13:04:00-04:00,LONG,30059.25,30052.25,30066.25,7.0,TARGET,1.0,0.8985714285714286,125.8,2026-08-13,2026
2026-08-14 14:35:00-04:00,2026-08-14 14:41:00-04:00,LONG,30072.25,30062.0,30082.5,10.25,TARGET,1.0,0.9307317073170732,190.8,2026-08-13,2026
2026-08-17 12:30:00-04:00,2026-08-17 12:32:00-04:00,LONG,30207.5,30196.0,30219.0,11.5,STOP,-1.0,-1.0617391304347825,-244.2,2026-08-16,2026
2026-08-17 14:30:00-04:00,2026-08-17 14:32:00-04:00,SHORT,30103.75,30114.25,30093.25,10.5,TARGET,1.0,0.9323809523809524,195.8,2026-08-16,2026
2026-08-18 13:10:00-04:00,2026-08-18 13:11:00-04:00,LONG,29635.25,29625.75,29644.75,9.5,STOP,-1.0,-1.0747368421052632,-204.20000000000002,2026-08-17,2026
2026-08-18 13:55:00-04:00,2026-08-18 13:55:00-04:00,LONG,29593.5,29590.25,29596.75,3.25,STOP,-1.0,-1.2184615384615385,-79.2,2026-08-17,2026
2026-08-19 11:35:00-04:00,2026-08-19 11:35:00-04:00,LONG,29591.75,29586.5,29597.0,5.25,STOP,-1.0,-1.1352380952380952,-119.19999999999999,2026-08-18,2026
2026-08-19 13:45:00-04:00,2026-08-19 13:45:00-04:00,SHORT,29536.25,29544.75,29527.75,8.5,STOP,-1.0,-1.0835294117647059,-184.2,2026-08-18,2026
2026-08-20 13:05:00-04:00,2026-08-20 13:05:00-04:00,LONG,29359.0,29351.75,29366.25,7.25,STOP,-1.0,-1.0979310344827586,-159.2,2026-08-19,2026
2026-08-20 14:55:00-04:00,2026-08-20 14:55:00-04:00,SHORT,29249.75,29255.5,29244.0,5.75,STOP,-1.0,-1.1234782608695653,-129.20000000000002,2026-08-19,2026
2026-08-21 12:45:00-04:00,2026-08-21 12:45:00-04:00,SHORT,29417.0,29426.0,29408.0,9.0,TARGET,1.0,0.9211111111111111,165.8,2026-08-20,2026
2026-08-21 13:50:00-04:00,2026-08-21 13:55:00-04:00,SHORT,29399.0,29411.0,29387.0,12.0,TARGET,1.0,0.9408333333333333,225.79999999999998,2026-08-20,2026
