entry_time,exit_time,direction,entry,stop,target,risk_points,outcome,raw_r,net_r,pnl,session,year
2020-12-09 16:45:00-05:00,2020-12-09 16:51:00-05:00,SHORT,12345.75,12347.5,12344.0,1.75,STOP,-1.0,-1.4057142857142857,-49.2,2020-12-08,2020
2020-12-09 18:45:00-05:00,2020-12-09 20:00:00-05:00,SHORT,12364.5,12371.0,12358.0,6.5,TARGET,1.0,0.8907692307692308,115.8,2020-12-09,2020
2020-12-09 19:40:00-05:00,2020-12-09 19:55:00-05:00,LONG,12368.75,12364.25,12373.25,4.5,STOP,-1.0,-1.1577777777777778,-104.2,2020-12-09,2020
2020-12-10 18:30:00-05:00,2020-12-10 18:33:00-05:00,SHORT,12401.5,12404.25,12398.75,2.75,STOP,-1.0,-1.2581818181818183,-69.2,2020-12-10,2020
2020-12-10 19:10:00-05:00,2020-12-10 19:23:00-05:00,SHORT,12406.5,12413.25,12399.75,6.75,TARGET,1.0,0.8948148148148148,120.8,2020-12-10,2020
2020-12-13 18:45:00-05:00,2020-12-13 18:48:00-05:00,LONG,12411.5,12407.75,12415.25,3.75,STOP,-1.0,-1.1893333333333334,-89.2,2020-12-13,2020
2020-12-13 19:25:00-05:00,2020-12-13 19:27:00-05:00,SHORT,12416.75,12419.75,12413.75,3.0,TARGET,1.0,0.7633333333333333,45.8,2020-12-13,2020
2020-12-14 18:05:00-05:00,2020-12-14 18:08:00-05:00,SHORT,12474.25,12482.5,12466.0,8.25,TARGET,1.0,0.9139393939393939,150.8,2020-12-14,2020
2020-12-14 19:15:00-05:00,2020-12-14 19:15:00-05:00,LONG,12477.75,12475.0,12480.5,2.75,STOP,-1.0,-1.2581818181818183,-69.2,2020-12-14,2020
2020-12-15 18:55:00-05:00,2020-12-15 19:00:00-05:00,SHORT,12593.5,12598.0,12589.0,4.5,STOP,-1.0,-1.1577777777777778,-104.2,2020-12-15,2020
2020-12-15 19:55:00-05:00,2020-12-15 20:01:00-05:00,SHORT,12593.25,12595.75,12590.75,2.5,TARGET,1.0,0.716,35.8,2020-12-15,2020
2020-12-16 18:40:00-05:00,2020-12-16 18:44:00-05:00,LONG,12684.0,12682.0,12686.0,2.0,TARGET,1.0,0.645,25.8,2020-12-16,2020
2020-12-16 19:40:00-05:00,2020-12-16 19:46:00-05:00,SHORT,12686.0,12688.25,12683.75,2.25,TARGET,1.0,0.6844444444444444,30.799999999999997,2020-12-16,2020
2020-12-17 18:45:00-05:00,2020-12-17 19:00:00-05:00,SHORT,12751.25,12754.0,12748.5,2.75,STOP,-1.0,-1.2581818181818183,-69.2,2020-12-17,2020
2020-12-17 22:40:00-05:00,2020-12-17 22:44:00-05:00,LONG,12729.25,12727.75,12730.75,1.5,STOP,-1.0,-1.4733333333333334,-44.2,2020-12-17,2020
2020-12-20 19:50:00-05:00,2020-12-20 19:51:00-05:00,SHORT,12742.5,12745.25,12739.75,2.75,STOP,-1.0,-1.2581818181818183,-69.2,2020-12-20,2020
2020-12-20 20:40:00-05:00,2020-12-20 20:40:00-05:00,LONG,12735.75,12731.75,12739.75,4.0,TARGET,1.0,0.8225,65.8,2020-12-20,2020
2020-12-21 18:30:00-05:00,2020-12-21 18:33:00-05:00,LONG,12710.5,12704.5,12716.5,6.0,STOP,-1.0,-1.1183333333333334,-134.20000000000002,2020-12-21,2020
2020-12-21 19:45:00-05:00,2020-12-21 19:45:00-05:00,SHORT,12698.5,12700.75,12696.25,2.25,TARGET,1.0,0.6844444444444444,30.799999999999997,2020-12-21,2020
2020-12-22 18:05:00-05:00,2020-12-22 18:51:00-05:00,LONG,12710.5,12700.75,12720.25,9.75,TARGET,1.0,0.9271794871794872,180.8,2020-12-22,2020
2020-12-22 19:15:00-05:00,2020-12-22 19:15:00-05:00,LONG,12715.25,12713.5,12717.0,1.75,TARGET,1.0,0.5942857142857143,20.8,2020-12-22,2020
2020-12-23 18:35:00-05:00,2020-12-23 18:40:00-05:00,LONG,12655.75,12649.0,12662.5,6.75,STOP,-1.0,-1.1051851851851853,-149.20000000000002,2020-12-23,2020
2020-12-23 20:00:00-05:00,2020-12-23 20:09:00-05:00,SHORT,12649.5,12654.0,12645.0,4.5,STOP,-1.0,-1.1577777777777778,-104.2,2020-12-23,2020
2020-12-27 19:00:00-05:00,2020-12-27 19:00:00-05:00,LONG,12735.25,12733.0,12737.5,2.25,TARGET,1.0,0.6844444444444444,30.799999999999997,2020-12-27,2020
2020-12-27 20:05:00-05:00,2020-12-27 20:09:00-05:00,SHORT,12739.75,12744.5,12735.0,4.75,STOP,-1.0,-1.1494736842105264,-109.20000000000002,2020-12-27,2020
2020-12-28 18:30:00-05:00,2020-12-28 18:32:00-05:00,LONG,12847.0,12845.25,12848.75,1.75,STOP,-1.0,-1.4057142857142857,-49.2,2020-12-28,2020
2020-12-28 19:25:00-05:00,2020-12-28 19:25:00-05:00,SHORT,12859.0,12861.75,12856.25,2.75,TARGET,1.0,0.7418181818181818,40.8,2020-12-28,2020
2020-12-29 18:05:00-05:00,2020-12-29 18:07:00-05:00,SHORT,12856.75,12865.0,12848.5,8.25,TARGET,1.0,0.9139393939393939,150.8,2020-12-29,2020
2020-12-29 19:55:00-05:00,2020-12-29 20:00:00-05:00,LONG,12839.75,12832.75,12846.75,7.0,STOP,-1.0,-1.1014285714285714,-154.2,2020-12-29,2020
2020-12-30 18:10:00-05:00,2020-12-30 18:12:00-05:00,SHORT,12846.75,12850.5,12843.0,3.75,STOP,-1.0,-1.1893333333333334,-89.2,2020-12-30,2020
2020-12-30 18:55:00-05:00,2020-12-30 18:59:00-05:00,SHORT,12852.25,12855.5,12849.0,3.25,TARGET,1.0,0.7815384615384615,50.8,2020-12-30,2020
2021-01-03 19:35:00-05:00,2021-01-03 19:38:00-05:00,LONG,12846.5,12841.0,12852.0,5.5,STOP,-1.0,-1.1290909090909091,-124.2,2021-01-03,2021
2021-01-03 22:05:00-05:00,2021-01-03 22:07:00-05:00,SHORT,12857.5,12860.5,12854.5,3.0,STOP,-1.0,-1.2366666666666666,-74.19999999999999,2021-01-03,2021
2021-01-04 18:25:00-05:00,2021-01-04 18:26:00-05:00,SHORT,12681.75,12686.75,12676.75,5.0,TARGET,1.0,0.858,85.8,2021-01-04,2021
2021-01-04 20:50:00-05:00,2021-01-04 20:50:00-05:00,SHORT,12718.0,12719.75,12716.25,1.75,TARGET,1.0,0.5942857142857143,20.8,2021-01-04,2021
2021-01-06 00:40:00-05:00,2021-01-06 00:53:00-05:00,LONG,12629.25,12617.75,12640.75,11.5,STOP,-1.0,-1.0617391304347825,-244.2,2021-01-05,2021
2021-01-06 01:45:00-05:00,2021-01-06 01:45:00-05:00,SHORT,12655.75,12666.75,12644.75,11.0,TARGET,1.0,0.9354545454545454,205.79999999999998,2021-01-05,2021
2021-01-06 18:30:00-05:00,2021-01-06 18:34:00-05:00,LONG,12664.75,12656.75,12672.75,8.0,STOP,-1.0,-1.08875,-174.20000000000002,2021-01-06,2021
2021-01-06 19:15:00-05:00,2021-01-06 19:16:00-05:00,LONG,12663.25,12658.25,12668.25,5.0,STOP,-1.0,-1.142,-114.19999999999999,2021-01-06,2021
2021-01-07 19:05:00-05:00,2021-01-07 19:10:00-05:00,LONG,12939.25,12932.0,12946.5,7.25,TARGET,1.0,0.9020689655172414,130.8,2021-01-07,2021
2021-01-07 19:55:00-05:00,2021-01-07 20:00:00-05:00,SHORT,12949.5,12954.0,12945.0,4.5,STOP,-1.0,-1.1577777777777778,-104.2,2021-01-07,2021
2021-01-10 18:35:00-05:00,2021-01-10 18:42:00-05:00,LONG,13084.25,13078.0,13090.5,6.25,STOP,-1.0,-1.1136,-139.2,2021-01-10,2021
2021-01-10 19:45:00-05:00,2021-01-10 19:46:00-05:00,LONG,13057.25,13051.5,13063.0,5.75,TARGET,1.0,0.8765217391304347,100.8,2021-01-10,2021
2021-01-11 18:40:00-05:00,2021-01-11 18:42:00-05:00,SHORT,12926.75,12930.0,12923.5,3.25,TARGET,1.0,0.7815384615384615,50.8,2021-01-11,2021
2021-01-11 19:40:00-05:00,2021-01-11 19:44:00-05:00,SHORT,12924.5,12928.0,12921.0,3.5,STOP,-1.0,-1.2028571428571428,-84.2,2021-01-11,2021
2021-01-12 18:40:00-05:00,2021-01-12 18:48:00-05:00,LONG,12888.0,12885.75,12890.25,2.25,TARGET,1.0,0.6844444444444444,30.799999999999997,2021-01-12,2021
2021-01-12 19:30:00-05:00,2021-01-12 19:34:00-05:00,SHORT,12899.25,12903.5,12895.0,4.25,TARGET,1.0,0.8329411764705883,70.80000000000001,2021-01-12,2021
2021-01-13 18:05:00-05:00,2021-01-13 18:10:00-05:00,SHORT,12973.25,12981.5,12965.0,8.25,STOP,-1.0,-1.086060606060606,-179.2,2021-01-13,2021
2021-01-13 18:45:00-05:00,2021-01-13 19:00:00-05:00,LONG,12977.0,12967.75,12986.25,9.25,STOP,-1.0,-1.0767567567567569,-199.20000000000002,2021-01-13,2021
2021-01-14 18:20:00-05:00,2021-01-14 18:22:00-05:00,SHORT,12920.75,12923.75,12917.75,3.0,TARGET,1.0,0.7633333333333333,45.8,2021-01-14,2021
2021-01-14 19:00:00-05:00,2021-01-14 19:00:00-05:00,LONG,12917.5,12912.5,12922.5,5.0,STOP,-1.0,-1.142,-114.19999999999999,2021-01-14,2021
2021-01-17 18:35:00-05:00,2021-01-17 18:41:00-05:00,SHORT,12786.75,12796.5,12777.0,9.75,TARGET,1.0,0.9271794871794872,180.8,2021-01-17,2021
2021-01-17 20:20:00-05:00,2021-01-17 20:22:00-05:00,LONG,12764.0,12758.5,12769.5,5.5,STOP,-1.0,-1.1290909090909091,-124.2,2021-01-17,2021
2021-01-18 20:10:00-05:00,2021-01-18 20:10:00-05:00,LONG,12866.0,12864.75,12867.25,1.25,TARGET,1.0,0.43200000000000005,10.8,2021-01-18,2021
2021-01-18 21:20:00-05:00,2021-01-18 21:23:00-05:00,SHORT,12884.5,12887.75,12881.25,3.25,STOP,-1.0,-1.2184615384615385,-79.2,2021-01-18,2021
2021-01-19 19:35:00-05:00,2021-01-19 19:38:00-05:00,LONG,13038.0,13033.75,13042.25,4.25,TARGET,1.0,0.8329411764705883,70.80000000000001,2021-01-19,2021
2021-01-19 21:25:00-05:00,2021-01-19 21:39:00-05:00,LONG,13043.75,13039.0,13048.5,4.75,TARGET,1.0,0.8505263157894737,80.8,2021-01-19,2021
2021-01-20 18:05:00-05:00,2021-01-20 18:07:00-05:00,SHORT,13296.5,13303.75,13289.25,7.25,STOP,-1.0,-1.0979310344827586,-159.2,2021-01-20,2021
2021-01-20 19:05:00-05:00,2021-01-20 19:55:00-05:00,LONG,13317.75,13306.0,13329.5,11.75,TARGET,1.0,0.9395744680851064,220.79999999999998,2021-01-20,2021
2021-01-21 18:55:00-05:00,2021-01-21 19:00:00-05:00,LONG,13382.0,13379.5,13384.5,2.5,TARGET,1.0,0.716,35.8,2021-01-21,2021
2021-01-21 20:40:00-05:00,2021-01-21 20:52:00-05:00,SHORT,13371.0,13375.75,13366.25,4.75,TARGET,1.0,0.8505263157894737,80.8,2021-01-21,2021
2021-01-24 18:30:00-05:00,2021-01-24 18:45:00-05:00,SHORT,13396.0,13405.0,13387.0,9.0,STOP,-1.0,-1.0788888888888888,-194.2,2021-01-24,2021
2021-01-24 19:10:00-05:00,2021-01-24 19:15:00-05:00,LONG,13395.5,13388.5,13402.5,7.0,TARGET,1.0,0.8985714285714286,125.8,2021-01-24,2021
2021-01-25 19:00:00-05:00,2021-01-25 19:00:00-05:00,LONG,13462.75,13461.0,13464.5,1.75,STOP,-1.0,-1.4057142857142857,-49.2,2021-01-25,2021
2021-01-25 19:50:00-05:00,2021-01-25 19:58:00-05:00,LONG,13451.0,13445.5,13456.5,5.5,STOP,-1.0,-1.1290909090909091,-124.2,2021-01-25,2021
2021-01-26 19:05:00-05:00,2021-01-26 19:05:00-05:00,SHORT,13563.0,13567.75,13558.25,4.75,TARGET,1.0,0.8505263157894737,80.8,2021-01-26,2021
2021-01-26 19:50:00-05:00,2021-01-26 19:52:00-05:00,LONG,13549.0,13546.25,13551.75,2.75,STOP,-1.0,-1.2581818181818183,-69.2,2021-01-26,2021
2021-01-27 20:45:00-05:00,2021-01-27 20:45:00-05:00,SHORT,13091.0,13097.25,13084.75,6.25,TARGET,1.0,0.8864,110.8,2021-01-27,2021
2021-01-27 23:20:00-05:00,2021-01-27 23:21:00-05:00,LONG,13063.75,13056.25,13071.25,7.5,STOP,-1.0,-1.0946666666666667,-164.2,2021-01-27,2021
2021-01-28 19:15:00-05:00,2021-01-28 19:16:00-05:00,SHORT,13147.75,13156.5,13139.0,8.75,STOP,-1.0,-1.0811428571428572,-189.20000000000002,2021-01-28,2021
2021-01-28 21:20:00-05:00,2021-01-28 21:22:00-05:00,SHORT,13077.25,13081.5,13073.0,4.25,TARGET,1.0,0.8329411764705883,70.80000000000001,2021-01-28,2021
2021-01-31 20:05:00-05:00,2021-01-31 20:12:00-05:00,SHORT,12829.5,12839.75,12819.25,10.25,TARGET,1.0,0.9307317073170732,190.8,2021-01-31,2021
2021-01-31 21:05:00-05:00,2021-01-31 21:05:00-05:00,SHORT,12866.0,12869.25,12862.75,3.25,TARGET,1.0,0.7815384615384615,50.8,2021-01-31,2021
2021-02-01 18:45:00-05:00,2021-02-01 18:58:00-05:00,SHORT,13265.75,13274.25,13257.25,8.5,TARGET,1.0,0.9164705882352941,155.8,2021-02-01,2021
2021-02-01 19:45:00-05:00,2021-02-01 19:45:00-05:00,SHORT,13252.5,13255.5,13249.5,3.0,TARGET,1.0,0.7633333333333333,45.8,2021-02-01,2021
2021-02-02 18:45:00-05:00,2021-02-02 18:45:00-05:00,SHORT,13505.0,13508.5,13501.5,3.5,TARGET,1.0,0.7971428571428572,55.8,2021-02-02,2021
2021-02-02 21:10:00-05:00,2021-02-02 21:25:00-05:00,LONG,13500.75,13489.5,13512.0,11.25,TARGET,1.0,0.9368888888888889,210.8,2021-02-02,2021
2021-02-03 19:05:00-05:00,2021-02-03 19:26:00-05:00,LONG,13439.0,13433.0,13445.0,6.0,TARGET,1.0,0.8816666666666667,105.80000000000001,2021-02-03,2021
2021-02-03 20:40:00-05:00,2021-02-03 20:40:00-05:00,LONG,13419.75,13416.75,13422.75,3.0,STOP,-1.0,-1.2366666666666666,-74.19999999999999,2021-02-03,2021
2021-02-04 18:05:00-05:00,2021-02-04 18:31:00-05:00,LONG,13562.0,13551.25,13572.75,10.75,STOP,-1.0,-1.066046511627907,-229.2,2021-02-04,2021
2021-02-04 19:25:00-05:00,2021-02-04 19:29:00-05:00,SHORT,13549.5,13555.5,13543.5,6.0,TARGET,1.0,0.8816666666666667,105.80000000000001,2021-02-04,2021
2021-02-07 18:35:00-05:00,2021-02-07 18:48:00-05:00,LONG,13633.0,13623.75,13642.25,9.25,TARGET,1.0,0.9232432432432433,170.8,2021-02-07,2021
2021-02-07 20:00:00-05:00,2021-02-07 20:00:00-05:00,LONG,13656.0,13654.0,13658.0,2.0,STOP,-1.0,-1.355,-54.2,2021-02-07,2021
2021-02-08 18:45:00-05:00,2021-02-08 18:47:00-05:00,LONG,13676.5,13673.5,13679.5,3.0,TARGET,1.0,0.7633333333333333,45.8,2021-02-08,2021
2021-02-08 21:35:00-05:00,2021-02-08 21:42:00-05:00,SHORT,13678.0,13684.0,13672.0,6.0,TARGET,1.0,0.8816666666666667,105.80000000000001,2021-02-08,2021
2021-02-09 18:05:00-05:00,2021-02-09 19:06:00-05:00,SHORT,13693.75,13704.25,13683.25,10.5,TARGET,1.0,0.9323809523809524,195.8,2021-02-09,2021
2021-02-09 18:45:00-05:00,2021-02-09 18:47:00-05:00,SHORT,13694.25,13696.0,13692.5,1.75,TARGET,1.0,0.5942857142857143,20.8,2021-02-09,2021
2021-02-10 18:45:00-05:00,2021-02-10 18:54:00-05:00,LONG,13656.0,13652.0,13660.0,4.0,STOP,-1.0,-1.1775,-94.2,2021-02-10,2021
2021-02-10 19:40:00-05:00,2021-02-10 19:46:00-05:00,LONG,13632.0,13622.75,13641.25,9.25,STOP,-1.0,-1.0767567567567569,-199.20000000000002,2021-02-10,2021
2021-02-11 18:40:00-05:00,2021-02-11 18:56:00-05:00,LONG,13721.5,13713.5,13729.5,8.0,TARGET,1.0,0.91125,145.8,2021-02-11,2021
2021-02-11 19:25:00-05:00,2021-02-11 19:52:00-05:00,LONG,13731.25,13722.75,13739.75,8.5,STOP,-1.0,-1.0835294117647059,-184.2,2021-02-11,2021
2021-02-14 18:25:00-05:00,2021-02-14 18:33:00-05:00,LONG,13827.75,13820.75,13834.75,7.0,STOP,-1.0,-1.1014285714285714,-154.2,2021-02-14,2021
2021-02-14 19:50:00-05:00,2021-02-14 20:02:00-05:00,SHORT,13856.25,13862.5,13850.0,6.25,STOP,-1.0,-1.1136,-139.2,2021-02-14,2021
2021-02-15 18:40:00-05:00,2021-02-15 18:41:00-05:00,SHORT,13864.25,13865.5,13863.0,1.25,STOP,-1.0,-1.568,-39.2,2021-02-15,2021
2021-02-15 21:55:00-05:00,2021-02-15 22:01:00-05:00,LONG,13892.5,13890.25,13894.75,2.25,STOP,-1.0,-1.3155555555555556,-59.2,2021-02-15,2021
2021-02-16 18:35:00-05:00,2021-02-16 18:37:00-05:00,LONG,13741.0,13737.5,13744.5,3.5,TARGET,1.0,0.7971428571428572,55.8,2021-02-16,2021
2021-02-16 19:55:00-05:00,2021-02-16 20:00:00-05:00,LONG,13716.0,13709.5,13722.5,6.5,STOP,-1.0,-1.1092307692307692,-144.2,2021-02-16,2021
2021-02-17 19:00:00-05:00,2021-02-17 19:00:00-05:00,SHORT,13703.75,13705.75,13701.75,2.0,TARGET,1.0,0.645,25.8,2021-02-17,2021
2021-02-17 19:45:00-05:00,2021-02-17 19:50:00-05:00,SHORT,13717.5,13720.75,13714.25,3.25,STOP,-1.0,-1.2184615384615385,-79.2,2021-02-17,2021
2021-02-18 19:20:00-05:00,2021-02-18 20:00:00-05:00,LONG,13616.75,13607.25,13626.25,9.5,TARGET,1.0,0.9252631578947368,175.79999999999998,2021-02-18,2021
2021-02-18 21:15:00-05:00,2021-02-18 21:16:00-05:00,LONG,13577.0,13572.0,13582.0,5.0,STOP,-1.0,-1.142,-114.19999999999999,2021-02-18,2021
2021-02-21 19:55:00-05:00,2021-02-21 19:56:00-05:00,LONG,13605.0,13600.25,13609.75,4.75,TARGET,1.0,0.8505263157894737,80.8,2021-02-21,2021
2021-02-21 21:25:00-05:00,2021-02-21 21:25:00-05:00,SHORT,13591.75,13598.0,13585.5,6.25,TARGET,1.0,0.8864,110.8,2021-02-21,2021
2021-02-22 18:55:00-05:00,2021-02-22 18:58:00-05:00,LONG,13234.75,13228.5,13241.0,6.25,STOP,-1.0,-1.1136,-139.2,2021-02-22,2021
2021-02-22 21:00:00-05:00,2021-02-22 21:01:00-05:00,SHORT,13280.0,13285.75,13274.25,5.75,TARGET,1.0,0.8765217391304347,100.8,2021-02-22,2021
2021-02-23 19:00:00-05:00,2021-02-23 19:00:00-05:00,LONG,13169.25,13165.0,13173.5,4.25,TARGET,1.0,0.8329411764705883,70.80000000000001,2021-02-23,2021
2021-02-23 21:20:00-05:00,2021-02-23 21:42:00-05:00,SHORT,13229.75,13241.75,13217.75,12.0,TARGET,1.0,0.9408333333333333,225.79999999999998,2021-02-23,2021
2021-02-24 18:30:00-05:00,2021-02-24 18:31:00-05:00,SHORT,13305.0,13310.75,13299.25,5.75,STOP,-1.0,-1.1234782608695653,-129.20000000000002,2021-02-24,2021
2021-02-24 19:25:00-05:00,2021-02-24 19:25:00-05:00,LONG,13316.0,13312.5,13319.5,3.5,TARGET,1.0,0.7971428571428572,55.8,2021-02-24,2021
2021-02-25 19:35:00-05:00,2021-02-25 19:35:00-05:00,LONG,12707.75,12702.5,12713.0,5.25,TARGET,1.0,0.8647619047619047,90.8,2021-02-25,2021
2021-02-25 23:00:00-05:00,2021-02-25 23:02:00-05:00,SHORT,12790.0,12796.5,12783.5,6.5,STOP,-1.0,-1.1092307692307692,-144.2,2021-02-25,2021
2021-02-28 18:45:00-05:00,2021-02-28 18:45:00-05:00,SHORT,13000.75,13008.5,12993.0,7.75,TARGET,1.0,0.9083870967741936,140.8,2021-02-28,2021
2021-02-28 20:30:00-05:00,2021-02-28 20:31:00-05:00,SHORT,13061.75,13066.5,13057.0,4.75,TARGET,1.0,0.8505263157894737,80.8,2021-02-28,2021
2021-03-01 18:50:00-05:00,2021-03-01 19:00:00-05:00,LONG,13315.25,13306.5,13324.0,8.75,STOP,-1.0,-1.0811428571428572,-189.20000000000002,2021-03-01,2021
2021-03-01 19:30:00-05:00,2021-03-01 19:32:00-05:00,SHORT,13320.25,13325.5,13315.0,5.25,TARGET,1.0,0.8647619047619047,90.8,2021-03-01,2021
2021-03-02 18:30:00-05:00,2021-03-02 18:30:00-05:00,SHORT,13090.5,13094.0,13087.0,3.5,STOP,-1.0,-1.2028571428571428,-84.2,2021-03-02,2021
2021-03-02 21:05:00-05:00,2021-03-02 21:05:00-05:00,LONG,13094.0,13088.25,13099.75,5.75,TARGET,1.0,0.8765217391304347,100.8,2021-03-02,2021
2021-03-03 18:50:00-05:00,2021-03-03 18:51:00-05:00,SHORT,12635.5,12644.75,12626.25,9.25,TARGET,1.0,0.9232432432432433,170.8,2021-03-03,2021
2021-03-03 19:40:00-05:00,2021-03-03 19:44:00-05:00,SHORT,12639.75,12648.0,12631.5,8.25,STOP,-1.0,-1.086060606060606,-179.2,2021-03-03,2021
2021-03-04 19:00:00-05:00,2021-03-04 19:00:00-05:00,LONG,12406.0,12403.75,12408.25,2.25,STOP,-1.0,-1.3155555555555556,-59.2,2021-03-04,2021
2021-03-04 19:40:00-05:00,2021-03-04 19:47:00-05:00,LONG,12366.5,12357.5,12375.5,9.0,STOP,-1.0,-1.0788888888888888,-194.2,2021-03-04,2021
2021-03-07 19:05:00-05:00,2021-03-07 19:06:00-05:00,LONG,12664.25,12654.5,12674.0,9.75,STOP,-1.0,-1.0728205128205128,-209.2,2021-03-07,2021
2021-03-07 20:50:00-05:00,2021-03-07 20:56:00-05:00,SHORT,12644.0,12654.25,12633.75,10.25,STOP,-1.0,-1.069268292682927,-219.20000000000002,2021-03-07,2021
2021-03-08 18:25:00-05:00,2021-03-08 18:31:00-05:00,SHORT,12374.25,12383.75,12364.75,9.5,STOP,-1.0,-1.0747368421052632,-204.20000000000002,2021-03-08,2021
2021-03-08 19:15:00-05:00,2021-03-08 19:15:00-05:00,SHORT,12383.5,12389.25,12377.75,5.75,TARGET,1.0,0.8765217391304347,100.8,2021-03-08,2021
2021-03-09 18:25:00-05:00,2021-03-09 18:28:00-05:00,SHORT,12806.0,12809.5,12802.5,3.5,STOP,-1.0,-1.2028571428571428,-84.2,2021-03-09,2021
2021-03-09 21:20:00-05:00,2021-03-09 21:25:00-05:00,LONG,12737.75,12729.5,12746.0,8.25,TARGET,1.0,0.9139393939393939,150.8,2021-03-09,2021
2021-03-10 18:05:00-05:00,2021-03-10 18:30:00-05:00,SHORT,12789.25,12800.25,12778.25,11.0,TARGET,1.0,0.9354545454545454,205.79999999999998,2021-03-10,2021
2021-03-10 19:25:00-05:00,2021-03-10 19:33:00-05:00,LONG,12758.5,12754.5,12762.5,4.0,TARGET,1.0,0.8225,65.8,2021-03-10,2021
2021-09-08 06:35:00-04:00,2021-09-08 07:11:00-04:00,SHORT,15655.0,15661.25,15648.75,6.25,STOP,-1.0,-1.1136,-139.2,2021-09-07,2021
2021-09-08 07:45:00-04:00,2021-09-08 07:54:00-04:00,LONG,15658.5,15656.0,15661.0,2.5,TARGET,1.0,0.716,35.8,2021-09-07,2021
2021-09-08 19:45:00-04:00,2021-09-08 20:01:00-04:00,LONG,15589.0,15583.25,15594.75,5.75,TARGET,1.0,0.8765217391304347,100.8,2021-09-08,2021
2021-09-08 22:30:00-04:00,2021-09-08 22:36:00-04:00,LONG,15589.5,15585.5,15593.5,4.0,STOP,-1.0,-1.1775,-94.2,2021-09-08,2021
2021-09-09 18:50:00-04:00,2021-09-09 19:00:00-04:00,SHORT,15549.5,15555.0,15544.0,5.5,STOP,-1.0,-1.1290909090909091,-124.2,2021-09-09,2021
2021-09-09 19:50:00-04:00,2021-09-09 20:01:00-04:00,SHORT,15554.0,15559.75,15548.25,5.75,STOP,-1.0,-1.1234782608695653,-129.20000000000002,2021-09-09,2021
2021-09-12 19:25:00-04:00,2021-09-12 19:30:00-04:00,LONG,15472.5,15466.75,15478.25,5.75,TARGET,1.0,0.8765217391304347,100.8,2021-09-12,2021
2021-09-12 20:05:00-04:00,2021-09-12 20:06:00-04:00,SHORT,15487.5,15489.5,15485.5,2.0,TARGET,1.0,0.645,25.8,2021-09-12,2021
2021-09-13 18:30:00-04:00,2021-09-13 18:36:00-04:00,SHORT,15447.25,15449.25,15445.25,2.0,STOP,-1.0,-1.355,-54.2,2021-09-13,2021
2021-09-13 19:35:00-04:00,2021-09-13 19:53:00-04:00,LONG,15444.75,15441.5,15448.0,3.25,TARGET,1.0,0.7815384615384615,50.8,2021-09-13,2021
2021-09-14 18:20:00-04:00,2021-09-14 18:21:00-04:00,SHORT,15395.75,15398.5,15393.0,2.75,TARGET,1.0,0.7418181818181818,40.8,2021-09-14,2021
2021-09-14 19:05:00-04:00,2021-09-14 19:35:00-04:00,SHORT,15395.5,15399.0,15392.0,3.5,STOP,-1.0,-1.2028571428571428,-84.2,2021-09-14,2021
2021-09-15 18:05:00-04:00,2021-09-15 19:02:00-04:00,SHORT,15506.5,15512.5,15500.5,6.0,TARGET,1.0,0.8816666666666667,105.80000000000001,2021-09-15,2021
2021-09-15 19:10:00-04:00,2021-09-15 19:21:00-04:00,LONG,15500.5,15497.0,15504.0,3.5,TARGET,1.0,0.7971428571428572,55.8,2021-09-15,2021
2021-09-16 18:05:00-04:00,2021-09-16 18:05:00-04:00,LONG,15493.5,15491.5,15495.5,2.0,STOP,-1.0,-1.355,-54.2,2021-09-16,2021
2021-09-16 18:45:00-04:00,2021-09-16 18:48:00-04:00,SHORT,15498.0,15499.25,15496.75,1.25,TARGET,1.0,0.43200000000000005,10.8,2021-09-16,2021
2021-09-19 18:25:00-04:00,2021-09-19 18:26:00-04:00,SHORT,15299.25,15305.25,15293.25,6.0,TARGET,1.0,0.8816666666666667,105.80000000000001,2021-09-19,2021
2021-09-19 19:05:00-04:00,2021-09-19 19:21:00-04:00,SHORT,15320.0,15326.25,15313.75,6.25,TARGET,1.0,0.8864,110.8,2021-09-19,2021
2021-09-20 18:10:00-04:00,2021-09-20 18:11:00-04:00,SHORT,15006.0,15008.0,15004.0,2.0,STOP,-1.0,-1.355,-54.2,2021-09-20,2021
2021-09-20 18:55:00-04:00,2021-09-20 19:00:00-04:00,LONG,15001.5,14995.5,15007.5,6.0,TARGET,1.0,0.8816666666666667,105.80000000000001,2021-09-20,2021
2021-09-21 18:15:00-04:00,2021-09-21 18:17:00-04:00,SHORT,14998.25,15002.75,14993.75,4.5,TARGET,1.0,0.8422222222222222,75.8,2021-09-21,2021
2021-09-21 18:55:00-04:00,2021-09-21 18:59:00-04:00,SHORT,14994.5,14999.0,14990.0,4.5,TARGET,1.0,0.8422222222222222,75.8,2021-09-21,2021
2021-09-22 18:10:00-04:00,2021-09-22 18:45:00-04:00,SHORT,15178.5,15186.5,15170.5,8.0,STOP,-1.0,-1.08875,-174.20000000000002,2021-09-22,2021
2021-09-22 18:50:00-04:00,2021-09-22 18:58:00-04:00,SHORT,15183.75,15187.25,15180.25,3.5,STOP,-1.0,-1.2028571428571428,-84.2,2021-09-22,2021
2021-09-23 18:25:00-04:00,2021-09-23 18:30:00-04:00,LONG,15305.0,15301.75,15308.25,3.25,TARGET,1.0,0.7815384615384615,50.8,2021-09-23,2021
2021-09-23 19:05:00-04:00,2021-09-23 19:08:00-04:00,SHORT,15310.75,15312.5,15309.0,1.75,STOP,-1.0,-1.4057142857142857,-49.2,2021-09-23,2021
2021-09-26 18:50:00-04:00,2021-09-26 18:52:00-04:00,LONG,15307.75,15303.75,15311.75,4.0,TARGET,1.0,0.8225,65.8,2021-09-26,2021
2021-09-26 19:40:00-04:00,2021-09-26 19:41:00-04:00,LONG,15305.0,15301.75,15308.25,3.25,TARGET,1.0,0.7815384615384615,50.8,2021-09-26,2021
2021-09-27 18:05:00-04:00,2021-09-27 18:35:00-04:00,SHORT,15179.0,15184.25,15173.75,5.25,STOP,-1.0,-1.1352380952380952,-119.19999999999999,2021-09-27,2021
2021-09-27 19:30:00-04:00,2021-09-27 19:31:00-04:00,LONG,15165.75,15162.75,15168.75,3.0,TARGET,1.0,0.7633333333333333,45.8,2021-09-27,2021
2021-09-28 18:25:00-04:00,2021-09-28 18:32:00-04:00,SHORT,14774.0,14782.5,14765.5,8.5,STOP,-1.0,-1.0835294117647059,-184.2,2021-09-28,2021
2021-09-28 19:30:00-04:00,2021-09-28 19:30:00-04:00,LONG,14774.75,14771.25,14778.25,3.5,STOP,-1.0,-1.2028571428571428,-84.2,2021-09-28,2021
2021-09-29 19:00:00-04:00,2021-09-29 19:03:00-04:00,LONG,14765.0,14760.0,14770.0,5.0,TARGET,1.0,0.858,85.8,2021-09-29,2021
2021-09-29 19:50:00-04:00,2021-09-29 19:59:00-04:00,LONG,14791.75,14787.0,14796.5,4.75,STOP,-1.0,-1.1494736842105264,-109.20000000000002,2021-09-29,2021
2021-09-30 18:15:00-04:00,2021-09-30 18:18:00-04:00,SHORT,14708.25,14713.5,14703.0,5.25,TARGET,1.0,0.8647619047619047,90.8,2021-09-30,2021
2021-09-30 19:05:00-04:00,2021-09-30 19:10:00-04:00,SHORT,14705.25,14711.75,14698.75,6.5,STOP,-1.0,-1.1092307692307692,-144.2,2021-09-30,2021
2021-10-03 23:30:00-04:00,2021-10-03 23:30:00-04:00,SHORT,14726.75,14732.25,14721.25,5.5,TARGET,1.0,0.8709090909090909,95.8,2021-10-03,2021
2021-10-04 05:30:00-04:00,2021-10-04 05:32:00-04:00,SHORT,14703.5,14713.0,14694.0,9.5,TARGET,1.0,0.9252631578947368,175.79999999999998,2021-10-03,2021
2021-10-04 19:05:00-04:00,2021-10-04 19:06:00-04:00,SHORT,14505.5,14509.75,14501.25,4.25,TARGET,1.0,0.8329411764705883,70.80000000000001,2021-10-04,2021
2021-10-04 20:05:00-04:00,2021-10-04 20:06:00-04:00,LONG,14486.5,14476.0,14497.0,10.5,STOP,-1.0,-1.0676190476190477,-224.20000000000002,2021-10-04,2021
2021-10-05 18:15:00-04:00,2021-10-05 18:16:00-04:00,SHORT,14673.0,14674.5,14671.5,1.5,STOP,-1.0,-1.4733333333333334,-44.2,2021-10-05,2021
2021-10-05 18:55:00-04:00,2021-10-05 19:00:00-04:00,SHORT,14670.5,14674.0,14667.0,3.5,STOP,-1.0,-1.2028571428571428,-84.2,2021-10-05,2021
2021-10-06 18:25:00-04:00,2021-10-06 18:31:00-04:00,SHORT,14788.75,14796.75,14780.75,8.0,STOP,-1.0,-1.08875,-174.20000000000002,2021-10-06,2021
2021-10-06 19:45:00-04:00,2021-10-06 19:46:00-04:00,LONG,14802.25,14795.5,14809.0,6.75,TARGET,1.0,0.8948148148148148,120.8,2021-10-06,2021
2021-10-07 18:40:00-04:00,2021-10-07 18:51:00-04:00,LONG,14893.0,14886.5,14899.5,6.5,TARGET,1.0,0.8907692307692308,115.8,2021-10-07,2021
2021-10-07 19:35:00-04:00,2021-10-07 19:49:00-04:00,SHORT,14899.5,14906.0,14893.0,6.5,STOP,-1.0,-1.1092307692307692,-144.2,2021-10-07,2021
2021-10-10 22:15:00-04:00,2021-10-10 22:29:00-04:00,SHORT,14762.5,14768.0,14757.0,5.5,TARGET,1.0,0.8709090909090909,95.8,2021-10-10,2021
2021-10-11 00:00:00-04:00,2021-10-11 00:00:00-04:00,SHORT,14749.75,14753.0,14746.5,3.25,TARGET,1.0,0.7815384615384615,50.8,2021-10-10,2021
2021-10-11 18:45:00-04:00,2021-10-11 18:49:00-04:00,LONG,14681.5,14675.75,14687.25,5.75,STOP,-1.0,-1.1234782608695653,-129.20000000000002,2021-10-11,2021
2021-10-11 20:05:00-04:00,2021-10-11 20:05:00-04:00,SHORT,14688.75,14691.5,14686.0,2.75,STOP,-1.0,-1.2581818181818183,-69.2,2021-10-11,2021
2021-10-12 18:05:00-04:00,2021-10-12 18:28:00-04:00,LONG,14599.75,14590.5,14609.0,9.25,TARGET,1.0,0.9232432432432433,170.8,2021-10-12,2021
2021-10-12 19:20:00-04:00,2021-10-12 19:22:00-04:00,LONG,14607.0,14603.5,14610.5,3.5,STOP,-1.0,-1.2028571428571428,-84.2,2021-10-12,2021
2021-10-13 19:20:00-04:00,2021-10-13 19:40:00-04:00,LONG,14793.5,14788.5,14798.5,5.0,TARGET,1.0,0.858,85.8,2021-10-13,2021
2021-10-13 20:50:00-04:00,2021-10-13 20:55:00-04:00,SHORT,14826.25,14830.5,14822.0,4.25,STOP,-1.0,-1.1670588235294117,-99.19999999999999,2021-10-13,2021
2021-10-14 18:15:00-04:00,2021-10-14 18:26:00-04:00,SHORT,15066.75,15070.75,15062.75,4.0,TARGET,1.0,0.8225,65.8,2021-10-14,2021
2021-10-14 19:50:00-04:00,2021-10-14 19:57:00-04:00,LONG,15070.5,15066.5,15074.5,4.0,TARGET,1.0,0.8225,65.8,2021-10-14,2021
2021-10-17 21:35:00-04:00,2021-10-17 21:35:00-04:00,LONG,15101.0,15097.75,15104.25,3.25,STOP,-1.0,-1.2184615384615385,-79.2,2021-10-17,2021
2021-10-17 22:20:00-04:00,2021-10-17 22:29:00-04:00,SHORT,15099.75,15108.0,15091.5,8.25,STOP,-1.0,-1.086060606060606,-179.2,2021-10-17,2021
2021-10-18 18:10:00-04:00,2021-10-18 18:12:00-04:00,LONG,15286.75,15284.75,15288.75,2.0,TARGET,1.0,0.645,25.8,2021-10-18,2021
2021-10-18 19:15:00-04:00,2021-10-18 19:16:00-04:00,SHORT,15277.25,15280.25,15274.25,3.0,TARGET,1.0,0.7633333333333333,45.8,2021-10-18,2021
2021-10-19 18:40:00-04:00,2021-10-19 18:44:00-04:00,LONG,15396.0,15390.75,15401.25,5.25,TARGET,1.0,0.8647619047619047,90.8,2021-10-19,2021
2021-10-19 19:20:00-04:00,2021-10-19 19:37:00-04:00,SHORT,15404.75,15409.5,15400.0,4.75,STOP,-1.0,-1.1494736842105264,-109.20000000000002,2021-10-19,2021
2021-10-20 18:05:00-04:00,2021-10-20 18:11:00-04:00,SHORT,15359.5,15364.5,15354.5,5.0,TARGET,1.0,0.858,85.8,2021-10-20,2021
2021-10-20 21:00:00-04:00,2021-10-20 21:02:00-04:00,LONG,15339.75,15335.75,15343.75,4.0,STOP,-1.0,-1.1775,-94.2,2021-10-20,2021
2021-10-21 18:55:00-04:00,2021-10-21 18:55:00-04:00,SHORT,15404.0,15405.5,15402.5,1.5,STOP,-1.0,-1.4733333333333334,-44.2,2021-10-21,2021
2021-10-21 19:55:00-04:00,2021-10-21 20:02:00-04:00,LONG,15392.75,15385.0,15400.5,7.75,TARGET,1.0,0.9083870967741936,140.8,2021-10-21,2021
2021-10-24 18:55:00-04:00,2021-10-24 19:00:00-04:00,LONG,15318.5,15312.0,15325.0,6.5,TARGET,1.0,0.8907692307692308,115.8,2021-10-24,2021
2021-10-24 20:10:00-04:00,2021-10-24 20:18:00-04:00,SHORT,15311.75,15316.5,15307.0,4.75,STOP,-1.0,-1.1494736842105264,-109.20000000000002,2021-10-24,2021
2021-10-25 18:30:00-04:00,2021-10-25 18:31:00-04:00,SHORT,15530.25,15532.75,15527.75,2.5,TARGET,1.0,0.716,35.8,2021-10-25,2021
2021-10-25 19:10:00-04:00,2021-10-25 19:25:00-04:00,SHORT,15529.75,15532.75,15526.75,3.0,TARGET,1.0,0.7633333333333333,45.8,2021-10-25,2021
2021-10-26 18:50:00-04:00,2021-10-26 18:51:00-04:00,SHORT,15568.0,15572.25,15563.75,4.25,TARGET,1.0,0.8329411764705883,70.80000000000001,2021-10-26,2021
2021-10-26 20:30:00-04:00,2021-10-26 20:35:00-04:00,LONG,15558.0,15550.5,15565.5,7.5,STOP,-1.0,-1.0946666666666667,-164.2,2021-10-26,2021
2021-10-27 18:30:00-04:00,2021-10-27 18:31:00-04:00,SHORT,15606.5,15608.25,15604.75,1.75,STOP,-1.0,-1.4057142857142857,-49.2,2021-10-27,2021
2021-10-27 19:10:00-04:00,2021-10-27 19:16:00-04:00,SHORT,15618.25,15622.5,15614.0,4.25,TARGET,1.0,0.8329411764705883,70.80000000000001,2021-10-27,2021
2021-10-28 18:35:00-04:00,2021-10-28 18:44:00-04:00,SHORT,15681.75,15692.5,15671.0,10.75,TARGET,1.0,0.933953488372093,200.8,2021-10-28,2021
2021-10-28 19:55:00-04:00,2021-10-28 20:00:00-04:00,SHORT,15674.25,15678.5,15670.0,4.25,TARGET,1.0,0.8329411764705883,70.80000000000001,2021-10-28,2021
2021-10-31 20:05:00-04:00,2021-10-31 20:08:00-04:00,LONG,15884.0,15876.5,15891.5,7.5,TARGET,1.0,0.9053333333333333,135.8,2021-10-31,2021
2021-10-31 21:10:00-04:00,2021-10-31 21:10:00-04:00,LONG,15892.5,15890.0,15895.0,2.5,TARGET,1.0,0.716,35.8,2021-10-31,2021
2021-11-01 19:10:00-04:00,2021-11-01 19:59:00-04:00,LONG,15884.25,15877.0,15891.5,7.25,STOP,-1.0,-1.0979310344827586,-159.2,2021-11-01,2021
2021-11-01 20:05:00-04:00,2021-11-01 20:15:00-04:00,LONG,15877.25,15871.75,15882.75,5.5,STOP,-1.0,-1.1290909090909091,-124.2,2021-11-01,2021
2021-11-02 18:25:00-04:00,2021-11-02 20:02:00-04:00,LONG,15946.5,15940.5,15952.5,6.0,STOP,-1.0,-1.1183333333333334,-134.20000000000002,2021-11-02,2021
2021-11-02 19:30:00-04:00,2021-11-02 19:30:00-04:00,SHORT,15947.5,15949.5,15945.5,2.0,TARGET,1.0,0.645,25.8,2021-11-02,2021
2021-11-03 18:35:00-04:00,2021-11-03 18:37:00-04:00,SHORT,16151.5,16154.0,16149.0,2.5,TARGET,1.0,0.716,35.8,2021-11-03,2021
2021-11-03 19:45:00-04:00,2021-11-03 19:47:00-04:00,SHORT,16178.75,16181.25,16176.25,2.5,STOP,-1.0,-1.284,-64.2,2021-11-03,2021
2021-11-04 19:05:00-04:00,2021-11-04 19:08:00-04:00,LONG,16339.0,16336.75,16341.25,2.25,TARGET,1.0,0.6844444444444444,30.799999999999997,2021-11-04,2021
2021-11-04 19:50:00-04:00,2021-11-04 19:55:00-04:00,SHORT,16335.0,16341.75,16328.25,6.75,STOP,-1.0,-1.1051851851851853,-149.20000000000002,2021-11-04,2021
2021-11-07 18:45:00-05:00,2021-11-07 18:48:00-05:00,SHORT,16329.0,16333.5,16324.5,4.5,STOP,-1.0,-1.1577777777777778,-104.2,2021-11-07,2021
2021-11-07 21:20:00-05:00,2021-11-07 21:22:00-05:00,SHORT,16289.25,16292.5,16286.0,3.25,TARGET,1.0,0.7815384615384615,50.8,2021-11-07,2021
2021-11-08 18:40:00-05:00,2021-11-08 18:45:00-05:00,SHORT,16316.5,16319.25,16313.75,2.75,STOP,-1.0,-1.2581818181818183,-69.2,2021-11-08,2021
2021-11-08 20:00:00-05:00,2021-11-08 20:01:00-05:00,LONG,16287.75,16285.0,16290.5,2.75,TARGET,1.0,0.7418181818181818,40.8,2021-11-08,2021
2021-11-09 18:50:00-05:00,2021-11-09 18:51:00-05:00,LONG,16186.5,16184.0,16189.0,2.5,STOP,-1.0,-1.284,-64.2,2021-11-09,2021
2021-11-09 19:30:00-05:00,2021-11-09 19:40:00-05:00,LONG,16186.75,16182.75,16190.75,4.0,STOP,-1.0,-1.1775,-94.2,2021-11-09,2021
2021-11-10 18:10:00-05:00,2021-11-10 18:19:00-05:00,LONG,15985.0,15981.0,15989.0,4.0,TARGET,1.0,0.8225,65.8,2021-11-10,2021
2021-11-10 19:05:00-05:00,2021-11-10 19:09:00-05:00,SHORT,15990.5,16000.0,15981.0,9.5,STOP,-1.0,-1.0747368421052632,-204.20000000000002,2021-11-10,2021
2021-11-11 18:55:00-05:00,2021-11-11 18:56:00-05:00,SHORT,16056.0,16061.75,16050.25,5.75,STOP,-1.0,-1.1234782608695653,-129.20000000000002,2021-11-11,2021
2021-11-11 19:35:00-05:00,2021-11-11 19:36:00-05:00,SHORT,16079.0,16082.75,16075.25,3.75,STOP,-1.0,-1.1893333333333334,-89.2,2021-11-11,2021
2021-11-14 18:45:00-05:00,2021-11-14 18:45:00-05:00,LONG,16228.75,16227.0,16230.5,1.75,STOP,-1.0,-1.4057142857142857,-49.2,2021-11-14,2021
2021-11-14 19:40:00-05:00,2021-11-14 19:41:00-05:00,SHORT,16233.25,16237.25,16229.25,4.0,STOP,-1.0,-1.1775,-94.2,2021-11-14,2021
2021-11-15 18:05:00-05:00,2021-11-15 18:18:00-05:00,SHORT,16193.25,16200.25,16186.25,7.0,TARGET,1.0,0.8985714285714286,125.8,2021-11-15,2021
2021-11-15 19:35:00-05:00,2021-11-15 19:41:00-05:00,LONG,16183.25,16177.75,16188.75,5.5,TARGET,1.0,0.8709090909090909,95.8,2021-11-15,2021
2021-11-16 19:05:00-05:00,2021-11-16 19:06:00-05:00,LONG,16304.5,16301.0,16308.0,3.5,TARGET,1.0,0.7971428571428572,55.8,2021-11-16,2021
2021-11-16 20:05:00-05:00,2021-11-16 20:11:00-05:00,SHORT,16303.75,16308.25,16299.25,4.5,STOP,-1.0,-1.1577777777777778,-104.2,2021-11-16,2021
2021-11-17 18:10:00-05:00,2021-11-17 18:14:00-05:00,SHORT,16327.0,16332.5,16321.5,5.5,TARGET,1.0,0.8709090909090909,95.8,2021-11-17,2021
2021-11-17 19:05:00-05:00,2021-11-17 19:06:00-05:00,SHORT,16330.5,16333.25,16327.75,2.75,STOP,-1.0,-1.2581818181818183,-69.2,2021-11-17,2021
2021-11-18 18:20:00-05:00,2021-11-18 18:20:00-05:00,SHORT,16503.0,16505.5,16500.5,2.5,TARGET,1.0,0.716,35.8,2021-11-18,2021
2021-11-18 19:05:00-05:00,2021-11-18 19:30:00-05:00,LONG,16498.5,16492.75,16504.25,5.75,TARGET,1.0,0.8765217391304347,100.8,2021-11-18,2021
2021-11-21 19:05:00-05:00,2021-11-21 19:10:00-05:00,LONG,16593.25,16582.25,16604.25,11.0,TARGET,1.0,0.9354545454545454,205.79999999999998,2021-11-21,2021
2021-11-21 19:50:00-05:00,2021-11-21 19:54:00-05:00,SHORT,16611.5,16615.0,16608.0,3.5,STOP,-1.0,-1.2028571428571428,-84.2,2021-11-21,2021
2021-11-22 18:15:00-05:00,2021-11-22 18:22:00-05:00,SHORT,16411.0,16415.0,16407.0,4.0,TARGET,1.0,0.8225,65.8,2021-11-22,2021
2021-11-22 19:10:00-05:00,2021-11-22 19:16:00-05:00,LONG,16393.0,16383.5,16402.5,9.5,TARGET,1.0,0.9252631578947368,175.79999999999998,2021-11-22,2021
2021-11-23 18:10:00-05:00,2021-11-23 18:10:00-05:00,LONG,16292.75,16291.5,16294.0,1.25,TARGET,1.0,0.43200000000000005,10.8,2021-11-23,2021
2021-11-23 18:55:00-05:00,2021-11-23 18:55:00-05:00,LONG,16287.25,16285.5,16289.0,1.75,STOP,-1.0,-1.4057142857142857,-49.2,2021-11-23,2021
2021-11-24 18:10:00-05:00,2021-11-24 19:03:00-05:00,SHORT,16358.25,16365.0,16351.5,6.75,STOP,-1.0,-1.1051851851851853,-149.20000000000002,2021-11-24,2021
2021-11-24 18:55:00-05:00,2021-11-24 18:55:00-05:00,SHORT,16358.75,16361.0,16356.5,2.25,STOP,-1.0,-1.3155555555555556,-59.2,2021-11-24,2021
2021-11-25 22:10:00-05:00,2021-11-25 22:10:00-05:00,SHORT,16290.0,16293.5,16286.5,3.5,TARGET,1.0,0.7971428571428572,55.8,2021-11-25,2021
2021-11-25 23:00:00-05:00,2021-11-25 23:06:00-05:00,LONG,16287.0,16278.25,16295.75,8.75,STOP,-1.0,-1.0811428571428572,-189.20000000000002,2021-11-25,2021
2021-11-28 20:10:00-05:00,2021-11-28 20:16:00-05:00,SHORT,16215.0,16223.75,16206.25,8.75,TARGET,1.0,0.9188571428571428,160.79999999999998,2021-11-28,2021
2021-11-28 20:55:00-05:00,2021-11-28 21:02:00-05:00,SHORT,16233.75,16244.0,16223.5,10.25,STOP,-1.0,-1.069268292682927,-219.20000000000002,2021-11-28,2021
2021-11-29 19:45:00-05:00,2021-11-29 19:48:00-05:00,SHORT,16427.5,16433.5,16421.5,6.0,STOP,-1.0,-1.1183333333333334,-134.20000000000002,2021-11-29,2021
2021-11-29 20:25:00-05:00,2021-11-29 20:50:00-05:00,LONG,16427.25,16419.75,16434.75,7.5,TARGET,1.0,0.9053333333333333,135.8,2021-11-29,2021
2021-11-30 18:25:00-05:00,2021-11-30 18:25:00-05:00,LONG,16241.75,16236.75,16246.75,5.0,TARGET,1.0,0.858,85.8,2021-11-30,2021
2021-11-30 19:40:00-05:00,2021-11-30 19:41:00-05:00,LONG,16193.25,16182.0,16204.5,11.25,TARGET,1.0,0.9368888888888889,210.8,2021-11-30,2021
2021-12-01 18:40:00-05:00,2021-12-01 18:43:00-05:00,SHORT,15915.75,15926.0,15905.5,10.25,TARGET,1.0,0.9307317073170732,190.8,2021-12-01,2021
2021-12-01 19:35:00-05:00,2021-12-01 19:41:00-05:00,SHORT,15956.25,15963.5,15949.0,7.25,TARGET,1.0,0.9020689655172414,130.8,2021-12-01,2021
2021-12-02 18:35:00-05:00,2021-12-02 18:42:00-05:00,LONG,15966.75,15961.0,15972.5,5.75,STOP,-1.0,-1.1234782608695653,-129.20000000000002,2021-12-02,2021
2021-12-02 19:25:00-05:00,2021-12-02 19:27:00-05:00,SHORT,15940.0,15951.0,15929.0,11.0,STOP,-1.0,-1.0645454545454545,-234.2,2021-12-02,2021
2021-12-05 19:40:00-05:00,2021-12-05 19:44:00-05:00,SHORT,15703.5,15712.25,15694.75,8.75,STOP,-1.0,-1.0811428571428572,-189.20000000000002,2021-12-05,2021
2021-12-05 20:35:00-05:00,2021-12-05 20:35:00-05:00,LONG,15719.25,15713.25,15725.25,6.0,STOP,-1.0,-1.1183333333333334,-134.20000000000002,2021-12-05,2021
2021-12-06 18:35:00-05:00,2021-12-06 18:59:00-05:00,SHORT,15833.5,15844.5,15822.5,11.0,STOP,-1.0,-1.0645454545454545,-234.2,2021-12-06,2021
2021-12-06 19:40:00-05:00,2021-12-06 19:41:00-05:00,SHORT,15837.75,15841.0,15834.5,3.25,TARGET,1.0,0.7815384615384615,50.8,2021-12-06,2021
2021-12-07 18:25:00-05:00,2021-12-07 18:26:00-05:00,LONG,16340.0,16334.5,16345.5,5.5,STOP,-1.0,-1.1290909090909091,-124.2,2021-12-07,2021
2021-12-07 19:05:00-05:00,2021-12-07 19:06:00-05:00,LONG,16344.75,16336.25,16353.25,8.5,STOP,-1.0,-1.0835294117647059,-184.2,2021-12-07,2021
2021-12-08 18:10:00-05:00,2021-12-08 18:15:00-05:00,LONG,16377.0,16371.5,16382.5,5.5,TARGET,1.0,0.8709090909090909,95.8,2021-12-08,2021
2021-12-08 18:50:00-05:00,2021-12-08 18:50:00-05:00,LONG,16382.5,16381.5,16383.5,1.0,STOP,-1.0,-1.71,-34.2,2021-12-08,2021
2022-03-09 19:20:00-05:00,2022-03-09 19:22:00-05:00,LONG,13734.0,13728.75,13739.25,5.25,TARGET,1.0,0.8647619047619047,90.8,2022-03-09,2022
2022-03-09 20:00:00-05:00,2022-03-09 20:00:00-05:00,LONG,13740.25,13736.75,13743.75,3.5,TARGET,1.0,0.7971428571428572,55.8,2022-03-09,2022
2022-03-10 18:45:00-05:00,2022-03-10 18:47:00-05:00,SHORT,13592.5,13600.5,13584.5,8.0,STOP,-1.0,-1.08875,-174.20000000000002,2022-03-10,2022
2022-03-10 19:30:00-05:00,2022-03-10 19:31:00-05:00,SHORT,13591.5,13597.75,13585.25,6.25,STOP,-1.0,-1.1136,-139.2,2022-03-10,2022
2022-03-13 19:15:00-04:00,2022-03-13 19:25:00-04:00,LONG,13347.25,13336.75,13357.75,10.5,TARGET,1.0,0.9323809523809524,195.8,2022-03-13,2022
2022-03-13 20:10:00-04:00,2022-03-13 20:13:00-04:00,SHORT,13376.25,13383.75,13368.75,7.5,STOP,-1.0,-1.0946666666666667,-164.2,2022-03-13,2022
2022-03-14 19:25:00-04:00,2022-03-14 19:30:00-04:00,SHORT,13101.25,13109.0,13093.5,7.75,STOP,-1.0,-1.0916129032258064,-169.2,2022-03-14,2022
2022-03-15 00:10:00-04:00,2022-03-15 00:12:00-04:00,SHORT,13108.5,13114.0,13103.0,5.5,STOP,-1.0,-1.1290909090909091,-124.2,2022-03-14,2022
2022-03-15 18:05:00-04:00,2022-03-15 18:06:00-04:00,LONG,13447.25,13438.25,13456.25,9.0,STOP,-1.0,-1.0788888888888888,-194.2,2022-03-15,2022
2022-03-15 19:00:00-04:00,2022-03-15 19:08:00-04:00,LONG,13440.0,13433.5,13446.5,6.5,STOP,-1.0,-1.1092307692307692,-144.2,2022-03-15,2022
2022-03-16 18:10:00-04:00,2022-03-16 18:11:00-04:00,LONG,13979.5,13973.75,13985.25,5.75,STOP,-1.0,-1.1234782608695653,-129.20000000000002,2022-03-16,2022
2022-03-16 19:05:00-04:00,2022-03-16 19:10:00-04:00,SHORT,13962.0,13973.5,13950.5,11.5,TARGET,1.0,0.9382608695652174,215.79999999999998,2022-03-16,2022
2022-03-17 18:05:00-04:00,2022-03-17 18:06:00-04:00,SHORT,14064.0,14072.75,14055.25,8.75,TARGET,1.0,0.9188571428571428,160.79999999999998,2022-03-17,2022
2022-03-17 18:50:00-04:00,2022-03-17 18:51:00-04:00,LONG,14029.75,14024.25,14035.25,5.5,STOP,-1.0,-1.1290909090909091,-124.2,2022-03-17,2022
2022-03-20 18:50:00-04:00,2022-03-20 20:00:00-04:00,SHORT,14412.0,14421.75,14402.25,9.75,TARGET,1.0,0.9271794871794872,180.8,2022-03-20,2022
2022-03-20 20:00:00-04:00,2022-03-20 20:00:00-04:00,LONG,14405.0,14402.5,14407.5,2.5,STOP,-1.0,-1.284,-64.2,2022-03-20,2022
2022-03-21 18:50:00-04:00,2022-03-21 18:52:00-04:00,SHORT,14370.0,14375.0,14365.0,5.0,STOP,-1.0,-1.142,-114.19999999999999,2022-03-21,2022
2022-03-21 19:35:00-04:00,2022-03-21 19:42:00-04:00,SHORT,14358.75,14364.75,14352.75,6.0,TARGET,1.0,0.8816666666666667,105.80000000000001,2022-03-21,2022
2022-03-22 18:50:00-04:00,2022-03-22 19:12:00-04:00,SHORT,14665.5,14672.5,14658.5,7.0,TARGET,1.0,0.8985714285714286,125.8,2022-03-22,2022
2022-03-22 19:45:00-04:00,2022-03-22 19:49:00-04:00,LONG,14655.25,14650.75,14659.75,4.5,TARGET,1.0,0.8422222222222222,75.8,2022-03-22,2022
2022-03-23 18:10:00-04:00,2022-03-23 18:10:00-04:00,LONG,14457.0,14454.0,14460.0,3.0,TARGET,1.0,0.7633333333333333,45.8,2022-03-23,2022
2022-03-23 18:50:00-04:00,2022-03-23 18:52:00-04:00,LONG,14465.25,14462.5,14468.0,2.75,STOP,-1.0,-1.2581818181818183,-69.2,2022-03-23,2022
2022-03-24 18:20:00-04:00,2022-03-24 18:26:00-04:00,LONG,14758.5,14752.0,14765.0,6.5,TARGET,1.0,0.8907692307692308,115.8,2022-03-24,2022
2022-03-24 19:20:00-04:00,2022-03-24 19:20:00-04:00,SHORT,14749.0,14751.25,14746.75,2.25,STOP,-1.0,-1.3155555555555556,-59.2,2022-03-24,2022
2022-03-27 18:30:00-04:00,2022-03-27 18:31:00-04:00,LONG,14753.25,14749.0,14757.5,4.25,STOP,-1.0,-1.1670588235294117,-99.19999999999999,2022-03-27,2022
2022-03-27 19:15:00-04:00,2022-03-27 19:15:00-04:00,LONG,14731.5,14724.75,14738.25,6.75,TARGET,1.0,0.8948148148148148,120.8,2022-03-27,2022
2022-03-28 18:10:00-04:00,2022-03-28 18:11:00-04:00,LONG,14972.0,14969.5,14974.5,2.5,STOP,-1.0,-1.284,-64.2,2022-03-28,2022
2022-03-28 19:00:00-04:00,2022-03-28 19:00:00-04:00,SHORT,14974.25,14975.5,14973.0,1.25,STOP,-1.0,-1.568,-39.2,2022-03-28,2022
2022-03-29 18:35:00-04:00,2022-03-29 18:38:00-04:00,SHORT,15215.5,15220.5,15210.5,5.0,STOP,-1.0,-1.142,-114.19999999999999,2022-03-29,2022
2022-03-29 19:15:00-04:00,2022-03-29 19:15:00-04:00,SHORT,15215.5,15218.5,15212.5,3.0,TARGET,1.0,0.7633333333333333,45.8,2022-03-29,2022
2022-03-30 18:25:00-04:00,2022-03-30 18:27:00-04:00,SHORT,15108.0,15109.5,15106.5,1.5,TARGET,1.0,0.5266666666666666,15.799999999999999,2022-03-30,2022
2022-03-30 19:05:00-04:00,2022-03-30 19:15:00-04:00,SHORT,15108.5,15113.5,15103.5,5.0,STOP,-1.0,-1.142,-114.19999999999999,2022-03-30,2022
2022-03-31 18:15:00-04:00,2022-03-31 18:15:00-04:00,LONG,14911.5,14907.5,14915.5,4.0,STOP,-1.0,-1.1775,-94.2,2022-03-31,2022
2022-03-31 18:55:00-04:00,2022-03-31 18:57:00-04:00,SHORT,14915.0,14918.0,14912.0,3.0,TARGET,1.0,0.7633333333333333,45.8,2022-03-31,2022
2022-04-03 18:25:00-04:00,2022-04-03 18:32:00-04:00,LONG,14837.0,14829.75,14844.25,7.25,STOP,-1.0,-1.0979310344827586,-159.2,2022-04-03,2022
2022-04-03 19:20:00-04:00,2022-04-03 19:33:00-04:00,SHORT,14834.25,14842.0,14826.5,7.75,TARGET,1.0,0.9083870967741936,140.8,2022-04-03,2022
2022-04-04 18:20:00-04:00,2022-04-04 18:35:00-04:00,SHORT,15157.25,15162.0,15152.5,4.75,TARGET,1.0,0.8505263157894737,80.8,2022-04-04,2022
2022-04-04 19:05:00-04:00,2022-04-04 19:06:00-04:00,SHORT,15158.25,15160.25,15156.25,2.0,TARGET,1.0,0.645,25.8,2022-04-04,2022
2022-04-05 18:30:00-04:00,2022-04-05 18:30:00-04:00,LONG,14837.0,14832.75,14841.25,4.25,TARGET,1.0,0.8329411764705883,70.80000000000001,2022-04-05,2022
2022-04-06 01:50:00-04:00,2022-04-06 01:54:00-04:00,LONG,14819.75,14816.5,14823.0,3.25,STOP,-1.0,-1.2184615384615385,-79.2,2022-04-05,2022
2022-04-06 18:20:00-04:00,2022-04-06 18:26:00-04:00,SHORT,14513.0,14521.0,14505.0,8.0,TARGET,1.0,0.91125,145.8,2022-04-06,2022
2022-04-06 19:25:00-04:00,2022-04-06 19:32:00-04:00,SHORT,14505.0,14508.0,14502.0,3.0,TARGET,1.0,0.7633333333333333,45.8,2022-04-06,2022
2022-04-07 18:50:00-04:00,2022-04-07 18:52:00-04:00,LONG,14542.0,14539.0,14545.0,3.0,STOP,-1.0,-1.2366666666666666,-74.19999999999999,2022-04-07,2022
2022-04-07 20:00:00-04:00,2022-04-07 20:05:00-04:00,SHORT,14566.5,14575.5,14557.5,9.0,STOP,-1.0,-1.0788888888888888,-194.2,2022-04-07,2022
2022-04-10 18:30:00-04:00,2022-04-10 18:32:00-04:00,LONG,14349.25,14344.5,14354.0,4.75,TARGET,1.0,0.8505263157894737,80.8,2022-04-10,2022
2022-04-10 19:30:00-04:00,2022-04-10 19:34:00-04:00,LONG,14353.25,14347.75,14358.75,5.5,STOP,-1.0,-1.1290909090909091,-124.2,2022-04-10,2022
2022-04-11 18:30:00-04:00,2022-04-11 18:30:00-04:00,LONG,14009.75,14007.5,14012.0,2.25,TARGET,1.0,0.6844444444444444,30.799999999999997,2022-04-11,2022
2022-04-11 19:30:00-04:00,2022-04-11 19:33:00-04:00,LONG,13993.5,13986.5,14000.5,7.0,TARGET,1.0,0.8985714285714286,125.8,2022-04-11,2022
2022-04-12 18:10:00-04:00,2022-04-12 18:13:00-04:00,SHORT,13965.25,13968.0,13962.5,2.75,TARGET,1.0,0.7418181818181818,40.8,2022-04-12,2022
2022-04-12 19:30:00-04:00,2022-04-12 19:34:00-04:00,SHORT,13978.75,13982.5,13975.0,3.75,TARGET,1.0,0.8106666666666666,60.8,2022-04-12,2022
2022-04-13 18:45:00-04:00,2022-04-13 18:46:00-04:00,SHORT,14228.25,14230.75,14225.75,2.5,STOP,-1.0,-1.284,-64.2,2022-04-13,2022
2022-04-13 19:50:00-04:00,2022-04-13 20:03:00-04:00,LONG,14216.5,14212.0,14221.0,4.5,TARGET,1.0,0.8422222222222222,75.8,2022-04-13,2022
2022-04-17 19:45:00-04:00,2022-04-17 19:46:00-04:00,LONG,13763.5,13754.75,13772.25,8.75,STOP,-1.0,-1.0811428571428572,-189.20000000000002,2022-04-17,2022
2022-04-17 20:30:00-04:00,2022-04-17 20:33:00-04:00,LONG,13744.5,13739.0,13750.0,5.5,STOP,-1.0,-1.1290909090909091,-124.2,2022-04-17,2022
2022-04-18 18:20:00-04:00,2022-04-18 18:24:00-04:00,SHORT,13970.5,13974.75,13966.25,4.25,STOP,-1.0,-1.1670588235294117,-99.19999999999999,2022-04-18,2022
2022-04-18 19:25:00-04:00,2022-04-18 19:26:00-04:00,LONG,13973.75,13969.75,13977.75,4.0,STOP,-1.0,-1.1775,-94.2,2022-04-18,2022
2022-04-19 19:10:00-04:00,2022-04-19 19:16:00-04:00,LONG,14086.5,14083.5,14089.5,3.0,TARGET,1.0,0.7633333333333333,45.8,2022-04-19,2022
2022-04-19 20:00:00-04:00,2022-04-19 20:02:00-04:00,LONG,14079.0,14073.75,14084.25,5.25,STOP,-1.0,-1.1352380952380952,-119.19999999999999,2022-04-19,2022
2022-04-20 18:45:00-04:00,2022-04-20 18:46:00-04:00,SHORT,14084.75,14092.25,14077.25,7.5,TARGET,1.0,0.9053333333333333,135.8,2022-04-20,2022
2022-04-20 19:40:00-04:00,2022-04-20 19:41:00-04:00,SHORT,14079.5,14082.0,14077.0,2.5,STOP,-1.0,-1.284,-64.2,2022-04-20,2022
2022-04-21 18:50:00-04:00,2022-04-21 18:53:00-04:00,LONG,13719.75,13718.25,13721.25,1.5,STOP,-1.0,-1.4733333333333334,-44.2,2022-04-21,2022
2022-04-21 22:25:00-04:00,2022-04-21 22:25:00-04:00,LONG,13673.25,13670.75,13675.75,2.5,TARGET,1.0,0.716,35.8,2022-04-21,2022
2022-04-24 19:05:00-04:00,2022-04-24 19:11:00-04:00,SHORT,13326.75,13338.0,13315.5,11.25,STOP,-1.0,-1.0631111111111111,-239.2,2022-04-24,2022
2022-04-24 19:55:00-04:00,2022-04-24 19:55:00-04:00,LONG,13330.5,13323.5,13337.5,7.0,STOP,-1.0,-1.1014285714285714,-154.2,2022-04-24,2022
2022-04-25 19:20:00-04:00,2022-04-25 19:25:00-04:00,SHORT,13532.0,13535.25,13528.75,3.25,STOP,-1.0,-1.2184615384615385,-79.2,2022-04-25,2022
2022-04-25 20:40:00-04:00,2022-04-25 20:44:00-04:00,SHORT,13519.75,13524.25,13515.25,4.5,STOP,-1.0,-1.1577777777777778,-104.2,2022-04-25,2022
2022-04-26 19:55:00-04:00,2022-04-26 20:02:00-04:00,SHORT,13002.0,13013.5,12990.5,11.5,TARGET,1.0,0.9382608695652174,215.79999999999998,2022-04-26,2022
2022-04-26 22:35:00-04:00,2022-04-26 22:36:00-04:00,SHORT,13016.75,13024.25,13009.25,7.5,TARGET,1.0,0.9053333333333333,135.8,2022-04-26,2022
2022-04-27 18:50:00-04:00,2022-04-27 18:57:00-04:00,LONG,13166.25,13161.5,13171.0,4.75,STOP,-1.0,-1.1494736842105264,-109.20000000000002,2022-04-27,2022
2022-04-27 19:40:00-04:00,2022-04-27 19:44:00-04:00,SHORT,13174.25,13182.75,13165.75,8.5,TARGET,1.0,0.9164705882352941,155.8,2022-04-27,2022
2022-04-28 18:50:00-04:00,2022-04-28 18:50:00-04:00,LONG,13245.25,13241.0,13249.5,4.25,STOP,-1.0,-1.1670588235294117,-99.19999999999999,2022-04-28,2022
2022-04-28 19:45:00-04:00,2022-04-28 19:46:00-04:00,LONG,13247.25,13243.5,13251.0,3.75,STOP,-1.0,-1.1893333333333334,-89.2,2022-04-28,2022
2022-05-01 19:15:00-04:00,2022-05-01 19:20:00-04:00,SHORT,12902.75,12913.75,12891.75,11.0,STOP,-1.0,-1.0645454545454545,-234.2,2022-05-01,2022
2022-05-01 20:20:00-04:00,2022-05-01 20:20:00-04:00,LONG,12867.5,12860.75,12874.25,6.75,STOP,-1.0,-1.1051851851851853,-149.20000000000002,2022-05-01,2022
2022-05-02 18:10:00-04:00,2022-05-02 18:14:00-04:00,LONG,13044.0,13040.75,13047.25,3.25,TARGET,1.0,0.7815384615384615,50.8,2022-05-02,2022
2022-05-02 19:10:00-04:00,2022-05-02 19:12:00-04:00,SHORT,13056.5,13060.75,13052.25,4.25,TARGET,1.0,0.8329411764705883,70.80000000000001,2022-05-02,2022
2022-05-03 18:10:00-04:00,2022-05-03 18:12:00-04:00,SHORT,13120.0,13124.5,13115.5,4.5,STOP,-1.0,-1.1577777777777778,-104.2,2022-05-03,2022
2022-05-03 19:05:00-04:00,2022-05-03 19:09:00-04:00,LONG,13113.5,13109.0,13118.0,4.5,STOP,-1.0,-1.1577777777777778,-104.2,2022-05-03,2022
2022-05-04 18:50:00-04:00,2022-05-04 18:52:00-04:00,LONG,13505.25,13500.75,13509.75,4.5,TARGET,1.0,0.8422222222222222,75.8,2022-05-04,2022
2022-05-04 20:00:00-04:00,2022-05-04 20:00:00-04:00,SHORT,13512.25,13516.0,13508.5,3.75,STOP,-1.0,-1.1893333333333334,-89.2,2022-05-04,2022
2022-05-05 18:30:00-04:00,2022-05-05 18:30:00-04:00,LONG,12854.5,12846.5,12862.5,8.0,TARGET,1.0,0.91125,145.8,2022-05-05,2022
2022-05-05 19:20:00-04:00,2022-05-05 19:20:00-04:00,LONG,12859.5,12855.25,12863.75,4.25,TARGET,1.0,0.8329411764705883,70.80000000000001,2022-05-05,2022
2022-05-08 20:20:00-04:00,2022-05-08 20:21:00-04:00,LONG,12565.0,12558.0,12572.0,7.0,TARGET,1.0,0.8985714285714286,125.8,2022-05-08,2022
2022-05-08 21:55:00-04:00,2022-05-08 22:02:00-04:00,SHORT,12558.0,12567.75,12548.25,9.75,TARGET,1.0,0.9271794871794872,180.8,2022-05-08,2022
2022-05-09 18:25:00-04:00,2022-05-09 18:30:00-04:00,SHORT,12231.75,12236.5,12227.0,4.75,STOP,-1.0,-1.1494736842105264,-109.20000000000002,2022-05-09,2022
2022-05-09 19:25:00-04:00,2022-05-09 19:27:00-04:00,LONG,12221.0,12215.5,12226.5,5.5,STOP,-1.0,-1.1290909090909091,-124.2,2022-05-09,2022
2022-05-10 18:05:00-04:00,2022-05-10 18:05:00-04:00,SHORT,12332.5,12337.75,12327.25,5.25,TARGET,1.0,0.8647619047619047,90.8,2022-05-10,2022
2022-05-10 19:00:00-04:00,2022-05-10 19:09:00-04:00,SHORT,12355.0,12361.5,12348.5,6.5,STOP,-1.0,-1.1092307692307692,-144.2,2022-05-10,2022
2022-05-11 18:25:00-04:00,2022-05-11 18:27:00-04:00,LONG,11958.5,11949.75,11967.25,8.75,TARGET,1.0,0.9188571428571428,160.79999999999998,2022-05-11,2022
2022-05-11 23:40:00-04:00,2022-05-11 23:43:00-04:00,SHORT,12034.25,12044.0,12024.5,9.75,TARGET,1.0,0.9271794871794872,180.8,2022-05-11,2022
2022-05-12 18:55:00-04:00,2022-05-12 19:02:00-04:00,SHORT,11939.0,11943.75,11934.25,4.75,STOP,-1.0,-1.1494736842105264,-109.20000000000002,2022-05-12,2022
2022-05-12 19:35:00-04:00,2022-05-12 19:36:00-04:00,SHORT,11990.5,11995.5,11985.5,5.0,STOP,-1.0,-1.142,-114.19999999999999,2022-05-12,2022
2022-05-15 18:40:00-04:00,2022-05-15 18:40:00-04:00,LONG,12459.25,12452.75,12465.75,6.5,STOP,-1.0,-1.1092307692307692,-144.2,2022-05-15,2022
2022-05-15 19:40:00-04:00,2022-05-15 19:45:00-04:00,SHORT,12457.0,12467.25,12446.75,10.25,STOP,-1.0,-1.069268292682927,-219.20000000000002,2022-05-15,2022
2022-05-16 18:45:00-04:00,2022-05-16 18:48:00-04:00,SHORT,12262.0,12268.5,12255.5,6.5,TARGET,1.0,0.8907692307692308,115.8,2022-05-16,2022
2022-05-16 19:55:00-04:00,2022-05-16 20:04:00-04:00,SHORT,12262.75,12271.25,12254.25,8.5,TARGET,1.0,0.9164705882352941,155.8,2022-05-16,2022
2022-05-17 18:15:00-04:00,2022-05-17 18:18:00-04:00,SHORT,12585.5,12591.75,12579.25,6.25,STOP,-1.0,-1.1136,-139.2,2022-05-17,2022
2022-05-17 19:05:00-04:00,2022-05-17 19:09:00-04:00,LONG,12570.5,12564.75,12576.25,5.75,STOP,-1.0,-1.1234782608695653,-129.20000000000002,2022-05-17,2022
2022-05-18 19:00:00-04:00,2022-05-18 19:09:00-04:00,SHORT,11906.75,11913.25,11900.25,6.5,TARGET,1.0,0.8907692307692308,115.8,2022-05-18,2022
2022-05-18 20:05:00-04:00,2022-05-18 20:05:00-04:00,SHORT,11847.5,11854.25,11840.75,6.75,TARGET,1.0,0.8948148148148148,120.8,2022-05-18,2022
2022-05-19 18:20:00-04:00,2022-05-19 18:24:00-04:00,SHORT,11923.0,11926.5,11919.5,3.5,TARGET,1.0,0.7971428571428572,55.8,2022-05-19,2022
2022-05-19 19:00:00-04:00,2022-05-19 19:00:00-04:00,SHORT,11910.5,11913.5,11907.5,3.0,STOP,-1.0,-1.2366666666666666,-74.19999999999999,2022-05-19,2022
2022-05-22 18:35:00-04:00,2022-05-22 18:35:00-04:00,LONG,11901.75,11893.5,11910.0,8.25,TARGET,1.0,0.9139393939393939,150.8,2022-05-22,2022
2022-05-22 19:35:00-04:00,2022-05-22 19:38:00-04:00,SHORT,11976.5,11986.5,11966.5,10.0,STOP,-1.0,-1.071,-214.2,2022-05-22,2022
2022-05-23 18:55:00-04:00,2022-05-23 18:56:00-04:00,SHORT,11876.0,11883.25,11868.75,7.25,STOP,-1.0,-1.0979310344827586,-159.2,2022-05-23,2022
2022-05-23 20:20:00-04:00,2022-05-23 20:22:00-04:00,SHORT,11886.75,11898.5,11875.0,11.75,TARGET,1.0,0.9395744680851064,220.79999999999998,2022-05-23,2022
2022-05-24 18:30:00-04:00,2022-05-24 18:35:00-04:00,SHORT,11844.25,11850.25,11838.25,6.0,STOP,-1.0,-1.1183333333333334,-134.20000000000002,2022-05-24,2022
2022-05-24 19:30:00-04:00,2022-05-24 19:47:00-04:00,SHORT,11858.0,11870.0,11846.0,12.0,TARGET,1.0,0.9408333333333333,225.79999999999998,2022-05-24,2022
2022-05-25 18:20:00-04:00,2022-05-25 18:25:00-04:00,SHORT,11912.75,11922.75,11902.75,10.0,TARGET,1.0,0.929,185.8,2022-05-25,2022
2022-05-25 19:10:00-04:00,2022-05-25 19:12:00-04:00,SHORT,11913.0,11919.5,11906.5,6.5,STOP,-1.0,-1.1092307692307692,-144.2,2022-05-25,2022
2022-05-26 19:15:00-04:00,2022-05-26 19:15:00-04:00,SHORT,12284.75,12288.5,12281.0,3.75,STOP,-1.0,-1.1893333333333334,-89.2,2022-05-26,2022
2022-05-26 20:05:00-04:00,2022-05-26 20:11:00-04:00,SHORT,12291.75,12300.5,12283.0,8.75,TARGET,1.0,0.9188571428571428,160.79999999999998,2022-05-26,2022
2022-05-29 18:50:00-04:00,2022-05-29 18:50:00-04:00,SHORT,12705.0,12708.5,12701.5,3.5,TARGET,1.0,0.7971428571428572,55.8,2022-05-29,2022
2022-05-29 19:55:00-04:00,2022-05-29 19:58:00-04:00,LONG,12743.5,12739.75,12747.25,3.75,STOP,-1.0,-1.1893333333333334,-89.2,2022-05-29,2022
2022-05-30 19:30:00-04:00,2022-05-30 19:36:00-04:00,LONG,12792.75,12785.0,12800.5,7.75,STOP,-1.0,-1.0916129032258064,-169.2,2022-05-30,2022
2022-05-30 22:35:00-04:00,2022-05-30 22:40:00-04:00,SHORT,12757.25,12766.25,12748.25,9.0,STOP,-1.0,-1.0788888888888888,-194.2,2022-05-30,2022
2022-05-31 18:35:00-04:00,2022-05-31 18:36:00-04:00,SHORT,12669.0,12674.25,12663.75,5.25,STOP,-1.0,-1.1352380952380952,-119.19999999999999,2022-05-31,2022
2022-05-31 19:35:00-04:00,2022-05-31 19:35:00-04:00,SHORT,12695.0,12700.5,12689.5,5.5,TARGET,1.0,0.8709090909090909,95.8,2022-05-31,2022
2022-06-01 18:05:00-04:00,2022-06-01 18:07:00-04:00,SHORT,12548.75,12553.5,12544.0,4.75,TARGET,1.0,0.8505263157894737,80.8,2022-06-01,2022
2022-06-01 18:55:00-04:00,2022-06-01 19:00:00-04:00,LONG,12527.5,12520.5,12534.5,7.0,STOP,-1.0,-1.1014285714285714,-154.2,2022-06-01,2022
2022-06-02 18:50:00-04:00,2022-06-02 18:50:00-04:00,SHORT,12927.75,12929.0,12926.5,1.25,TARGET,1.0,0.43200000000000005,10.8,2022-06-02,2022
2022-06-02 19:45:00-04:00,2022-06-02 19:48:00-04:00,LONG,12926.0,12921.5,12930.5,4.5,STOP,-1.0,-1.1577777777777778,-104.2,2022-06-02,2022
2022-06-05 18:35:00-04:00,2022-06-05 18:36:00-04:00,LONG,12533.5,12526.5,12540.5,7.0,TARGET,1.0,0.8985714285714286,125.8,2022-06-05,2022
2022-06-05 20:30:00-04:00,2022-06-05 20:37:00-04:00,SHORT,12570.25,12578.25,12562.25,8.0,TARGET,1.0,0.91125,145.8,2022-06-05,2022
2022-06-06 18:05:00-04:00,2022-06-06 18:14:00-04:00,SHORT,12606.25,12615.0,12597.5,8.75,TARGET,1.0,0.9188571428571428,160.79999999999998,2022-06-06,2022
2022-06-06 19:00:00-04:00,2022-06-06 19:09:00-04:00,LONG,12583.75,12577.0,12590.5,6.75,TARGET,1.0,0.8948148148148148,120.8,2022-06-06,2022
2022-06-07 18:50:00-04:00,2022-06-07 19:06:00-04:00,SHORT,12689.0,12697.75,12680.25,8.75,STOP,-1.0,-1.0811428571428572,-189.20000000000002,2022-06-07,2022
2022-06-07 20:05:00-04:00,2022-06-07 20:14:00-04:00,SHORT,12672.25,12681.25,12663.25,9.0,STOP,-1.0,-1.0788888888888888,-194.2,2022-06-07,2022
2022-06-08 18:25:00-04:00,2022-06-08 18:27:00-04:00,SHORT,12613.75,12617.75,12609.75,4.0,STOP,-1.0,-1.1775,-94.2,2022-06-08,2022
2022-06-08 19:05:00-04:00,2022-06-08 19:16:00-04:00,SHORT,12627.5,12632.25,12622.75,4.75,STOP,-1.0,-1.1494736842105264,-109.20000000000002,2022-06-08,2022
2022-09-07 06:10:00-04:00,2022-09-07 06:11:00-04:00,LONG,12119.25,12117.5,12121.0,1.75,STOP,-1.0,-1.4057142857142857,-49.2,2022-09-06,2022
2022-09-07 12:10:00-04:00,2022-09-07 12:15:00-04:00,LONG,12213.25,12203.0,12223.5,10.25,STOP,-1.0,-1.069268292682927,-219.20000000000002,2022-09-06,2022
2022-09-07 18:45:00-04:00,2022-09-07 18:45:00-04:00,LONG,12340.0,12341.25,12341.25,1.25,STOP,-1.0,-1.568,-39.2,2022-09-07,2022
2022-09-08 11:25:00-04:00,2022-09-08 11:27:00-04:00,SHORT,12447.5,12454.0,12441.0,6.5,TARGET,1.0,0.8907692307692308,115.8,2022-09-07,2022
2022-09-08 18:15:00-04:00,2022-09-08 18:18:00-04:00,LONG,12413.25,12411.5,12415.0,1.75,STOP,-1.0,-1.4057142857142857,-49.2,2022-09-08,2022
2022-09-08 19:10:00-04:00,2022-09-08 19:17:00-04:00,SHORT,12419.0,12423.25,12414.75,4.25,STOP,-1.0,-1.1670588235294117,-99.19999999999999,2022-09-08,2022
2022-09-11 18:40:00-04:00,2022-09-11 18:46:00-04:00,LONG,12719.25,12716.0,12722.5,3.25,TARGET,1.0,0.7815384615384615,50.8,2022-09-11,2022
2022-09-11 20:00:00-04:00,2022-09-11 20:00:00-04:00,LONG,12708.25,12706.0,12710.5,2.25,STOP,-1.0,-1.3155555555555556,-59.2,2022-09-11,2022
2022-09-12 18:10:00-04:00,2022-09-12 18:15:00-04:00,LONG,12849.0,12846.25,12851.75,2.75,TARGET,1.0,0.7418181818181818,40.8,2022-09-12,2022
2022-09-12 18:55:00-04:00,2022-09-12 18:58:00-04:00,SHORT,12842.25,12844.75,12839.75,2.5,STOP,-1.0,-1.284,-64.2,2022-09-12,2022
2022-09-13 18:25:00-04:00,2022-09-13 18:32:00-04:00,SHORT,12127.25,12135.5,12119.0,8.25,STOP,-1.0,-1.086060606060606,-179.2,2022-09-13,2022
2022-09-13 19:45:00-04:00,2022-09-13 19:55:00-04:00,SHORT,12130.75,12142.0,12119.5,11.25,STOP,-1.0,-1.0631111111111111,-239.2,2022-09-13,2022
2022-09-14 18:50:00-04:00,2022-09-14 19:02:00-04:00,SHORT,12262.25,12269.25,12255.25,7.0,TARGET,1.0,0.8985714285714286,125.8,2022-09-14,2022
2022-09-14 19:55:00-04:00,2022-09-14 19:59:00-04:00,SHORT,12244.75,12250.5,12239.0,5.75,STOP,-1.0,-1.1234782608695653,-129.20000000000002,2022-09-14,2022
2022-09-15 18:35:00-04:00,2022-09-15 18:42:00-04:00,SHORT,11923.5,11928.25,11918.75,4.75,TARGET,1.0,0.8505263157894737,80.8,2022-09-15,2022
2022-09-15 19:25:00-04:00,2022-09-15 19:28:00-04:00,LONG,11910.0,11905.0,11915.0,5.0,STOP,-1.0,-1.142,-114.19999999999999,2022-09-15,2022
2022-09-18 19:50:00-04:00,2022-09-18 19:53:00-04:00,SHORT,11934.0,11940.75,11927.25,6.75,TARGET,1.0,0.8948148148148148,120.8,2022-09-18,2022
2022-09-18 20:45:00-04:00,2022-09-18 20:45:00-04:00,SHORT,11948.0,11950.5,11945.5,2.5,TARGET,1.0,0.716,35.8,2022-09-18,2022
2022-09-19 18:10:00-04:00,2022-09-19 18:13:00-04:00,LONG,12046.25,12040.75,12051.75,5.5,TARGET,1.0,0.8709090909090909,95.8,2022-09-19,2022
2022-09-19 19:20:00-04:00,2022-09-19 19:24:00-04:00,SHORT,12053.0,12058.25,12047.75,5.25,STOP,-1.0,-1.1352380952380952,-119.19999999999999,2022-09-19,2022
2022-09-20 18:20:00-04:00,2022-09-20 18:25:00-04:00,LONG,11928.0,11924.75,11931.25,3.25,TARGET,1.0,0.7815384615384615,50.8,2022-09-20,2022
2022-09-20 19:05:00-04:00,2022-09-20 19:06:00-04:00,SHORT,11932.75,11938.5,11927.0,5.75,TARGET,1.0,0.8765217391304347,100.8,2022-09-20,2022
2022-09-21 18:15:00-04:00,2022-09-21 18:20:00-04:00,LONG,11658.25,11655.0,11661.5,3.25,TARGET,1.0,0.7815384615384615,50.8,2022-09-21,2022
2022-09-21 19:10:00-04:00,2022-09-21 19:12:00-04:00,SHORT,11631.0,11635.0,11627.0,4.0,TARGET,1.0,0.8225,65.8,2022-09-21,2022
2022-09-22 19:10:00-04:00,2022-09-22 19:33:00-04:00,SHORT,11577.0,11583.75,11570.25,6.75,STOP,-1.0,-1.1051851851851853,-149.20000000000002,2022-09-22,2022
2022-09-22 20:00:00-04:00,2022-09-22 20:00:00-04:00,SHORT,11587.5,11590.25,11584.75,2.75,STOP,-1.0,-1.2581818181818183,-69.2,2022-09-22,2022
2022-09-25 21:25:00-04:00,2022-09-25 21:25:00-04:00,LONG,11294.0,11292.0,11296.0,2.0,TARGET,1.0,0.645,25.8,2022-09-25,2022
2022-09-25 22:20:00-04:00,2022-09-25 22:20:00-04:00,SHORT,11351.5,11356.75,11346.25,5.25,STOP,-1.0,-1.1352380952380952,-119.19999999999999,2022-09-25,2022
2022-09-26 18:10:00-04:00,2022-09-26 18:11:00-04:00,LONG,11305.75,11303.5,11308.0,2.25,STOP,-1.0,-1.3155555555555556,-59.2,2022-09-26,2022
2022-09-26 19:00:00-04:00,2022-09-26 19:00:00-04:00,SHORT,11323.75,11327.25,11320.25,3.5,STOP,-1.0,-1.2028571428571428,-84.2,2022-09-26,2022
2022-09-27 18:35:00-04:00,2022-09-27 18:55:00-04:00,LONG,11351.75,11341.5,11362.0,10.25,TARGET,1.0,0.9307317073170732,190.8,2022-09-27,2022
2022-09-27 19:45:00-04:00,2022-09-27 19:50:00-04:00,SHORT,11371.0,11377.5,11364.5,6.5,TARGET,1.0,0.8907692307692308,115.8,2022-09-27,2022
2022-09-28 18:10:00-04:00,2022-09-28 18:10:00-04:00,SHORT,11553.75,11560.0,11547.5,6.25,STOP,-1.0,-1.1136,-139.2,2022-09-28,2022
2022-09-28 19:20:00-04:00,2022-09-28 19:21:00-04:00,SHORT,11539.0,11541.5,11536.5,2.5,TARGET,1.0,0.716,35.8,2022-09-28,2022
2022-09-29 18:30:00-04:00,2022-09-29 18:30:00-04:00,LONG,11238.25,11236.25,11240.25,2.0,TARGET,1.0,0.645,25.8,2022-09-29,2022
2022-09-29 19:20:00-04:00,2022-09-29 19:24:00-04:00,LONG,11246.5,11242.5,11250.5,4.0,TARGET,1.0,0.8225,65.8,2022-09-29,2022
2022-10-02 20:45:00-04:00,2022-10-02 20:45:00-04:00,LONG,10907.75,10906.5,10909.0,1.25,TARGET,1.0,0.43200000000000005,10.8,2022-10-02,2022
2022-10-03 00:00:00-04:00,2022-10-03 00:01:00-04:00,LONG,10990.5,10985.5,10995.5,5.0,STOP,-1.0,-1.142,-114.19999999999999,2022-10-02,2022
2022-10-03 19:00:00-04:00,2022-10-03 19:00:00-04:00,SHORT,11299.25,11306.0,11292.5,6.75,STOP,-1.0,-1.1051851851851853,-149.20000000000002,2022-10-03,2022
2022-10-03 19:45:00-04:00,2022-10-03 19:47:00-04:00,LONG,11334.0,11328.75,11339.25,5.25,TARGET,1.0,0.8647619047619047,90.8,2022-10-03,2022
2022-10-04 18:10:00-04:00,2022-10-04 18:11:00-04:00,LONG,11626.75,11620.75,11632.75,6.0,TARGET,1.0,0.8816666666666667,105.80000000000001,2022-10-04,2022
2022-10-04 19:05:00-04:00,2022-10-04 19:08:00-04:00,LONG,11617.5,11612.75,11622.25,4.75,STOP,-1.0,-1.1494736842105264,-109.20000000000002,2022-10-04,2022
2022-10-05 18:45:00-04:00,2022-10-05 18:47:00-04:00,SHORT,11642.75,11647.5,11638.0,4.75,STOP,-1.0,-1.1494736842105264,-109.20000000000002,2022-10-05,2022
2022-10-05 19:25:00-04:00,2022-10-05 19:26:00-04:00,SHORT,11659.25,11662.0,11656.5,2.75,TARGET,1.0,0.7418181818181818,40.8,2022-10-05,2022
2022-10-06 19:10:00-04:00,2022-10-06 19:25:00-04:00,SHORT,11502.75,11512.5,11493.0,9.75,STOP,-1.0,-1.0728205128205128,-209.2,2022-10-06,2022
2022-10-06 20:00:00-04:00,2022-10-06 20:00:00-04:00,LONG,11498.5,11491.25,11505.75,7.25,TARGET,1.0,0.9020689655172414,130.8,2022-10-06,2022
2022-10-09 20:00:00-04:00,2022-10-09 20:03:00-04:00,SHORT,11036.5,11048.25,11024.75,11.75,TARGET,1.0,0.9395744680851064,220.79999999999998,2022-10-09,2022
2022-10-09 20:40:00-04:00,2022-10-09 20:42:00-04:00,SHORT,11042.5,11052.25,11032.75,9.75,STOP,-1.0,-1.0728205128205128,-209.2,2022-10-09,2022
2022-10-10 18:10:00-04:00,2022-10-10 18:16:00-04:00,LONG,10986.75,10983.5,10990.0,3.25,TARGET,1.0,0.7815384615384615,50.8,2022-10-10,2022
2022-10-10 18:50:00-04:00,2022-10-10 18:51:00-04:00,SHORT,11004.25,11008.0,11000.5,3.75,STOP,-1.0,-1.1893333333333334,-89.2,2022-10-10,2022
2022-10-11 18:20:00-04:00,2022-10-11 18:21:00-04:00,SHORT,10875.5,10878.25,10872.75,2.75,TARGET,1.0,0.7418181818181818,40.8,2022-10-11,2022
2022-10-11 19:10:00-04:00,2022-10-11 19:15:00-04:00,SHORT,10866.25,10872.0,10860.5,5.75,TARGET,1.0,0.8765217391304347,100.8,2022-10-11,2022
2022-10-12 18:15:00-04:00,2022-10-12 18:16:00-04:00,LONG,10855.5,10850.0,10861.0,5.5,STOP,-1.0,-1.1290909090909091,-124.2,2022-10-12,2022
2022-10-12 19:05:00-04:00,2022-10-12 19:13:00-04:00,SHORT,10854.5,10858.0,10851.0,3.5,STOP,-1.0,-1.2028571428571428,-84.2,2022-10-12,2022
2022-10-13 18:05:00-04:00,2022-10-13 18:16:00-04:00,SHORT,11072.75,11082.75,11062.75,10.0,STOP,-1.0,-1.071,-214.2,2022-10-13,2022
2022-10-13 19:10:00-04:00,2022-10-13 19:10:00-04:00,LONG,11070.5,11067.5,11073.5,3.0,TARGET,1.0,0.7633333333333333,45.8,2022-10-13,2022
2022-10-16 19:30:00-04:00,2022-10-16 19:35:00-04:00,LONG,10779.25,10772.75,10785.75,6.5,TARGET,1.0,0.8907692307692308,115.8,2022-10-16,2022
2022-10-16 20:10:00-04:00,2022-10-16 20:11:00-04:00,SHORT,10795.0,10799.5,10790.5,4.5,TARGET,1.0,0.8422222222222222,75.8,2022-10-16,2022
2022-10-17 18:45:00-04:00,2022-10-17 18:47:00-04:00,LONG,11178.0,11172.0,11184.0,6.0,TARGET,1.0,0.8816666666666667,105.80000000000001,2022-10-17,2022
2022-10-17 19:35:00-04:00,2022-10-17 19:40:00-04:00,SHORT,11201.5,11211.5,11191.5,10.0,STOP,-1.0,-1.071,-214.2,2022-10-17,2022
2022-10-18 18:30:00-04:00,2022-10-18 18:42:00-04:00,LONG,11314.25,11306.25,11322.25,8.0,TARGET,1.0,0.91125,145.8,2022-10-18,2022
2022-10-18 19:35:00-04:00,2022-10-18 19:35:00-04:00,LONG,11371.0,11361.5,11380.5,9.5,STOP,-1.0,-1.0747368421052632,-204.20000000000002,2022-10-18,2022
2022-10-19 19:10:00-04:00,2022-10-19 19:17:00-04:00,LONG,11094.0,11087.75,11100.25,6.25,STOP,-1.0,-1.1136,-139.2,2022-10-19,2022
2022-10-19 22:05:00-04:00,2022-10-19 22:10:00-04:00,LONG,11028.0,11021.5,11034.5,6.5,TARGET,1.0,0.8907692307692308,115.8,2022-10-19,2022
2022-10-20 19:05:00-04:00,2022-10-20 19:05:00-04:00,SHORT,11018.5,11024.0,11013.0,5.5,TARGET,1.0,0.8709090909090909,95.8,2022-10-20,2022
2022-10-20 19:50:00-04:00,2022-10-20 19:56:00-04:00,SHORT,11012.75,11019.25,11006.25,6.5,STOP,-1.0,-1.1092307692307692,-144.2,2022-10-20,2022
2022-10-23 18:35:00-04:00,2022-10-23 18:39:00-04:00,LONG,11489.0,11479.5,11498.5,9.5,STOP,-1.0,-1.0747368421052632,-204.20000000000002,2022-10-23,2022
2022-10-23 19:15:00-04:00,2022-10-23 19:21:00-04:00,SHORT,11480.5,11490.5,11470.5,10.0,TARGET,1.0,0.929,185.8,2022-10-23,2022
2022-10-24 18:05:00-04:00,2022-10-24 18:09:00-04:00,SHORT,11456.5,11464.5,11448.5,8.0,STOP,-1.0,-1.08875,-174.20000000000002,2022-10-24,2022
2022-10-24 19:15:00-04:00,2022-10-24 19:19:00-04:00,SHORT,11487.75,11493.0,11482.5,5.25,TARGET,1.0,0.8647619047619047,90.8,2022-10-24,2022
2022-10-25 18:40:00-04:00,2022-10-25 18:40:00-04:00,LONG,11492.75,11490.5,11495.0,2.25,STOP,-1.0,-1.3155555555555556,-59.2,2022-10-25,2022
2022-10-25 20:15:00-04:00,2022-10-25 20:19:00-04:00,LONG,11464.75,11455.25,11474.25,9.5,TARGET,1.0,0.9252631578947368,175.79999999999998,2022-10-25,2022
2022-10-26 19:25:00-04:00,2022-10-26 19:33:00-04:00,LONG,11479.0,11471.0,11487.0,8.0,TARGET,1.0,0.91125,145.8,2022-10-26,2022
2022-10-26 22:05:00-04:00,2022-10-26 22:12:00-04:00,LONG,11500.75,11494.5,11507.0,6.25,STOP,-1.0,-1.1136,-139.2,2022-10-26,2022
2022-10-27 18:55:00-04:00,2022-10-27 19:00:00-04:00,LONG,11160.5,11150.75,11170.25,9.75,STOP,-1.0,-1.0728205128205128,-209.2,2022-10-27,2022
2022-10-27 20:10:00-04:00,2022-10-27 20:33:00-04:00,SHORT,11134.0,11145.5,11122.5,11.5,STOP,-1.0,-1.0617391304347825,-244.2,2022-10-27,2022
2022-10-30 18:40:00-04:00,2022-10-30 18:41:00-04:00,LONG,11556.75,11551.5,11562.0,5.25,TARGET,1.0,0.8647619047619047,90.8,2022-10-30,2022
2022-10-30 20:05:00-04:00,2022-10-30 20:05:00-04:00,LONG,11556.75,11552.75,11560.75,4.0,TARGET,1.0,0.8225,65.8,2022-10-30,2022
2022-10-31 18:10:00-04:00,2022-10-31 18:11:00-04:00,LONG,11449.0,11446.25,11451.75,2.75,TARGET,1.0,0.7418181818181818,40.8,2022-10-31,2022
2022-10-31 18:55:00-04:00,2022-10-31 19:01:00-04:00,SHORT,11463.75,11468.25,11459.25,4.5,STOP,-1.0,-1.1577777777777778,-104.2,2022-10-31,2022
2022-11-01 18:20:00-04:00,2022-11-01 19:00:00-04:00,SHORT,11336.0,11344.25,11327.75,8.25,STOP,-1.0,-1.086060606060606,-179.2,2022-11-01,2022
2022-11-01 19:30:00-04:00,2022-11-01 19:40:00-04:00,SHORT,11345.75,11348.75,11342.75,3.0,TARGET,1.0,0.7633333333333333,45.8,2022-11-01,2022
2022-11-02 18:40:00-04:00,2022-11-02 18:41:00-04:00,SHORT,10932.5,10936.5,10928.5,4.0,STOP,-1.0,-1.1775,-94.2,2022-11-02,2022
2022-11-02 19:35:00-04:00,2022-11-02 19:41:00-04:00,SHORT,10917.5,10922.0,10913.0,4.5,TARGET,1.0,0.8422222222222222,75.8,2022-11-02,2022
2022-11-03 19:00:00-04:00,2022-11-03 19:02:00-04:00,LONG,10712.25,10709.5,10715.0,2.75,TARGET,1.0,0.7418181818181818,40.8,2022-11-03,2022
2022-11-03 19:50:00-04:00,2022-11-03 19:56:00-04:00,SHORT,10712.0,10718.5,10705.5,6.5,TARGET,1.0,0.8907692307692308,115.8,2022-11-03,2022
2022-11-06 18:55:00-05:00,2022-11-07 05:33:00-05:00,SHORT,10795.25,10802.75,10787.75,7.5,STOP,-1.0,-1.0946666666666667,-164.2,2022-11-06,2022
2022-11-07 12:55:00-05:00,2022-11-07 12:55:00-05:00,LONG,10887.0,10881.75,10892.25,5.25,STOP,-1.0,-1.1352380952380952,-119.19999999999999,2022-11-06,2022
2022-11-07 18:05:00-05:00,2022-11-07 18:09:00-05:00,SHORT,11011.0,11017.75,11004.25,6.75,STOP,-1.0,-1.1051851851851853,-149.20000000000002,2022-11-07,2022
2022-11-07 19:20:00-05:00,2022-11-07 19:25:00-05:00,SHORT,11024.25,11031.75,11016.75,7.5,STOP,-1.0,-1.0946666666666667,-164.2,2022-11-07,2022
2022-11-08 18:05:00-05:00,2022-11-08 18:06:00-05:00,LONG,11093.75,11083.75,11103.75,10.0,TARGET,1.0,0.929,185.8,2022-11-08,2022
2022-11-08 18:55:00-05:00,2022-11-08 19:01:00-05:00,SHORT,11124.25,11130.75,11117.75,6.5,TARGET,1.0,0.8907692307692308,115.8,2022-11-08,2022
2022-11-09 18:05:00-05:00,2022-11-09 18:14:00-05:00,SHORT,10846.75,10856.25,10837.25,9.5,TARGET,1.0,0.9252631578947368,175.79999999999998,2022-11-09,2022
2022-11-09 18:45:00-05:00,2022-11-09 18:45:00-05:00,LONG,10841.5,10836.5,10846.5,5.0,TARGET,1.0,0.858,85.8,2022-11-09,2022
2022-11-10 18:25:00-05:00,2022-11-10 18:53:00-05:00,SHORT,11653.25,11659.5,11647.0,6.25,STOP,-1.0,-1.1136,-139.2,2022-11-10,2022
2022-11-10 19:35:00-05:00,2022-11-10 19:36:00-05:00,SHORT,11651.75,11659.0,11644.5,7.25,TARGET,1.0,0.9020689655172414,130.8,2022-11-10,2022
2022-11-13 18:50:00-05:00,2022-11-13 18:50:00-05:00,SHORT,11811.5,11817.5,11805.5,6.0,TARGET,1.0,0.8816666666666667,105.80000000000001,2022-11-13,2022
2022-11-13 19:55:00-05:00,2022-11-13 20:00:00-05:00,SHORT,11790.75,11797.25,11784.25,6.5,STOP,-1.0,-1.1092307692307692,-144.2,2022-11-13,2022
2022-11-14 18:20:00-05:00,2022-11-14 18:22:00-05:00,SHORT,11777.75,11780.0,11775.5,2.25,STOP,-1.0,-1.3155555555555556,-59.2,2022-11-14,2022
2022-11-14 19:05:00-05:00,2022-11-14 19:57:00-05:00,LONG,11775.5,11764.0,11787.0,11.5,STOP,-1.0,-1.0617391304347825,-244.2,2022-11-14,2022
2022-11-15 18:25:00-05:00,2022-11-15 18:29:00-05:00,SHORT,11883.25,11889.25,11877.25,6.0,TARGET,1.0,0.8816666666666667,105.80000000000001,2022-11-15,2022
2022-11-15 19:30:00-05:00,2022-11-15 19:30:00-05:00,LONG,11859.75,11855.25,11864.25,4.5,STOP,-1.0,-1.1577777777777778,-104.2,2022-11-15,2022
2022-11-16 18:05:00-05:00,2022-11-16 19:00:00-05:00,SHORT,11776.0,11784.5,11767.5,8.5,STOP,-1.0,-1.0835294117647059,-184.2,2022-11-16,2022
2022-11-16 18:50:00-05:00,2022-11-16 18:52:00-05:00,SHORT,11778.0,11780.5,11775.5,2.5,STOP,-1.0,-1.284,-64.2,2022-11-16,2022
2022-11-17 18:35:00-05:00,2022-11-17 18:38:00-05:00,SHORT,11733.5,11743.75,11723.25,10.25,TARGET,1.0,0.9307317073170732,190.8,2022-11-17,2022
2022-11-17 19:20:00-05:00,2022-11-17 19:43:00-05:00,SHORT,11722.75,11729.0,11716.5,6.25,STOP,-1.0,-1.1136,-139.2,2022-11-17,2022
2022-11-20 18:40:00-05:00,2022-11-20 19:01:00-05:00,LONG,11707.5,11701.25,11713.75,6.25,TARGET,1.0,0.8864,110.8,2022-11-20,2022
2022-11-20 19:35:00-05:00,2022-11-20 19:49:00-05:00,SHORT,11693.5,11702.75,11684.25,9.25,TARGET,1.0,0.9232432432432433,170.8,2022-11-20,2022
2022-11-21 18:10:00-05:00,2022-11-21 18:24:00-05:00,SHORT,11591.75,11596.5,11587.0,4.75,TARGET,1.0,0.8505263157894737,80.8,2022-11-21,2022
2022-11-21 19:25:00-05:00,2022-11-21 19:28:00-05:00,SHORT,11609.5,11616.5,11602.5,7.0,STOP,-1.0,-1.1014285714285714,-154.2,2022-11-21,2022
2022-11-22 18:40:00-05:00,2022-11-22 18:40:00-05:00,LONG,11741.75,11740.75,11742.75,1.0,TARGET,1.0,0.29000000000000004,5.800000000000001,2022-11-22,2022
2022-11-22 19:35:00-05:00,2022-11-22 19:36:00-05:00,LONG,11746.75,11744.0,11749.5,2.75,STOP,-1.0,-1.2581818181818183,-69.2,2022-11-22,2022
2022-11-23 18:25:00-05:00,2022-11-23 18:29:00-05:00,SHORT,11885.25,11889.25,11881.25,4.0,TARGET,1.0,0.8225,65.8,2022-11-23,2022
2022-11-23 19:10:00-05:00,2022-11-23 19:16:00-05:00,SHORT,11891.0,11897.5,11884.5,6.5,STOP,-1.0,-1.1092307692307692,-144.2,2022-11-23,2022
2022-11-24 18:50:00-05:00,2022-11-24 18:51:00-05:00,LONG,11920.75,11918.5,11923.0,2.25,STOP,-1.0,-1.3155555555555556,-59.2,2022-11-24,2022
2022-11-24 22:05:00-05:00,2022-11-24 22:05:00-05:00,LONG,11905.25,11904.0,11906.5,1.25,TARGET,1.0,0.43200000000000005,10.8,2022-11-24,2022
2022-11-27 19:15:00-05:00,2022-11-27 19:15:00-05:00,LONG,11721.5,11718.5,11724.5,3.0,STOP,-1.0,-1.2366666666666666,-74.19999999999999,2022-11-27,2022
2022-11-27 21:40:00-05:00,2022-11-27 21:42:00-05:00,SHORT,11690.0,11694.25,11685.75,4.25,STOP,-1.0,-1.1670588235294117,-99.19999999999999,2022-11-27,2022
2022-11-28 18:15:00-05:00,2022-11-28 18:15:00-05:00,LONG,11616.0,11614.75,11617.25,1.25,TARGET,1.0,0.43200000000000005,10.8,2022-11-28,2022
2022-11-28 20:00:00-05:00,2022-11-28 20:21:00-05:00,SHORT,11627.75,11633.25,11622.25,5.5,TARGET,1.0,0.8709090909090909,95.8,2022-11-28,2022
2022-11-29 18:05:00-05:00,2022-11-29 18:13:00-05:00,LONG,11520.0,11513.5,11526.5,6.5,STOP,-1.0,-1.1092307692307692,-144.2,2022-11-29,2022
2022-11-29 19:00:00-05:00,2022-11-29 19:20:00-05:00,LONG,11504.0,11497.25,11510.75,6.75,TARGET,1.0,0.8948148148148148,120.8,2022-11-29,2022
2022-11-30 18:20:00-05:00,2022-11-30 18:31:00-05:00,LONG,12067.5,12063.75,12071.25,3.75,STOP,-1.0,-1.1893333333333334,-89.2,2022-11-30,2022
2022-11-30 19:30:00-05:00,2022-11-30 19:40:00-05:00,SHORT,12068.5,12077.25,12059.75,8.75,TARGET,1.0,0.9188571428571428,160.79999999999998,2022-11-30,2022
2022-12-01 18:05:00-05:00,2022-12-01 19:01:00-05:00,SHORT,12041.0,12048.5,12033.5,7.5,TARGET,1.0,0.9053333333333333,135.8,2022-12-01,2022
2022-12-01 18:45:00-05:00,2022-12-01 18:59:00-05:00,SHORT,12042.75,12046.75,12038.75,4.0,TARGET,1.0,0.8225,65.8,2022-12-01,2022
2022-12-04 18:40:00-05:00,2022-12-04 18:48:00-05:00,SHORT,11987.25,11997.5,11977.0,10.25,STOP,-1.0,-1.069268292682927,-219.20000000000002,2022-12-04,2022
2022-12-04 20:15:00-05:00,2022-12-04 20:16:00-05:00,SHORT,11993.5,11999.5,11987.5,6.0,TARGET,1.0,0.8816666666666667,105.80000000000001,2022-12-04,2022
2022-12-05 18:05:00-05:00,2022-12-05 18:08:00-05:00,LONG,11811.5,11804.5,11818.5,7.0,STOP,-1.0,-1.1014285714285714,-154.2,2022-12-05,2022
2022-12-05 19:05:00-05:00,2022-12-05 19:20:00-05:00,SHORT,11823.75,11829.5,11818.0,5.75,STOP,-1.0,-1.1234782608695653,-129.20000000000002,2022-12-05,2022
2022-12-06 18:10:00-05:00,2022-12-06 18:16:00-05:00,SHORT,11572.5,11575.75,11569.25,3.25,TARGET,1.0,0.7815384615384615,50.8,2022-12-06,2022
2022-12-06 19:10:00-05:00,2022-12-06 19:13:00-05:00,SHORT,11584.5,11587.75,11581.25,3.25,STOP,-1.0,-1.2184615384615385,-79.2,2022-12-06,2022
2022-12-07 18:15:00-05:00,2022-12-07 18:16:00-05:00,SHORT,11512.5,11514.0,11511.0,1.5,TARGET,1.0,0.5266666666666666,15.799999999999999,2022-12-07,2022
2022-12-07 19:45:00-05:00,2022-12-07 19:48:00-05:00,SHORT,11492.75,11497.0,11488.5,4.25,TARGET,1.0,0.8329411764705883,70.80000000000001,2022-12-07,2022
2022-12-08 19:15:00-05:00,2022-12-08 19:26:00-05:00,LONG,11637.25,11631.0,11643.5,6.25,STOP,-1.0,-1.1136,-139.2,2022-12-08,2022
2022-12-08 19:55:00-05:00,2022-12-08 20:02:00-05:00,LONG,11627.75,11623.75,11631.75,4.0,TARGET,1.0,0.8225,65.8,2022-12-08,2022
2023-03-12 20:35:00-04:00,2023-03-12 20:36:00-04:00,SHORT,12142.0,12147.75,12136.25,5.75,TARGET,1.0,0.8765217391304347,100.8,2023-03-12,2023
2023-03-13 00:15:00-04:00,2023-03-13 00:16:00-04:00,LONG,12180.25,12174.25,12186.25,6.0,STOP,-1.0,-1.1183333333333334,-134.20000000000002,2023-03-12,2023
2023-03-13 18:45:00-04:00,2023-03-13 18:57:00-04:00,SHORT,12082.0,12089.5,12074.5,7.5,STOP,-1.0,-1.0946666666666667,-164.2,2023-03-13,2023
2023-03-13 19:25:00-04:00,2023-03-13 19:25:00-04:00,SHORT,12089.0,12099.0,12079.0,10.0,TARGET,1.0,0.929,185.8,2023-03-13,2023
2023-03-14 18:25:00-04:00,2023-03-14 18:33:00-04:00,LONG,12324.0,12315.0,12333.0,9.0,STOP,-1.0,-1.0788888888888888,-194.2,2023-03-14,2023
2023-03-14 19:50:00-04:00,2023-03-14 19:51:00-04:00,LONG,12321.0,12318.5,12323.5,2.5,STOP,-1.0,-1.284,-64.2,2023-03-14,2023
2023-03-15 18:05:00-04:00,2023-03-15 18:09:00-04:00,LONG,12392.75,12385.5,12400.0,7.25,STOP,-1.0,-1.0979310344827586,-159.2,2023-03-15,2023
2023-03-15 19:00:00-04:00,2023-03-15 19:00:00-04:00,LONG,12419.0,12410.25,12427.75,8.75,TARGET,1.0,0.9188571428571428,160.79999999999998,2023-03-15,2023
2023-03-16 19:35:00-04:00,2023-03-16 19:36:00-04:00,LONG,12724.0,12721.0,12727.0,3.0,STOP,-1.0,-1.2366666666666666,-74.19999999999999,2023-03-16,2023
2023-03-16 20:45:00-04:00,2023-03-16 20:54:00-04:00,LONG,12709.5,12704.5,12714.5,5.0,STOP,-1.0,-1.142,-114.19999999999999,2023-03-16,2023
2023-03-19 19:00:00-04:00,2023-03-19 19:04:00-04:00,LONG,12702.0,12695.5,12708.5,6.5,TARGET,1.0,0.8907692307692308,115.8,2023-03-19,2023
2023-03-19 20:10:00-04:00,2023-03-19 20:11:00-04:00,SHORT,12716.0,12724.25,12707.75,8.25,TARGET,1.0,0.9139393939393939,150.8,2023-03-19,2023
2023-03-20 18:20:00-04:00,2023-03-20 18:46:00-04:00,SHORT,12696.5,12702.5,12690.5,6.0,TARGET,1.0,0.8816666666666667,105.80000000000001,2023-03-20,2023
2023-03-20 19:55:00-04:00,2023-03-20 19:59:00-04:00,LONG,12687.0,12683.5,12690.5,3.5,TARGET,1.0,0.7971428571428572,55.8,2023-03-20,2023
2023-03-21 19:00:00-04:00,2023-03-21 19:25:00-04:00,SHORT,12867.0,12871.5,12862.5,4.5,STOP,-1.0,-1.1577777777777778,-104.2,2023-03-21,2023
2023-03-21 19:50:00-04:00,2023-03-21 20:02:00-04:00,LONG,12868.25,12862.5,12874.0,5.75,STOP,-1.0,-1.1234782608695653,-129.20000000000002,2023-03-21,2023
2023-03-22 18:35:00-04:00,2023-03-22 18:35:00-04:00,SHORT,12720.25,12722.75,12717.75,2.5,STOP,-1.0,-1.284,-64.2,2023-03-22,2023
2023-03-22 19:20:00-04:00,2023-03-22 19:21:00-04:00,SHORT,12722.0,12726.0,12718.0,4.0,TARGET,1.0,0.8225,65.8,2023-03-22,2023
2023-03-23 18:45:00-04:00,2023-03-23 18:47:00-04:00,LONG,12841.0,12837.5,12844.5,3.5,STOP,-1.0,-1.2028571428571428,-84.2,2023-03-23,2023
2023-03-23 20:00:00-04:00,2023-03-23 20:00:00-04:00,SHORT,12865.0,12866.0,12864.0,1.0,STOP,-1.0,-1.71,-34.2,2023-03-23,2023
2023-03-26 19:50:00-04:00,2023-03-26 19:50:00-04:00,LONG,12944.5,12942.0,12947.0,2.5,TARGET,1.0,0.716,35.8,2023-03-26,2023
2023-03-26 20:45:00-04:00,2023-03-26 21:00:00-04:00,SHORT,12925.5,12932.5,12918.5,7.0,TARGET,1.0,0.8985714285714286,125.8,2023-03-26,2023
2023-03-27 18:05:00-04:00,2023-03-27 18:06:00-04:00,LONG,12811.0,12805.75,12816.25,5.25,STOP,-1.0,-1.1352380952380952,-119.19999999999999,2023-03-27,2023
2023-03-27 19:05:00-04:00,2023-03-27 19:11:00-04:00,SHORT,12814.5,12819.25,12809.75,4.75,STOP,-1.0,-1.1494736842105264,-109.20000000000002,2023-03-27,2023
2023-03-28 18:05:00-04:00,2023-03-28 18:10:00-04:00,SHORT,12746.75,12751.5,12742.0,4.75,STOP,-1.0,-1.1494736842105264,-109.20000000000002,2023-03-28,2023
2023-03-28 19:10:00-04:00,2023-03-28 19:12:00-04:00,SHORT,12746.0,12749.25,12742.75,3.25,TARGET,1.0,0.7815384615384615,50.8,2023-03-28,2023
2023-03-29 18:30:00-04:00,2023-03-29 18:30:00-04:00,LONG,12962.5,12960.25,12964.75,2.25,STOP,-1.0,-1.3155555555555556,-59.2,2023-03-29,2023
2023-03-29 20:45:00-04:00,2023-03-29 20:48:00-04:00,SHORT,12946.25,12949.0,12943.5,2.75,STOP,-1.0,-1.2581818181818183,-69.2,2023-03-29,2023
2023-03-30 18:30:00-04:00,2023-03-30 18:30:00-04:00,LONG,13075.5,13072.0,13079.0,3.5,TARGET,1.0,0.7971428571428572,55.8,2023-03-30,2023
2023-03-30 19:30:00-04:00,2023-03-30 19:31:00-04:00,LONG,13087.0,13085.25,13088.75,1.75,TARGET,1.0,0.5942857142857143,20.8,2023-03-30,2023
2023-04-02 18:30:00-04:00,2023-04-02 18:31:00-04:00,SHORT,13246.25,13252.25,13240.25,6.0,TARGET,1.0,0.8816666666666667,105.80000000000001,2023-04-02,2023
2023-04-02 19:40:00-04:00,2023-04-02 19:46:00-04:00,LONG,13253.0,13246.75,13259.25,6.25,STOP,-1.0,-1.1136,-139.2,2023-04-02,2023
2023-04-03 18:45:00-04:00,2023-04-03 18:56:00-04:00,LONG,13249.0,13246.25,13251.75,2.75,STOP,-1.0,-1.2581818181818183,-69.2,2023-04-03,2023
2023-04-03 19:30:00-04:00,2023-04-03 19:32:00-04:00,SHORT,13252.25,13255.75,13248.75,3.5,TARGET,1.0,0.7971428571428572,55.8,2023-04-03,2023
2023-04-04 19:15:00-04:00,2023-04-04 19:22:00-04:00,SHORT,13233.75,13235.75,13231.75,2.0,STOP,-1.0,-1.355,-54.2,2023-04-04,2023
2023-04-04 20:00:00-04:00,2023-04-04 20:02:00-04:00,LONG,13240.5,13236.25,13244.75,4.25,TARGET,1.0,0.8329411764705883,70.80000000000001,2023-04-04,2023
2023-04-05 20:40:00-04:00,2023-04-05 20:44:00-04:00,SHORT,13043.25,13046.75,13039.75,3.5,TARGET,1.0,0.7971428571428572,55.8,2023-04-05,2023
2023-04-05 23:05:00-04:00,2023-04-05 23:07:00-04:00,SHORT,13029.5,13031.75,13027.25,2.25,STOP,-1.0,-1.3155555555555556,-59.2,2023-04-05,2023
2023-04-06 18:35:00-04:00,2023-04-06 18:43:00-04:00,SHORT,13155.0,13158.25,13151.75,3.25,STOP,-1.0,-1.2184615384615385,-79.2,2023-04-06,2023
2023-04-06 19:25:00-04:00,2023-04-06 19:57:00-04:00,LONG,13156.0,13151.25,13160.75,4.75,TARGET,1.0,0.8505263157894737,80.8,2023-04-06,2023
2023-04-09 20:05:00-04:00,2023-04-09 20:18:00-04:00,LONG,13157.75,13152.0,13163.5,5.75,STOP,-1.0,-1.1234782608695653,-129.20000000000002,2023-04-09,2023
2023-04-09 20:50:00-04:00,2023-04-09 20:50:00-04:00,SHORT,13145.5,13148.0,13143.0,2.5,STOP,-1.0,-1.284,-64.2,2023-04-09,2023
2023-04-10 18:25:00-04:00,2023-04-10 18:30:00-04:00,SHORT,13168.0,13170.25,13165.75,2.25,STOP,-1.0,-1.3155555555555556,-59.2,2023-04-10,2023
2023-04-10 19:35:00-04:00,2023-04-10 19:39:00-04:00,SHORT,13170.0,13173.0,13167.0,3.0,TARGET,1.0,0.7633333333333333,45.8,2023-04-10,2023
2023-04-11 18:05:00-04:00,2023-04-11 18:11:00-04:00,LONG,13078.75,13073.25,13084.25,5.5,TARGET,1.0,0.8709090909090909,95.8,2023-04-11,2023
2023-04-11 18:45:00-04:00,2023-04-11 19:12:00-04:00,SHORT,13085.0,13088.25,13081.75,3.25,STOP,-1.0,-1.2184615384615385,-79.2,2023-04-11,2023
2023-04-12 18:15:00-04:00,2023-04-12 18:19:00-04:00,LONG,12949.75,12945.5,12954.0,4.25,STOP,-1.0,-1.1670588235294117,-99.19999999999999,2023-04-12,2023
2023-04-12 19:15:00-04:00,2023-04-12 19:16:00-04:00,SHORT,12942.5,12945.0,12940.0,2.5,TARGET,1.0,0.716,35.8,2023-04-12,2023
2023-04-13 18:20:00-04:00,2023-04-13 18:25:00-04:00,SHORT,13184.0,13187.5,13180.5,3.5,STOP,-1.0,-1.2028571428571428,-84.2,2023-04-13,2023
2023-04-13 19:00:00-04:00,2023-04-13 19:00:00-04:00,LONG,13194.0,13192.0,13196.0,2.0,TARGET,1.0,0.645,25.8,2023-04-13,2023
2023-04-16 18:10:00-04:00,2023-04-16 18:14:00-04:00,LONG,13204.25,13198.25,13210.25,6.0,STOP,-1.0,-1.1183333333333334,-134.20000000000002,2023-04-16,2023
2023-04-16 18:55:00-04:00,2023-04-16 18:55:00-04:00,SHORT,13193.5,13195.5,13191.5,2.0,STOP,-1.0,-1.355,-54.2,2023-04-16,2023
2023-04-17 18:05:00-04:00,2023-04-17 18:28:00-04:00,LONG,13181.5,13178.0,13185.0,3.5,STOP,-1.0,-1.2028571428571428,-84.2,2023-04-17,2023
2023-04-17 19:05:00-04:00,2023-04-17 19:47:00-04:00,SHORT,13180.5,13186.0,13175.0,5.5,TARGET,1.0,0.8709090909090909,95.8,2023-04-17,2023
2023-04-18 18:45:00-04:00,2023-04-18 18:53:00-04:00,SHORT,13173.25,13177.5,13169.0,4.25,STOP,-1.0,-1.1670588235294117,-99.19999999999999,2023-04-18,2023
2023-04-18 19:35:00-04:00,2023-04-18 19:36:00-04:00,LONG,13174.75,13172.5,13177.0,2.25,TARGET,1.0,0.6844444444444444,30.799999999999997,2023-04-18,2023
2023-04-19 19:05:00-04:00,2023-04-19 19:16:00-04:00,SHORT,13147.0,13150.0,13144.0,3.0,TARGET,1.0,0.7633333333333333,45.8,2023-04-19,2023
2023-04-19 20:55:00-04:00,2023-04-19 21:08:00-04:00,LONG,13139.75,13135.5,13144.0,4.25,STOP,-1.0,-1.1670588235294117,-99.19999999999999,2023-04-19,2023
2023-04-20 18:35:00-04:00,2023-04-20 18:35:00-04:00,SHORT,13082.5,13084.0,13081.0,1.5,STOP,-1.0,-1.4733333333333334,-44.2,2023-04-20,2023
2023-04-20 20:00:00-04:00,2023-04-20 20:15:00-04:00,LONG,13081.75,13076.0,13087.5,5.75,TARGET,1.0,0.8765217391304347,100.8,2023-04-20,2023
2023-04-23 18:20:00-04:00,2023-04-23 18:20:00-04:00,LONG,13062.0,13060.0,13064.0,2.0,TARGET,1.0,0.645,25.8,2023-04-23,2023
2023-04-23 19:05:00-04:00,2023-04-23 19:11:00-04:00,SHORT,13071.25,13074.25,13068.25,3.0,STOP,-1.0,-1.2366666666666666,-74.19999999999999,2023-04-23,2023
2023-04-24 18:05:00-04:00,2023-04-24 18:24:00-04:00,LONG,13048.75,13042.0,13055.5,6.75,TARGET,1.0,0.8948148148148148,120.8,2023-04-24,2023
2023-04-24 19:15:00-04:00,2023-04-24 19:16:00-04:00,SHORT,13051.25,13053.25,13049.25,2.0,TARGET,1.0,0.645,25.8,2023-04-24,2023
2023-04-25 18:40:00-04:00,2023-04-25 18:41:00-04:00,SHORT,12976.5,12979.0,12974.0,2.5,STOP,-1.0,-1.284,-64.2,2023-04-25,2023
2023-04-25 19:40:00-04:00,2023-04-25 19:41:00-04:00,SHORT,12964.5,12967.5,12961.5,3.0,TARGET,1.0,0.7633333333333333,45.8,2023-04-25,2023
2023-04-26 18:25:00-04:00,2023-04-26 18:40:00-04:00,LONG,12956.5,12951.0,12962.0,5.5,STOP,-1.0,-1.1290909090909091,-124.2,2023-04-26,2023
2023-04-26 19:15:00-04:00,2023-04-26 19:20:00-04:00,LONG,12951.75,12948.75,12954.75,3.0,STOP,-1.0,-1.2366666666666666,-74.19999999999999,2023-04-26,2023
2023-04-27 19:40:00-04:00,2023-04-27 19:40:00-04:00,SHORT,13216.75,13218.25,13215.25,1.5,TARGET,1.0,0.5266666666666666,15.799999999999999,2023-04-27,2023
2023-04-27 20:20:00-04:00,2023-04-27 20:22:00-04:00,LONG,13204.0,13200.75,13207.25,3.25,STOP,-1.0,-1.2184615384615385,-79.2,2023-04-27,2023
2023-04-30 18:50:00-04:00,2023-04-30 19:01:00-04:00,LONG,13310.0,13305.5,13314.5,4.5,TARGET,1.0,0.8422222222222222,75.8,2023-04-30,2023
2023-04-30 20:00:00-04:00,2023-04-30 20:19:00-04:00,SHORT,13307.0,13316.0,13298.0,9.0,TARGET,1.0,0.9211111111111111,165.8,2023-04-30,2023
2023-05-01 18:55:00-04:00,2023-05-01 19:06:00-04:00,LONG,13289.25,13284.75,13293.75,4.5,TARGET,1.0,0.8422222222222222,75.8,2023-05-01,2023
2023-05-01 19:35:00-04:00,2023-05-01 19:38:00-04:00,LONG,13285.5,13282.75,13288.25,2.75,TARGET,1.0,0.7418181818181818,40.8,2023-05-01,2023
2023-05-02 18:05:00-04:00,2023-05-02 19:23:00-04:00,LONG,13165.0,13156.5,13173.5,8.5,TARGET,1.0,0.9164705882352941,155.8,2023-05-02,2023
2023-05-02 20:15:00-04:00,2023-05-02 20:16:00-04:00,LONG,13177.0,13172.25,13181.75,4.75,TARGET,1.0,0.8505263157894737,80.8,2023-05-02,2023
2023-05-03 18:35:00-04:00,2023-05-03 18:36:00-04:00,SHORT,13068.25,13072.25,13064.25,4.0,STOP,-1.0,-1.1775,-94.2,2023-05-03,2023
2023-05-03 19:25:00-04:00,2023-05-03 20:00:00-04:00,SHORT,13093.25,13099.5,13087.0,6.25,STOP,-1.0,-1.1136,-139.2,2023-05-03,2023
2023-05-04 18:25:00-04:00,2023-05-04 18:57:00-04:00,SHORT,13076.5,13084.5,13068.5,8.0,STOP,-1.0,-1.08875,-174.20000000000002,2023-05-04,2023
2023-05-04 19:05:00-04:00,2023-05-04 19:22:00-04:00,SHORT,13082.75,13087.25,13078.25,4.5,STOP,-1.0,-1.1577777777777778,-104.2,2023-05-04,2023
2023-05-07 20:45:00-04:00,2023-05-07 20:45:00-04:00,SHORT,13307.5,13309.0,13306.0,1.5,TARGET,1.0,0.5266666666666666,15.799999999999999,2023-05-07,2023
2023-05-07 22:10:00-04:00,2023-05-07 22:12:00-04:00,LONG,13308.5,13304.75,13312.25,3.75,TARGET,1.0,0.8106666666666666,60.8,2023-05-07,2023
2023-05-08 18:55:00-04:00,2023-05-08 18:58:00-04:00,SHORT,13335.5,13337.0,13334.0,1.5,TARGET,1.0,0.5266666666666666,15.799999999999999,2023-05-08,2023
2023-05-08 21:10:00-04:00,2023-05-08 21:11:00-04:00,SHORT,13331.25,13335.5,13327.0,4.25,STOP,-1.0,-1.1670588235294117,-99.19999999999999,2023-05-08,2023
2023-05-09 18:40:00-04:00,2023-05-09 19:01:00-04:00,SHORT,13269.5,13273.75,13265.25,4.25,STOP,-1.0,-1.1670588235294117,-99.19999999999999,2023-05-09,2023
2023-05-09 19:50:00-04:00,2023-05-09 20:01:00-04:00,SHORT,13275.5,13279.25,13271.75,3.75,TARGET,1.0,0.8106666666666666,60.8,2023-05-09,2023
2023-05-10 18:05:00-04:00,2023-05-10 18:09:00-04:00,SHORT,13407.0,13411.5,13402.5,4.5,STOP,-1.0,-1.1577777777777778,-104.2,2023-05-10,2023
2023-05-10 19:30:00-04:00,2023-05-10 19:42:00-04:00,SHORT,13412.25,13415.5,13409.0,3.25,STOP,-1.0,-1.2184615384615385,-79.2,2023-05-10,2023
2023-05-11 18:30:00-04:00,2023-05-11 18:35:00-04:00,LONG,13460.0,13457.75,13462.25,2.25,TARGET,1.0,0.6844444444444444,30.799999999999997,2023-05-11,2023
2023-05-11 22:05:00-04:00,2023-05-11 22:10:00-04:00,LONG,13488.25,13484.75,13491.75,3.5,STOP,-1.0,-1.2028571428571428,-84.2,2023-05-11,2023
2023-05-14 18:15:00-04:00,2023-05-14 18:26:00-04:00,LONG,13366.0,13361.25,13370.75,4.75,STOP,-1.0,-1.1494736842105264,-109.20000000000002,2023-05-14,2023
2023-05-14 19:05:00-04:00,2023-05-14 19:19:00-04:00,LONG,13359.75,13355.5,13364.0,4.25,TARGET,1.0,0.8329411764705883,70.80000000000001,2023-05-14,2023
2023-05-15 18:05:00-04:00,2023-05-15 18:08:00-04:00,LONG,13460.5,13457.25,13463.75,3.25,STOP,-1.0,-1.2184615384615385,-79.2,2023-05-15,2023
2023-05-15 19:05:00-04:00,2023-05-15 19:05:00-04:00,SHORT,13456.75,13460.25,13453.25,3.5,STOP,-1.0,-1.2028571428571428,-84.2,2023-05-15,2023
2023-05-16 18:35:00-04:00,2023-05-16 18:37:00-04:00,LONG,13493.75,13490.25,13497.25,3.5,STOP,-1.0,-1.2028571428571428,-84.2,2023-05-16,2023
2023-05-16 19:45:00-04:00,2023-05-16 19:52:00-04:00,LONG,13498.0,13495.25,13500.75,2.75,STOP,-1.0,-1.2581818181818183,-69.2,2023-05-16,2023
2023-05-17 18:05:00-04:00,2023-05-17 18:06:00-04:00,LONG,13640.5,13637.25,13643.75,3.25,STOP,-1.0,-1.2184615384615385,-79.2,2023-05-17,2023
2023-05-17 18:50:00-04:00,2023-05-17 18:58:00-04:00,LONG,13641.0,13638.5,13643.5,2.5,STOP,-1.0,-1.284,-64.2,2023-05-17,2023
2023-05-18 18:05:00-04:00,2023-05-18 18:06:00-04:00,LONG,13903.5,13898.5,13908.5,5.0,TARGET,1.0,0.858,85.8,2023-05-18,2023
2023-05-18 19:00:00-04:00,2023-05-18 19:00:00-04:00,SHORT,13946.0,13948.25,13943.75,2.25,TARGET,1.0,0.6844444444444444,30.799999999999997,2023-05-18,2023
2023-05-21 19:00:00-04:00,2023-05-21 19:02:00-04:00,SHORT,13837.75,13840.5,13835.0,2.75,STOP,-1.0,-1.2581818181818183,-69.2,2023-05-21,2023
2023-05-21 20:05:00-04:00,2023-05-21 20:07:00-04:00,SHORT,13855.25,13859.5,13851.0,4.25,STOP,-1.0,-1.1670588235294117,-99.19999999999999,2023-05-21,2023
2023-05-22 18:10:00-04:00,2023-05-22 19:01:00-04:00,SHORT,13918.0,13923.25,13912.75,5.25,STOP,-1.0,-1.1352380952380952,-119.19999999999999,2023-05-22,2023
2023-05-22 19:45:00-04:00,2023-05-22 20:01:00-04:00,LONG,13940.5,13935.5,13945.5,5.0,TARGET,1.0,0.858,85.8,2023-05-22,2023
2023-05-23 18:15:00-04:00,2023-05-23 18:16:00-04:00,SHORT,13739.25,13742.25,13736.25,3.0,TARGET,1.0,0.7633333333333333,45.8,2023-05-23,2023
2023-05-23 18:55:00-04:00,2023-05-23 19:12:00-04:00,SHORT,13741.75,13745.75,13737.75,4.0,STOP,-1.0,-1.1775,-94.2,2023-05-23,2023
2023-05-24 18:20:00-04:00,2023-05-24 18:22:00-04:00,LONG,13863.75,13858.75,13868.75,5.0,STOP,-1.0,-1.142,-114.19999999999999,2023-05-24,2023
2023-05-24 20:05:00-04:00,2023-05-24 21:02:00-04:00,LONG,13846.5,13837.5,13855.5,9.0,TARGET,1.0,0.9211111111111111,165.8,2023-05-24,2023
2023-05-25 18:05:00-04:00,2023-05-25 18:17:00-04:00,LONG,13985.0,13977.25,13992.75,7.75,STOP,-1.0,-1.0916129032258064,-169.2,2023-05-25,2023
2023-05-25 19:00:00-04:00,2023-05-25 19:04:00-04:00,LONG,13972.75,13969.0,13976.5,3.75,STOP,-1.0,-1.1893333333333334,-89.2,2023-05-25,2023
2023-05-28 18:50:00-04:00,2023-05-28 18:51:00-04:00,LONG,14409.75,14406.0,14413.5,3.75,TARGET,1.0,0.8106666666666666,60.8,2023-05-28,2023
2023-05-28 20:05:00-04:00,2023-05-28 20:07:00-04:00,LONG,14419.75,14414.5,14425.0,5.25,TARGET,1.0,0.8647619047619047,90.8,2023-05-28,2023
2023-05-29 20:55:00-04:00,2023-05-29 21:35:00-04:00,SHORT,14385.75,14391.25,14380.25,5.5,STOP,-1.0,-1.1290909090909091,-124.2,2023-05-29,2023
2023-05-29 22:00:00-04:00,2023-05-29 22:02:00-04:00,LONG,14385.25,14383.75,14386.75,1.5,TARGET,1.0,0.5266666666666666,15.799999999999999,2023-05-29,2023
2023-05-30 18:20:00-04:00,2023-05-30 18:34:00-04:00,SHORT,14394.25,14401.0,14387.5,6.75,STOP,-1.0,-1.1051851851851853,-149.20000000000002,2023-05-30,2023
2023-05-30 19:00:00-04:00,2023-05-30 19:00:00-04:00,SHORT,14404.5,14407.75,14401.25,3.25,STOP,-1.0,-1.2184615384615385,-79.2,2023-05-30,2023
2023-05-31 18:50:00-04:00,2023-05-31 18:52:00-04:00,LONG,14289.5,14286.5,14292.5,3.0,TARGET,1.0,0.7633333333333333,45.8,2023-05-31,2023
2023-05-31 19:55:00-04:00,2023-05-31 20:01:00-04:00,SHORT,14310.25,14314.5,14306.0,4.25,TARGET,1.0,0.8329411764705883,70.80000000000001,2023-05-31,2023
2023-06-01 18:30:00-04:00,2023-06-01 18:33:00-04:00,SHORT,14493.25,14495.25,14491.25,2.0,TARGET,1.0,0.645,25.8,2023-06-01,2023
2023-06-01 19:35:00-04:00,2023-06-01 19:37:00-04:00,LONG,14485.5,14483.75,14487.25,1.75,STOP,-1.0,-1.4057142857142857,-49.2,2023-06-01,2023
2023-06-04 18:30:00-04:00,2023-06-04 18:31:00-04:00,SHORT,14571.0,14573.25,14568.75,2.25,TARGET,1.0,0.6844444444444444,30.799999999999997,2023-06-04,2023
2023-06-04 20:35:00-04:00,2023-06-04 20:38:00-04:00,SHORT,14528.5,14533.25,14523.75,4.75,STOP,-1.0,-1.1494736842105264,-109.20000000000002,2023-06-04,2023
2023-06-05 18:25:00-04:00,2023-06-05 18:31:00-04:00,LONG,14574.25,14571.25,14577.25,3.0,STOP,-1.0,-1.2366666666666666,-74.19999999999999,2023-06-05,2023
2023-06-05 19:15:00-04:00,2023-06-05 19:16:00-04:00,SHORT,14571.75,14575.75,14567.75,4.0,STOP,-1.0,-1.1775,-94.2,2023-06-05,2023
2023-06-06 18:05:00-04:00,2023-06-06 18:19:00-04:00,SHORT,14591.25,14597.75,14584.75,6.5,TARGET,1.0,0.8907692307692308,115.8,2023-06-06,2023
2023-06-06 18:55:00-04:00,2023-06-06 18:56:00-04:00,LONG,14579.75,14577.5,14582.0,2.25,TARGET,1.0,0.6844444444444444,30.799999999999997,2023-06-06,2023
2023-06-07 18:30:00-04:00,2023-06-07 18:30:00-04:00,LONG,14327.0,14324.75,14329.25,2.25,STOP,-1.0,-1.3155555555555556,-59.2,2023-06-07,2023
2023-06-07 19:25:00-04:00,2023-06-07 19:31:00-04:00,LONG,14320.5,14316.75,14324.25,3.75,TARGET,1.0,0.8106666666666666,60.8,2023-06-07,2023
2023-06-08 18:45:00-04:00,2023-06-08 19:05:00-04:00,SHORT,14511.75,14516.0,14507.5,4.25,TARGET,1.0,0.8329411764705883,70.80000000000001,2023-06-08,2023
2023-06-08 19:55:00-04:00,2023-06-08 19:56:00-04:00,LONG,14500.25,14498.25,14502.25,2.0,STOP,-1.0,-1.355,-54.2,2023-06-08,2023
2023-06-11 18:45:00-04:00,2023-06-11 19:08:00-04:00,LONG,14773.0,14762.0,14784.0,11.0,TARGET,1.0,0.9354545454545454,205.79999999999998,2023-06-11,2023
2023-06-11 19:25:00-04:00,2023-06-11 19:29:00-04:00,LONG,14775.5,14769.75,14781.25,5.75,STOP,-1.0,-1.1234782608695653,-129.20000000000002,2023-06-11,2023
2023-06-12 18:10:00-04:00,2023-06-12 18:11:00-04:00,LONG,14999.25,14996.75,15001.75,2.5,TARGET,1.0,0.716,35.8,2023-06-12,2023
2023-06-12 20:10:00-04:00,2023-06-12 20:11:00-04:00,SHORT,15002.25,15005.0,14999.5,2.75,STOP,-1.0,-1.2581818181818183,-69.2,2023-06-12,2023
2023-06-13 18:15:00-04:00,2023-06-13 18:29:00-04:00,LONG,15109.5,15104.0,15115.0,5.5,TARGET,1.0,0.8709090909090909,95.8,2023-06-13,2023
2023-06-13 19:15:00-04:00,2023-06-13 19:15:00-04:00,LONG,15111.25,15110.0,15112.5,1.25,STOP,-1.0,-1.568,-39.2,2023-06-13,2023
2023-06-14 18:20:00-04:00,2023-06-14 18:20:00-04:00,LONG,15216.75,15214.75,15218.75,2.0,TARGET,1.0,0.645,25.8,2023-06-14,2023
2023-06-14 19:00:00-04:00,2023-06-14 19:28:00-04:00,SHORT,15221.25,15229.25,15213.25,8.0,TARGET,1.0,0.91125,145.8,2023-06-14,2023
2023-06-15 18:20:00-04:00,2023-06-15 18:44:00-04:00,SHORT,15365.5,15375.5,15355.5,10.0,TARGET,1.0,0.929,185.8,2023-06-15,2023
2023-06-15 19:40:00-04:00,2023-06-15 20:07:00-04:00,LONG,15358.25,15351.75,15364.75,6.5,STOP,-1.0,-1.1092307692307692,-144.2,2023-06-15,2023
2023-06-18 19:45:00-04:00,2023-06-18 19:51:00-04:00,LONG,15312.25,15305.0,15319.5,7.25,STOP,-1.0,-1.0979310344827586,-159.2,2023-06-18,2023
2023-06-18 21:10:00-04:00,2023-06-18 21:44:00-04:00,SHORT,15278.0,15285.5,15270.5,7.5,TARGET,1.0,0.9053333333333333,135.8,2023-06-18,2023
2023-06-19 18:30:00-04:00,2023-06-19 18:45:00-04:00,LONG,15240.0,15236.5,15243.5,3.5,STOP,-1.0,-1.2028571428571428,-84.2,2023-06-19,2023
2023-06-19 21:20:00-04:00,2023-06-19 21:25:00-04:00,SHORT,15250.25,15254.25,15246.25,4.0,STOP,-1.0,-1.1775,-94.2,2023-06-19,2023
2023-06-20 18:35:00-04:00,2023-06-20 19:38:00-04:00,SHORT,15246.0,15254.75,15237.25,8.75,STOP,-1.0,-1.0811428571428572,-189.20000000000002,2023-06-20,2023
2023-06-20 19:20:00-04:00,2023-06-20 19:22:00-04:00,SHORT,15246.5,15249.75,15243.25,3.25,STOP,-1.0,-1.2184615384615385,-79.2,2023-06-20,2023
2023-06-21 18:30:00-04:00,2023-06-21 18:35:00-04:00,LONG,15030.5,15027.5,15033.5,3.0,TARGET,1.0,0.7633333333333333,45.8,2023-06-21,2023
2023-06-21 19:15:00-04:00,2023-06-21 19:15:00-04:00,SHORT,15043.25,15044.5,15042.0,1.25,TARGET,1.0,0.43200000000000005,10.8,2023-06-21,2023
2023-06-22 18:05:00-04:00,2023-06-22 18:06:00-04:00,LONG,15228.25,15226.0,15230.5,2.25,TARGET,1.0,0.6844444444444444,30.799999999999997,2023-06-22,2023
2023-06-22 19:45:00-04:00,2023-06-22 19:47:00-04:00,SHORT,15226.0,15228.5,15223.5,2.5,TARGET,1.0,0.716,35.8,2023-06-22,2023
2023-06-25 18:30:00-04:00,2023-06-25 18:45:00-04:00,SHORT,15080.0,15088.0,15072.0,8.0,STOP,-1.0,-1.08875,-174.20000000000002,2023-06-25,2023
2023-06-25 19:30:00-04:00,2023-06-25 19:31:00-04:00,SHORT,15102.0,15104.75,15099.25,2.75,TARGET,1.0,0.7418181818181818,40.8,2023-06-25,2023
2023-06-26 19:50:00-04:00,2023-06-26 19:52:00-04:00,SHORT,14888.25,14890.25,14886.25,2.0,STOP,-1.0,-1.355,-54.2,2023-06-26,2023
2023-06-26 20:40:00-04:00,2023-06-26 20:44:00-04:00,LONG,14882.5,14879.5,14885.5,3.0,TARGET,1.0,0.7633333333333333,45.8,2023-06-26,2023
2023-06-27 18:05:00-04:00,2023-06-27 18:05:00-04:00,LONG,15087.75,15085.5,15090.0,2.25,STOP,-1.0,-1.3155555555555556,-59.2,2023-06-27,2023
2023-06-27 19:25:00-04:00,2023-06-27 19:26:00-04:00,LONG,15044.0,15041.5,15046.5,2.5,TARGET,1.0,0.716,35.8,2023-06-27,2023
2023-06-28 18:10:00-04:00,2023-06-28 18:19:00-04:00,SHORT,15161.25,15166.25,15156.25,5.0,STOP,-1.0,-1.142,-114.19999999999999,2023-06-28,2023
2023-06-28 19:25:00-04:00,2023-06-28 19:35:00-04:00,LONG,15178.75,15175.0,15182.5,3.75,STOP,-1.0,-1.1893333333333334,-89.2,2023-06-28,2023
2023-06-29 20:35:00-04:00,2023-06-29 20:36:00-04:00,SHORT,15105.5,15109.25,15101.75,3.75,TARGET,1.0,0.8106666666666666,60.8,2023-06-29,2023
2023-06-29 22:30:00-04:00,2023-06-29 22:46:00-04:00,SHORT,15133.5,15137.75,15129.25,4.25,TARGET,1.0,0.8329411764705883,70.80000000000001,2023-06-29,2023
2023-07-02 19:30:00-04:00,2023-07-02 19:30:00-04:00,SHORT,15347.25,15349.25,15345.25,2.0,TARGET,1.0,0.645,25.8,2023-07-02,2023
2023-07-02 20:30:00-04:00,2023-07-02 20:33:00-04:00,LONG,15335.5,15333.25,15337.75,2.25,TARGET,1.0,0.6844444444444444,30.799999999999997,2023-07-02,2023
2023-07-03 18:25:00-04:00,2023-07-03 18:33:00-04:00,LONG,15343.25,15341.25,15345.25,2.0,STOP,-1.0,-1.355,-54.2,2023-07-03,2023
2023-07-03 20:25:00-04:00,2023-07-03 20:42:00-04:00,SHORT,15348.75,15352.25,15345.25,3.5,TARGET,1.0,0.7971428571428572,55.8,2023-07-03,2023
2023-07-04 18:20:00-04:00,2023-07-04 18:24:00-04:00,SHORT,15348.75,15351.5,15346.0,2.75,TARGET,1.0,0.7418181818181818,40.8,2023-07-04,2023
2023-07-04 20:05:00-04:00,2023-07-04 20:05:00-04:00,SHORT,15341.0,15344.75,15337.25,3.75,STOP,-1.0,-1.1893333333333334,-89.2,2023-07-04,2023
2023-07-05 18:05:00-04:00,2023-07-05 18:12:00-04:00,SHORT,15357.75,15360.5,15355.0,2.75,TARGET,1.0,0.7418181818181818,40.8,2023-07-05,2023
2023-07-05 19:50:00-04:00,2023-07-05 19:51:00-04:00,LONG,15362.0,15359.75,15364.25,2.25,STOP,-1.0,-1.3155555555555556,-59.2,2023-07-05,2023
2023-07-06 18:05:00-04:00,2023-07-06 19:07:00-04:00,LONG,15221.25,15211.25,15231.25,10.0,TARGET,1.0,0.929,185.8,2023-07-06,2023
2023-07-06 19:05:00-04:00,2023-07-06 19:07:00-04:00,LONG,15227.0,15223.25,15230.75,3.75,TARGET,1.0,0.8106666666666666,60.8,2023-07-06,2023
2023-07-09 19:25:00-04:00,2023-07-09 19:30:00-04:00,LONG,15184.75,15181.5,15188.0,3.25,STOP,-1.0,-1.2184615384615385,-79.2,2023-07-09,2023
2023-07-09 20:55:00-04:00,2023-07-09 20:56:00-04:00,SHORT,15154.5,15157.5,15151.5,3.0,STOP,-1.0,-1.2366666666666666,-74.19999999999999,2023-07-09,2023
2023-07-10 18:15:00-04:00,2023-07-10 18:34:00-04:00,LONG,15183.25,15178.75,15187.75,4.5,TARGET,1.0,0.8422222222222222,75.8,2023-07-10,2023
2023-07-10 19:40:00-04:00,2023-07-10 19:48:00-04:00,LONG,15183.5,15179.5,15187.5,4.0,TARGET,1.0,0.8225,65.8,2023-07-10,2023
2023-07-11 19:10:00-04:00,2023-07-11 19:12:00-04:00,SHORT,15279.25,15281.0,15277.5,1.75,TARGET,1.0,0.5942857142857143,20.8,2023-07-11,2023
2023-07-11 20:05:00-04:00,2023-07-11 20:22:00-04:00,LONG,15265.0,15259.75,15270.25,5.25,STOP,-1.0,-1.1352380952380952,-119.19999999999999,2023-07-11,2023
2023-07-12 18:10:00-04:00,2023-07-12 18:10:00-04:00,SHORT,15467.75,15471.0,15464.5,3.25,STOP,-1.0,-1.2184615384615385,-79.2,2023-07-12,2023
2023-07-12 19:10:00-04:00,2023-07-12 19:26:00-04:00,LONG,15471.5,15467.25,15475.75,4.25,STOP,-1.0,-1.1670588235294117,-99.19999999999999,2023-07-12,2023
2023-07-13 18:40:00-04:00,2023-07-13 19:04:00-04:00,SHORT,15708.75,15713.5,15704.0,4.75,STOP,-1.0,-1.1494736842105264,-109.20000000000002,2023-07-13,2023
2023-07-13 19:20:00-04:00,2023-07-13 19:37:00-04:00,SHORT,15716.5,15719.5,15713.5,3.0,TARGET,1.0,0.7633333333333333,45.8,2023-07-13,2023
2023-07-16 18:15:00-04:00,2023-07-16 18:20:00-04:00,LONG,15682.25,15676.5,15688.0,5.75,TARGET,1.0,0.8765217391304347,100.8,2023-07-16,2023
2023-07-16 19:05:00-04:00,2023-07-16 19:10:00-04:00,SHORT,15679.0,15682.5,15675.5,3.5,TARGET,1.0,0.7971428571428572,55.8,2023-07-16,2023
2023-07-17 18:05:00-04:00,2023-07-17 18:37:00-04:00,SHORT,15829.0,15835.25,15822.75,6.25,TARGET,1.0,0.8864,110.8,2023-07-17,2023
2023-07-17 18:55:00-04:00,2023-07-17 19:01:00-04:00,LONG,15819.25,15815.5,15823.0,3.75,TARGET,1.0,0.8106666666666666,60.8,2023-07-17,2023
2023-07-18 18:10:00-04:00,2023-07-18 18:20:00-04:00,SHORT,15958.25,15964.0,15952.5,5.75,STOP,-1.0,-1.1234782608695653,-129.20000000000002,2023-07-18,2023
2023-07-18 18:55:00-04:00,2023-07-18 18:57:00-04:00,LONG,15957.5,15955.75,15959.25,1.75,TARGET,1.0,0.5942857142857143,20.8,2023-07-18,2023
2023-07-19 19:00:00-04:00,2023-07-19 19:00:00-04:00,SHORT,15857.75,15860.5,15855.0,2.75,STOP,-1.0,-1.2581818181818183,-69.2,2023-07-19,2023
2023-07-19 19:45:00-04:00,2023-07-19 19:49:00-04:00,LONG,15853.5,15849.0,15858.0,4.5,TARGET,1.0,0.8422222222222222,75.8,2023-07-19,2023
2023-07-20 18:20:00-04:00,2023-07-20 18:35:00-04:00,SHORT,15596.75,15602.75,15590.75,6.0,TARGET,1.0,0.8816666666666667,105.80000000000001,2023-07-20,2023
2023-07-20 19:00:00-04:00,2023-07-20 19:03:00-04:00,LONG,15581.25,15574.75,15587.75,6.5,TARGET,1.0,0.8907692307692308,115.8,2023-07-20,2023
2023-07-23 18:15:00-04:00,2023-07-23 18:17:00-04:00,LONG,15555.0,15551.5,15558.5,3.5,TARGET,1.0,0.7971428571428572,55.8,2023-07-23,2023
2023-07-23 19:20:00-04:00,2023-07-23 19:34:00-04:00,SHORT,15548.25,15552.5,15544.0,4.25,TARGET,1.0,0.8329411764705883,70.80000000000001,2023-07-23,2023
2023-07-24 19:00:00-04:00,2023-07-24 19:13:00-04:00,SHORT,15563.0,15566.5,15559.5,3.5,TARGET,1.0,0.7971428571428572,55.8,2023-07-24,2023
2023-07-24 19:55:00-04:00,2023-07-24 19:56:00-04:00,LONG,15568.5,15566.0,15571.0,2.5,STOP,-1.0,-1.284,-64.2,2023-07-24,2023
2023-07-25 19:50:00-04:00,2023-07-25 20:00:00-04:00,SHORT,15634.5,15638.75,15630.25,4.25,STOP,-1.0,-1.1670588235294117,-99.19999999999999,2023-07-25,2023
2023-07-25 20:40:00-04:00,2023-07-25 20:45:00-04:00,SHORT,15636.5,15639.75,15633.25,3.25,TARGET,1.0,0.7815384615384615,50.8,2023-07-25,2023
2023-07-26 19:00:00-04:00,2023-07-26 19:04:00-04:00,SHORT,15644.25,15647.75,15640.75,3.5,STOP,-1.0,-1.2028571428571428,-84.2,2023-07-26,2023
2023-07-26 19:40:00-04:00,2023-07-26 19:47:00-04:00,LONG,15648.25,15645.75,15650.75,2.5,TARGET,1.0,0.716,35.8,2023-07-26,2023
2023-07-27 18:10:00-04:00,2023-07-27 18:26:00-04:00,LONG,15578.0,15567.75,15588.25,10.25,TARGET,1.0,0.9307317073170732,190.8,2023-07-27,2023
2023-07-27 19:00:00-04:00,2023-07-27 19:00:00-04:00,SHORT,15590.75,15593.5,15588.0,2.75,STOP,-1.0,-1.2581818181818183,-69.2,2023-07-27,2023
2023-07-30 18:35:00-04:00,2023-07-30 18:38:00-04:00,SHORT,15887.75,15895.5,15880.0,7.75,STOP,-1.0,-1.0916129032258064,-169.2,2023-07-30,2023
2023-07-30 19:25:00-04:00,2023-07-30 19:30:00-04:00,SHORT,15898.0,15904.0,15892.0,6.0,STOP,-1.0,-1.1183333333333334,-134.20000000000002,2023-07-30,2023
2023-07-31 18:15:00-04:00,2023-07-31 18:20:00-04:00,SHORT,15875.0,15878.0,15872.0,3.0,TARGET,1.0,0.7633333333333333,45.8,2023-07-31,2023
2023-07-31 19:00:00-04:00,2023-07-31 19:07:00-04:00,LONG,15861.25,15857.0,15865.5,4.25,STOP,-1.0,-1.1670588235294117,-99.19999999999999,2023-07-31,2023
2023-08-01 18:55:00-04:00,2023-08-01 19:01:00-04:00,SHORT,15753.25,15759.0,15747.5,5.75,STOP,-1.0,-1.1234782608695653,-129.20000000000002,2023-08-01,2023
2023-08-01 19:50:00-04:00,2023-08-01 19:51:00-04:00,SHORT,15747.5,15750.75,15744.25,3.25,STOP,-1.0,-1.2184615384615385,-79.2,2023-08-01,2023
2023-08-02 18:30:00-04:00,2023-08-02 18:32:00-04:00,SHORT,15479.5,15483.5,15475.5,4.0,TARGET,1.0,0.8225,65.8,2023-08-02,2023
2023-08-02 19:20:00-04:00,2023-08-02 19:36:00-04:00,LONG,15496.5,15487.0,15506.0,9.5,STOP,-1.0,-1.0747368421052632,-204.20000000000002,2023-08-02,2023
2023-08-03 19:45:00-04:00,2023-08-03 19:53:00-04:00,LONG,15472.0,15463.25,15480.75,8.75,TARGET,1.0,0.9188571428571428,160.79999999999998,2023-08-03,2023
2023-08-03 20:30:00-04:00,2023-08-03 20:37:00-04:00,SHORT,15486.0,15496.0,15476.0,10.0,STOP,-1.0,-1.071,-214.2,2023-08-03,2023
2023-08-06 18:25:00-04:00,2023-08-06 18:32:00-04:00,SHORT,15394.75,15399.25,15390.25,4.5,TARGET,1.0,0.8422222222222222,75.8,2023-08-06,2023
2023-08-06 19:25:00-04:00,2023-08-06 19:30:00-04:00,LONG,15390.0,15387.5,15392.5,2.5,STOP,-1.0,-1.284,-64.2,2023-08-06,2023
2023-08-07 18:45:00-04:00,2023-08-07 19:07:00-04:00,SHORT,15486.5,15490.5,15482.5,4.0,TARGET,1.0,0.8225,65.8,2023-08-07,2023
2023-08-07 19:45:00-04:00,2023-08-07 19:49:00-04:00,LONG,15485.0,15481.0,15489.0,4.0,TARGET,1.0,0.8225,65.8,2023-08-07,2023
2023-08-08 19:55:00-04:00,2023-08-08 20:00:00-04:00,SHORT,15352.75,15355.5,15350.0,2.75,TARGET,1.0,0.7418181818181818,40.8,2023-08-08,2023
2023-08-08 21:00:00-04:00,2023-08-08 21:05:00-04:00,LONG,15372.25,15368.25,15376.25,4.0,TARGET,1.0,0.8225,65.8,2023-08-08,2023
2023-08-09 18:35:00-04:00,2023-08-09 18:38:00-04:00,SHORT,15218.0,15221.75,15214.25,3.75,TARGET,1.0,0.8106666666666666,60.8,2023-08-09,2023
2023-08-09 19:25:00-04:00,2023-08-09 19:35:00-04:00,LONG,15208.5,15203.5,15213.5,5.0,TARGET,1.0,0.858,85.8,2023-08-09,2023
2023-08-10 18:50:00-04:00,2023-08-10 18:51:00-04:00,SHORT,15235.5,15237.75,15233.25,2.25,TARGET,1.0,0.6844444444444444,30.799999999999997,2023-08-10,2023
2023-08-10 19:40:00-04:00,2023-08-10 19:54:00-04:00,SHORT,15240.5,15244.0,15237.0,3.5,TARGET,1.0,0.7971428571428572,55.8,2023-08-10,2023
2023-08-13 18:45:00-04:00,2023-08-13 18:45:00-04:00,LONG,15139.5,15136.25,15142.75,3.25,TARGET,1.0,0.7815384615384615,50.8,2023-08-13,2023
2023-08-13 19:55:00-04:00,2023-08-13 19:57:00-04:00,LONG,15137.5,15134.5,15140.5,3.0,TARGET,1.0,0.7633333333333333,45.8,2023-08-13,2023
2023-08-14 18:05:00-04:00,2023-08-14 18:08:00-04:00,SHORT,15277.5,15284.25,15270.75,6.75,STOP,-1.0,-1.1051851851851853,-149.20000000000002,2023-08-14,2023
2023-08-14 18:50:00-04:00,2023-08-14 18:51:00-04:00,SHORT,15312.75,15315.5,15310.0,2.75,TARGET,1.0,0.7418181818181818,40.8,2023-08-14,2023
2023-08-15 18:25:00-04:00,2023-08-15 18:36:00-04:00,SHORT,15118.5,15123.75,15113.25,5.25,TARGET,1.0,0.8647619047619047,90.8,2023-08-15,2023
2023-08-15 19:30:00-04:00,2023-08-15 19:32:00-04:00,SHORT,15121.25,15124.25,15118.25,3.0,STOP,-1.0,-1.2366666666666666,-74.19999999999999,2023-08-15,2023
2023-08-16 18:10:00-04:00,2023-08-16 18:30:00-04:00,SHORT,14946.0,14950.75,14941.25,4.75,STOP,-1.0,-1.1494736842105264,-109.20000000000002,2023-08-16,2023
2023-08-16 19:05:00-04:00,2023-08-16 19:34:00-04:00,LONG,14938.5,14931.75,14945.25,6.75,STOP,-1.0,-1.1051851851851853,-149.20000000000002,2023-08-16,2023
2023-08-17 18:05:00-04:00,2023-08-17 18:07:00-04:00,SHORT,14750.0,14759.75,14740.25,9.75,TARGET,1.0,0.9271794871794872,180.8,2023-08-17,2023
2023-08-17 18:45:00-04:00,2023-08-17 18:51:00-04:00,LONG,14738.5,14733.0,14744.0,5.5,TARGET,1.0,0.8709090909090909,95.8,2023-08-17,2023
2023-08-20 18:25:00-04:00,2023-08-20 18:41:00-04:00,SHORT,14782.25,14788.5,14776.0,6.25,TARGET,1.0,0.8864,110.8,2023-08-20,2023
2023-08-20 19:20:00-04:00,2023-08-20 19:21:00-04:00,LONG,14763.5,14760.0,14767.0,3.5,TARGET,1.0,0.7971428571428572,55.8,2023-08-20,2023
2023-08-21 18:05:00-04:00,2023-08-21 18:14:00-04:00,SHORT,14968.0,14977.5,14958.5,9.5,TARGET,1.0,0.9252631578947368,175.79999999999998,2023-08-21,2023
2023-08-21 18:50:00-04:00,2023-08-21 18:50:00-04:00,LONG,14956.75,14955.25,14958.25,1.5,STOP,-1.0,-1.4733333333333334,-44.2,2023-08-21,2023
2023-08-22 18:45:00-04:00,2023-08-22 18:47:00-04:00,LONG,14971.25,14969.5,14973.0,1.75,TARGET,1.0,0.5942857142857143,20.8,2023-08-22,2023
2023-08-22 19:25:00-04:00,2023-08-22 19:30:00-04:00,SHORT,14969.75,14972.25,14967.25,2.5,STOP,-1.0,-1.284,-64.2,2023-08-22,2023
2023-08-23 18:45:00-04:00,2023-08-23 18:48:00-04:00,SHORT,15314.0,15317.25,15310.75,3.25,STOP,-1.0,-1.2184615384615385,-79.2,2023-08-23,2023
2023-08-23 19:30:00-04:00,2023-08-23 19:38:00-04:00,SHORT,15336.0,15341.5,15330.5,5.5,TARGET,1.0,0.8709090909090909,95.8,2023-08-23,2023
2023-08-24 18:25:00-04:00,2023-08-24 18:37:00-04:00,SHORT,14852.75,14860.0,14845.5,7.25,STOP,-1.0,-1.0979310344827586,-159.2,2023-08-24,2023
2023-08-24 19:50:00-04:00,2023-08-24 19:50:00-04:00,SHORT,14861.0,14862.75,14859.25,1.75,TARGET,1.0,0.5942857142857143,20.8,2023-08-24,2023
2023-08-27 18:40:00-04:00,2023-08-27 18:40:00-04:00,LONG,15008.0,15005.5,15010.5,2.5,TARGET,1.0,0.716,35.8,2023-08-27,2023
2023-08-27 19:50:00-04:00,2023-08-27 19:59:00-04:00,SHORT,15013.5,15018.25,15008.75,4.75,TARGET,1.0,0.8505263157894737,80.8,2023-08-27,2023
2023-08-28 18:35:00-04:00,2023-08-28 18:36:00-04:00,LONG,15105.75,15104.5,15107.0,1.25,TARGET,1.0,0.43200000000000005,10.8,2023-08-28,2023
2023-08-28 20:00:00-04:00,2023-08-28 20:00:00-04:00,LONG,15096.5,15093.0,15100.0,3.5,STOP,-1.0,-1.2028571428571428,-84.2,2023-08-28,2023
2023-08-29 18:30:00-04:00,2023-08-29 18:38:00-04:00,SHORT,15439.75,15442.25,15437.25,2.5,STOP,-1.0,-1.284,-64.2,2023-08-29,2023
2023-08-29 19:10:00-04:00,2023-08-29 19:12:00-04:00,SHORT,15439.0,15441.25,15436.75,2.25,TARGET,1.0,0.6844444444444444,30.799999999999997,2023-08-29,2023
2023-08-30 18:10:00-04:00,2023-08-30 19:43:00-04:00,LONG,15510.0,15505.25,15514.75,4.75,STOP,-1.0,-1.1494736842105264,-109.20000000000002,2023-08-30,2023
2023-08-30 19:35:00-04:00,2023-08-30 19:42:00-04:00,LONG,15507.5,15505.75,15509.25,1.75,STOP,-1.0,-1.4057142857142857,-49.2,2023-08-30,2023
2023-08-31 18:25:00-04:00,2023-08-31 18:30:00-04:00,SHORT,15531.25,15533.0,15529.5,1.75,STOP,-1.0,-1.4057142857142857,-49.2,2023-08-31,2023
2023-08-31 19:10:00-04:00,2023-08-31 19:11:00-04:00,SHORT,15532.75,15533.75,15531.75,1.0,STOP,-1.0,-1.71,-34.2,2023-08-31,2023
2023-09-03 18:40:00-04:00,2023-09-03 18:55:00-04:00,SHORT,15508.25,15512.5,15504.0,4.25,STOP,-1.0,-1.1670588235294117,-99.19999999999999,2023-09-03,2023
2023-09-03 19:35:00-04:00,2023-09-03 19:44:00-04:00,SHORT,15509.0,15512.25,15505.75,3.25,STOP,-1.0,-1.2184615384615385,-79.2,2023-09-03,2023
2023-09-04 18:40:00-04:00,2023-09-04 18:52:00-04:00,LONG,15518.25,15514.25,15522.25,4.0,TARGET,1.0,0.8225,65.8,2023-09-04,2023
2023-09-04 19:45:00-04:00,2023-09-04 19:53:00-04:00,SHORT,15530.25,15533.25,15527.25,3.0,TARGET,1.0,0.7633333333333333,45.8,2023-09-04,2023
2023-09-05 18:05:00-04:00,2023-09-05 18:19:00-04:00,LONG,15514.75,15509.5,15520.0,5.25,TARGET,1.0,0.8647619047619047,90.8,2023-09-05,2023
2023-09-05 19:05:00-04:00,2023-09-05 19:08:00-04:00,SHORT,15525.0,15527.25,15522.75,2.25,TARGET,1.0,0.6844444444444444,30.799999999999997,2023-09-05,2023
2023-09-06 18:25:00-04:00,2023-09-06 18:30:00-04:00,LONG,15387.25,15384.5,15390.0,2.75,STOP,-1.0,-1.2581818181818183,-69.2,2023-09-06,2023
2023-09-06 19:05:00-04:00,2023-09-06 19:34:00-04:00,LONG,15388.0,15383.0,15393.0,5.0,TARGET,1.0,0.858,85.8,2023-09-06,2023
2023-09-07 18:25:00-04:00,2023-09-07 19:01:00-04:00,LONG,15285.5,15282.0,15289.0,3.5,STOP,-1.0,-1.2028571428571428,-84.2,2023-09-07,2023
2023-09-07 19:10:00-04:00,2023-09-07 19:20:00-04:00,LONG,15279.5,15276.5,15282.5,3.0,STOP,-1.0,-1.2366666666666666,-74.19999999999999,2023-09-07,2023
2023-09-10 18:40:00-04:00,2023-09-10 18:40:00-04:00,SHORT,15509.25,15512.5,15506.0,3.25,STOP,-1.0,-1.2184615384615385,-79.2,2023-09-10,2023
2023-09-10 19:25:00-04:00,2023-09-10 19:26:00-04:00,SHORT,15513.0,15515.5,15510.5,2.5,STOP,-1.0,-1.284,-64.2,2023-09-10,2023
2023-09-11 18:35:00-04:00,2023-09-11 18:36:00-04:00,SHORT,15662.5,15666.0,15659.0,3.5,TARGET,1.0,0.7971428571428572,55.8,2023-09-11,2023
2023-09-11 19:25:00-04:00,2023-09-11 19:28:00-04:00,SHORT,15659.25,15665.25,15653.25,6.0,STOP,-1.0,-1.1183333333333334,-134.20000000000002,2023-09-11,2023
2023-09-12 18:05:00-04:00,2023-09-12 18:20:00-04:00,LONG,15505.5,15500.25,15510.75,5.25,STOP,-1.0,-1.1352380952380952,-119.19999999999999,2023-09-12,2023
2023-09-12 18:55:00-04:00,2023-09-12 19:00:00-04:00,SHORT,15508.25,15510.75,15505.75,2.5,TARGET,1.0,0.716,35.8,2023-09-12,2023
2023-09-13 18:10:00-04:00,2023-09-13 19:13:00-04:00,LONG,15568.5,15563.0,15574.0,5.5,TARGET,1.0,0.8709090909090909,95.8,2023-09-13,2023
2023-09-13 18:55:00-04:00,2023-09-13 18:59:00-04:00,LONG,15565.75,15562.75,15568.75,3.0,TARGET,1.0,0.7633333333333333,45.8,2023-09-13,2023
2023-09-14 18:05:00-04:00,2023-09-14 18:21:00-04:00,LONG,15677.0,15671.25,15682.75,5.75,TARGET,1.0,0.8765217391304347,100.8,2023-09-14,2023
2023-09-14 18:50:00-04:00,2023-09-14 18:53:00-04:00,SHORT,15683.25,15684.5,15682.0,1.25,TARGET,1.0,0.43200000000000005,10.8,2023-09-14,2023
2023-09-17 19:35:00-04:00,2023-09-17 19:37:00-04:00,SHORT,15403.75,15405.5,15402.0,1.75,STOP,-1.0,-1.4057142857142857,-49.2,2023-09-17,2023
2023-09-17 21:10:00-04:00,2023-09-17 21:17:00-04:00,SHORT,15415.25,15419.0,15411.5,3.75,TARGET,1.0,0.8106666666666666,60.8,2023-09-17,2023
2023-09-18 18:15:00-04:00,2023-09-18 18:16:00-04:00,SHORT,15428.25,15430.25,15426.25,2.0,STOP,-1.0,-1.355,-54.2,2023-09-18,2023
2023-09-18 18:55:00-04:00,2023-09-18 19:12:00-04:00,LONG,15426.25,15423.25,15429.25,3.0,STOP,-1.0,-1.2366666666666666,-74.19999999999999,2023-09-18,2023
2023-09-19 18:05:00-04:00,2023-09-19 20:06:00-04:00,LONG,15381.25,15374.5,15388.0,6.75,STOP,-1.0,-1.1051851851851853,-149.20000000000002,2023-09-19,2023
2023-09-19 19:05:00-04:00,2023-09-19 19:36:00-04:00,SHORT,15378.25,15383.25,15373.25,5.0,STOP,-1.0,-1.142,-114.19999999999999,2023-09-19,2023
2023-09-20 18:05:00-04:00,2023-09-20 18:13:00-04:00,SHORT,15144.0,15149.5,15138.5,5.5,TARGET,1.0,0.8709090909090909,95.8,2023-09-20,2023
2023-09-20 19:05:00-04:00,2023-09-20 19:28:00-04:00,LONG,15121.25,15115.5,15127.0,5.75,TARGET,1.0,0.8765217391304347,100.8,2023-09-20,2023
2023-09-21 18:35:00-04:00,2023-09-21 18:35:00-04:00,LONG,14863.25,14862.0,14864.5,1.25,STOP,-1.0,-1.568,-39.2,2023-09-21,2023
2023-09-21 20:25:00-04:00,2023-09-21 20:25:00-04:00,LONG,14855.0,14850.5,14859.5,4.5,STOP,-1.0,-1.1577777777777778,-104.2,2023-09-21,2023
2023-09-24 19:05:00-04:00,2023-09-24 19:22:00-04:00,LONG,14901.0,14894.5,14907.5,6.5,STOP,-1.0,-1.1092307692307692,-144.2,2023-09-24,2023
2023-09-24 20:00:00-04:00,2023-09-24 20:00:00-04:00,LONG,14897.75,14895.5,14900.0,2.25,STOP,-1.0,-1.3155555555555556,-59.2,2023-09-24,2023
2023-09-25 18:35:00-04:00,2023-09-25 19:01:00-04:00,SHORT,14944.25,14947.5,14941.0,3.25,TARGET,1.0,0.7815384615384615,50.8,2023-09-25,2023
2023-09-25 19:30:00-04:00,2023-09-25 19:41:00-04:00,LONG,14935.5,14933.25,14937.75,2.25,TARGET,1.0,0.6844444444444444,30.799999999999997,2023-09-25,2023
2023-09-26 18:35:00-04:00,2023-09-26 18:36:00-04:00,SHORT,14723.25,14726.25,14720.25,3.0,TARGET,1.0,0.7633333333333333,45.8,2023-09-26,2023
2023-09-26 19:40:00-04:00,2023-09-26 19:56:00-04:00,SHORT,14732.5,14736.5,14728.5,4.0,STOP,-1.0,-1.1775,-94.2,2023-09-26,2023
2023-09-27 18:30:00-04:00,2023-09-27 18:40:00-04:00,LONG,14746.75,14743.0,14750.5,3.75,TARGET,1.0,0.8106666666666666,60.8,2023-09-27,2023
2023-09-27 19:20:00-04:00,2023-09-27 19:23:00-04:00,SHORT,14765.25,14767.0,14763.5,1.75,TARGET,1.0,0.5942857142857143,20.8,2023-09-27,2023
2023-09-28 18:45:00-04:00,2023-09-28 19:06:00-04:00,SHORT,14885.25,14891.5,14879.0,6.25,TARGET,1.0,0.8864,110.8,2023-09-28,2023
2023-09-28 19:50:00-04:00,2023-09-28 19:52:00-04:00,LONG,14872.25,14869.75,14874.75,2.5,STOP,-1.0,-1.284,-64.2,2023-09-28,2023
2023-10-01 18:35:00-04:00,2023-10-01 18:39:00-04:00,LONG,14948.5,14938.25,14958.75,10.25,STOP,-1.0,-1.069268292682927,-219.20000000000002,2023-10-01,2023
2023-10-01 19:15:00-04:00,2023-10-01 19:15:00-04:00,SHORT,14947.5,14952.0,14943.0,4.5,STOP,-1.0,-1.1577777777777778,-104.2,2023-10-01,2023
2023-10-02 18:20:00-04:00,2023-10-02 18:22:00-04:00,SHORT,14996.5,15000.0,14993.0,3.5,STOP,-1.0,-1.2028571428571428,-84.2,2023-10-02,2023
2023-10-02 22:45:00-04:00,2023-10-02 22:45:00-04:00,LONG,14982.5,14979.25,14985.75,3.25,TARGET,1.0,0.7815384615384615,50.8,2023-10-02,2023
2023-10-03 18:50:00-04:00,2023-10-03 18:50:00-04:00,SHORT,14715.0,14718.0,14712.0,3.0,STOP,-1.0,-1.2366666666666666,-74.19999999999999,2023-10-03,2023
2023-10-04 01:00:00-04:00,2023-10-04 01:15:00-04:00,SHORT,14683.5,14691.25,14675.75,7.75,TARGET,1.0,0.9083870967741936,140.8,2023-10-03,2023
2023-10-04 18:25:00-04:00,2023-10-04 18:38:00-04:00,SHORT,14904.0,14911.0,14897.0,7.0,STOP,-1.0,-1.1014285714285714,-154.2,2023-10-04,2023
2023-10-04 19:15:00-04:00,2023-10-04 19:15:00-04:00,SHORT,14912.5,14916.0,14909.0,3.5,TARGET,1.0,0.7971428571428572,55.8,2023-10-04,2023
2023-10-05 18:05:00-04:00,2023-10-05 18:30:00-04:00,LONG,14856.75,14852.5,14861.0,4.25,TARGET,1.0,0.8329411764705883,70.80000000000001,2023-10-05,2023
2023-10-05 18:45:00-04:00,2023-10-05 18:46:00-04:00,LONG,14856.5,14854.5,14858.5,2.0,STOP,-1.0,-1.355,-54.2,2023-10-05,2023
2023-10-08 19:10:00-04:00,2023-10-08 19:42:00-04:00,LONG,15014.25,15005.0,15023.5,9.25,TARGET,1.0,0.9232432432432433,170.8,2023-10-08,2023
2023-10-08 20:55:00-04:00,2023-10-08 20:56:00-04:00,SHORT,15021.0,15025.0,15017.0,4.0,TARGET,1.0,0.8225,65.8,2023-10-08,2023
2023-10-09 18:05:00-04:00,2023-10-09 18:39:00-04:00,SHORT,15189.0,15197.0,15181.0,8.0,STOP,-1.0,-1.08875,-174.20000000000002,2023-10-09,2023
2023-10-09 19:05:00-04:00,2023-10-09 19:09:00-04:00,LONG,15193.25,15190.75,15195.75,2.5,TARGET,1.0,0.716,35.8,2023-10-09,2023
2023-10-10 18:10:00-04:00,2023-10-10 18:14:00-04:00,LONG,15277.75,15274.5,15281.0,3.25,TARGET,1.0,0.7815384615384615,50.8,2023-10-10,2023
2023-10-10 19:25:00-04:00,2023-10-10 19:28:00-04:00,SHORT,15289.75,15292.0,15287.5,2.25,TARGET,1.0,0.6844444444444444,30.799999999999997,2023-10-10,2023
2023-10-11 18:35:00-04:00,2023-10-11 18:36:00-04:00,SHORT,15403.0,15404.0,15402.0,1.0,TARGET,1.0,0.29000000000000004,5.800000000000001,2023-10-11,2023
2023-10-11 21:15:00-04:00,2023-10-11 21:15:00-04:00,LONG,15418.0,15415.5,15420.5,2.5,TARGET,1.0,0.716,35.8,2023-10-11,2023
2023-10-12 19:10:00-04:00,2023-10-12 19:18:00-04:00,LONG,15322.5,15317.75,15327.25,4.75,TARGET,1.0,0.8505263157894737,80.8,2023-10-12,2023
2023-10-12 19:55:00-04:00,2023-10-12 20:04:00-04:00,SHORT,15332.5,15337.0,15328.0,4.5,STOP,-1.0,-1.1577777777777778,-104.2,2023-10-12,2023
2023-10-15 18:30:00-04:00,2023-10-15 18:51:00-04:00,SHORT,15151.75,15161.5,15142.0,9.75,TARGET,1.0,0.9271794871794872,180.8,2023-10-15,2023
2023-10-15 19:20:00-04:00,2023-10-15 19:24:00-04:00,SHORT,15145.5,15151.75,15139.25,6.25,STOP,-1.0,-1.1136,-139.2,2023-10-15,2023
2023-10-16 18:20:00-04:00,2023-10-16 18:46:00-04:00,LONG,15296.0,15291.75,15300.25,4.25,STOP,-1.0,-1.1670588235294117,-99.19999999999999,2023-10-16,2023
2023-10-16 19:00:00-04:00,2023-10-16 19:08:00-04:00,LONG,15288.0,15285.0,15291.0,3.0,STOP,-1.0,-1.2366666666666666,-74.19999999999999,2023-10-16,2023
2023-10-17 18:25:00-04:00,2023-10-17 18:30:00-04:00,SHORT,15229.5,15232.25,15226.75,2.75,STOP,-1.0,-1.2581818181818183,-69.2,2023-10-17,2023
2023-10-17 19:10:00-04:00,2023-10-17 19:10:00-04:00,LONG,15228.0,15226.75,15229.25,1.25,STOP,-1.0,-1.568,-39.2,2023-10-17,2023
2023-10-18 18:35:00-04:00,2023-10-18 18:52:00-04:00,SHORT,15047.0,15055.0,15039.0,8.0,TARGET,1.0,0.91125,145.8,2023-10-18,2023
2023-10-18 19:15:00-04:00,2023-10-18 19:18:00-04:00,LONG,15032.0,15026.75,15037.25,5.25,TARGET,1.0,0.8647619047619047,90.8,2023-10-18,2023
2023-10-19 18:45:00-04:00,2023-10-19 18:46:00-04:00,LONG,14838.75,14835.75,14841.75,3.0,STOP,-1.0,-1.2366666666666666,-74.19999999999999,2023-10-19,2023
2023-10-19 19:25:00-04:00,2023-10-19 19:26:00-04:00,LONG,14827.75,14822.5,14833.0,5.25,TARGET,1.0,0.8647619047619047,90.8,2023-10-19,2023
2023-10-22 18:35:00-04:00,2023-10-22 18:38:00-04:00,LONG,14693.0,14686.0,14700.0,7.0,STOP,-1.0,-1.1014285714285714,-154.2,2023-10-22,2023
2023-10-22 19:15:00-04:00,2023-10-22 19:27:00-04:00,SHORT,14699.75,14704.75,14694.75,5.0,TARGET,1.0,0.858,85.8,2023-10-22,2023
2023-10-23 18:15:00-04:00,2023-10-23 19:23:00-04:00,LONG,14744.75,14736.5,14753.0,8.25,TARGET,1.0,0.9139393939393939,150.8,2023-10-23,2023
2023-10-23 18:55:00-04:00,2023-10-23 19:24:00-04:00,LONG,14746.75,14739.0,14754.5,7.75,TARGET,1.0,0.9083870967741936,140.8,2023-10-23,2023
2023-10-24 18:35:00-04:00,2023-10-24 18:48:00-04:00,SHORT,14804.0,14812.5,14795.5,8.5,STOP,-1.0,-1.0835294117647059,-184.2,2023-10-24,2023
2023-10-24 19:20:00-04:00,2023-10-24 19:34:00-04:00,LONG,14807.75,14804.25,14811.25,3.5,TARGET,1.0,0.7971428571428572,55.8,2023-10-24,2023
2023-10-25 18:40:00-04:00,2023-10-25 18:43:00-04:00,SHORT,14374.75,14381.75,14367.75,7.0,STOP,-1.0,-1.1014285714285714,-154.2,2023-10-25,2023
2023-10-25 21:10:00-04:00,2023-10-25 21:13:00-04:00,SHORT,14345.0,14349.5,14340.5,4.5,TARGET,1.0,0.8422222222222222,75.8,2023-10-25,2023
2023-10-26 18:25:00-04:00,2023-10-26 18:31:00-04:00,SHORT,14292.25,14303.0,14281.5,10.75,TARGET,1.0,0.933953488372093,200.8,2023-10-26,2023
2023-10-26 19:40:00-04:00,2023-10-26 19:51:00-04:00,LONG,14307.75,14300.25,14315.25,7.5,TARGET,1.0,0.9053333333333333,135.8,2023-10-26,2023
2023-10-29 19:05:00-04:00,2023-10-29 19:14:00-04:00,LONG,14326.75,14317.75,14335.75,9.0,STOP,-1.0,-1.0788888888888888,-194.2,2023-10-29,2023
2023-10-29 20:05:00-04:00,2023-10-29 20:05:00-04:00,LONG,14327.5,14325.25,14329.75,2.25,TARGET,1.0,0.6844444444444444,30.799999999999997,2023-10-29,2023
2023-10-30 18:10:00-04:00,2023-10-30 18:11:00-04:00,LONG,14407.0,14405.0,14409.0,2.0,STOP,-1.0,-1.355,-54.2,2023-10-30,2023
2023-10-30 19:30:00-04:00,2023-10-30 19:34:00-04:00,LONG,14405.75,14404.0,14407.5,1.75,TARGET,1.0,0.5942857142857143,20.8,2023-10-30,2023
2023-10-31 18:30:00-04:00,2023-10-31 18:42:00-04:00,LONG,14457.75,14452.75,14462.75,5.0,TARGET,1.0,0.858,85.8,2023-10-31,2023
2023-10-31 19:40:00-04:00,2023-10-31 19:44:00-04:00,LONG,14450.0,14446.75,14453.25,3.25,TARGET,1.0,0.7815384615384615,50.8,2023-10-31,2023
2023-11-01 19:10:00-04:00,2023-11-01 19:15:00-04:00,SHORT,14776.25,14780.25,14772.25,4.0,STOP,-1.0,-1.1775,-94.2,2023-11-01,2023
2023-11-01 20:05:00-04:00,2023-11-01 20:23:00-04:00,SHORT,14788.25,14796.0,14780.5,7.75,TARGET,1.0,0.9083870967741936,140.8,2023-11-01,2023
2023-11-02 18:45:00-04:00,2023-11-02 18:45:00-04:00,LONG,14952.75,14951.0,14954.5,1.75,STOP,-1.0,-1.4057142857142857,-49.2,2023-11-02,2023
2023-11-02 19:40:00-04:00,2023-11-02 19:52:00-04:00,LONG,14943.75,14939.75,14947.75,4.0,TARGET,1.0,0.8225,65.8,2023-11-02,2023
2023-11-05 18:50:00-05:00,2023-11-05 19:01:00-05:00,LONG,15178.75,15171.5,15186.0,7.25,STOP,-1.0,-1.0979310344827586,-159.2,2023-11-05,2023
2023-11-05 19:30:00-05:00,2023-11-05 19:38:00-05:00,LONG,15165.75,15162.75,15168.75,3.0,TARGET,1.0,0.7633333333333333,45.8,2023-11-05,2023
2023-11-06 18:45:00-05:00,2023-11-06 18:47:00-05:00,LONG,15206.5,15203.25,15209.75,3.25,TARGET,1.0,0.7815384615384615,50.8,2023-11-06,2023
2023-11-06 19:25:00-05:00,2023-11-06 19:42:00-05:00,SHORT,15209.25,15214.75,15203.75,5.5,TARGET,1.0,0.8709090909090909,95.8,2023-11-06,2023
2023-11-07 18:55:00-05:00,2023-11-07 19:06:00-05:00,LONG,15368.75,15364.5,15373.0,4.25,TARGET,1.0,0.8329411764705883,70.80000000000001,2023-11-07,2023
2023-11-07 20:10:00-05:00,2023-11-07 20:22:00-05:00,LONG,15365.0,15360.25,15369.75,4.75,STOP,-1.0,-1.1494736842105264,-109.20000000000002,2023-11-07,2023
2023-11-08 19:35:00-05:00,2023-11-08 19:52:00-05:00,SHORT,15358.25,15361.0,15355.5,2.75,TARGET,1.0,0.7418181818181818,40.8,2023-11-08,2023
2023-11-08 20:15:00-05:00,2023-11-08 20:16:00-05:00,SHORT,15359.0,15361.0,15357.0,2.0,STOP,-1.0,-1.355,-54.2,2023-11-08,2023
2023-11-09 19:10:00-05:00,2023-11-09 19:14:00-05:00,LONG,15226.0,15221.5,15230.5,4.5,STOP,-1.0,-1.1577777777777778,-104.2,2023-11-09,2023
2023-11-09 19:50:00-05:00,2023-11-09 19:51:00-05:00,SHORT,15221.5,15222.75,15220.25,1.25,STOP,-1.0,-1.568,-39.2,2023-11-09,2023
2023-11-12 20:10:00-05:00,2023-11-12 20:11:00-05:00,SHORT,15548.5,15551.5,15545.5,3.0,TARGET,1.0,0.7633333333333333,45.8,2023-11-12,2023
2023-11-12 21:15:00-05:00,2023-11-12 21:19:00-05:00,SHORT,15543.75,15546.25,15541.25,2.5,TARGET,1.0,0.716,35.8,2023-11-12,2023
2023-11-13 18:05:00-05:00,2023-11-13 18:09:00-05:00,SHORT,15553.5,15560.25,15546.75,6.75,STOP,-1.0,-1.1051851851851853,-149.20000000000002,2023-11-13,2023
2023-11-13 19:50:00-05:00,2023-11-13 19:58:00-05:00,SHORT,15558.0,15563.5,15552.5,5.5,STOP,-1.0,-1.1290909090909091,-124.2,2023-11-13,2023
2023-11-14 18:30:00-05:00,2023-11-14 18:32:00-05:00,SHORT,15910.75,15913.5,15908.0,2.75,TARGET,1.0,0.7418181818181818,40.8,2023-11-14,2023
2023-11-14 19:10:00-05:00,2023-11-14 19:12:00-05:00,LONG,15903.25,15900.75,15905.75,2.5,STOP,-1.0,-1.284,-64.2,2023-11-14,2023
2023-11-15 18:10:00-05:00,2023-11-15 18:13:00-05:00,SHORT,15855.0,15858.5,15851.5,3.5,TARGET,1.0,0.7971428571428572,55.8,2023-11-15,2023
2023-11-15 18:55:00-05:00,2023-11-15 18:58:00-05:00,SHORT,15863.25,15865.25,15861.25,2.0,STOP,-1.0,-1.355,-54.2,2023-11-15,2023
2023-11-16 18:50:00-05:00,2023-11-16 19:03:00-05:00,SHORT,15887.25,15890.75,15883.75,3.5,STOP,-1.0,-1.2028571428571428,-84.2,2023-11-16,2023
2023-11-16 20:10:00-05:00,2023-11-16 20:17:00-05:00,LONG,15891.75,15887.5,15896.0,4.25,STOP,-1.0,-1.1670588235294117,-99.19999999999999,2023-11-16,2023
2023-11-19 18:40:00-05:00,2023-11-19 18:42:00-05:00,SHORT,15859.5,15861.5,15857.5,2.0,STOP,-1.0,-1.355,-54.2,2023-11-19,2023
2023-11-19 19:30:00-05:00,2023-11-19 19:30:00-05:00,SHORT,15864.5,15868.0,15861.0,3.5,TARGET,1.0,0.7971428571428572,55.8,2023-11-19,2023
2023-11-20 18:30:00-05:00,2023-11-20 18:34:00-05:00,LONG,16095.0,16092.0,16098.0,3.0,STOP,-1.0,-1.2366666666666666,-74.19999999999999,2023-11-20,2023
2023-11-20 19:40:00-05:00,2023-11-20 19:40:00-05:00,SHORT,16106.25,16108.25,16104.25,2.0,TARGET,1.0,0.645,25.8,2023-11-20,2023
2023-11-21 18:50:00-05:00,2023-11-21 18:57:00-05:00,SHORT,15951.75,15955.0,15948.5,3.25,STOP,-1.0,-1.2184615384615385,-79.2,2023-11-21,2023
2023-11-21 20:05:00-05:00,2023-11-21 20:54:00-05:00,SHORT,15962.5,15967.25,15957.75,4.75,STOP,-1.0,-1.1494736842105264,-109.20000000000002,2023-11-21,2023
2023-11-22 19:05:00-05:00,2023-11-22 19:09:00-05:00,LONG,16043.0,16039.0,16047.0,4.0,TARGET,1.0,0.8225,65.8,2023-11-22,2023
2023-11-22 19:55:00-05:00,2023-11-22 19:59:00-05:00,SHORT,16044.75,16047.0,16042.5,2.25,STOP,-1.0,-1.3155555555555556,-59.2,2023-11-22,2023
2023-11-23 18:55:00-05:00,2023-11-23 19:01:00-05:00,SHORT,16063.5,16066.5,16060.5,3.0,TARGET,1.0,0.7633333333333333,45.8,2023-11-23,2023
2023-11-23 21:00:00-05:00,2023-11-23 21:00:00-05:00,SHORT,16066.5,16068.0,16065.0,1.5,TARGET,1.0,0.5266666666666666,15.799999999999999,2023-11-23,2023
2023-11-26 18:50:00-05:00,2023-11-26 19:00:00-05:00,LONG,15987.5,15982.25,15992.75,5.25,STOP,-1.0,-1.1352380952380952,-119.19999999999999,2023-11-26,2023
2023-11-26 21:30:00-05:00,2023-11-26 21:31:00-05:00,LONG,15949.5,15948.25,15950.75,1.25,STOP,-1.0,-1.568,-39.2,2023-11-26,2023
2023-11-27 18:25:00-05:00,2023-11-27 18:31:00-05:00,SHORT,16010.75,16012.0,16009.5,1.25,TARGET,1.0,0.43200000000000005,10.8,2023-11-27,2023
2023-11-28 00:25:00-05:00,2023-11-28 00:26:00-05:00,LONG,15995.0,15991.75,15998.25,3.25,TARGET,1.0,0.7815384615384615,50.8,2023-11-27,2023
2023-11-28 19:10:00-05:00,2023-11-28 19:12:00-05:00,LONG,16052.25,16050.25,16054.25,2.0,STOP,-1.0,-1.355,-54.2,2023-11-28,2023
2023-11-28 20:30:00-05:00,2023-11-28 21:57:00-05:00,SHORT,16072.75,16080.0,16065.5,7.25,TARGET,1.0,0.9020689655172414,130.8,2023-11-28,2023
2023-11-29 18:05:00-05:00,2023-11-29 18:21:00-05:00,LONG,16040.75,16036.5,16045.0,4.25,TARGET,1.0,0.8329411764705883,70.80000000000001,2023-11-29,2023
2023-11-29 18:50:00-05:00,2023-11-29 18:52:00-05:00,LONG,16047.25,16044.5,16050.0,2.75,STOP,-1.0,-1.2581818181818183,-69.2,2023-11-29,2023
2023-11-30 18:05:00-05:00,2023-11-30 21:33:00-05:00,LONG,15958.25,15949.5,15967.0,8.75,TARGET,1.0,0.9188571428571428,160.79999999999998,2023-11-30,2023
2023-11-30 19:40:00-05:00,2023-11-30 19:46:00-05:00,LONG,15959.25,15956.25,15962.25,3.0,STOP,-1.0,-1.2366666666666666,-74.19999999999999,2023-11-30,2023
2023-12-03 18:30:00-05:00,2023-12-03 18:32:00-05:00,SHORT,15996.25,16000.75,15991.75,4.5,TARGET,1.0,0.8422222222222222,75.8,2023-12-03,2023
2023-12-03 19:10:00-05:00,2023-12-03 19:15:00-05:00,LONG,15988.25,15983.75,15992.75,4.5,STOP,-1.0,-1.1577777777777778,-104.2,2023-12-03,2023
2023-12-04 18:05:00-05:00,2023-12-04 19:20:00-05:00,SHORT,15854.25,15863.75,15844.75,9.5,TARGET,1.0,0.9252631578947368,175.79999999999998,2023-12-04,2023
2023-12-04 18:50:00-05:00,2023-12-04 18:56:00-05:00,LONG,15847.0,15844.5,15849.5,2.5,TARGET,1.0,0.716,35.8,2023-12-04,2023
2023-12-05 19:40:00-05:00,2023-12-05 19:45:00-05:00,SHORT,15956.75,15963.0,15950.5,6.25,STOP,-1.0,-1.1136,-139.2,2023-12-05,2023
2023-12-05 20:35:00-05:00,2023-12-05 20:35:00-05:00,LONG,15966.0,15962.75,15969.25,3.25,TARGET,1.0,0.7815384615384615,50.8,2023-12-05,2023
2023-12-06 18:05:00-05:00,2023-12-06 18:20:00-05:00,LONG,15811.25,15800.25,15822.25,11.0,TARGET,1.0,0.9354545454545454,205.79999999999998,2023-12-06,2023
2023-12-06 18:45:00-05:00,2023-12-06 18:48:00-05:00,SHORT,15822.75,15825.5,15820.0,2.75,TARGET,1.0,0.7418181818181818,40.8,2023-12-06,2023
2023-12-07 18:45:00-05:00,2023-12-07 18:49:00-05:00,LONG,16018.0,16016.5,16019.5,1.5,STOP,-1.0,-1.4733333333333334,-44.2,2023-12-07,2023
2023-12-07 19:30:00-05:00,2023-12-07 19:36:00-05:00,SHORT,16025.25,16028.5,16022.0,3.25,TARGET,1.0,0.7815384615384615,50.8,2023-12-07,2023
2023-12-10 19:05:00-05:00,2023-12-10 19:06:00-05:00,SHORT,16314.0,16317.0,16311.0,3.0,STOP,-1.0,-1.2366666666666666,-74.19999999999999,2023-12-10,2023
2023-12-10 21:15:00-05:00,2023-12-10 21:24:00-05:00,SHORT,16277.5,16284.25,16270.75,6.75,TARGET,1.0,0.8948148148148148,120.8,2023-12-10,2023
2023-12-11 18:45:00-05:00,2023-12-11 18:52:00-05:00,SHORT,16450.75,16453.25,16448.25,2.5,STOP,-1.0,-1.284,-64.2,2023-12-11,2023
2023-12-11 20:00:00-05:00,2023-12-11 20:00:00-05:00,SHORT,16470.75,16474.5,16467.0,3.75,TARGET,1.0,0.8106666666666666,60.8,2023-12-11,2023
2023-12-12 18:50:00-05:00,2023-12-12 18:51:00-05:00,LONG,16606.5,16604.0,16609.0,2.5,TARGET,1.0,0.716,35.8,2023-12-12,2023
2023-12-12 20:15:00-05:00,2023-12-12 20:16:00-05:00,LONG,16602.75,16599.75,16605.75,3.0,STOP,-1.0,-1.2366666666666666,-74.19999999999999,2023-12-12,2023
2023-12-13 18:40:00-05:00,2023-12-13 18:40:00-05:00,SHORT,16802.5,16803.75,16801.25,1.25,STOP,-1.0,-1.568,-39.2,2023-12-13,2023
2023-12-13 19:55:00-05:00,2023-12-13 20:00:00-05:00,SHORT,16854.25,16861.25,16847.25,7.0,STOP,-1.0,-1.1014285714285714,-154.2,2023-12-13,2023
2023-12-14 18:50:00-05:00,2023-12-14 18:53:00-05:00,SHORT,16760.5,16763.25,16757.75,2.75,STOP,-1.0,-1.2581818181818183,-69.2,2023-12-14,2023
2023-12-14 19:40:00-05:00,2023-12-14 19:48:00-05:00,LONG,16762.75,16756.5,16769.0,6.25,STOP,-1.0,-1.1136,-139.2,2023-12-14,2023
2023-12-17 19:30:00-05:00,2023-12-17 19:32:00-05:00,SHORT,16833.75,16836.0,16831.5,2.25,TARGET,1.0,0.6844444444444444,30.799999999999997,2023-12-17,2023
2023-12-17 20:15:00-05:00,2023-12-17 21:15:00-05:00,LONG,16826.0,16819.0,16833.0,7.0,TARGET,1.0,0.8985714285714286,125.8,2023-12-17,2023
2023-12-18 18:10:00-05:00,2023-12-18 18:10:00-05:00,SHORT,16923.75,16928.75,16918.75,5.0,TARGET,1.0,0.858,85.8,2023-12-18,2023
2023-12-18 19:10:00-05:00,2023-12-18 19:11:00-05:00,LONG,16920.75,16916.5,16925.0,4.25,TARGET,1.0,0.8329411764705883,70.80000000000001,2023-12-18,2023
2023-12-19 18:10:00-05:00,2023-12-19 18:13:00-05:00,SHORT,17024.25,17027.75,17020.75,3.5,STOP,-1.0,-1.2028571428571428,-84.2,2023-12-19,2023
2023-12-19 19:00:00-05:00,2023-12-19 19:03:00-05:00,SHORT,17027.5,17030.0,17025.0,2.5,STOP,-1.0,-1.284,-64.2,2023-12-19,2023
2023-12-20 18:25:00-05:00,2023-12-20 18:43:00-05:00,SHORT,16800.0,16804.75,16795.25,4.75,STOP,-1.0,-1.1494736842105264,-109.20000000000002,2023-12-20,2023
2023-12-20 19:40:00-05:00,2023-12-20 19:41:00-05:00,SHORT,16811.0,16812.25,16809.75,1.25,TARGET,1.0,0.43200000000000005,10.8,2023-12-20,2023
2023-12-21 18:30:00-05:00,2023-12-21 18:32:00-05:00,SHORT,16945.0,16947.5,16942.5,2.5,STOP,-1.0,-1.284,-64.2,2023-12-21,2023
2023-12-21 19:50:00-05:00,2023-12-21 19:50:00-05:00,LONG,16932.5,16931.0,16934.0,1.5,STOP,-1.0,-1.4733333333333334,-44.2,2023-12-21,2023
2023-12-25 18:55:00-05:00,2023-12-25 19:00:00-05:00,LONG,17004.5,17000.0,17009.0,4.5,STOP,-1.0,-1.1577777777777778,-104.2,2023-12-25,2023
2023-12-25 19:35:00-05:00,2023-12-25 19:37:00-05:00,SHORT,17003.0,17007.0,16999.0,4.0,TARGET,1.0,0.8225,65.8,2023-12-25,2023
2023-12-26 18:30:00-05:00,2023-12-26 18:41:00-05:00,LONG,17095.5,17090.0,17101.0,5.5,STOP,-1.0,-1.1290909090909091,-124.2,2023-12-26,2023
2023-12-26 20:10:00-05:00,2023-12-26 20:15:00-05:00,LONG,17081.5,17079.5,17083.5,2.0,STOP,-1.0,-1.355,-54.2,2023-12-26,2023
2023-12-27 19:10:00-05:00,2023-12-27 19:46:00-05:00,SHORT,17125.5,17129.0,17122.0,3.5,STOP,-1.0,-1.2028571428571428,-84.2,2023-12-27,2023
2023-12-27 21:05:00-05:00,2023-12-27 21:07:00-05:00,LONG,17149.75,17147.5,17152.0,2.25,TARGET,1.0,0.6844444444444444,30.799999999999997,2023-12-27,2023
2023-12-28 18:40:00-05:00,2023-12-28 19:52:00-05:00,LONG,17101.0,17095.25,17106.75,5.75,TARGET,1.0,0.8765217391304347,100.8,2023-12-28,2023
2023-12-28 19:20:00-05:00,2023-12-28 19:55:00-05:00,LONG,17101.75,17096.5,17107.0,5.25,TARGET,1.0,0.8647619047619047,90.8,2023-12-28,2023
2024-01-01 18:50:00-05:00,2024-01-01 19:13:00-05:00,LONG,17029.25,17026.75,17031.75,2.5,STOP,-1.0,-1.284,-64.2,2024-01-01,2024
2024-01-01 20:00:00-05:00,2024-01-01 20:01:00-05:00,SHORT,17026.75,17028.5,17025.0,1.75,STOP,-1.0,-1.4057142857142857,-49.2,2024-01-01,2024
2024-01-02 19:05:00-05:00,2024-01-02 19:14:00-05:00,SHORT,16723.5,16726.25,16720.75,2.75,STOP,-1.0,-1.2581818181818183,-69.2,2024-01-02,2024
2024-01-02 20:35:00-05:00,2024-01-02 20:37:00-05:00,LONG,16709.25,16707.0,16711.5,2.25,TARGET,1.0,0.6844444444444444,30.799999999999997,2024-01-02,2024
2024-01-03 18:50:00-05:00,2024-01-03 19:00:00-05:00,LONG,16548.75,16544.75,16552.75,4.0,STOP,-1.0,-1.1775,-94.2,2024-01-03,2024
2024-01-03 19:40:00-05:00,2024-01-03 19:41:00-05:00,SHORT,16554.25,16557.0,16551.5,2.75,STOP,-1.0,-1.2581818181818183,-69.2,2024-01-03,2024
2024-01-04 18:20:00-05:00,2024-01-04 18:30:00-05:00,SHORT,16465.25,16469.25,16461.25,4.0,TARGET,1.0,0.8225,65.8,2024-01-04,2024
2024-01-04 19:05:00-05:00,2024-01-04 19:17:00-05:00,LONG,16457.0,16452.75,16461.25,4.25,TARGET,1.0,0.8329411764705883,70.80000000000001,2024-01-04,2024
2024-01-07 18:45:00-05:00,2024-01-07 18:45:00-05:00,LONG,16471.5,16469.5,16473.5,2.0,TARGET,1.0,0.645,25.8,2024-01-07,2024
2024-01-07 19:25:00-05:00,2024-01-07 20:08:00-05:00,SHORT,16492.0,16498.0,16486.0,6.0,STOP,-1.0,-1.1183333333333334,-134.20000000000002,2024-01-07,2024
2024-01-08 19:20:00-05:00,2024-01-08 20:26:00-05:00,LONG,16787.25,16782.5,16792.0,4.75,TARGET,1.0,0.8505263157894737,80.8,2024-01-08,2024
2024-01-08 20:20:00-05:00,2024-01-08 20:24:00-05:00,SHORT,16785.5,16790.75,16780.25,5.25,STOP,-1.0,-1.1352380952380952,-119.19999999999999,2024-01-08,2024
2024-01-09 18:40:00-05:00,2024-01-09 18:42:00-05:00,SHORT,16827.0,16829.75,16824.25,2.75,STOP,-1.0,-1.2581818181818183,-69.2,2024-01-09,2024
2024-01-09 19:25:00-05:00,2024-01-09 19:43:00-05:00,LONG,16846.75,16840.75,16852.75,6.0,STOP,-1.0,-1.1183333333333334,-134.20000000000002,2024-01-09,2024
2024-01-10 18:15:00-05:00,2024-01-10 18:17:00-05:00,SHORT,16956.75,16959.5,16954.0,2.75,STOP,-1.0,-1.2581818181818183,-69.2,2024-01-10,2024
2024-01-10 20:30:00-05:00,2024-01-10 20:35:00-05:00,LONG,16983.0,16979.0,16987.0,4.0,TARGET,1.0,0.8225,65.8,2024-01-10,2024
2024-01-11 18:45:00-05:00,2024-01-11 18:48:00-05:00,LONG,16946.75,16944.25,16949.25,2.5,TARGET,1.0,0.716,35.8,2024-01-11,2024
2024-01-11 20:35:00-05:00,2024-01-11 20:35:00-05:00,LONG,16924.5,16919.75,16929.25,4.75,TARGET,1.0,0.8505263157894737,80.8,2024-01-11,2024
2024-01-14 18:25:00-05:00,2024-01-14 18:30:00-05:00,SHORT,16944.5,16946.75,16942.25,2.25,STOP,-1.0,-1.3155555555555556,-59.2,2024-01-14,2024
2024-01-14 19:05:00-05:00,2024-01-14 19:25:00-05:00,LONG,16945.75,16941.0,16950.5,4.75,TARGET,1.0,0.8505263157894737,80.8,2024-01-14,2024
2024-01-15 23:10:00-05:00,2024-01-15 23:16:00-05:00,SHORT,16892.5,16896.5,16888.5,4.0,STOP,-1.0,-1.1775,-94.2,2024-01-15,2024
2024-01-15 23:50:00-05:00,2024-01-15 23:56:00-05:00,LONG,16890.75,16886.25,16895.25,4.5,TARGET,1.0,0.8422222222222222,75.8,2024-01-15,2024
2024-01-16 18:05:00-05:00,2024-01-16 18:41:00-05:00,SHORT,16974.75,16982.5,16967.0,7.75,TARGET,1.0,0.9083870967741936,140.8,2024-01-16,2024
2024-01-16 19:05:00-05:00,2024-01-16 19:19:00-05:00,SHORT,16971.75,16981.75,16961.75,10.0,TARGET,1.0,0.929,185.8,2024-01-16,2024
2024-01-17 18:20:00-05:00,2024-01-17 18:21:00-05:00,SHORT,16856.25,16858.5,16854.0,2.25,STOP,-1.0,-1.3155555555555556,-59.2,2024-01-17,2024
2024-01-17 19:00:00-05:00,2024-01-17 19:01:00-05:00,LONG,16854.25,16850.0,16858.5,4.25,STOP,-1.0,-1.1670588235294117,-99.19999999999999,2024-01-17,2024
2024-01-18 18:20:00-05:00,2024-01-18 18:36:00-05:00,SHORT,17118.0,17124.25,17111.75,6.25,STOP,-1.0,-1.1136,-139.2,2024-01-18,2024
2024-01-18 21:45:00-05:00,2024-01-18 21:47:00-05:00,SHORT,17157.75,17160.25,17155.25,2.5,STOP,-1.0,-1.284,-64.2,2024-01-18,2024
2024-01-21 19:00:00-05:00,2024-01-21 19:03:00-05:00,LONG,17484.5,17480.5,17488.5,4.0,STOP,-1.0,-1.1775,-94.2,2024-01-21,2024
2024-01-21 22:50:00-05:00,2024-01-21 22:52:00-05:00,SHORT,17551.25,17555.25,17547.25,4.0,TARGET,1.0,0.8225,65.8,2024-01-21,2024
2024-01-22 18:45:00-05:00,2024-01-22 18:45:00-05:00,SHORT,17472.75,17474.5,17471.0,1.75,TARGET,1.0,0.5942857142857143,20.8,2024-01-22,2024
2024-01-22 19:40:00-05:00,2024-01-22 19:46:00-05:00,SHORT,17467.75,17472.0,17463.5,4.25,STOP,-1.0,-1.1670588235294117,-99.19999999999999,2024-01-22,2024
2024-01-23 18:35:00-05:00,2024-01-23 18:35:00-05:00,LONG,17573.5,17570.75,17576.25,2.75,TARGET,1.0,0.7418181818181818,40.8,2024-01-23,2024
2024-01-23 21:00:00-05:00,2024-01-23 21:00:00-05:00,SHORT,17582.25,17584.5,17580.0,2.25,STOP,-1.0,-1.3155555555555556,-59.2,2024-01-23,2024
2024-01-24 18:05:00-05:00,2024-01-24 18:27:00-05:00,LONG,17621.25,17613.0,17629.5,8.25,STOP,-1.0,-1.086060606060606,-179.2,2024-01-24,2024
2024-01-24 19:00:00-05:00,2024-01-24 19:01:00-05:00,SHORT,17616.5,17621.0,17612.0,4.5,TARGET,1.0,0.8422222222222222,75.8,2024-01-24,2024
2024-01-25 18:20:00-05:00,2024-01-25 18:26:00-05:00,LONG,17554.5,17546.25,17562.75,8.25,STOP,-1.0,-1.086060606060606,-179.2,2024-01-25,2024
2024-01-25 19:05:00-05:00,2024-01-25 19:12:00-05:00,LONG,17548.0,17539.25,17556.75,8.75,STOP,-1.0,-1.0811428571428572,-189.20000000000002,2024-01-25,2024
2024-01-28 19:05:00-05:00,2024-01-28 19:06:00-05:00,SHORT,17480.5,17485.5,17475.5,5.0,STOP,-1.0,-1.142,-114.19999999999999,2024-01-28,2024
2024-01-28 19:50:00-05:00,2024-01-28 19:50:00-05:00,SHORT,17495.25,17496.75,17493.75,1.5,TARGET,1.0,0.5266666666666666,15.799999999999999,2024-01-28,2024
2024-01-29 18:35:00-05:00,2024-01-29 18:43:00-05:00,SHORT,17727.0,17733.25,17720.75,6.25,TARGET,1.0,0.8864,110.8,2024-01-29,2024
2024-01-29 19:20:00-05:00,2024-01-29 19:22:00-05:00,SHORT,17721.5,17726.75,17716.25,5.25,STOP,-1.0,-1.1352380952380952,-119.19999999999999,2024-01-29,2024
2024-01-30 19:10:00-05:00,2024-01-30 19:15:00-05:00,SHORT,17457.25,17461.25,17453.25,4.0,TARGET,1.0,0.8225,65.8,2024-01-30,2024
2024-01-30 19:55:00-05:00,2024-01-30 19:59:00-05:00,SHORT,17448.75,17451.75,17445.75,3.0,TARGET,1.0,0.7633333333333333,45.8,2024-01-30,2024
2024-01-31 18:30:00-05:00,2024-01-31 18:31:00-05:00,SHORT,17288.0,17291.25,17284.75,3.25,TARGET,1.0,0.7815384615384615,50.8,2024-01-31,2024
2024-01-31 19:10:00-05:00,2024-01-31 19:14:00-05:00,LONG,17284.0,17280.0,17288.0,4.0,TARGET,1.0,0.8225,65.8,2024-01-31,2024
2024-02-01 19:05:00-05:00,2024-02-01 19:05:00-05:00,LONG,17589.75,17588.0,17591.5,1.75,TARGET,1.0,0.5942857142857143,20.8,2024-02-01,2024
2024-02-01 20:05:00-05:00,2024-02-01 20:09:00-05:00,SHORT,17600.0,17608.75,17591.25,8.75,STOP,-1.0,-1.0811428571428572,-189.20000000000002,2024-02-01,2024
2024-02-04 18:35:00-05:00,2024-02-04 18:36:00-05:00,SHORT,17713.0,17718.25,17707.75,5.25,TARGET,1.0,0.8647619047619047,90.8,2024-02-04,2024
2024-02-04 20:40:00-05:00,2024-02-04 20:40:00-05:00,SHORT,17684.25,17685.5,17683.0,1.25,TARGET,1.0,0.43200000000000005,10.8,2024-02-04,2024
2024-02-05 18:35:00-05:00,2024-02-05 18:38:00-05:00,SHORT,17706.25,17709.5,17703.0,3.25,TARGET,1.0,0.7815384615384615,50.8,2024-02-05,2024
2024-02-05 19:20:00-05:00,2024-02-05 19:22:00-05:00,SHORT,17701.75,17704.25,17699.25,2.5,TARGET,1.0,0.716,35.8,2024-02-05,2024
2024-02-06 19:00:00-05:00,2024-02-06 19:00:00-05:00,LONG,17652.75,17649.0,17656.5,3.75,STOP,-1.0,-1.1893333333333334,-89.2,2024-02-06,2024
2024-02-06 19:55:00-05:00,2024-02-06 20:01:00-05:00,LONG,17656.5,17649.75,17663.25,6.75,TARGET,1.0,0.8948148148148148,120.8,2024-02-06,2024
2024-02-07 18:55:00-05:00,2024-02-07 18:56:00-05:00,SHORT,17839.0,17841.5,17836.5,2.5,STOP,-1.0,-1.284,-64.2,2024-02-07,2024
2024-02-07 20:00:00-05:00,2024-02-07 20:14:00-05:00,LONG,17839.0,17836.5,17841.5,2.5,TARGET,1.0,0.716,35.8,2024-02-07,2024
2024-02-08 18:30:00-05:00,2024-02-08 18:32:00-05:00,SHORT,17862.0,17864.75,17859.25,2.75,STOP,-1.0,-1.2581818181818183,-69.2,2024-02-08,2024
2024-02-08 20:30:00-05:00,2024-02-08 20:31:00-05:00,LONG,17858.0,17856.0,17860.0,2.0,STOP,-1.0,-1.355,-54.2,2024-02-08,2024
2024-02-11 18:55:00-05:00,2024-02-11 18:57:00-05:00,LONG,18034.0,18031.75,18036.25,2.25,TARGET,1.0,0.6844444444444444,30.799999999999997,2024-02-11,2024
2024-02-11 19:40:00-05:00,2024-02-11 19:41:00-05:00,SHORT,18034.25,18037.5,18031.0,3.25,TARGET,1.0,0.7815384615384615,50.8,2024-02-11,2024
2024-02-12 18:05:00-05:00,2024-02-12 18:11:00-05:00,SHORT,17929.25,17933.25,17925.25,4.0,TARGET,1.0,0.8225,65.8,2024-02-12,2024
2024-02-12 18:55:00-05:00,2024-02-12 18:56:00-05:00,SHORT,17939.0,17941.0,17937.0,2.0,TARGET,1.0,0.645,25.8,2024-02-12,2024
2024-02-13 18:55:00-05:00,2024-02-13 19:24:00-05:00,LONG,17691.0,17681.0,17701.0,10.0,STOP,-1.0,-1.071,-214.2,2024-02-13,2024
2024-02-13 19:55:00-05:00,2024-02-13 20:15:00-05:00,SHORT,17685.75,17694.25,17677.25,8.5,TARGET,1.0,0.9164705882352941,155.8,2024-02-13,2024
2024-02-14 18:40:00-05:00,2024-02-14 18:42:00-05:00,SHORT,17876.75,17878.25,17875.25,1.5,TARGET,1.0,0.5266666666666666,15.799999999999999,2024-02-14,2024
2024-02-14 19:30:00-05:00,2024-02-14 19:33:00-05:00,LONG,17868.25,17866.75,17869.75,1.5,TARGET,1.0,0.5266666666666666,15.799999999999999,2024-02-14,2024
2024-02-15 18:15:00-05:00,2024-02-15 18:40:00-05:00,LONG,17948.25,17943.75,17952.75,4.5,TARGET,1.0,0.8422222222222222,75.8,2024-02-15,2024
2024-02-15 19:20:00-05:00,2024-02-15 19:23:00-05:00,LONG,17946.25,17942.5,17950.0,3.75,STOP,-1.0,-1.1893333333333334,-89.2,2024-02-15,2024
2024-02-18 18:35:00-05:00,2024-02-18 18:50:00-05:00,LONG,17770.25,17765.25,17775.25,5.0,TARGET,1.0,0.858,85.8,2024-02-18,2024
2024-02-18 19:30:00-05:00,2024-02-18 19:55:00-05:00,SHORT,17788.75,17795.25,17782.25,6.5,STOP,-1.0,-1.1092307692307692,-144.2,2024-02-18,2024
2024-02-19 20:15:00-05:00,2024-02-19 20:15:00-05:00,LONG,17733.25,17729.5,17737.0,3.75,TARGET,1.0,0.8106666666666666,60.8,2024-02-19,2024
2024-02-19 22:00:00-05:00,2024-02-19 22:02:00-05:00,LONG,17683.5,17678.75,17688.25,4.75,STOP,-1.0,-1.1494736842105264,-109.20000000000002,2024-02-19,2024
2024-02-20 19:05:00-05:00,2024-02-20 19:23:00-05:00,LONG,17569.5,17562.5,17576.5,7.0,TARGET,1.0,0.8985714285714286,125.8,2024-02-20,2024
2024-02-20 19:45:00-05:00,2024-02-20 19:45:00-05:00,LONG,17570.5,17568.5,17572.5,2.0,STOP,-1.0,-1.355,-54.2,2024-02-20,2024
2024-02-21 20:25:00-05:00,2024-02-21 20:30:00-05:00,SHORT,17781.5,17789.75,17773.25,8.25,STOP,-1.0,-1.086060606060606,-179.2,2024-02-21,2024
2024-02-21 22:20:00-05:00,2024-02-21 22:26:00-05:00,SHORT,17794.25,17802.5,17786.0,8.25,TARGET,1.0,0.9139393939393939,150.8,2024-02-21,2024
2024-02-22 18:10:00-05:00,2024-02-22 18:15:00-05:00,LONG,18024.25,18018.0,18030.5,6.25,TARGET,1.0,0.8864,110.8,2024-02-22,2024
2024-02-22 19:30:00-05:00,2024-02-22 19:35:00-05:00,LONG,18030.75,18025.25,18036.25,5.5,STOP,-1.0,-1.1290909090909091,-124.2,2024-02-22,2024
2024-02-25 18:30:00-05:00,2024-02-25 18:31:00-05:00,SHORT,17978.25,17983.75,17972.75,5.5,STOP,-1.0,-1.1290909090909091,-124.2,2024-02-25,2024
2024-02-25 20:45:00-05:00,2024-02-25 20:49:00-05:00,SHORT,17955.0,17958.0,17952.0,3.0,TARGET,1.0,0.7633333333333333,45.8,2024-02-25,2024
2024-02-26 18:05:00-05:00,2024-02-26 18:08:00-05:00,LONG,17947.5,17942.0,17953.0,5.5,TARGET,1.0,0.8709090909090909,95.8,2024-02-26,2024
2024-02-26 18:55:00-05:00,2024-02-26 18:55:00-05:00,LONG,17963.75,17961.25,17966.25,2.5,TARGET,1.0,0.716,35.8,2024-02-26,2024
2024-02-27 18:05:00-05:00,2024-02-27 18:32:00-05:00,LONG,18019.25,18009.75,18028.75,9.5,STOP,-1.0,-1.0747368421052632,-204.20000000000002,2024-02-27,2024
2024-02-27 19:05:00-05:00,2024-02-27 19:05:00-05:00,LONG,18005.0,18002.75,18007.25,2.25,TARGET,1.0,0.6844444444444444,30.799999999999997,2024-02-27,2024
2024-02-28 18:25:00-05:00,2024-02-28 18:52:00-05:00,LONG,17875.75,17869.75,17881.75,6.0,STOP,-1.0,-1.1183333333333334,-134.20000000000002,2024-02-28,2024
2024-02-28 20:05:00-05:00,2024-02-28 20:40:00-05:00,LONG,17897.5,17891.75,17903.25,5.75,TARGET,1.0,0.8765217391304347,100.8,2024-02-28,2024
2024-02-29 18:10:00-05:00,2024-02-29 18:16:00-05:00,SHORT,18073.75,18083.25,18064.25,9.5,TARGET,1.0,0.9252631578947368,175.79999999999998,2024-02-29,2024
2024-02-29 19:15:00-05:00,2024-02-29 19:15:00-05:00,SHORT,18069.75,18072.0,18067.5,2.25,TARGET,1.0,0.6844444444444444,30.799999999999997,2024-02-29,2024
2024-03-03 19:10:00-05:00,2024-03-03 19:34:00-05:00,LONG,18336.25,18326.0,18346.5,10.25,TARGET,1.0,0.9307317073170732,190.8,2024-03-03,2024
2024-03-03 19:50:00-05:00,2024-03-03 19:52:00-05:00,LONG,18339.0,18335.75,18342.25,3.25,TARGET,1.0,0.7815384615384615,50.8,2024-03-03,2024
2024-03-04 18:40:00-05:00,2024-03-04 18:45:00-05:00,SHORT,18234.75,18239.5,18230.0,4.75,TARGET,1.0,0.8505263157894737,80.8,2024-03-04,2024
2024-03-04 20:55:00-05:00,2024-03-04 21:00:00-05:00,LONG,18199.75,18191.5,18208.0,8.25,TARGET,1.0,0.9139393939393939,150.8,2024-03-04,2024
2024-03-05 18:35:00-05:00,2024-03-05 19:48:00-05:00,LONG,17959.5,17952.25,17966.75,7.25,STOP,-1.0,-1.0979310344827586,-159.2,2024-03-05,2024
2024-03-05 19:15:00-05:00,2024-03-05 19:19:00-05:00,LONG,17956.0,17953.5,17958.5,2.5,STOP,-1.0,-1.284,-64.2,2024-03-05,2024
2024-03-06 18:20:00-05:00,2024-03-06 18:20:00-05:00,LONG,18034.75,18033.0,18036.5,1.75,STOP,-1.0,-1.4057142857142857,-49.2,2024-03-06,2024
2024-03-06 19:05:00-05:00,2024-03-06 19:15:00-05:00,LONG,18027.75,18017.0,18038.5,10.75,STOP,-1.0,-1.066046511627907,-229.2,2024-03-06,2024
2024-03-07 18:55:00-05:00,2024-03-07 19:00:00-05:00,SHORT,18263.0,18268.25,18257.75,5.25,STOP,-1.0,-1.1352380952380952,-119.19999999999999,2024-03-07,2024
2024-03-07 19:35:00-05:00,2024-03-07 19:45:00-05:00,SHORT,18269.0,18274.25,18263.75,5.25,STOP,-1.0,-1.1352380952380952,-119.19999999999999,2024-03-07,2024
2024-03-10 18:30:00-04:00,2024-03-10 18:30:00-04:00,SHORT,18259.25,18263.25,18255.25,4.0,STOP,-1.0,-1.1775,-94.2,2024-03-10,2024
2024-03-10 19:35:00-04:00,2024-03-10 19:41:00-04:00,SHORT,18262.0,18271.25,18252.75,9.25,STOP,-1.0,-1.0767567567567569,-199.20000000000002,2024-03-10,2024
2024-03-11 18:40:00-04:00,2024-03-11 18:41:00-04:00,LONG,18277.0,18272.75,18281.25,4.25,TARGET,1.0,0.8329411764705883,70.80000000000001,2024-03-11,2024
2024-03-11 19:40:00-04:00,2024-03-11 19:45:00-04:00,LONG,18285.5,18282.25,18288.75,3.25,TARGET,1.0,0.7815384615384615,50.8,2024-03-11,2024
2024-03-12 18:25:00-04:00,2024-03-12 18:28:00-04:00,SHORT,18471.25,18474.0,18468.5,2.75,STOP,-1.0,-1.2581818181818183,-69.2,2024-03-12,2024
2024-03-12 19:05:00-04:00,2024-03-12 19:17:00-04:00,LONG,18476.5,18471.5,18481.5,5.0,TARGET,1.0,0.858,85.8,2024-03-12,2024
2024-03-13 18:05:00-04:00,2024-03-13 18:08:00-04:00,LONG,18348.0,18337.0,18359.0,11.0,TARGET,1.0,0.9354545454545454,205.79999999999998,2024-03-13,2024
2024-03-13 18:55:00-04:00,2024-03-13 19:07:00-04:00,SHORT,18355.75,18361.75,18349.75,6.0,STOP,-1.0,-1.1183333333333334,-134.20000000000002,2024-03-13,2024
2024-03-14 18:50:00-04:00,2024-03-14 19:03:00-04:00,LONG,18253.25,18245.0,18261.5,8.25,STOP,-1.0,-1.086060606060606,-179.2,2024-03-14,2024
2024-03-14 19:35:00-04:00,2024-03-14 19:45:00-04:00,LONG,18233.0,18225.25,18240.75,7.75,STOP,-1.0,-1.0916129032258064,-169.2,2024-03-14,2024
2024-03-17 18:40:00-04:00,2024-03-17 18:53:00-04:00,LONG,18095.0,18084.0,18106.0,11.0,STOP,-1.0,-1.0645454545454545,-234.2,2024-03-17,2024
2024-03-17 19:35:00-04:00,2024-03-17 19:36:00-04:00,SHORT,18079.5,18085.0,18074.0,5.5,STOP,-1.0,-1.1290909090909091,-124.2,2024-03-17,2024
2024-03-18 18:40:00-04:00,2024-03-18 18:44:00-04:00,LONG,18206.0,18201.5,18210.5,4.5,STOP,-1.0,-1.1577777777777778,-104.2,2024-03-18,2024
2024-03-18 20:05:00-04:00,2024-03-18 20:09:00-04:00,SHORT,18189.75,18195.0,18184.5,5.25,TARGET,1.0,0.8647619047619047,90.8,2024-03-18,2024
2024-03-19 18:05:00-04:00,2024-03-19 18:05:00-04:00,LONG,18271.75,18268.25,18275.25,3.5,STOP,-1.0,-1.2028571428571428,-84.2,2024-03-19,2024
2024-03-19 19:10:00-04:00,2024-03-19 19:13:00-04:00,SHORT,18280.75,18285.0,18276.5,4.25,TARGET,1.0,0.8329411764705883,70.80000000000001,2024-03-19,2024
2024-03-20 18:10:00-04:00,2024-03-20 18:11:00-04:00,SHORT,18538.0,18545.0,18531.0,7.0,STOP,-1.0,-1.1014285714285714,-154.2,2024-03-20,2024
2024-03-20 19:00:00-04:00,2024-03-20 19:06:00-04:00,SHORT,18558.5,18563.5,18553.5,5.0,STOP,-1.0,-1.142,-114.19999999999999,2024-03-20,2024
2024-03-21 18:15:00-04:00,2024-03-21 18:17:00-04:00,LONG,18573.25,18569.0,18577.5,4.25,TARGET,1.0,0.8329411764705883,70.80000000000001,2024-03-21,2024
2024-03-21 19:00:00-04:00,2024-03-21 19:02:00-04:00,SHORT,18588.0,18591.0,18585.0,3.0,TARGET,1.0,0.7633333333333333,45.8,2024-03-21,2024
2024-03-24 18:25:00-04:00,2024-03-24 18:25:00-04:00,LONG,18570.0,18566.25,18573.75,3.75,STOP,-1.0,-1.1893333333333334,-89.2,2024-03-24,2024
2024-03-24 19:05:00-04:00,2024-03-24 19:06:00-04:00,LONG,18561.0,18555.75,18566.25,5.25,TARGET,1.0,0.8647619047619047,90.8,2024-03-24,2024
2024-03-25 18:20:00-04:00,2024-03-25 18:30:00-04:00,SHORT,18539.5,18542.5,18536.5,3.0,TARGET,1.0,0.7633333333333333,45.8,2024-03-25,2024
2024-03-25 19:00:00-04:00,2024-03-25 19:00:00-04:00,LONG,18532.5,18530.0,18535.0,2.5,TARGET,1.0,0.716,35.8,2024-03-25,2024
2024-03-26 18:05:00-04:00,2024-03-26 18:42:00-04:00,LONG,18476.75,18470.0,18483.5,6.75,STOP,-1.0,-1.1051851851851853,-149.20000000000002,2024-03-26,2024
2024-03-26 19:40:00-04:00,2024-03-26 19:47:00-04:00,SHORT,18484.75,18488.5,18481.0,3.75,STOP,-1.0,-1.1893333333333334,-89.2,2024-03-26,2024
2024-03-27 18:35:00-04:00,2024-03-27 18:45:00-04:00,SHORT,18489.25,18496.5,18482.0,7.25,TARGET,1.0,0.9020689655172414,130.8,2024-03-27,2024
2024-03-27 19:30:00-04:00,2024-03-27 19:32:00-04:00,SHORT,18490.75,18493.5,18488.0,2.75,TARGET,1.0,0.7418181818181818,40.8,2024-03-27,2024
2024-03-31 18:45:00-04:00,2024-03-31 19:22:00-04:00,LONG,18572.75,18563.75,18581.75,9.0,TARGET,1.0,0.9211111111111111,165.8,2024-03-31,2024
2024-03-31 19:50:00-04:00,2024-03-31 20:12:00-04:00,SHORT,18606.25,18612.5,18600.0,6.25,TARGET,1.0,0.8864,110.8,2024-03-31,2024
2024-04-01 18:10:00-04:00,2024-04-01 18:10:00-04:00,LONG,18484.75,18483.0,18486.5,1.75,TARGET,1.0,0.5942857142857143,20.8,2024-04-01,2024
2024-04-01 19:00:00-04:00,2024-04-01 19:08:00-04:00,LONG,18478.0,18475.0,18481.0,3.0,STOP,-1.0,-1.2366666666666666,-74.19999999999999,2024-04-01,2024
2024-04-02 18:10:00-04:00,2024-04-02 18:15:00-04:00,LONG,18336.0,18330.25,18341.75,5.75,STOP,-1.0,-1.1234782608695653,-129.20000000000002,2024-04-02,2024
2024-04-02 19:15:00-04:00,2024-04-02 19:15:00-04:00,SHORT,18328.75,18330.5,18327.0,1.75,STOP,-1.0,-1.4057142857142857,-49.2,2024-04-02,2024
2024-04-03 18:25:00-04:00,2024-04-03 18:28:00-04:00,SHORT,18383.75,18385.25,18382.25,1.5,STOP,-1.0,-1.4733333333333334,-44.2,2024-04-03,2024
2024-04-03 19:05:00-04:00,2024-04-03 19:09:00-04:00,SHORT,18389.5,18392.25,18386.75,2.75,STOP,-1.0,-1.2581818181818183,-69.2,2024-04-03,2024
2024-04-04 19:30:00-04:00,2024-04-04 19:33:00-04:00,LONG,18093.0,18082.5,18103.5,10.5,TARGET,1.0,0.9323809523809524,195.8,2024-04-04,2024
2024-04-04 22:35:00-04:00,2024-04-04 22:41:00-04:00,SHORT,18079.75,18084.75,18074.75,5.0,STOP,-1.0,-1.142,-114.19999999999999,2024-04-04,2024
2024-04-07 18:35:00-04:00,2024-04-07 18:37:00-04:00,LONG,18309.5,18305.0,18314.0,4.5,TARGET,1.0,0.8422222222222222,75.8,2024-04-07,2024
2024-04-07 19:35:00-04:00,2024-04-07 19:37:00-04:00,SHORT,18321.5,18326.0,18317.0,4.5,TARGET,1.0,0.8422222222222222,75.8,2024-04-07,2024
2024-04-08 18:20:00-04:00,2024-04-08 19:16:00-04:00,LONG,18315.0,18310.5,18319.5,4.5,STOP,-1.0,-1.1577777777777778,-104.2,2024-04-08,2024
2024-04-08 19:10:00-04:00,2024-04-08 19:16:00-04:00,LONG,18312.75,18310.75,18314.75,2.0,STOP,-1.0,-1.355,-54.2,2024-04-08,2024
2024-04-09 18:30:00-04:00,2024-04-09 18:30:00-04:00,LONG,18373.5,18372.0,18375.0,1.5,STOP,-1.0,-1.4733333333333334,-44.2,2024-04-09,2024
2024-04-09 19:10:00-04:00,2024-04-09 19:14:00-04:00,LONG,18374.0,18371.5,18376.5,2.5,TARGET,1.0,0.716,35.8,2024-04-09,2024
2024-04-10 18:10:00-04:00,2024-04-10 18:24:00-04:00,LONG,18167.5,18159.5,18175.5,8.0,TARGET,1.0,0.91125,145.8,2024-04-10,2024
2024-04-10 18:50:00-04:00,2024-04-10 19:01:00-04:00,SHORT,18173.5,18178.5,18168.5,5.0,TARGET,1.0,0.858,85.8,2024-04-10,2024
2024-04-11 18:05:00-04:00,2024-04-11 18:05:00-04:00,LONG,18481.0,18476.75,18485.25,4.25,TARGET,1.0,0.8329411764705883,70.80000000000001,2024-04-11,2024
2024-04-11 18:55:00-04:00,2024-04-11 19:01:00-04:00,SHORT,18492.75,18496.0,18489.5,3.25,STOP,-1.0,-1.2184615384615385,-79.2,2024-04-11,2024
2024-04-14 19:25:00-04:00,2024-04-14 19:29:00-04:00,SHORT,18235.5,18240.75,18230.25,5.25,TARGET,1.0,0.8647619047619047,90.8,2024-04-14,2024
2024-04-14 20:45:00-04:00,2024-04-14 20:51:00-04:00,SHORT,18231.0,18239.25,18222.75,8.25,TARGET,1.0,0.9139393939393939,150.8,2024-04-14,2024
2024-04-15 18:35:00-04:00,2024-04-15 18:42:00-04:00,LONG,17884.25,17878.25,17890.25,6.0,STOP,-1.0,-1.1183333333333334,-134.20000000000002,2024-04-15,2024
2024-04-15 19:35:00-04:00,2024-04-15 19:36:00-04:00,SHORT,17868.75,17874.25,17863.25,5.5,STOP,-1.0,-1.1290909090909091,-124.2,2024-04-15,2024
2024-04-16 18:30:00-04:00,2024-04-16 18:39:00-04:00,LONG,17903.5,17896.0,17911.0,7.5,TARGET,1.0,0.9053333333333333,135.8,2024-04-16,2024
2024-04-16 19:10:00-04:00,2024-04-16 19:21:00-04:00,LONG,17903.75,17898.25,17909.25,5.5,TARGET,1.0,0.8709090909090909,95.8,2024-04-16,2024
2024-04-17 18:25:00-04:00,2024-04-17 18:37:00-04:00,SHORT,17682.0,17686.0,17678.0,4.0,TARGET,1.0,0.8225,65.8,2024-04-17,2024
2024-04-17 19:45:00-04:00,2024-04-17 19:52:00-04:00,SHORT,17682.75,17686.25,17679.25,3.5,STOP,-1.0,-1.2028571428571428,-84.2,2024-04-17,2024
2024-04-18 18:10:00-04:00,2024-04-18 18:12:00-04:00,SHORT,17539.5,17543.25,17535.75,3.75,TARGET,1.0,0.8106666666666666,60.8,2024-04-18,2024
2024-04-18 19:45:00-04:00,2024-04-18 19:51:00-04:00,LONG,17512.75,17508.75,17516.75,4.0,STOP,-1.0,-1.1775,-94.2,2024-04-18,2024
2024-04-21 18:35:00-04:00,2024-04-21 18:35:00-04:00,SHORT,17251.25,17256.25,17246.25,5.0,TARGET,1.0,0.858,85.8,2024-04-21,2024
2024-04-21 19:50:00-04:00,2024-04-21 19:58:00-04:00,SHORT,17265.75,17271.5,17260.0,5.75,STOP,-1.0,-1.1234782608695653,-129.20000000000002,2024-04-21,2024
2024-04-22 18:25:00-04:00,2024-04-22 18:25:00-04:00,LONG,17333.75,17329.25,17338.25,4.5,TARGET,1.0,0.8422222222222222,75.8,2024-04-22,2024
2024-04-22 19:05:00-04:00,2024-04-22 19:06:00-04:00,LONG,17338.0,17334.0,17342.0,4.0,TARGET,1.0,0.8225,65.8,2024-04-22,2024
2024-04-23 18:35:00-04:00,2024-04-23 18:42:00-04:00,LONG,17667.5,17663.75,17671.25,3.75,TARGET,1.0,0.8106666666666666,60.8,2024-04-23,2024
2024-04-23 19:20:00-04:00,2024-04-23 19:20:00-04:00,SHORT,17682.5,17685.0,17680.0,2.5,TARGET,1.0,0.716,35.8,2024-04-23,2024
2024-04-24 18:35:00-04:00,2024-04-24 18:36:00-04:00,SHORT,17478.0,17487.5,17468.5,9.5,TARGET,1.0,0.9252631578947368,175.79999999999998,2024-04-24,2024
2024-04-24 20:55:00-04:00,2024-04-24 21:38:00-04:00,SHORT,17486.25,17495.0,17477.5,8.75,TARGET,1.0,0.9188571428571428,160.79999999999998,2024-04-24,2024
2024-04-25 18:30:00-04:00,2024-04-25 18:32:00-04:00,SHORT,17769.0,17774.5,17763.5,5.5,STOP,-1.0,-1.1290909090909091,-124.2,2024-04-25,2024
2024-04-25 20:10:00-04:00,2024-04-25 21:16:00-04:00,LONG,17751.75,17741.75,17761.75,10.0,TARGET,1.0,0.929,185.8,2024-04-25,2024
2024-04-28 18:45:00-04:00,2024-04-28 18:46:00-04:00,LONG,17856.0,17852.75,17859.25,3.25,TARGET,1.0,0.7815384615384615,50.8,2024-04-28,2024
2024-04-28 20:45:00-04:00,2024-04-28 20:45:00-04:00,SHORT,17885.25,17886.75,17883.75,1.5,STOP,-1.0,-1.4733333333333334,-44.2,2024-04-28,2024
2024-04-29 18:10:00-04:00,2024-04-29 18:11:00-04:00,LONG,17908.75,17906.75,17910.75,2.0,TARGET,1.0,0.645,25.8,2024-04-29,2024
2024-04-29 18:50:00-04:00,2024-04-29 19:23:00-04:00,LONG,17908.25,17904.25,17912.25,4.0,STOP,-1.0,-1.1775,-94.2,2024-04-29,2024
2024-04-30 19:05:00-04:00,2024-04-30 19:07:00-04:00,LONG,17496.5,17490.75,17502.25,5.75,TARGET,1.0,0.8765217391304347,100.8,2024-04-30,2024
2024-04-30 20:40:00-04:00,2024-04-30 20:45:00-04:00,LONG,17509.0,17502.25,17515.75,6.75,STOP,-1.0,-1.1051851851851853,-149.20000000000002,2024-04-30,2024
2024-05-01 19:05:00-04:00,2024-05-01 19:07:00-04:00,SHORT,17502.5,17505.0,17500.0,2.5,TARGET,1.0,0.716,35.8,2024-05-01,2024
2024-05-01 19:55:00-04:00,2024-05-01 20:01:00-04:00,SHORT,17527.5,17534.0,17521.0,6.5,STOP,-1.0,-1.1092307692307692,-144.2,2024-05-01,2024
2024-05-02 19:00:00-04:00,2024-05-02 19:00:00-04:00,SHORT,17747.5,17749.25,17745.75,1.75,TARGET,1.0,0.5942857142857143,20.8,2024-05-02,2024
2024-05-02 20:00:00-04:00,2024-05-02 20:01:00-04:00,SHORT,17753.75,17758.0,17749.5,4.25,TARGET,1.0,0.8329411764705883,70.80000000000001,2024-05-02,2024
2024-05-05 18:35:00-04:00,2024-05-05 19:01:00-04:00,SHORT,18034.5,18040.0,18029.0,5.5,TARGET,1.0,0.8709090909090909,95.8,2024-05-05,2024
2024-05-05 19:40:00-04:00,2024-05-05 19:43:00-04:00,LONG,18021.5,18018.75,18024.25,2.75,STOP,-1.0,-1.2581818181818183,-69.2,2024-05-05,2024
2024-05-06 18:25:00-04:00,2024-05-06 18:39:00-04:00,SHORT,18185.0,18188.25,18181.75,3.25,STOP,-1.0,-1.2184615384615385,-79.2,2024-05-06,2024
2024-05-06 19:05:00-04:00,2024-05-06 19:10:00-04:00,SHORT,18192.75,18197.25,18188.25,4.5,TARGET,1.0,0.8422222222222222,75.8,2024-05-06,2024
2024-05-07 18:45:00-04:00,2024-05-07 18:54:00-04:00,SHORT,18199.0,18204.0,18194.0,5.0,STOP,-1.0,-1.142,-114.19999999999999,2024-05-07,2024
2024-05-07 19:35:00-04:00,2024-05-07 19:35:00-04:00,LONG,18201.0,18200.0,18202.0,1.0,STOP,-1.0,-1.71,-34.2,2024-05-07,2024
2024-05-08 18:05:00-04:00,2024-05-08 18:05:00-04:00,LONG,18158.75,18152.75,18164.75,6.0,TARGET,1.0,0.8816666666666667,105.80000000000001,2024-05-08,2024
2024-05-08 19:20:00-04:00,2024-05-08 19:21:00-04:00,LONG,18163.75,18161.0,18166.5,2.75,TARGET,1.0,0.7418181818181818,40.8,2024-05-08,2024
2024-05-09 18:05:00-04:00,2024-05-09 18:10:00-04:00,LONG,18221.5,18215.75,18227.25,5.75,TARGET,1.0,0.8765217391304347,100.8,2024-05-09,2024
2024-05-09 19:30:00-04:00,2024-05-09 19:31:00-04:00,SHORT,18235.25,18238.0,18232.5,2.75,TARGET,1.0,0.7418181818181818,40.8,2024-05-09,2024
2024-05-12 18:05:00-04:00,2024-05-12 18:08:00-04:00,LONG,18241.75,18232.75,18250.75,9.0,STOP,-1.0,-1.0788888888888888,-194.2,2024-05-12,2024
2024-05-12 19:00:00-04:00,2024-05-12 19:00:00-04:00,SHORT,18247.5,18249.0,18246.0,1.5,TARGET,1.0,0.5266666666666666,15.799999999999999,2024-05-12,2024
2024-05-13 18:05:00-04:00,2024-05-13 18:23:00-04:00,SHORT,18285.25,18290.5,18280.0,5.25,TARGET,1.0,0.8647619047619047,90.8,2024-05-13,2024
2024-05-13 18:45:00-04:00,2024-05-13 18:50:00-04:00,SHORT,18280.25,18282.5,18278.0,2.25,STOP,-1.0,-1.3155555555555556,-59.2,2024-05-13,2024
2024-05-14 18:15:00-04:00,2024-05-14 18:15:00-04:00,SHORT,18415.0,18417.0,18413.0,2.0,STOP,-1.0,-1.355,-54.2,2024-05-14,2024
2024-05-14 18:55:00-04:00,2024-05-14 18:56:00-04:00,SHORT,18423.75,18426.0,18421.5,2.25,STOP,-1.0,-1.3155555555555556,-59.2,2024-05-14,2024
2024-05-15 18:05:00-04:00,2024-05-15 18:12:00-04:00,SHORT,18690.25,18699.5,18681.0,9.25,STOP,-1.0,-1.0767567567567569,-199.20000000000002,2024-05-15,2024
2024-05-15 19:00:00-04:00,2024-05-15 19:16:00-04:00,SHORT,18702.25,18714.25,18690.25,12.0,STOP,-1.0,-1.0591666666666666,-254.2,2024-05-15,2024
2024-05-16 18:30:00-04:00,2024-05-16 18:33:00-04:00,SHORT,18650.5,18654.0,18647.0,3.5,TARGET,1.0,0.7971428571428572,55.8,2024-05-16,2024
2024-05-16 20:10:00-04:00,2024-05-16 20:11:00-04:00,SHORT,18653.5,18656.0,18651.0,2.5,TARGET,1.0,0.716,35.8,2024-05-16,2024
2024-05-19 19:35:00-04:00,2024-05-19 19:42:00-04:00,SHORT,18662.75,18665.25,18660.25,2.5,STOP,-1.0,-1.284,-64.2,2024-05-19,2024
2024-05-19 23:15:00-04:00,2024-05-19 23:17:00-04:00,LONG,18674.25,18671.0,18677.5,3.25,TARGET,1.0,0.7815384615384615,50.8,2024-05-19,2024
2024-05-20 19:20:00-04:00,2024-05-20 19:24:00-04:00,SHORT,18749.0,18750.75,18747.25,1.75,TARGET,1.0,0.5942857142857143,20.8,2024-05-20,2024
2024-05-20 23:05:00-04:00,2024-05-20 23:12:00-04:00,SHORT,18748.25,18752.0,18744.5,3.75,STOP,-1.0,-1.1893333333333334,-89.2,2024-05-20,2024
2024-05-21 18:05:00-04:00,2024-05-21 18:37:00-04:00,LONG,18800.25,18795.0,18805.5,5.25,TARGET,1.0,0.8647619047619047,90.8,2024-05-21,2024
2024-05-21 19:30:00-04:00,2024-05-21 19:31:00-04:00,SHORT,18814.0,18815.25,18812.75,1.25,TARGET,1.0,0.43200000000000005,10.8,2024-05-21,2024
2024-05-22 18:45:00-04:00,2024-05-22 18:48:00-04:00,SHORT,18854.0,18855.75,18852.25,1.75,STOP,-1.0,-1.4057142857142857,-49.2,2024-05-22,2024
2024-05-22 19:40:00-04:00,2024-05-22 19:44:00-04:00,LONG,18868.5,18864.75,18872.25,3.75,TARGET,1.0,0.8106666666666666,60.8,2024-05-22,2024
2024-05-23 21:35:00-04:00,2024-05-23 21:39:00-04:00,LONG,18721.25,18718.0,18724.5,3.25,TARGET,1.0,0.7815384615384615,50.8,2024-05-23,2024
2024-05-23 23:20:00-04:00,2024-05-23 23:46:00-04:00,LONG,18723.0,18716.5,18729.5,6.5,STOP,-1.0,-1.1092307692307692,-144.2,2024-05-23,2024
2024-05-26 18:10:00-04:00,2024-05-26 18:14:00-04:00,SHORT,18880.25,18884.75,18875.75,4.5,STOP,-1.0,-1.1577777777777778,-104.2,2024-05-26,2024
2024-05-26 18:55:00-04:00,2024-05-26 18:59:00-04:00,LONG,18872.75,18870.5,18875.0,2.25,TARGET,1.0,0.6844444444444444,30.799999999999997,2024-05-26,2024
2024-05-27 19:55:00-04:00,2024-05-27 19:56:00-04:00,LONG,18909.5,18906.5,18912.5,3.0,STOP,-1.0,-1.2366666666666666,-74.19999999999999,2024-05-27,2024
2024-05-27 22:40:00-04:00,2024-05-27 22:50:00-04:00,LONG,18912.75,18908.5,18917.0,4.25,TARGET,1.0,0.8329411764705883,70.80000000000001,2024-05-27,2024
2024-05-28 18:10:00-04:00,2024-05-28 19:25:00-04:00,LONG,18941.75,18936.25,18947.25,5.5,TARGET,1.0,0.8709090909090909,95.8,2024-05-28,2024
2024-05-28 19:00:00-04:00,2024-05-28 19:12:00-04:00,SHORT,18941.75,18943.5,18940.0,1.75,TARGET,1.0,0.5942857142857143,20.8,2024-05-28,2024
2024-05-29 18:30:00-04:00,2024-05-29 18:32:00-04:00,LONG,18743.75,18740.0,18747.5,3.75,STOP,-1.0,-1.1893333333333334,-89.2,2024-05-29,2024
2024-05-29 19:20:00-04:00,2024-05-29 19:23:00-04:00,SHORT,18726.25,18729.25,18723.25,3.0,TARGET,1.0,0.7633333333333333,45.8,2024-05-29,2024
2024-05-30 18:25:00-04:00,2024-05-30 18:35:00-04:00,LONG,18564.5,18557.0,18572.0,7.5,TARGET,1.0,0.9053333333333333,135.8,2024-05-30,2024
2024-05-30 19:05:00-04:00,2024-05-30 19:06:00-04:00,LONG,18569.25,18566.75,18571.75,2.5,TARGET,1.0,0.716,35.8,2024-05-30,2024
2024-06-02 18:55:00-04:00,2024-06-02 19:02:00-04:00,SHORT,18567.75,18574.25,18561.25,6.5,STOP,-1.0,-1.1092307692307692,-144.2,2024-06-02,2024
2024-06-02 19:55:00-04:00,2024-06-02 19:56:00-04:00,SHORT,18586.0,18594.25,18577.75,8.25,STOP,-1.0,-1.086060606060606,-179.2,2024-06-02,2024
2024-06-03 18:10:00-04:00,2024-06-03 18:31:00-04:00,LONG,18658.25,18651.5,18665.0,6.75,TARGET,1.0,0.8948148148148148,120.8,2024-06-03,2024
2024-06-03 18:50:00-04:00,2024-06-03 19:17:00-04:00,LONG,18660.5,18656.25,18664.75,4.25,TARGET,1.0,0.8329411764705883,70.80000000000001,2024-06-03,2024
2024-06-04 18:35:00-04:00,2024-06-04 18:35:00-04:00,SHORT,18704.25,18706.5,18702.0,2.25,STOP,-1.0,-1.3155555555555556,-59.2,2024-06-04,2024
2024-06-04 19:30:00-04:00,2024-06-04 19:34:00-04:00,LONG,18726.0,18721.5,18730.5,4.5,TARGET,1.0,0.8422222222222222,75.8,2024-06-04,2024
2024-06-05 18:30:00-04:00,2024-06-05 18:30:00-04:00,LONG,19077.5,19075.75,19079.25,1.75,STOP,-1.0,-1.4057142857142857,-49.2,2024-06-05,2024
2024-06-05 19:10:00-04:00,2024-06-05 20:00:00-04:00,SHORT,19098.25,19108.5,19088.0,10.25,TARGET,1.0,0.9307317073170732,190.8,2024-06-05,2024
2024-06-06 18:05:00-04:00,2024-06-06 18:12:00-04:00,LONG,19064.0,19058.25,19069.75,5.75,TARGET,1.0,0.8765217391304347,100.8,2024-06-06,2024
2024-06-06 19:05:00-04:00,2024-06-06 19:29:00-04:00,LONG,19076.0,19071.75,19080.25,4.25,TARGET,1.0,0.8329411764705883,70.80000000000001,2024-06-06,2024
2024-06-09 18:55:00-04:00,2024-06-09 18:58:00-04:00,LONG,19036.5,19031.25,19041.75,5.25,TARGET,1.0,0.8647619047619047,90.8,2024-06-09,2024
2024-06-09 20:10:00-04:00,2024-06-09 20:10:00-04:00,LONG,19028.0,19025.0,19031.0,3.0,STOP,-1.0,-1.2366666666666666,-74.19999999999999,2024-06-09,2024
2024-06-10 18:05:00-04:00,2024-06-10 18:17:00-04:00,LONG,19101.0,19096.5,19105.5,4.5,STOP,-1.0,-1.1577777777777778,-104.2,2024-06-10,2024
2024-06-10 18:45:00-04:00,2024-06-10 19:05:00-04:00,SHORT,19097.25,19102.25,19092.25,5.0,TARGET,1.0,0.858,85.8,2024-06-10,2024
2024-06-11 18:40:00-04:00,2024-06-11 18:50:00-04:00,SHORT,19248.75,19252.75,19244.75,4.0,STOP,-1.0,-1.1775,-94.2,2024-06-11,2024
2024-06-11 20:15:00-04:00,2024-06-11 20:22:00-04:00,LONG,19254.5,19251.0,19258.0,3.5,STOP,-1.0,-1.2028571428571428,-84.2,2024-06-11,2024
2024-06-12 18:30:00-04:00,2024-06-12 18:47:00-04:00,SHORT,19596.0,19601.0,19591.0,5.0,TARGET,1.0,0.858,85.8,2024-06-12,2024
2024-06-12 19:10:00-04:00,2024-06-12 19:51:00-04:00,LONG,19591.0,19581.75,19600.25,9.25,TARGET,1.0,0.9232432432432433,170.8,2024-06-12,2024
2024-06-13 18:05:00-04:00,2024-06-13 18:05:00-04:00,LONG,19595.25,19592.0,19598.5,3.25,TARGET,1.0,0.7815384615384615,50.8,2024-06-13,2024
2024-06-13 18:50:00-04:00,2024-06-13 18:52:00-04:00,SHORT,19612.0,19615.75,19608.25,3.75,TARGET,1.0,0.8106666666666666,60.8,2024-06-13,2024
2024-06-16 18:55:00-04:00,2024-06-16 19:14:00-04:00,SHORT,19977.75,19983.0,19972.5,5.25,TARGET,1.0,0.8647619047619047,90.8,2024-06-16,2024
2024-06-16 19:40:00-04:00,2024-06-16 19:45:00-04:00,LONG,19972.0,19967.75,19976.25,4.25,STOP,-1.0,-1.1670588235294117,-99.19999999999999,2024-06-16,2024
2024-06-17 18:30:00-04:00,2024-06-17 18:38:00-04:00,SHORT,20212.0,20219.0,20205.0,7.0,TARGET,1.0,0.8985714285714286,125.8,2024-06-17,2024
2024-06-17 19:20:00-04:00,2024-06-17 19:20:00-04:00,LONG,20197.75,20194.75,20200.75,3.0,TARGET,1.0,0.7633333333333333,45.8,2024-06-17,2024
2024-06-18 19:20:00-04:00,2024-06-18 19:23:00-04:00,LONG,20225.0,20222.75,20227.25,2.25,STOP,-1.0,-1.3155555555555556,-59.2,2024-06-18,2024
2024-06-18 22:10:00-04:00,2024-06-18 22:27:00-04:00,SHORT,20214.5,20218.5,20210.5,4.0,STOP,-1.0,-1.1775,-94.2,2024-06-18,2024
2024-06-19 18:30:00-04:00,2024-06-19 18:33:00-04:00,LONG,20231.5,20227.5,20235.5,4.0,STOP,-1.0,-1.1775,-94.2,2024-06-19,2024
2024-06-19 19:35:00-04:00,2024-06-19 19:36:00-04:00,SHORT,20234.0,20236.25,20231.75,2.25,STOP,-1.0,-1.3155555555555556,-59.2,2024-06-19,2024
2024-06-20 22:15:00-04:00,2024-06-20 22:31:00-04:00,SHORT,20041.0,20047.75,20034.25,6.75,STOP,-1.0,-1.1051851851851853,-149.20000000000002,2024-06-20,2024
2024-06-20 23:10:00-04:00,2024-06-20 23:15:00-04:00,SHORT,20057.75,20061.75,20053.75,4.0,STOP,-1.0,-1.1775,-94.2,2024-06-20,2024
2024-06-23 18:05:00-04:00,2024-06-23 18:15:00-04:00,SHORT,20006.75,20014.0,19999.5,7.25,STOP,-1.0,-1.0979310344827586,-159.2,2024-06-23,2024
2024-06-23 19:25:00-04:00,2024-06-23 19:41:00-04:00,LONG,20026.25,20018.75,20033.75,7.5,STOP,-1.0,-1.0946666666666667,-164.2,2024-06-23,2024
2024-06-24 18:50:00-04:00,2024-06-24 19:00:00-04:00,LONG,19762.5,19758.75,19766.25,3.75,STOP,-1.0,-1.1893333333333334,-89.2,2024-06-24,2024
2024-06-24 19:35:00-04:00,2024-06-24 19:36:00-04:00,SHORT,19768.75,19771.5,19766.0,2.75,TARGET,1.0,0.7418181818181818,40.8,2024-06-24,2024
2024-06-25 18:15:00-04:00,2024-06-25 18:18:00-04:00,SHORT,19982.0,19987.25,19976.75,5.25,STOP,-1.0,-1.1352380952380952,-119.19999999999999,2024-06-25,2024
2024-06-25 18:55:00-04:00,2024-06-25 18:58:00-04:00,SHORT,19975.0,19977.5,19972.5,2.5,STOP,-1.0,-1.284,-64.2,2024-06-25,2024
2024-06-26 18:45:00-04:00,2024-06-26 18:46:00-04:00,LONG,19928.0,19925.0,19931.0,3.0,TARGET,1.0,0.7633333333333333,45.8,2024-06-26,2024
2024-06-26 19:55:00-04:00,2024-06-26 20:07:00-04:00,SHORT,19915.75,19921.5,19910.0,5.75,TARGET,1.0,0.8765217391304347,100.8,2024-06-26,2024
2024-06-27 19:10:00-04:00,2024-06-27 19:12:00-04:00,SHORT,20088.75,20090.0,20087.5,1.25,TARGET,1.0,0.43200000000000005,10.8,2024-06-27,2024
2024-06-27 19:50:00-04:00,2024-06-27 19:50:00-04:00,LONG,20092.5,20090.0,20095.0,2.5,TARGET,1.0,0.716,35.8,2024-06-27,2024
2024-06-30 19:50:00-04:00,2024-06-30 19:50:00-04:00,LONG,19958.75,19956.0,19961.5,2.75,STOP,-1.0,-1.2581818181818183,-69.2,2024-06-30,2024
2024-06-30 20:30:00-04:00,2024-06-30 20:30:00-04:00,SHORT,19974.5,19977.5,19971.5,3.0,TARGET,1.0,0.7633333333333333,45.8,2024-06-30,2024
2024-07-01 18:10:00-04:00,2024-07-01 18:18:00-04:00,SHORT,20050.5,20055.0,20046.0,4.5,TARGET,1.0,0.8422222222222222,75.8,2024-07-01,2024
2024-07-01 19:10:00-04:00,2024-07-01 19:10:00-04:00,LONG,20029.25,20026.75,20031.75,2.5,STOP,-1.0,-1.284,-64.2,2024-07-01,2024
2024-07-02 18:05:00-04:00,2024-07-02 18:23:00-04:00,SHORT,20233.25,20242.5,20224.0,9.25,STOP,-1.0,-1.0767567567567569,-199.20000000000002,2024-07-02,2024
2024-07-02 19:10:00-04:00,2024-07-02 19:14:00-04:00,SHORT,20250.0,20252.5,20247.5,2.5,TARGET,1.0,0.716,35.8,2024-07-02,2024
2024-07-03 18:35:00-04:00,2024-07-03 18:51:00-04:00,SHORT,20408.25,20412.5,20404.0,4.25,TARGET,1.0,0.8329411764705883,70.80000000000001,2024-07-03,2024
2024-07-03 19:50:00-04:00,2024-07-03 19:53:00-04:00,SHORT,20407.5,20409.5,20405.5,2.0,STOP,-1.0,-1.355,-54.2,2024-07-03,2024
2024-07-04 19:00:00-04:00,2024-07-04 19:06:00-04:00,LONG,20384.75,20381.0,20388.5,3.75,TARGET,1.0,0.8106666666666666,60.8,2024-07-04,2024
2024-07-04 21:35:00-04:00,2024-07-04 22:05:00-04:00,SHORT,20406.75,20411.5,20402.0,4.75,TARGET,1.0,0.8505263157894737,80.8,2024-07-04,2024
2024-07-07 18:40:00-04:00,2024-07-07 18:42:00-04:00,LONG,20603.25,20599.5,20607.0,3.75,STOP,-1.0,-1.1893333333333334,-89.2,2024-07-07,2024
2024-07-07 19:20:00-04:00,2024-07-07 19:24:00-04:00,SHORT,20605.25,20608.75,20601.75,3.5,STOP,-1.0,-1.2028571428571428,-84.2,2024-07-07,2024
2024-07-08 18:05:00-04:00,2024-07-08 18:11:00-04:00,LONG,20680.0,20672.0,20688.0,8.0,TARGET,1.0,0.91125,145.8,2024-07-08,2024
2024-07-08 18:45:00-04:00,2024-07-08 18:47:00-04:00,LONG,20690.25,20685.5,20695.0,4.75,TARGET,1.0,0.8505263157894737,80.8,2024-07-08,2024
2024-07-09 18:05:00-04:00,2024-07-09 18:06:00-04:00,LONG,20687.5,20684.0,20691.0,3.5,TARGET,1.0,0.7971428571428572,55.8,2024-07-09,2024
2024-07-09 18:45:00-04:00,2024-07-09 18:48:00-04:00,SHORT,20697.75,20700.75,20694.75,3.0,TARGET,1.0,0.7633333333333333,45.8,2024-07-09,2024
2024-07-10 18:20:00-04:00,2024-07-10 18:20:00-04:00,LONG,20890.0,20889.0,20891.0,1.0,TARGET,1.0,0.29000000000000004,5.800000000000001,2024-07-10,2024
2024-07-10 19:35:00-04:00,2024-07-10 19:36:00-04:00,LONG,20879.75,20878.0,20881.5,1.75,TARGET,1.0,0.5942857142857143,20.8,2024-07-10,2024
2024-07-11 18:05:00-04:00,2024-07-11 18:05:00-04:00,SHORT,20442.0,20449.25,20434.75,7.25,TARGET,1.0,0.9020689655172414,130.8,2024-07-11,2024
2024-07-11 19:40:00-04:00,2024-07-11 19:45:00-04:00,LONG,20452.0,20446.5,20457.5,5.5,STOP,-1.0,-1.1290909090909091,-124.2,2024-07-11,2024
2024-07-14 19:15:00-04:00,2024-07-14 19:20:00-04:00,LONG,20534.5,20528.75,20540.25,5.75,TARGET,1.0,0.8765217391304347,100.8,2024-07-14,2024
2024-07-14 21:00:00-04:00,2024-07-14 21:12:00-04:00,LONG,20570.25,20565.75,20574.75,4.5,TARGET,1.0,0.8422222222222222,75.8,2024-07-14,2024
2024-07-15 18:10:00-04:00,2024-07-15 18:11:00-04:00,SHORT,20637.75,20640.0,20635.5,2.25,TARGET,1.0,0.6844444444444444,30.799999999999997,2024-07-15,2024
2024-07-15 19:10:00-04:00,2024-07-15 19:10:00-04:00,SHORT,20637.0,20638.5,20635.5,1.5,TARGET,1.0,0.5266666666666666,15.799999999999999,2024-07-15,2024
2024-07-16 18:05:00-04:00,2024-07-16 19:04:00-04:00,SHORT,20589.5,20598.25,20580.75,8.75,TARGET,1.0,0.9188571428571428,160.79999999999998,2024-07-16,2024
2024-07-16 18:45:00-04:00,2024-07-16 18:47:00-04:00,SHORT,20591.25,20594.25,20588.25,3.0,TARGET,1.0,0.7633333333333333,45.8,2024-07-16,2024
2024-07-17 18:25:00-04:00,2024-07-17 18:25:00-04:00,SHORT,20056.5,20062.75,20050.25,6.25,TARGET,1.0,0.8864,110.8,2024-07-17,2024
2024-07-17 19:50:00-04:00,2024-07-17 19:50:00-04:00,LONG,20059.0,20055.0,20063.0,4.0,STOP,-1.0,-1.1775,-94.2,2024-07-17,2024
2024-07-18 18:30:00-04:00,2024-07-18 18:33:00-04:00,LONG,19947.75,19940.0,19955.5,7.75,TARGET,1.0,0.9083870967741936,140.8,2024-07-18,2024
2024-07-18 20:35:00-04:00,2024-07-18 20:39:00-04:00,SHORT,19958.0,19965.5,19950.5,7.5,TARGET,1.0,0.9053333333333333,135.8,2024-07-18,2024
2024-07-21 18:50:00-04:00,2024-07-21 18:54:00-04:00,SHORT,19777.0,19787.5,19766.5,10.5,STOP,-1.0,-1.0676190476190477,-224.20000000000002,2024-07-21,2024
2024-07-21 19:50:00-04:00,2024-07-21 20:00:00-04:00,LONG,19814.75,19807.75,19821.75,7.0,TARGET,1.0,0.8985714285714286,125.8,2024-07-21,2024
2024-07-22 18:15:00-04:00,2024-07-22 18:23:00-04:00,SHORT,19988.25,19992.0,19984.5,3.75,STOP,-1.0,-1.1893333333333334,-89.2,2024-07-22,2024
2024-07-22 19:00:00-04:00,2024-07-22 19:03:00-04:00,LONG,19986.25,19982.25,19990.25,4.0,STOP,-1.0,-1.1775,-94.2,2024-07-22,2024
2024-07-23 19:30:00-04:00,2024-07-23 19:38:00-04:00,LONG,19808.75,19802.75,19814.75,6.0,STOP,-1.0,-1.1183333333333334,-134.20000000000002,2024-07-23,2024
2024-07-23 20:50:00-04:00,2024-07-23 20:54:00-04:00,SHORT,19831.25,19838.75,19823.75,7.5,TARGET,1.0,0.9053333333333333,135.8,2024-07-23,2024
2024-07-24 18:05:00-04:00,2024-07-24 18:08:00-04:00,SHORT,19270.75,19279.25,19262.25,8.5,STOP,-1.0,-1.0835294117647059,-184.2,2024-07-24,2024
2024-07-24 18:55:00-04:00,2024-07-24 18:57:00-04:00,LONG,19281.0,19274.75,19287.25,6.25,STOP,-1.0,-1.1136,-139.2,2024-07-24,2024
2024-07-25 19:50:00-04:00,2024-07-25 19:51:00-04:00,LONG,19017.25,19015.75,19018.75,1.5,STOP,-1.0,-1.4733333333333334,-44.2,2024-07-25,2024
2024-07-25 21:35:00-04:00,2024-07-25 21:36:00-04:00,SHORT,19070.75,19074.25,19067.25,3.5,STOP,-1.0,-1.2028571428571428,-84.2,2024-07-25,2024
2024-07-28 18:35:00-04:00,2024-07-28 18:42:00-04:00,LONG,19221.75,19211.25,19232.25,10.5,TARGET,1.0,0.9323809523809524,195.8,2024-07-28,2024
2024-07-28 19:15:00-04:00,2024-07-28 19:16:00-04:00,LONG,19234.25,19224.75,19243.75,9.5,TARGET,1.0,0.9252631578947368,175.79999999999998,2024-07-28,2024
2024-07-29 20:10:00-04:00,2024-07-29 20:15:00-04:00,SHORT,19144.5,19152.5,19136.5,8.0,TARGET,1.0,0.91125,145.8,2024-07-29,2024
2024-07-29 20:55:00-04:00,2024-07-29 20:55:00-04:00,SHORT,19151.5,19152.5,19150.5,1.0,STOP,-1.0,-1.71,-34.2,2024-07-29,2024
2024-07-30 19:05:00-04:00,2024-07-30 19:12:00-04:00,SHORT,18969.5,18980.25,18958.75,10.75,STOP,-1.0,-1.066046511627907,-229.2,2024-07-30,2024
2024-07-30 20:30:00-04:00,2024-07-30 20:30:00-04:00,SHORT,19042.75,19045.5,19040.0,2.75,STOP,-1.0,-1.2581818181818183,-69.2,2024-07-30,2024
2024-07-31 18:30:00-04:00,2024-07-31 18:31:00-04:00,LONG,19628.75,19618.25,19639.25,10.5,STOP,-1.0,-1.0676190476190477,-224.20000000000002,2024-07-31,2024
2024-07-31 19:35:00-04:00,2024-07-31 19:36:00-04:00,SHORT,19678.25,19682.25,19674.25,4.0,STOP,-1.0,-1.1775,-94.2,2024-07-31,2024
2024-08-01 19:55:00-04:00,2024-08-01 19:55:00-04:00,LONG,18916.0,18907.5,18924.5,8.5,TARGET,1.0,0.9164705882352941,155.8,2024-08-01,2024
2024-08-01 20:40:00-04:00,2024-08-01 20:42:00-04:00,SHORT,18912.75,18920.25,18905.25,7.5,TARGET,1.0,0.9053333333333333,135.8,2024-08-01,2024
2024-08-04 19:00:00-04:00,2024-08-04 19:00:00-04:00,LONG,18347.0,18341.0,18353.0,6.0,TARGET,1.0,0.8816666666666667,105.80000000000001,2024-08-04,2024
2024-08-04 22:20:00-04:00,2024-08-04 22:20:00-04:00,SHORT,18121.5,18133.0,18110.0,11.5,STOP,-1.0,-1.0617391304347825,-244.2,2024-08-04,2024
2024-08-05 18:50:00-04:00,2024-08-05 18:50:00-04:00,LONG,18215.75,18209.5,18222.0,6.25,STOP,-1.0,-1.1136,-139.2,2024-08-05,2024
2024-08-05 19:40:00-04:00,2024-08-05 19:48:00-04:00,SHORT,18242.0,18252.0,18232.0,10.0,STOP,-1.0,-1.071,-214.2,2024-08-05,2024
2024-08-06 18:50:00-04:00,2024-08-06 18:51:00-04:00,LONG,18079.75,18073.5,18086.0,6.25,TARGET,1.0,0.8864,110.8,2024-08-06,2024
2024-08-06 19:35:00-04:00,2024-08-06 19:36:00-04:00,LONG,18071.0,18061.75,18080.25,9.25,STOP,-1.0,-1.0767567567567569,-199.20000000000002,2024-08-06,2024
2024-08-07 19:10:00-04:00,2024-08-07 19:10:00-04:00,LONG,17874.5,17869.5,17879.5,5.0,TARGET,1.0,0.858,85.8,2024-08-07,2024
2024-08-07 23:05:00-04:00,2024-08-07 23:06:00-04:00,SHORT,18035.25,18042.5,18028.0,7.25,TARGET,1.0,0.9020689655172414,130.8,2024-08-07,2024
2024-08-08 18:05:00-04:00,2024-08-08 18:05:00-04:00,SHORT,18565.0,18574.5,18555.5,9.5,TARGET,1.0,0.9252631578947368,175.79999999999998,2024-08-08,2024
2024-08-08 18:45:00-04:00,2024-08-08 18:47:00-04:00,LONG,18547.75,18540.0,18555.5,7.75,STOP,-1.0,-1.0916129032258064,-169.2,2024-08-08,2024
2024-08-11 19:25:00-04:00,2024-08-11 19:26:00-04:00,LONG,18603.75,18597.25,18610.25,6.5,TARGET,1.0,0.8907692307692308,115.8,2024-08-11,2024
2024-08-11 21:00:00-04:00,2024-08-11 21:00:00-04:00,LONG,18604.75,18602.0,18607.5,2.75,STOP,-1.0,-1.2581818181818183,-69.2,2024-08-11,2024
2024-08-12 18:25:00-04:00,2024-08-12 18:30:00-04:00,SHORT,18645.0,18651.75,18638.25,6.75,TARGET,1.0,0.8948148148148148,120.8,2024-08-12,2024
2024-08-12 19:05:00-04:00,2024-08-12 19:06:00-04:00,SHORT,18641.0,18644.5,18637.5,3.5,STOP,-1.0,-1.2028571428571428,-84.2,2024-08-12,2024
2024-08-13 20:00:00-04:00,2024-08-13 20:03:00-04:00,SHORT,19117.25,19122.0,19112.5,4.75,TARGET,1.0,0.8505263157894737,80.8,2024-08-13,2024
2024-08-13 21:00:00-04:00,2024-08-13 21:02:00-04:00,SHORT,19108.0,19112.5,19103.5,4.5,TARGET,1.0,0.8422222222222222,75.8,2024-08-13,2024
2024-08-14 18:05:00-04:00,2024-08-14 18:08:00-04:00,LONG,19142.75,19134.0,19151.5,8.75,STOP,-1.0,-1.0811428571428572,-189.20000000000002,2024-08-14,2024
2024-08-14 18:45:00-04:00,2024-08-14 19:01:00-04:00,SHORT,19124.75,19135.5,19114.0,10.75,STOP,-1.0,-1.066046511627907,-229.2,2024-08-14,2024
2024-08-15 21:35:00-04:00,2024-08-15 21:38:00-04:00,SHORT,19609.0,19614.75,19603.25,5.75,STOP,-1.0,-1.1234782608695653,-129.20000000000002,2024-08-15,2024
2024-08-15 23:00:00-04:00,2024-08-15 23:14:00-04:00,LONG,19627.25,19621.75,19632.75,5.5,STOP,-1.0,-1.1290909090909091,-124.2,2024-08-15,2024
2024-08-18 19:45:00-04:00,2024-08-18 19:51:00-04:00,SHORT,19664.0,19674.0,19654.0,10.0,TARGET,1.0,0.929,185.8,2024-08-18,2024
2024-08-18 20:45:00-04:00,2024-08-18 20:46:00-04:00,SHORT,19666.25,19669.25,19663.25,3.0,TARGET,1.0,0.7633333333333333,45.8,2024-08-18,2024
2024-08-19 18:45:00-04:00,2024-08-19 18:45:00-04:00,SHORT,19875.5,19878.75,19872.25,3.25,TARGET,1.0,0.7815384615384615,50.8,2024-08-19,2024
2024-08-19 19:30:00-04:00,2024-08-19 19:35:00-04:00,LONG,19860.75,19857.25,19864.25,3.5,TARGET,1.0,0.7971428571428572,55.8,2024-08-19,2024
2024-08-20 19:20:00-04:00,2024-08-20 19:20:00-04:00,SHORT,19799.25,19800.75,19797.75,1.5,TARGET,1.0,0.5266666666666666,15.799999999999999,2024-08-20,2024
2024-08-20 21:10:00-04:00,2024-08-20 21:13:00-04:00,LONG,19819.25,19814.5,19824.0,4.75,TARGET,1.0,0.8505263157894737,80.8,2024-08-20,2024
2024-08-21 18:05:00-04:00,2024-08-21 18:08:00-04:00,SHORT,19916.5,19927.0,19906.0,10.5,STOP,-1.0,-1.0676190476190477,-224.20000000000002,2024-08-21,2024
2024-08-21 18:50:00-04:00,2024-08-21 18:58:00-04:00,LONG,19939.0,19934.0,19944.0,5.0,STOP,-1.0,-1.142,-114.19999999999999,2024-08-21,2024
2024-08-22 18:40:00-04:00,2024-08-22 18:54:00-04:00,SHORT,19629.75,19637.0,19622.5,7.25,STOP,-1.0,-1.0979310344827586,-159.2,2024-08-22,2024
2024-08-22 19:20:00-04:00,2024-08-22 19:22:00-04:00,LONG,19625.5,19620.25,19630.75,5.25,TARGET,1.0,0.8647619047619047,90.8,2024-08-22,2024
2024-08-25 19:45:00-04:00,2024-08-25 19:45:00-04:00,SHORT,19747.0,19749.25,19744.75,2.25,STOP,-1.0,-1.3155555555555556,-59.2,2024-08-25,2024
2024-08-25 21:05:00-04:00,2024-08-25 21:13:00-04:00,SHORT,19812.25,19819.75,19804.75,7.5,STOP,-1.0,-1.0946666666666667,-164.2,2024-08-25,2024
2024-08-26 18:50:00-04:00,2024-08-26 18:59:00-04:00,LONG,19529.25,19521.0,19537.5,8.25,TARGET,1.0,0.9139393939393939,150.8,2024-08-26,2024
2024-08-26 19:45:00-04:00,2024-08-26 19:45:00-04:00,SHORT,19577.0,19579.0,19575.0,2.0,TARGET,1.0,0.645,25.8,2024-08-26,2024
2024-08-27 18:50:00-04:00,2024-08-27 19:07:00-04:00,SHORT,19593.0,19602.75,19583.25,9.75,STOP,-1.0,-1.0728205128205128,-209.2,2024-08-27,2024
2024-08-27 20:00:00-04:00,2024-08-27 20:04:00-04:00,SHORT,19587.75,19595.0,19580.5,7.25,STOP,-1.0,-1.0979310344827586,-159.2,2024-08-27,2024
2024-08-28 19:15:00-04:00,2024-08-28 19:19:00-04:00,SHORT,19194.75,19201.75,19187.75,7.0,TARGET,1.0,0.8985714285714286,125.8,2024-08-28,2024
2024-08-28 20:05:00-04:00,2024-08-28 20:05:00-04:00,SHORT,19200.75,19207.0,19194.5,6.25,STOP,-1.0,-1.1136,-139.2,2024-08-28,2024
2024-08-29 19:20:00-04:00,2024-08-29 19:21:00-04:00,SHORT,19437.25,19441.0,19433.5,3.75,STOP,-1.0,-1.1893333333333334,-89.2,2024-08-29,2024
2024-08-29 21:00:00-04:00,2024-08-29 21:01:00-04:00,SHORT,19445.0,19454.25,19435.75,9.25,STOP,-1.0,-1.0767567567567569,-199.20000000000002,2024-08-29,2024
2024-09-01 18:35:00-04:00,2024-09-01 18:35:00-04:00,LONG,19592.0,19585.5,19598.5,6.5,STOP,-1.0,-1.1092307692307692,-144.2,2024-09-01,2024
2024-09-01 19:15:00-04:00,2024-09-01 19:15:00-04:00,SHORT,19593.5,19598.25,19588.75,4.75,STOP,-1.0,-1.1494736842105264,-109.20000000000002,2024-09-01,2024
2024-09-02 20:55:00-04:00,2024-09-02 20:55:00-04:00,LONG,19580.0,19574.25,19585.75,5.75,TARGET,1.0,0.8765217391304347,100.8,2024-09-02,2024
2024-09-02 21:45:00-04:00,2024-09-02 22:05:00-04:00,SHORT,19594.5,19606.0,19583.0,11.5,TARGET,1.0,0.9382608695652174,215.79999999999998,2024-09-02,2024
2024-09-03 19:15:00-04:00,2024-09-03 19:15:00-04:00,SHORT,18970.5,18972.5,18968.5,2.0,STOP,-1.0,-1.355,-54.2,2024-09-03,2024
2024-09-03 19:55:00-04:00,2024-09-03 20:00:00-04:00,SHORT,18962.75,18971.75,18953.75,9.0,STOP,-1.0,-1.0788888888888888,-194.2,2024-09-03,2024
2024-09-04 18:25:00-04:00,2024-09-04 18:31:00-04:00,LONG,18967.25,18961.0,18973.5,6.25,TARGET,1.0,0.8864,110.8,2024-09-04,2024
2024-09-04 21:10:00-04:00,2024-09-04 21:10:00-04:00,LONG,18989.75,18984.0,18995.5,5.75,STOP,-1.0,-1.1234782608695653,-129.20000000000002,2024-09-04,2024
2024-09-05 18:15:00-04:00,2024-09-05 18:17:00-04:00,LONG,18917.5,18911.75,18923.25,5.75,STOP,-1.0,-1.1234782608695653,-129.20000000000002,2024-09-05,2024
2024-09-05 18:55:00-04:00,2024-09-05 18:56:00-04:00,SHORT,18920.0,18922.5,18917.5,2.5,STOP,-1.0,-1.284,-64.2,2024-09-05,2024
2024-09-08 19:00:00-04:00,2024-09-08 19:00:00-04:00,LONG,18416.5,18413.25,18419.75,3.25,STOP,-1.0,-1.2184615384615385,-79.2,2024-09-08,2024
2024-09-08 20:05:00-04:00,2024-09-08 20:09:00-04:00,SHORT,18455.0,18466.5,18443.5,11.5,STOP,-1.0,-1.0617391304347825,-244.2,2024-09-08,2024
2024-09-09 18:15:00-04:00,2024-09-09 18:19:00-04:00,LONG,18716.0,18709.5,18722.5,6.5,STOP,-1.0,-1.1092307692307692,-144.2,2024-09-09,2024
2024-09-09 19:05:00-04:00,2024-09-09 19:06:00-04:00,LONG,18698.75,18694.75,18702.75,4.0,TARGET,1.0,0.8225,65.8,2024-09-09,2024
2024-09-10 18:05:00-04:00,2024-09-10 18:49:00-04:00,SHORT,18834.25,18843.75,18824.75,9.5,STOP,-1.0,-1.0747368421052632,-204.20000000000002,2024-09-10,2024
2024-09-10 18:55:00-04:00,2024-09-10 19:01:00-04:00,SHORT,18844.75,18848.25,18841.25,3.5,STOP,-1.0,-1.2028571428571428,-84.2,2024-09-10,2024
2024-09-11 18:25:00-04:00,2024-09-11 18:30:00-04:00,SHORT,19237.25,19248.25,19226.25,11.0,STOP,-1.0,-1.0645454545454545,-234.2,2024-09-11,2024
2024-09-11 19:20:00-04:00,2024-09-11 19:25:00-04:00,SHORT,19244.25,19249.0,19239.5,4.75,STOP,-1.0,-1.1494736842105264,-109.20000000000002,2024-09-11,2024
2024-09-12 18:10:00-04:00,2024-09-12 18:12:00-04:00,SHORT,19423.75,19428.0,19419.5,4.25,STOP,-1.0,-1.1670588235294117,-99.19999999999999,2024-09-12,2024
2024-09-12 19:00:00-04:00,2024-09-12 19:00:00-04:00,SHORT,19442.5,19446.5,19438.5,4.0,STOP,-1.0,-1.1775,-94.2,2024-09-12,2024
2024-09-15 18:40:00-04:00,2024-09-15 18:48:00-04:00,SHORT,19728.0,19738.75,19717.25,10.75,STOP,-1.0,-1.066046511627907,-229.2,2024-09-15,2024
2024-09-15 20:10:00-04:00,2024-09-15 20:11:00-04:00,LONG,19774.0,19766.0,19782.0,8.0,STOP,-1.0,-1.08875,-174.20000000000002,2024-09-15,2024
2024-09-16 20:05:00-04:00,2024-09-16 20:10:00-04:00,SHORT,19676.0,19683.0,19669.0,7.0,TARGET,1.0,0.8985714285714286,125.8,2024-09-16,2024
2024-09-16 21:00:00-04:00,2024-09-16 21:03:00-04:00,LONG,19652.0,19648.5,19655.5,3.5,TARGET,1.0,0.7971428571428572,55.8,2024-09-16,2024
2024-09-17 18:05:00-04:00,2024-09-17 18:13:00-04:00,LONG,19684.0,19678.75,19689.25,5.25,TARGET,1.0,0.8647619047619047,90.8,2024-09-17,2024
2024-09-17 18:45:00-04:00,2024-09-17 18:47:00-04:00,LONG,19687.75,19682.5,19693.0,5.25,TARGET,1.0,0.8647619047619047,90.8,2024-09-17,2024
2024-09-18 18:25:00-04:00,2024-09-18 18:28:00-04:00,SHORT,19673.5,19679.25,19667.75,5.75,STOP,-1.0,-1.1234782608695653,-129.20000000000002,2024-09-18,2024
2024-09-18 19:35:00-04:00,2024-09-18 19:36:00-04:00,LONG,19650.0,19642.0,19658.0,8.0,TARGET,1.0,0.91125,145.8,2024-09-18,2024
2024-09-19 18:05:00-04:00,2024-09-19 18:05:00-04:00,SHORT,20070.75,20072.75,20068.75,2.0,TARGET,1.0,0.645,25.8,2024-09-19,2024
2024-09-19 19:10:00-04:00,2024-09-19 19:10:00-04:00,SHORT,20047.75,20053.25,20042.25,5.5,STOP,-1.0,-1.1290909090909091,-124.2,2024-09-19,2024
2024-09-22 18:45:00-04:00,2024-09-22 18:45:00-04:00,SHORT,20039.25,20043.5,20035.0,4.25,TARGET,1.0,0.8329411764705883,70.80000000000001,2024-09-22,2024
2024-09-22 20:05:00-04:00,2024-09-22 20:15:00-04:00,SHORT,20065.0,20074.0,20056.0,9.0,TARGET,1.0,0.9211111111111111,165.8,2024-09-22,2024
2024-09-23 18:05:00-04:00,2024-09-23 18:06:00-04:00,SHORT,20061.5,20067.0,20056.0,5.5,TARGET,1.0,0.8709090909090909,95.8,2024-09-23,2024
2024-09-23 18:45:00-04:00,2024-09-23 18:56:00-04:00,LONG,20049.25,20045.75,20052.75,3.5,TARGET,1.0,0.7971428571428572,55.8,2024-09-23,2024
2024-09-24 18:40:00-04:00,2024-09-24 18:40:00-04:00,LONG,20177.25,20173.75,20180.75,3.5,STOP,-1.0,-1.2028571428571428,-84.2,2024-09-24,2024
2024-09-24 19:50:00-04:00,2024-09-24 19:50:00-04:00,LONG,20181.0,20178.5,20183.5,2.5,STOP,-1.0,-1.284,-64.2,2024-09-24,2024
2024-09-25 18:25:00-04:00,2024-09-25 18:33:00-04:00,LONG,20236.75,20231.5,20242.0,5.25,TARGET,1.0,0.8647619047619047,90.8,2024-09-25,2024
2024-09-25 19:30:00-04:00,2024-09-25 19:32:00-04:00,SHORT,20250.75,20253.25,20248.25,2.5,STOP,-1.0,-1.284,-64.2,2024-09-25,2024
2024-09-26 18:50:00-04:00,2024-09-26 18:53:00-04:00,SHORT,20370.5,20375.5,20365.5,5.0,TARGET,1.0,0.858,85.8,2024-09-26,2024
2024-09-26 19:30:00-04:00,2024-09-26 19:41:00-04:00,LONG,20354.25,20350.25,20358.25,4.0,STOP,-1.0,-1.1775,-94.2,2024-09-26,2024
2024-09-29 19:35:00-04:00,2024-09-29 19:35:00-04:00,SHORT,20251.0,20254.5,20247.5,3.5,TARGET,1.0,0.7971428571428572,55.8,2024-09-29,2024
2024-09-30 00:20:00-04:00,2024-09-30 00:22:00-04:00,LONG,20218.75,20211.5,20226.0,7.25,STOP,-1.0,-1.0979310344827586,-159.2,2024-09-29,2024
2024-09-30 18:20:00-04:00,2024-09-30 18:27:00-04:00,LONG,20223.25,20212.75,20233.75,10.5,TARGET,1.0,0.9323809523809524,195.8,2024-09-30,2024
2024-09-30 19:20:00-04:00,2024-09-30 19:26:00-04:00,SHORT,20233.75,20240.75,20226.75,7.0,TARGET,1.0,0.8985714285714286,125.8,2024-09-30,2024
2024-10-01 19:10:00-04:00,2024-10-01 19:13:00-04:00,SHORT,19922.25,19933.0,19911.5,10.75,STOP,-1.0,-1.066046511627907,-229.2,2024-10-01,2024
2024-10-01 21:20:00-04:00,2024-10-01 21:21:00-04:00,SHORT,19956.5,19961.75,19951.25,5.25,STOP,-1.0,-1.1352380952380952,-119.19999999999999,2024-10-01,2024
2024-10-02 18:35:00-04:00,2024-10-02 18:35:00-04:00,LONG,20049.25,20046.75,20051.75,2.5,STOP,-1.0,-1.284,-64.2,2024-10-02,2024
2024-10-02 20:00:00-04:00,2024-10-02 20:00:00-04:00,SHORT,20054.5,20057.25,20051.75,2.75,TARGET,1.0,0.7418181818181818,40.8,2024-10-02,2024
2024-10-03 18:20:00-04:00,2024-10-03 18:30:00-04:00,LONG,19949.0,19941.0,19957.0,8.0,TARGET,1.0,0.91125,145.8,2024-10-03,2024
2024-10-03 19:15:00-04:00,2024-10-03 19:20:00-04:00,LONG,19986.5,19975.5,19997.5,11.0,STOP,-1.0,-1.0645454545454545,-234.2,2024-10-03,2024
2024-10-06 19:30:00-04:00,2024-10-06 19:36:00-04:00,LONG,20245.75,20237.5,20254.0,8.25,STOP,-1.0,-1.086060606060606,-179.2,2024-10-06,2024
2024-10-06 20:45:00-04:00,2024-10-06 20:46:00-04:00,SHORT,20214.5,20217.25,20211.75,2.75,TARGET,1.0,0.7418181818181818,40.8,2024-10-06,2024
2024-10-07 18:10:00-04:00,2024-10-07 18:21:00-04:00,LONG,20017.0,20010.0,20024.0,7.0,STOP,-1.0,-1.1014285714285714,-154.2,2024-10-07,2024
2024-10-07 19:40:00-04:00,2024-10-07 19:44:00-04:00,LONG,19977.0,19967.25,19986.75,9.75,TARGET,1.0,0.9271794871794872,180.8,2024-10-07,2024
2024-10-08 18:05:00-04:00,2024-10-08 18:37:00-04:00,SHORT,20283.25,20294.75,20271.75,11.5,TARGET,1.0,0.9382608695652174,215.79999999999998,2024-10-08,2024
2024-10-08 19:30:00-04:00,2024-10-08 19:32:00-04:00,LONG,20277.0,20273.75,20280.25,3.25,STOP,-1.0,-1.2184615384615385,-79.2,2024-10-08,2024
2024-10-09 19:20:00-04:00,2024-10-09 19:20:00-04:00,SHORT,20456.5,20462.0,20451.0,5.5,TARGET,1.0,0.8709090909090909,95.8,2024-10-09,2024
2024-10-09 20:10:00-04:00,2024-10-09 20:12:00-04:00,LONG,20441.75,20437.25,20446.25,4.5,TARGET,1.0,0.8422222222222222,75.8,2024-10-09,2024
2024-10-10 18:20:00-04:00,2024-10-10 18:25:00-04:00,LONG,20430.75,20425.5,20436.0,5.25,TARGET,1.0,0.8647619047619047,90.8,2024-10-10,2024
2024-10-10 19:00:00-04:00,2024-10-10 19:00:00-04:00,LONG,20435.75,20431.25,20440.25,4.5,TARGET,1.0,0.8422222222222222,75.8,2024-10-10,2024
2024-10-13 18:50:00-04:00,2024-10-13 19:04:00-04:00,SHORT,20438.0,20444.25,20431.75,6.25,STOP,-1.0,-1.1136,-139.2,2024-10-13,2024
2024-10-13 19:40:00-04:00,2024-10-13 19:42:00-04:00,SHORT,20435.0,20439.5,20430.5,4.5,STOP,-1.0,-1.1577777777777778,-104.2,2024-10-13,2024
2024-10-14 18:30:00-04:00,2024-10-14 18:35:00-04:00,SHORT,20630.25,20632.75,20627.75,2.5,TARGET,1.0,0.716,35.8,2024-10-14,2024
2024-10-14 19:15:00-04:00,2024-10-14 19:22:00-04:00,LONG,20623.25,20619.25,20627.25,4.0,TARGET,1.0,0.8225,65.8,2024-10-14,2024
2024-10-15 18:30:00-04:00,2024-10-15 18:35:00-04:00,SHORT,20332.75,20336.5,20329.0,3.75,STOP,-1.0,-1.1893333333333334,-89.2,2024-10-15,2024
2024-10-15 19:40:00-04:00,2024-10-15 19:45:00-04:00,SHORT,20357.75,20361.75,20353.75,4.0,STOP,-1.0,-1.1775,-94.2,2024-10-15,2024
2024-10-16 18:15:00-04:00,2024-10-16 18:15:00-04:00,LONG,20325.5,20319.0,20332.0,6.5,TARGET,1.0,0.8907692307692308,115.8,2024-10-16,2024
2024-10-16 19:00:00-04:00,2024-10-16 19:03:00-04:00,SHORT,20329.25,20333.5,20325.0,4.25,TARGET,1.0,0.8329411764705883,70.80000000000001,2024-10-16,2024
2024-10-17 18:20:00-04:00,2024-10-17 18:20:00-04:00,SHORT,20392.5,20396.0,20389.0,3.5,TARGET,1.0,0.7971428571428572,55.8,2024-10-17,2024
2024-10-17 19:00:00-04:00,2024-10-17 19:05:00-04:00,LONG,20407.25,20402.5,20412.0,4.75,STOP,-1.0,-1.1494736842105264,-109.20000000000002,2024-10-17,2024
2024-10-20 18:35:00-04:00,2024-10-20 18:35:00-04:00,SHORT,20513.25,20515.25,20511.25,2.0,TARGET,1.0,0.645,25.8,2024-10-20,2024
2024-10-20 19:45:00-04:00,2024-10-20 19:47:00-04:00,LONG,20519.75,20514.0,20525.5,5.75,STOP,-1.0,-1.1234782608695653,-129.20000000000002,2024-10-20,2024
2024-10-21 18:25:00-04:00,2024-10-21 18:35:00-04:00,LONG,20538.5,20528.25,20548.75,10.25,STOP,-1.0,-1.069268292682927,-219.20000000000002,2024-10-21,2024
2024-10-21 19:10:00-04:00,2024-10-21 20:00:00-04:00,SHORT,20517.25,20527.25,20507.25,10.0,TARGET,1.0,0.929,185.8,2024-10-21,2024
2024-10-22 19:05:00-04:00,2024-10-22 19:05:00-04:00,SHORT,20506.5,20509.25,20503.75,2.75,STOP,-1.0,-1.2581818181818183,-69.2,2024-10-22,2024
2024-10-22 19:50:00-04:00,2024-10-22 19:57:00-04:00,SHORT,20522.75,20532.25,20513.25,9.5,STOP,-1.0,-1.0747368421052632,-204.20000000000002,2024-10-22,2024
2024-10-23 18:35:00-04:00,2024-10-23 19:25:00-04:00,LONG,20284.75,20275.25,20294.25,9.5,STOP,-1.0,-1.0747368421052632,-204.20000000000002,2024-10-23,2024
2024-10-23 19:30:00-04:00,2024-10-23 19:37:00-04:00,LONG,20279.25,20267.5,20291.0,11.75,TARGET,1.0,0.9395744680851064,220.79999999999998,2024-10-23,2024
2024-10-24 18:30:00-04:00,2024-10-24 18:31:00-04:00,SHORT,20387.0,20388.75,20385.25,1.75,TARGET,1.0,0.5942857142857143,20.8,2024-10-24,2024
2024-10-24 19:15:00-04:00,2024-10-24 19:30:00-04:00,LONG,20372.25,20366.5,20378.0,5.75,STOP,-1.0,-1.1234782608695653,-129.20000000000002,2024-10-24,2024
2024-10-27 18:50:00-04:00,2024-10-27 18:51:00-04:00,LONG,20609.25,20602.0,20616.5,7.25,STOP,-1.0,-1.0979310344827586,-159.2,2024-10-27,2024
2024-10-27 19:35:00-04:00,2024-10-27 19:37:00-04:00,LONG,20604.0,20597.0,20611.0,7.0,STOP,-1.0,-1.1014285714285714,-154.2,2024-10-27,2024
2024-10-28 18:50:00-04:00,2024-10-28 18:50:00-04:00,LONG,20492.0,20490.5,20493.5,1.5,TARGET,1.0,0.5266666666666666,15.799999999999999,2024-10-28,2024
2024-10-28 19:45:00-04:00,2024-10-28 19:48:00-04:00,SHORT,20506.75,20511.25,20502.25,4.5,TARGET,1.0,0.8422222222222222,75.8,2024-10-28,2024
2024-10-29 18:45:00-04:00,2024-10-29 18:48:00-04:00,SHORT,20745.25,20751.75,20738.75,6.5,STOP,-1.0,-1.1092307692307692,-144.2,2024-10-29,2024
2024-10-29 19:45:00-04:00,2024-10-29 19:55:00-04:00,LONG,20744.75,20738.5,20751.0,6.25,TARGET,1.0,0.8864,110.8,2024-10-29,2024
2024-10-30 18:35:00-04:00,2024-10-30 18:36:00-04:00,SHORT,20448.0,20454.5,20441.5,6.5,STOP,-1.0,-1.1092307692307692,-144.2,2024-10-30,2024
2024-10-30 19:20:00-04:00,2024-10-30 19:20:00-04:00,SHORT,20440.5,20448.0,20433.0,7.5,TARGET,1.0,0.9053333333333333,135.8,2024-10-30,2024
2024-10-31 19:05:00-04:00,2024-10-31 19:07:00-04:00,LONG,20082.25,20072.0,20092.5,10.25,STOP,-1.0,-1.069268292682927,-219.20000000000002,2024-10-31,2024
2024-10-31 20:00:00-04:00,2024-10-31 20:00:00-04:00,LONG,20074.0,20071.0,20077.0,3.0,STOP,-1.0,-1.2366666666666666,-74.19999999999999,2024-10-31,2024
2024-11-03 19:30:00-05:00,2024-11-03 19:33:00-05:00,SHORT,20136.75,20146.25,20127.25,9.5,TARGET,1.0,0.9252631578947368,175.79999999999998,2024-11-03,2024
2024-11-03 22:15:00-05:00,2024-11-03 22:16:00-05:00,SHORT,20218.5,20222.5,20214.5,4.0,STOP,-1.0,-1.1775,-94.2,2024-11-03,2024
2024-11-04 18:40:00-05:00,2024-11-04 18:41:00-05:00,SHORT,20111.5,20114.75,20108.25,3.25,TARGET,1.0,0.7815384615384615,50.8,2024-11-04,2024
2024-11-04 19:20:00-05:00,2024-11-04 19:57:00-05:00,LONG,20084.5,20073.5,20095.5,11.0,STOP,-1.0,-1.0645454545454545,-234.2,2024-11-04,2024
2024-11-05 18:05:00-05:00,2024-11-05 18:06:00-05:00,LONG,20351.0,20344.5,20357.5,6.5,STOP,-1.0,-1.1092307692307692,-144.2,2024-11-05,2024
2024-11-05 20:30:00-05:00,2024-11-05 20:31:00-05:00,LONG,20395.0,20390.0,20400.0,5.0,TARGET,1.0,0.858,85.8,2024-11-05,2024
2024-11-06 18:40:00-05:00,2024-11-06 18:42:00-05:00,LONG,20903.5,20900.25,20906.75,3.25,STOP,-1.0,-1.2184615384615385,-79.2,2024-11-06,2024
2024-11-06 19:20:00-05:00,2024-11-06 19:21:00-05:00,SHORT,20904.75,20910.25,20899.25,5.5,TARGET,1.0,0.8709090909090909,95.8,2024-11-06,2024
2024-11-07 19:35:00-05:00,2024-11-07 19:36:00-05:00,LONG,21224.25,21220.25,21228.25,4.0,STOP,-1.0,-1.1775,-94.2,2024-11-07,2024
2024-11-07 20:55:00-05:00,2024-11-07 21:02:00-05:00,SHORT,21230.0,21234.5,21225.5,4.5,STOP,-1.0,-1.1577777777777778,-104.2,2024-11-07,2024
2024-11-10 18:50:00-05:00,2024-11-10 19:08:00-05:00,SHORT,21303.25,21312.25,21294.25,9.0,TARGET,1.0,0.9211111111111111,165.8,2024-11-10,2024
2024-11-10 20:25:00-05:00,2024-11-10 20:31:00-05:00,LONG,21266.75,21257.5,21276.0,9.25,TARGET,1.0,0.9232432432432433,170.8,2024-11-10,2024
2024-11-11 18:35:00-05:00,2024-11-11 18:38:00-05:00,SHORT,21211.25,21219.0,21203.5,7.75,TARGET,1.0,0.9083870967741936,140.8,2024-11-11,2024
2024-11-11 19:15:00-05:00,2024-11-11 19:15:00-05:00,SHORT,21221.0,21222.75,21219.25,1.75,TARGET,1.0,0.5942857142857143,20.8,2024-11-11,2024
2024-11-12 18:25:00-05:00,2024-11-12 18:29:00-05:00,SHORT,21159.75,21169.75,21149.75,10.0,TARGET,1.0,0.929,185.8,2024-11-12,2024
2024-11-12 19:05:00-05:00,2024-11-12 19:12:00-05:00,SHORT,21154.5,21163.0,21146.0,8.5,TARGET,1.0,0.9164705882352941,155.8,2024-11-12,2024
2024-11-13 18:30:00-05:00,2024-11-13 18:31:00-05:00,SHORT,21162.5,21166.0,21159.0,3.5,TARGET,1.0,0.7971428571428572,55.8,2024-11-13,2024
2024-11-13 19:50:00-05:00,2024-11-13 20:00:00-05:00,SHORT,21156.5,21162.5,21150.5,6.0,TARGET,1.0,0.8816666666666667,105.80000000000001,2024-11-13,2024
2024-11-14 18:40:00-05:00,2024-11-14 18:41:00-05:00,SHORT,20959.0,20961.75,20956.25,2.75,TARGET,1.0,0.7418181818181818,40.8,2024-11-14,2024
2024-11-14 19:20:00-05:00,2024-11-14 19:21:00-05:00,SHORT,20955.0,20956.75,20953.25,1.75,TARGET,1.0,0.5942857142857143,20.8,2024-11-14,2024
2024-11-17 18:35:00-05:00,2024-11-17 18:52:00-05:00,SHORT,20550.5,20556.75,20544.25,6.25,STOP,-1.0,-1.1136,-139.2,2024-11-17,2024
2024-11-17 19:50:00-05:00,2024-11-17 19:51:00-05:00,SHORT,20600.5,20607.0,20594.0,6.5,STOP,-1.0,-1.1092307692307692,-144.2,2024-11-17,2024
2024-11-18 18:55:00-05:00,2024-11-18 19:01:00-05:00,SHORT,20621.5,20626.0,20617.0,4.5,STOP,-1.0,-1.1577777777777778,-104.2,2024-11-18,2024
2024-11-18 21:15:00-05:00,2024-11-18 21:18:00-05:00,LONG,20636.0,20631.25,20640.75,4.75,TARGET,1.0,0.8505263157894737,80.8,2024-11-18,2024
2024-11-19 18:30:00-05:00,2024-11-19 18:41:00-05:00,SHORT,20775.25,20784.5,20766.0,9.25,STOP,-1.0,-1.0767567567567569,-199.20000000000002,2024-11-19,2024
2024-11-19 22:10:00-05:00,2024-11-19 22:10:00-05:00,LONG,20807.5,20804.75,20810.25,2.75,STOP,-1.0,-1.2581818181818183,-69.2,2024-11-19,2024
2024-11-20 19:25:00-05:00,2024-11-20 19:25:00-05:00,LONG,20707.0,20705.0,20709.0,2.0,STOP,-1.0,-1.355,-54.2,2024-11-20,2024
2024-11-20 20:40:00-05:00,2024-11-20 20:46:00-05:00,LONG,20647.5,20635.75,20659.25,11.75,TARGET,1.0,0.9395744680851064,220.79999999999998,2024-11-20,2024
2024-11-21 19:30:00-05:00,2024-11-21 19:31:00-05:00,SHORT,20787.5,20793.5,20781.5,6.0,TARGET,1.0,0.8816666666666667,105.80000000000001,2024-11-21,2024
2024-11-21 20:40:00-05:00,2024-11-21 20:47:00-05:00,SHORT,20804.0,20812.5,20795.5,8.5,TARGET,1.0,0.9164705882352941,155.8,2024-11-21,2024
2024-11-24 18:40:00-05:00,2024-11-24 18:40:00-05:00,LONG,20934.75,20928.0,20941.5,6.75,TARGET,1.0,0.8948148148148148,120.8,2024-11-24,2024
2024-11-24 19:25:00-05:00,2024-11-24 19:25:00-05:00,SHORT,20953.0,20954.5,20951.5,1.5,STOP,-1.0,-1.4733333333333334,-44.2,2024-11-24,2024
2024-11-25 20:55:00-05:00,2024-11-25 20:57:00-05:00,SHORT,20842.25,20849.0,20835.5,6.75,TARGET,1.0,0.8948148148148148,120.8,2024-11-25,2024
2024-11-25 21:35:00-05:00,2024-11-25 21:44:00-05:00,LONG,20858.75,20850.25,20867.25,8.5,TARGET,1.0,0.9164705882352941,155.8,2024-11-25,2024
2024-11-26 18:40:00-05:00,2024-11-26 19:03:00-05:00,SHORT,20989.75,20996.5,20983.0,6.75,TARGET,1.0,0.8948148148148148,120.8,2024-11-26,2024
2024-11-26 19:30:00-05:00,2024-11-26 19:30:00-05:00,LONG,20976.25,20972.25,20980.25,4.0,TARGET,1.0,0.8225,65.8,2024-11-26,2024
2024-11-27 18:50:00-05:00,2024-11-27 18:53:00-05:00,LONG,20824.5,20821.75,20827.25,2.75,STOP,-1.0,-1.2581818181818183,-69.2,2024-11-27,2024
2024-11-27 19:55:00-05:00,2024-11-27 20:39:00-05:00,LONG,20846.25,20840.0,20852.5,6.25,STOP,-1.0,-1.1136,-139.2,2024-11-27,2024
2024-11-28 18:40:00-05:00,2024-11-28 18:47:00-05:00,LONG,20885.5,20878.0,20893.0,7.5,STOP,-1.0,-1.0946666666666667,-164.2,2024-11-28,2024
2024-11-28 20:50:00-05:00,2024-11-28 20:56:00-05:00,SHORT,20863.5,20871.0,20856.0,7.5,STOP,-1.0,-1.0946666666666667,-164.2,2024-11-28,2024
2024-12-01 18:45:00-05:00,2024-12-01 18:48:00-05:00,LONG,20960.75,20952.0,20969.5,8.75,TARGET,1.0,0.9188571428571428,160.79999999999998,2024-12-01,2024
2024-12-01 20:00:00-05:00,2024-12-01 20:10:00-05:00,SHORT,20956.75,20965.25,20948.25,8.5,STOP,-1.0,-1.0835294117647059,-184.2,2024-12-01,2024
2024-12-02 19:00:00-05:00,2024-12-02 19:01:00-05:00,SHORT,21215.25,21220.0,21210.5,4.75,STOP,-1.0,-1.1494736842105264,-109.20000000000002,2024-12-02,2024
2024-12-02 19:45:00-05:00,2024-12-02 19:46:00-05:00,LONG,21208.75,21203.75,21213.75,5.0,TARGET,1.0,0.858,85.8,2024-12-02,2024
2024-12-03 18:40:00-05:00,2024-12-03 18:41:00-05:00,SHORT,21321.75,21325.5,21318.0,3.75,STOP,-1.0,-1.1893333333333334,-89.2,2024-12-03,2024
2024-12-03 19:30:00-05:00,2024-12-03 19:30:00-05:00,LONG,21324.75,21321.0,21328.5,3.75,STOP,-1.0,-1.1893333333333334,-89.2,2024-12-03,2024
2024-12-04 18:45:00-05:00,2024-12-04 19:00:00-05:00,LONG,21514.0,21507.5,21520.5,6.5,STOP,-1.0,-1.1092307692307692,-144.2,2024-12-04,2024
2024-12-04 19:35:00-05:00,2024-12-04 19:49:00-05:00,LONG,21505.0,21500.75,21509.25,4.25,STOP,-1.0,-1.1670588235294117,-99.19999999999999,2024-12-04,2024
2024-12-05 19:25:00-05:00,2024-12-05 19:43:00-05:00,SHORT,21453.0,21457.75,21448.25,4.75,STOP,-1.0,-1.1494736842105264,-109.20000000000002,2024-12-05,2024
2024-12-05 20:05:00-05:00,2024-12-05 20:29:00-05:00,LONG,21455.0,21449.5,21460.5,5.5,TARGET,1.0,0.8709090909090909,95.8,2024-12-05,2024
2024-12-08 18:30:00-05:00,2024-12-08 18:31:00-05:00,SHORT,21659.25,21662.5,21656.0,3.25,STOP,-1.0,-1.2184615384615385,-79.2,2024-12-08,2024
2024-12-08 20:30:00-05:00,2024-12-08 20:30:00-05:00,SHORT,21641.0,21642.0,21640.0,1.0,STOP,-1.0,-1.71,-34.2,2024-12-08,2024
2024-12-09 18:25:00-05:00,2024-12-09 18:27:00-05:00,LONG,21469.5,21463.75,21475.25,5.75,TARGET,1.0,0.8765217391304347,100.8,2024-12-09,2024
2024-12-09 19:10:00-05:00,2024-12-09 19:30:00-05:00,SHORT,21464.0,21471.75,21456.25,7.75,STOP,-1.0,-1.0916129032258064,-169.2,2024-12-09,2024
2024-12-10 18:30:00-05:00,2024-12-10 18:30:00-05:00,LONG,21418.5,21416.75,21420.25,1.75,TARGET,1.0,0.5942857142857143,20.8,2024-12-10,2024
2024-12-10 19:10:00-05:00,2024-12-10 19:21:00-05:00,LONG,21418.75,21415.25,21422.25,3.5,STOP,-1.0,-1.2028571428571428,-84.2,2024-12-10,2024
2024-12-11 18:10:00-05:00,2024-12-11 18:14:00-05:00,SHORT,21756.25,21764.5,21748.0,8.25,STOP,-1.0,-1.086060606060606,-179.2,2024-12-11,2024
2024-12-11 19:15:00-05:00,2024-12-11 19:15:00-05:00,LONG,21755.25,21752.25,21758.25,3.0,STOP,-1.0,-1.2366666666666666,-74.19999999999999,2024-12-11,2024
2024-12-12 18:25:00-05:00,2024-12-12 18:28:00-05:00,SHORT,21729.75,21736.0,21723.5,6.25,STOP,-1.0,-1.1136,-139.2,2024-12-12,2024
2024-12-12 19:40:00-05:00,2024-12-12 19:48:00-05:00,LONG,21762.5,21754.75,21770.25,7.75,STOP,-1.0,-1.0916129032258064,-169.2,2024-12-12,2024
2024-12-15 19:00:00-05:00,2024-12-15 19:11:00-05:00,LONG,22078.5,22071.0,22086.0,7.5,TARGET,1.0,0.9053333333333333,135.8,2024-12-15,2024
2024-12-15 19:55:00-05:00,2024-12-15 20:00:00-05:00,SHORT,22091.75,22096.75,22086.75,5.0,STOP,-1.0,-1.142,-114.19999999999999,2024-12-15,2024
2024-12-16 18:40:00-05:00,2024-12-16 18:42:00-05:00,SHORT,22392.0,22395.75,22388.25,3.75,STOP,-1.0,-1.1893333333333334,-89.2,2024-12-16,2024
2024-12-16 19:20:00-05:00,2024-12-16 19:35:00-05:00,LONG,22387.5,22384.0,22391.0,3.5,STOP,-1.0,-1.2028571428571428,-84.2,2024-12-16,2024
2024-12-17 19:50:00-05:00,2024-12-17 19:53:00-05:00,SHORT,22286.5,22290.5,22282.5,4.0,STOP,-1.0,-1.1775,-94.2,2024-12-17,2024
2024-12-17 20:35:00-05:00,2024-12-17 20:35:00-05:00,SHORT,22306.0,22308.5,22303.5,2.5,STOP,-1.0,-1.284,-64.2,2024-12-17,2024
2024-12-18 19:20:00-05:00,2024-12-18 19:20:00-05:00,SHORT,21494.5,21498.25,21490.75,3.75,STOP,-1.0,-1.1893333333333334,-89.2,2024-12-18,2024
2024-12-18 21:00:00-05:00,2024-12-18 21:00:00-05:00,SHORT,21503.25,21507.5,21499.0,4.25,TARGET,1.0,0.8329411764705883,70.80000000000001,2024-12-18,2024
2024-12-19 18:25:00-05:00,2024-12-19 18:36:00-05:00,SHORT,21399.75,21411.75,21387.75,12.0,TARGET,1.0,0.9408333333333333,225.79999999999998,2024-12-19,2024
2024-12-19 20:45:00-05:00,2024-12-19 20:45:00-05:00,LONG,21276.5,21269.75,21283.25,6.75,TARGET,1.0,0.8948148148148148,120.8,2024-12-19,2024
2024-12-22 18:45:00-05:00,2024-12-22 19:01:00-05:00,SHORT,21654.25,21664.75,21643.75,10.5,STOP,-1.0,-1.0676190476190477,-224.20000000000002,2024-12-22,2024
2024-12-22 19:55:00-05:00,2024-12-22 20:00:00-05:00,SHORT,21628.5,21639.0,21618.0,10.5,TARGET,1.0,0.9323809523809524,195.8,2024-12-22,2024
2024-12-23 18:25:00-05:00,2024-12-23 18:33:00-05:00,SHORT,21753.5,21761.25,21745.75,7.75,TARGET,1.0,0.9083870967741936,140.8,2024-12-23,2024
2024-12-23 19:50:00-05:00,2024-12-23 19:53:00-05:00,SHORT,21735.25,21738.0,21732.5,2.75,TARGET,1.0,0.7418181818181818,40.8,2024-12-23,2024
2024-12-25 19:00:00-05:00,2024-12-25 19:01:00-05:00,SHORT,22058.75,22064.25,22053.25,5.5,STOP,-1.0,-1.1290909090909091,-124.2,2024-12-25,2024
2024-12-25 19:45:00-05:00,2024-12-25 19:55:00-05:00,SHORT,22060.0,22066.25,22053.75,6.25,TARGET,1.0,0.8864,110.8,2024-12-25,2024
2024-12-26 18:05:00-05:00,2024-12-26 18:09:00-05:00,SHORT,21996.75,22003.75,21989.75,7.0,TARGET,1.0,0.8985714285714286,125.8,2024-12-26,2024
2024-12-26 19:05:00-05:00,2024-12-26 19:05:00-05:00,SHORT,22005.75,22008.5,22003.0,2.75,TARGET,1.0,0.7418181818181818,40.8,2024-12-26,2024
2024-12-29 18:30:00-05:00,2024-12-29 18:31:00-05:00,LONG,21707.0,21695.0,21719.0,12.0,STOP,-1.0,-1.0591666666666666,-254.2,2024-12-29,2024
2024-12-29 22:25:00-05:00,2024-12-29 22:30:00-05:00,SHORT,21687.75,21691.0,21684.5,3.25,STOP,-1.0,-1.2184615384615385,-79.2,2024-12-29,2024
2024-12-30 18:45:00-05:00,2024-12-30 18:59:00-05:00,SHORT,21385.5,21392.75,21378.25,7.25,STOP,-1.0,-1.0979310344827586,-159.2,2024-12-30,2024
2024-12-30 19:30:00-05:00,2024-12-30 19:30:00-05:00,LONG,21386.0,21379.0,21393.0,7.0,STOP,-1.0,-1.1014285714285714,-154.2,2024-12-30,2024
2025-01-01 18:25:00-05:00,2025-01-01 18:35:00-05:00,LONG,21297.75,21286.5,21309.0,11.25,STOP,-1.0,-1.0631111111111111,-239.2,2025-01-01,2025
2025-01-01 21:25:00-05:00,2025-01-01 21:27:00-05:00,SHORT,21300.5,21310.5,21290.5,10.0,STOP,-1.0,-1.071,-214.2,2025-01-01,2025
2025-01-02 18:10:00-05:00,2025-01-02 18:18:00-05:00,LONG,21173.0,21162.5,21183.5,10.5,TARGET,1.0,0.9323809523809524,195.8,2025-01-02,2025
2025-01-02 18:50:00-05:00,2025-01-02 18:55:00-05:00,LONG,21152.25,21143.5,21161.0,8.75,TARGET,1.0,0.9188571428571428,160.79999999999998,2025-01-02,2025
2025-01-05 19:05:00-05:00,2025-01-05 19:11:00-05:00,SHORT,21528.5,21536.75,21520.25,8.25,TARGET,1.0,0.9139393939393939,150.8,2025-01-05,2025
2025-01-05 20:10:00-05:00,2025-01-05 20:11:00-05:00,LONG,21489.5,21486.25,21492.75,3.25,TARGET,1.0,0.7815384615384615,50.8,2025-01-05,2025
2025-01-06 18:40:00-05:00,2025-01-06 18:43:00-05:00,LONG,21773.0,21768.25,21777.75,4.75,TARGET,1.0,0.8505263157894737,80.8,2025-01-06,2025
2025-01-06 19:30:00-05:00,2025-01-06 19:32:00-05:00,LONG,21765.0,21762.5,21767.5,2.5,TARGET,1.0,0.716,35.8,2025-01-06,2025
2025-01-07 18:25:00-05:00,2025-01-07 18:25:00-05:00,SHORT,21367.0,21369.0,21365.0,2.0,STOP,-1.0,-1.355,-54.2,2025-01-07,2025
2025-01-07 19:05:00-05:00,2025-01-07 19:10:00-05:00,SHORT,21392.75,21400.25,21385.25,7.5,STOP,-1.0,-1.0946666666666667,-164.2,2025-01-07,2025
2025-01-08 18:30:00-05:00,2025-01-08 18:33:00-05:00,SHORT,21340.75,21347.25,21334.25,6.5,TARGET,1.0,0.8907692307692308,115.8,2025-01-08,2025
2025-01-08 20:10:00-05:00,2025-01-08 20:29:00-05:00,SHORT,21311.0,21320.5,21301.5,9.5,STOP,-1.0,-1.0747368421052632,-204.20000000000002,2025-01-08,2025
2025-01-09 20:40:00-05:00,2025-01-09 20:44:00-05:00,LONG,21240.75,21228.75,21252.75,12.0,TARGET,1.0,0.9408333333333333,225.79999999999998,2025-01-09,2025
2025-01-09 21:30:00-05:00,2025-01-09 21:33:00-05:00,SHORT,21258.75,21263.0,21254.5,4.25,STOP,-1.0,-1.1670588235294117,-99.19999999999999,2025-01-09,2025
2025-01-12 19:35:00-05:00,2025-01-12 19:39:00-05:00,LONG,21020.0,21008.0,21032.0,12.0,STOP,-1.0,-1.0591666666666666,-254.2,2025-01-12,2025
2025-01-13 00:00:00-05:00,2025-01-13 00:04:00-05:00,SHORT,20897.5,20902.0,20893.0,4.5,TARGET,1.0,0.8422222222222222,75.8,2025-01-12,2025
2025-01-13 19:15:00-05:00,2025-01-13 19:18:00-05:00,LONG,21037.25,21027.5,21047.0,9.75,TARGET,1.0,0.9271794871794872,180.8,2025-01-13,2025
2025-01-13 20:00:00-05:00,2025-01-13 20:00:00-05:00,SHORT,21052.0,21056.5,21047.5,4.5,TARGET,1.0,0.8422222222222222,75.8,2025-01-13,2025
2025-01-14 18:20:00-05:00,2025-01-14 18:20:00-05:00,LONG,20951.0,20947.5,20954.5,3.5,STOP,-1.0,-1.2028571428571428,-84.2,2025-01-14,2025
2025-01-14 19:25:00-05:00,2025-01-14 19:41:00-05:00,SHORT,20944.5,20951.25,20937.75,6.75,STOP,-1.0,-1.1051851851851853,-149.20000000000002,2025-01-14,2025
2025-01-15 19:05:00-05:00,2025-01-15 19:11:00-05:00,SHORT,21412.0,21422.0,21402.0,10.0,STOP,-1.0,-1.071,-214.2,2025-01-15,2025
2025-01-15 22:00:00-05:00,2025-01-15 22:05:00-05:00,LONG,21397.75,21392.75,21402.75,5.0,TARGET,1.0,0.858,85.8,2025-01-15,2025
2025-01-16 18:25:00-05:00,2025-01-16 19:01:00-05:00,SHORT,21229.75,21240.0,21219.5,10.25,STOP,-1.0,-1.069268292682927,-219.20000000000002,2025-01-16,2025
2025-01-16 19:20:00-05:00,2025-01-16 19:20:00-05:00,LONG,21230.5,21226.5,21234.5,4.0,TARGET,1.0,0.8225,65.8,2025-01-16,2025
2025-01-19 19:35:00-05:00,2025-01-19 19:35:00-05:00,LONG,21543.75,21542.25,21545.25,1.5,TARGET,1.0,0.5266666666666666,15.799999999999999,2025-01-19,2025
2025-01-19 22:00:00-05:00,2025-01-19 22:05:00-05:00,LONG,21561.25,21549.5,21573.0,11.75,STOP,-1.0,-1.0604255319148936,-249.20000000000002,2025-01-19,2025
2025-01-20 18:50:00-05:00,2025-01-20 19:01:00-05:00,SHORT,21732.0,21740.25,21723.75,8.25,TARGET,1.0,0.9139393939393939,150.8,2025-01-20,2025
2025-01-20 22:45:00-05:00,2025-01-20 22:45:00-05:00,LONG,21627.25,21619.5,21635.0,7.75,TARGET,1.0,0.9083870967741936,140.8,2025-01-20,2025
2025-01-21 18:40:00-05:00,2025-01-21 18:41:00-05:00,SHORT,21794.25,21800.5,21788.0,6.25,STOP,-1.0,-1.1136,-139.2,2025-01-21,2025
2025-01-21 19:20:00-05:00,2025-01-21 19:20:00-05:00,LONG,21811.25,21803.75,21818.75,7.5,TARGET,1.0,0.9053333333333333,135.8,2025-01-21,2025
2025-01-22 19:05:00-05:00,2025-01-22 19:22:00-05:00,LONG,21968.0,21961.75,21974.25,6.25,STOP,-1.0,-1.1136,-139.2,2025-01-22,2025
2025-01-22 19:55:00-05:00,2025-01-22 20:00:00-05:00,LONG,21950.75,21942.75,21958.75,8.0,TARGET,1.0,0.91125,145.8,2025-01-22,2025
2025-01-23 18:40:00-05:00,2025-01-23 18:47:00-05:00,SHORT,22008.25,22012.0,22004.5,3.75,TARGET,1.0,0.8106666666666666,60.8,2025-01-23,2025
2025-01-23 19:40:00-05:00,2025-01-23 19:48:00-05:00,LONG,22008.75,22002.5,22015.0,6.25,STOP,-1.0,-1.1136,-139.2,2025-01-23,2025
2025-01-26 19:15:00-05:00,2025-01-26 19:16:00-05:00,LONG,21661.25,21649.75,21672.75,11.5,STOP,-1.0,-1.0617391304347825,-244.2,2025-01-26,2025
2025-01-26 21:50:00-05:00,2025-01-26 22:00:00-05:00,LONG,21531.5,21520.5,21542.5,11.0,STOP,-1.0,-1.0645454545454545,-234.2,2025-01-26,2025
2025-01-27 19:25:00-05:00,2025-01-27 19:30:00-05:00,LONG,21300.0,21293.0,21307.0,7.0,STOP,-1.0,-1.1014285714285714,-154.2,2025-01-27,2025
2025-01-27 20:30:00-05:00,2025-01-27 20:39:00-05:00,SHORT,21312.5,21323.5,21301.5,11.0,STOP,-1.0,-1.0645454545454545,-234.2,2025-01-27,2025
2025-01-28 19:00:00-05:00,2025-01-28 19:00:00-05:00,LONG,21546.0,21542.0,21550.0,4.0,STOP,-1.0,-1.1775,-94.2,2025-01-28,2025
2025-01-28 20:00:00-05:00,2025-01-28 20:00:00-05:00,SHORT,21565.5,21568.0,21563.0,2.5,STOP,-1.0,-1.284,-64.2,2025-01-28,2025
2025-01-29 18:45:00-05:00,2025-01-29 18:45:00-05:00,SHORT,21530.0,21539.5,21520.5,9.5,STOP,-1.0,-1.0747368421052632,-204.20000000000002,2025-01-29,2025
2025-01-29 19:25:00-05:00,2025-01-29 19:26:00-05:00,SHORT,21569.25,21572.5,21566.0,3.25,STOP,-1.0,-1.2184615384615385,-79.2,2025-01-29,2025
2025-01-30 18:50:00-05:00,2025-01-30 18:55:00-05:00,SHORT,21681.25,21690.0,21672.5,8.75,STOP,-1.0,-1.0811428571428572,-189.20000000000002,2025-01-30,2025
2025-01-30 19:35:00-05:00,2025-01-30 19:45:00-05:00,SHORT,21702.5,21710.75,21694.25,8.25,STOP,-1.0,-1.086060606060606,-179.2,2025-01-30,2025
2025-02-02 21:35:00-05:00,2025-02-02 21:36:00-05:00,LONG,21041.5,21034.5,21048.5,7.0,STOP,-1.0,-1.1014285714285714,-154.2,2025-02-02,2025
2025-02-02 22:45:00-05:00,2025-02-02 22:45:00-05:00,LONG,21028.5,21023.0,21034.0,5.5,STOP,-1.0,-1.1290909090909091,-124.2,2025-02-02,2025
2025-02-03 18:35:00-05:00,2025-02-03 18:45:00-05:00,LONG,21569.5,21560.25,21578.75,9.25,TARGET,1.0,0.9232432432432433,170.8,2025-02-03,2025
2025-02-03 19:25:00-05:00,2025-02-03 19:31:00-05:00,LONG,21545.0,21536.0,21554.0,9.0,TARGET,1.0,0.9211111111111111,165.8,2025-02-03,2025
2025-02-04 18:40:00-05:00,2025-02-04 18:44:00-05:00,LONG,21579.25,21573.5,21585.0,5.75,TARGET,1.0,0.8765217391304347,100.8,2025-02-04,2025
2025-02-04 20:10:00-05:00,2025-02-04 20:15:00-05:00,SHORT,21601.75,21609.5,21594.0,7.75,STOP,-1.0,-1.0916129032258064,-169.2,2025-02-04,2025
2025-02-05 18:30:00-05:00,2025-02-05 18:33:00-05:00,SHORT,21761.5,21770.0,21753.0,8.5,TARGET,1.0,0.9164705882352941,155.8,2025-02-05,2025
2025-02-05 19:35:00-05:00,2025-02-05 19:36:00-05:00,SHORT,21787.25,21794.0,21780.5,6.75,TARGET,1.0,0.8948148148148148,120.8,2025-02-05,2025
2025-02-06 19:10:00-05:00,2025-02-06 19:37:00-05:00,SHORT,21852.0,21859.5,21844.5,7.5,TARGET,1.0,0.9053333333333333,135.8,2025-02-06,2025
2025-02-06 20:20:00-05:00,2025-02-06 20:35:00-05:00,LONG,21868.5,21861.25,21875.75,7.25,TARGET,1.0,0.9020689655172414,130.8,2025-02-06,2025
2025-02-09 19:25:00-05:00,2025-02-09 19:31:00-05:00,LONG,21653.0,21641.75,21664.25,11.25,TARGET,1.0,0.9368888888888889,210.8,2025-02-09,2025
2025-02-09 20:55:00-05:00,2025-02-09 20:56:00-05:00,LONG,21668.25,21665.0,21671.5,3.25,TARGET,1.0,0.7815384615384615,50.8,2025-02-09,2025
2025-02-10 18:55:00-05:00,2025-02-10 19:07:00-05:00,LONG,21793.5,21784.75,21802.25,8.75,STOP,-1.0,-1.0811428571428572,-189.20000000000002,2025-02-10,2025
2025-02-10 20:00:00-05:00,2025-02-10 20:16:00-05:00,SHORT,21809.25,21816.75,21801.75,7.5,TARGET,1.0,0.9053333333333333,135.8,2025-02-10,2025
2025-02-11 18:55:00-05:00,2025-02-11 19:00:00-05:00,LONG,21812.75,21808.0,21817.5,4.75,STOP,-1.0,-1.1494736842105264,-109.20000000000002,2025-02-11,2025
2025-02-11 19:35:00-05:00,2025-02-11 19:48:00-05:00,SHORT,21821.0,21828.5,21813.5,7.5,STOP,-1.0,-1.0946666666666667,-164.2,2025-02-11,2025
2025-02-12 18:35:00-05:00,2025-02-12 18:35:00-05:00,SHORT,21854.25,21855.5,21853.0,1.25,TARGET,1.0,0.43200000000000005,10.8,2025-02-12,2025
2025-02-12 19:35:00-05:00,2025-02-12 19:41:00-05:00,SHORT,21880.0,21888.0,21872.0,8.0,STOP,-1.0,-1.08875,-174.20000000000002,2025-02-12,2025
2025-02-13 18:15:00-05:00,2025-02-13 18:15:00-05:00,SHORT,22087.25,22090.75,22083.75,3.5,TARGET,1.0,0.7971428571428572,55.8,2025-02-13,2025
2025-02-13 19:00:00-05:00,2025-02-13 19:00:00-05:00,LONG,22084.75,22079.75,22089.75,5.0,TARGET,1.0,0.858,85.8,2025-02-13,2025
2025-02-16 18:45:00-05:00,2025-02-16 18:45:00-05:00,SHORT,22208.25,22210.0,22206.5,1.75,STOP,-1.0,-1.4057142857142857,-49.2,2025-02-16,2025
2025-02-16 19:30:00-05:00,2025-02-16 19:30:00-05:00,LONG,22209.75,22208.0,22211.5,1.75,TARGET,1.0,0.5942857142857143,20.8,2025-02-16,2025
2025-02-17 19:10:00-05:00,2025-02-17 19:15:00-05:00,SHORT,22218.0,22225.5,22210.5,7.5,STOP,-1.0,-1.0946666666666667,-164.2,2025-02-17,2025
2025-02-17 20:35:00-05:00,2025-02-17 20:50:00-05:00,SHORT,22240.25,22244.0,22236.5,3.75,STOP,-1.0,-1.1893333333333334,-89.2,2025-02-17,2025
2025-02-18 18:55:00-05:00,2025-02-18 19:07:00-05:00,SHORT,22247.75,22253.0,22242.5,5.25,STOP,-1.0,-1.1352380952380952,-119.19999999999999,2025-02-18,2025
2025-02-18 19:45:00-05:00,2025-02-18 19:49:00-05:00,LONG,22266.25,22259.0,22273.5,7.25,TARGET,1.0,0.9020689655172414,130.8,2025-02-18,2025
2025-02-19 18:25:00-05:00,2025-02-19 18:25:00-05:00,LONG,22225.75,22224.5,22227.0,1.25,STOP,-1.0,-1.568,-39.2,2025-02-19,2025
2025-02-19 19:35:00-05:00,2025-02-19 19:39:00-05:00,LONG,22206.25,22198.5,22214.0,7.75,TARGET,1.0,0.9083870967741936,140.8,2025-02-19,2025
2025-02-20 18:25:00-05:00,2025-02-20 18:30:00-05:00,LONG,22145.75,22141.25,22150.25,4.5,TARGET,1.0,0.8422222222222222,75.8,2025-02-20,2025
2025-02-20 19:05:00-05:00,2025-02-20 19:21:00-05:00,LONG,22164.25,22153.0,22175.5,11.25,STOP,-1.0,-1.0631111111111111,-239.2,2025-02-20,2025
2025-02-23 18:30:00-05:00,2025-02-23 18:32:00-05:00,SHORT,21747.25,21756.25,21738.25,9.0,STOP,-1.0,-1.0788888888888888,-194.2,2025-02-23,2025
2025-02-23 21:35:00-05:00,2025-02-23 21:43:00-05:00,SHORT,21774.0,21779.5,21768.5,5.5,TARGET,1.0,0.8709090909090909,95.8,2025-02-23,2025
2025-02-24 18:20:00-05:00,2025-02-24 18:24:00-05:00,LONG,21426.25,21420.25,21432.25,6.0,TARGET,1.0,0.8816666666666667,105.80000000000001,2025-02-24,2025
2025-02-24 19:25:00-05:00,2025-02-24 19:25:00-05:00,SHORT,21419.75,21422.0,21417.5,2.25,STOP,-1.0,-1.3155555555555556,-59.2,2025-02-24,2025
2025-02-25 18:25:00-05:00,2025-02-25 18:30:00-05:00,LONG,21222.0,21215.75,21228.25,6.25,STOP,-1.0,-1.1136,-139.2,2025-02-25,2025
2025-02-25 19:25:00-05:00,2025-02-25 19:26:00-05:00,SHORT,21231.0,21235.5,21226.5,4.5,TARGET,1.0,0.8422222222222222,75.8,2025-02-25,2025
2025-02-26 19:50:00-05:00,2025-02-26 19:50:00-05:00,SHORT,21160.5,21165.0,21156.0,4.5,STOP,-1.0,-1.1577777777777778,-104.2,2025-02-26,2025
2025-02-26 20:50:00-05:00,2025-02-26 20:56:00-05:00,LONG,21175.5,21169.5,21181.5,6.0,STOP,-1.0,-1.1183333333333334,-134.20000000000002,2025-02-26,2025
2025-02-27 18:50:00-05:00,2025-02-27 18:56:00-05:00,LONG,20661.5,20652.0,20671.0,9.5,TARGET,1.0,0.9252631578947368,175.79999999999998,2025-02-27,2025
2025-02-27 19:55:00-05:00,2025-02-27 19:58:00-05:00,LONG,20634.0,20626.0,20642.0,8.0,STOP,-1.0,-1.08875,-174.20000000000002,2025-02-27,2025
2025-03-02 18:40:00-05:00,2025-03-02 18:41:00-05:00,LONG,20990.5,20980.75,21000.25,9.75,STOP,-1.0,-1.0728205128205128,-209.2,2025-03-02,2025
2025-03-02 21:40:00-05:00,2025-03-02 21:46:00-05:00,SHORT,20940.75,20948.5,20933.0,7.75,TARGET,1.0,0.9083870967741936,140.8,2025-03-02,2025
2025-03-03 18:20:00-05:00,2025-03-03 18:20:00-05:00,SHORT,20523.75,20532.0,20515.5,8.25,TARGET,1.0,0.9139393939393939,150.8,2025-03-03,2025
2025-03-03 19:15:00-05:00,2025-03-03 19:16:00-05:00,LONG,20503.25,20492.25,20514.25,11.0,TARGET,1.0,0.9354545454545454,205.79999999999998,2025-03-03,2025
2025-03-04 18:15:00-05:00,2025-03-04 18:16:00-05:00,SHORT,20568.5,20574.5,20562.5,6.0,STOP,-1.0,-1.1183333333333334,-134.20000000000002,2025-03-04,2025
2025-03-04 19:10:00-05:00,2025-03-04 19:11:00-05:00,SHORT,20583.25,20589.25,20577.25,6.0,TARGET,1.0,0.8816666666666667,105.80000000000001,2025-03-04,2025
2025-03-05 19:05:00-05:00,2025-03-05 19:05:00-05:00,SHORT,20612.5,20619.5,20605.5,7.0,TARGET,1.0,0.8985714285714286,125.8,2025-03-05,2025
2025-03-05 19:45:00-05:00,2025-03-05 19:45:00-05:00,LONG,20623.25,20620.5,20626.0,2.75,STOP,-1.0,-1.2581818181818183,-69.2,2025-03-05,2025
2025-03-06 19:05:00-05:00,2025-03-06 19:05:00-05:00,SHORT,20187.0,20193.0,20181.0,6.0,STOP,-1.0,-1.1183333333333334,-134.20000000000002,2025-03-06,2025
2025-03-06 20:40:00-05:00,2025-03-06 20:44:00-05:00,LONG,20189.5,20182.5,20196.5,7.0,TARGET,1.0,0.8985714285714286,125.8,2025-03-06,2025
2025-03-09 18:45:00-04:00,2025-03-09 18:45:00-04:00,SHORT,20063.0,20074.0,20052.0,11.0,STOP,-1.0,-1.0645454545454545,-234.2,2025-03-09,2025
2025-03-09 19:45:00-04:00,2025-03-09 19:45:00-04:00,LONG,20026.25,20023.0,20029.5,3.25,STOP,-1.0,-1.2184615384615385,-79.2,2025-03-09,2025
2025-03-10 18:30:00-04:00,2025-03-10 18:30:00-04:00,SHORT,19420.0,19430.25,19409.75,10.25,STOP,-1.0,-1.069268292682927,-219.20000000000002,2025-03-10,2025
2025-03-11 02:20:00-04:00,2025-03-11 02:20:00-04:00,SHORT,19485.75,19489.5,19482.0,3.75,STOP,-1.0,-1.1893333333333334,-89.2,2025-03-10,2025
2025-03-11 18:50:00-04:00,2025-03-11 18:55:00-04:00,SHORT,19465.0,19476.5,19453.5,11.5,STOP,-1.0,-1.0617391304347825,-244.2,2025-03-11,2025
2025-03-11 19:45:00-04:00,2025-03-11 19:45:00-04:00,SHORT,19446.0,19452.0,19440.0,6.0,STOP,-1.0,-1.1183333333333334,-134.20000000000002,2025-03-11,2025
2025-03-12 18:55:00-04:00,2025-03-12 18:59:00-04:00,LONG,19614.5,19603.5,19625.5,11.0,TARGET,1.0,0.9354545454545454,205.79999999999998,2025-03-12,2025
2025-03-12 20:00:00-04:00,2025-03-12 20:00:00-04:00,SHORT,19683.75,19688.5,19679.0,4.75,STOP,-1.0,-1.1494736842105264,-109.20000000000002,2025-03-12,2025
2025-03-13 18:35:00-04:00,2025-03-13 18:37:00-04:00,SHORT,19347.25,19355.5,19339.0,8.25,STOP,-1.0,-1.086060606060606,-179.2,2025-03-13,2025
2025-03-13 19:15:00-04:00,2025-03-13 19:15:00-04:00,SHORT,19376.25,19387.0,19365.5,10.75,TARGET,1.0,0.933953488372093,200.8,2025-03-13,2025
2025-03-16 19:20:00-04:00,2025-03-16 19:26:00-04:00,SHORT,19786.5,19793.5,19779.5,7.0,STOP,-1.0,-1.1014285714285714,-154.2,2025-03-16,2025
2025-03-16 20:00:00-04:00,2025-03-16 20:00:00-04:00,LONG,19791.5,19790.0,19793.0,1.5,STOP,-1.0,-1.4733333333333334,-44.2,2025-03-16,2025
2025-03-17 18:25:00-04:00,2025-03-17 18:37:00-04:00,LONG,20054.25,20042.75,20065.75,11.5,TARGET,1.0,0.9382608695652174,215.79999999999998,2025-03-17,2025
2025-03-17 19:45:00-04:00,2025-03-17 19:45:00-04:00,LONG,20035.0,20028.5,20041.5,6.5,TARGET,1.0,0.8907692307692308,115.8,2025-03-17,2025
2025-03-18 19:25:00-04:00,2025-03-18 19:33:00-04:00,LONG,19695.5,19685.75,19705.25,9.75,TARGET,1.0,0.9271794871794872,180.8,2025-03-18,2025
2025-03-18 20:05:00-04:00,2025-03-18 20:05:00-04:00,SHORT,19715.0,19717.25,19712.75,2.25,STOP,-1.0,-1.3155555555555556,-59.2,2025-03-18,2025
2025-03-19 18:30:00-04:00,2025-03-19 18:30:00-04:00,SHORT,19994.5,19999.25,19989.75,4.75,TARGET,1.0,0.8505263157894737,80.8,2025-03-19,2025
2025-03-19 19:45:00-04:00,2025-03-19 19:47:00-04:00,SHORT,20020.75,20029.0,20012.5,8.25,STOP,-1.0,-1.086060606060606,-179.2,2025-03-19,2025
2025-03-20 18:05:00-04:00,2025-03-20 18:09:00-04:00,LONG,19894.25,19886.0,19902.5,8.25,STOP,-1.0,-1.086060606060606,-179.2,2025-03-20,2025
2025-03-20 19:00:00-04:00,2025-03-20 19:00:00-04:00,LONG,19887.75,19883.5,19892.0,4.25,STOP,-1.0,-1.1670588235294117,-99.19999999999999,2025-03-20,2025
2025-03-23 18:45:00-04:00,2025-03-23 18:48:00-04:00,LONG,20072.25,20067.75,20076.75,4.5,TARGET,1.0,0.8422222222222222,75.8,2025-03-23,2025
2025-03-23 20:25:00-04:00,2025-03-23 20:25:00-04:00,LONG,20114.25,20108.75,20119.75,5.5,TARGET,1.0,0.8709090909090909,95.8,2025-03-23,2025
2025-03-24 18:05:00-04:00,2025-03-24 18:10:00-04:00,LONG,20359.0,20352.5,20365.5,6.5,STOP,-1.0,-1.1092307692307692,-144.2,2025-03-24,2025
2025-03-24 18:55:00-04:00,2025-03-24 19:03:00-04:00,LONG,20349.5,20341.75,20357.25,7.75,TARGET,1.0,0.9083870967741936,140.8,2025-03-24,2025
2025-03-25 18:05:00-04:00,2025-03-25 18:09:00-04:00,LONG,20514.75,20507.5,20522.0,7.25,TARGET,1.0,0.9020689655172414,130.8,2025-03-25,2025
2025-03-25 18:45:00-04:00,2025-03-25 19:02:00-04:00,LONG,20508.75,20503.5,20514.0,5.25,TARGET,1.0,0.8647619047619047,90.8,2025-03-25,2025
2025-03-26 19:10:00-04:00,2025-03-26 19:30:00-04:00,LONG,20024.0,20012.0,20036.0,12.0,TARGET,1.0,0.9408333333333333,225.79999999999998,2025-03-26,2025
2025-03-26 20:55:00-04:00,2025-03-26 21:01:00-04:00,LONG,20074.0,20069.75,20078.25,4.25,TARGET,1.0,0.8329411764705883,70.80000000000001,2025-03-26,2025
2025-03-27 18:05:00-04:00,2025-03-27 18:09:00-04:00,LONG,19999.75,19990.25,20009.25,9.5,STOP,-1.0,-1.0747368421052632,-204.20000000000002,2025-03-27,2025
2025-03-27 19:00:00-04:00,2025-03-27 19:00:00-04:00,LONG,19992.0,19988.25,19995.75,3.75,STOP,-1.0,-1.1893333333333334,-89.2,2025-03-27,2025
2025-03-30 19:05:00-04:00,2025-03-30 19:05:00-04:00,LONG,19303.75,19297.75,19309.75,6.0,STOP,-1.0,-1.1183333333333334,-134.20000000000002,2025-03-30,2025
2025-03-30 23:00:00-04:00,2025-03-30 23:03:00-04:00,LONG,19227.25,19218.5,19236.0,8.75,STOP,-1.0,-1.0811428571428572,-189.20000000000002,2025-03-30,2025
2025-03-31 18:35:00-04:00,2025-03-31 18:35:00-04:00,SHORT,19363.75,19369.0,19358.5,5.25,STOP,-1.0,-1.1352380952380952,-119.19999999999999,2025-03-31,2025
2025-03-31 19:45:00-04:00,2025-03-31 19:45:00-04:00,LONG,19353.5,19347.25,19359.75,6.25,STOP,-1.0,-1.1136,-139.2,2025-03-31,2025
2025-04-01 18:35:00-04:00,2025-04-01 18:37:00-04:00,LONG,19645.75,19636.25,19655.25,9.5,STOP,-1.0,-1.0747368421052632,-204.20000000000002,2025-04-01,2025
2025-04-01 20:55:00-04:00,2025-04-01 20:55:00-04:00,LONG,19572.75,19568.5,19577.0,4.25,STOP,-1.0,-1.1670588235294117,-99.19999999999999,2025-04-01,2025
2025-04-02 19:45:00-04:00,2025-04-02 19:45:00-04:00,LONG,18873.0,18864.0,18882.0,9.0,STOP,-1.0,-1.0788888888888888,-194.2,2025-04-02,2025
2025-04-02 23:40:00-04:00,2025-04-02 23:40:00-04:00,LONG,19098.0,19092.25,19103.75,5.75,STOP,-1.0,-1.1234782608695653,-129.20000000000002,2025-04-02,2025
2025-04-03 18:50:00-04:00,2025-04-03 18:52:00-04:00,SHORT,18636.0,18645.75,18626.25,9.75,STOP,-1.0,-1.0728205128205128,-209.2,2025-04-03,2025
2025-04-03 20:40:00-04:00,2025-04-03 20:41:00-04:00,LONG,18676.0,18666.0,18686.0,10.0,STOP,-1.0,-1.071,-214.2,2025-04-03,2025
2025-04-07 00:15:00-04:00,2025-04-07 00:15:00-04:00,LONG,16787.25,16775.25,16799.25,12.0,STOP,-1.0,-1.0591666666666666,-254.2,2025-04-06,2025
2025-04-07 18:10:00-04:00,2025-04-07 18:10:00-04:00,SHORT,17691.25,17696.75,17685.75,5.5,STOP,-1.0,-1.1290909090909091,-124.2,2025-04-07,2025
2025-04-07 23:00:00-04:00,2025-04-07 23:00:00-04:00,LONG,17818.0,17807.5,17828.5,10.5,STOP,-1.0,-1.0676190476190477,-224.20000000000002,2025-04-07,2025
2025-04-08 18:50:00-04:00,2025-04-08 18:51:00-04:00,SHORT,17060.5,17072.5,17048.5,12.0,STOP,-1.0,-1.0591666666666666,-254.2,2025-04-08,2025
2025-04-08 21:15:00-04:00,2025-04-08 21:15:00-04:00,SHORT,16928.5,16939.75,16917.25,11.25,STOP,-1.0,-1.0631111111111111,-239.2,2025-04-08,2025
2025-04-09 18:50:00-04:00,2025-04-09 18:52:00-04:00,SHORT,19321.25,19330.25,19312.25,9.0,STOP,-1.0,-1.0788888888888888,-194.2,2025-04-09,2025
2025-04-09 21:55:00-04:00,2025-04-09 21:59:00-04:00,SHORT,19152.5,19161.75,19143.25,9.25,TARGET,1.0,0.9232432432432433,170.8,2025-04-09,2025
2025-04-10 18:25:00-04:00,2025-04-10 18:26:00-04:00,LONG,18519.5,18510.25,18528.75,9.25,STOP,-1.0,-1.0767567567567569,-199.20000000000002,2025-04-10,2025
2025-04-11 00:50:00-04:00,2025-04-11 00:50:00-04:00,LONG,18497.25,18489.0,18505.5,8.25,STOP,-1.0,-1.086060606060606,-179.2,2025-04-10,2025
2025-04-13 19:55:00-04:00,2025-04-13 19:57:00-04:00,SHORT,19019.0,19027.75,19010.25,8.75,TARGET,1.0,0.9188571428571428,160.79999999999998,2025-04-13,2025
2025-04-13 22:55:00-04:00,2025-04-13 22:56:00-04:00,SHORT,19054.75,19061.0,19048.5,6.25,TARGET,1.0,0.8864,110.8,2025-04-13,2025
2025-04-14 18:20:00-04:00,2025-04-14 18:20:00-04:00,LONG,18865.0,18857.75,18872.25,7.25,STOP,-1.0,-1.0979310344827586,-159.2,2025-04-14,2025
2025-04-14 19:15:00-04:00,2025-04-14 19:17:00-04:00,SHORT,18842.25,18849.75,18834.75,7.5,STOP,-1.0,-1.0946666666666667,-164.2,2025-04-14,2025
2025-04-15 18:50:00-04:00,2025-04-15 18:51:00-04:00,LONG,18760.75,18750.0,18771.5,10.75,STOP,-1.0,-1.066046511627907,-229.2,2025-04-15,2025
2025-04-15 20:05:00-04:00,2025-04-15 20:05:00-04:00,SHORT,18725.0,18736.75,18713.25,11.75,TARGET,1.0,0.9395744680851064,220.79999999999998,2025-04-15,2025
2025-04-16 18:50:00-04:00,2025-04-16 18:52:00-04:00,SHORT,18409.75,18420.5,18399.0,10.75,TARGET,1.0,0.933953488372093,200.8,2025-04-16,2025
2025-04-16 20:40:00-04:00,2025-04-16 20:42:00-04:00,SHORT,18439.5,18447.5,18431.5,8.0,STOP,-1.0,-1.08875,-174.20000000000002,2025-04-16,2025
2025-04-20 18:55:00-04:00,2025-04-20 18:57:00-04:00,SHORT,18286.0,18294.25,18277.75,8.25,STOP,-1.0,-1.086060606060606,-179.2,2025-04-20,2025
2025-04-20 19:50:00-04:00,2025-04-20 19:50:00-04:00,SHORT,18305.75,18307.5,18304.0,1.75,STOP,-1.0,-1.4057142857142857,-49.2,2025-04-20,2025
2025-04-21 19:20:00-04:00,2025-04-21 19:21:00-04:00,SHORT,17909.0,17912.5,17905.5,3.5,TARGET,1.0,0.7971428571428572,55.8,2025-04-21,2025
2025-04-21 20:25:00-04:00,2025-04-21 20:25:00-04:00,LONG,17993.5,17985.25,18001.75,8.25,TARGET,1.0,0.9139393939393939,150.8,2025-04-21,2025
2025-04-22 19:10:00-04:00,2025-04-22 19:11:00-04:00,SHORT,18783.75,18790.5,18777.0,6.75,STOP,-1.0,-1.1051851851851853,-149.20000000000002,2025-04-22,2025
2025-04-22 19:55:00-04:00,2025-04-22 20:01:00-04:00,SHORT,18757.5,18767.5,18747.5,10.0,TARGET,1.0,0.929,185.8,2025-04-22,2025
2025-04-23 19:05:00-04:00,2025-04-23 19:05:00-04:00,SHORT,18827.0,18831.75,18822.25,4.75,STOP,-1.0,-1.1494736842105264,-109.20000000000002,2025-04-23,2025
2025-04-23 19:50:00-04:00,2025-04-23 19:50:00-04:00,SHORT,18830.0,18834.5,18825.5,4.5,STOP,-1.0,-1.1577777777777778,-104.2,2025-04-23,2025
2025-04-24 19:00:00-04:00,2025-04-24 19:21:00-04:00,LONG,19406.75,19394.75,19418.75,12.0,TARGET,1.0,0.9408333333333333,225.79999999999998,2025-04-24,2025
2025-04-24 19:50:00-04:00,2025-04-24 19:50:00-04:00,SHORT,19426.0,19436.0,19416.0,10.0,TARGET,1.0,0.929,185.8,2025-04-24,2025
2025-04-27 19:10:00-04:00,2025-04-27 19:10:00-04:00,LONG,19448.25,19438.75,19457.75,9.5,TARGET,1.0,0.9252631578947368,175.79999999999998,2025-04-27,2025
2025-04-27 20:35:00-04:00,2025-04-27 20:39:00-04:00,SHORT,19438.0,19445.75,19430.25,7.75,TARGET,1.0,0.9083870967741936,140.8,2025-04-27,2025
2025-04-28 18:20:00-04:00,2025-04-28 18:20:00-04:00,LONG,19467.0,19463.25,19470.75,3.75,STOP,-1.0,-1.1893333333333334,-89.2,2025-04-28,2025
2025-04-28 19:45:00-04:00,2025-04-28 19:46:00-04:00,SHORT,19515.25,19517.0,19513.5,1.75,STOP,-1.0,-1.4057142857142857,-49.2,2025-04-28,2025
2025-04-29 18:30:00-04:00,2025-04-29 18:56:00-04:00,LONG,19581.5,19571.5,19591.5,10.0,STOP,-1.0,-1.071,-214.2,2025-04-29,2025
2025-04-29 19:25:00-04:00,2025-04-29 19:28:00-04:00,SHORT,19565.0,19571.75,19558.25,6.75,TARGET,1.0,0.8948148148148148,120.8,2025-04-29,2025
2025-04-30 18:50:00-04:00,2025-04-30 18:51:00-04:00,LONG,19885.25,19881.5,19889.0,3.75,STOP,-1.0,-1.1893333333333334,-89.2,2025-04-30,2025
2025-04-30 19:45:00-04:00,2025-04-30 19:48:00-04:00,LONG,19910.0,19905.5,19914.5,4.5,TARGET,1.0,0.8422222222222222,75.8,2025-04-30,2025
2025-05-01 18:45:00-04:00,2025-05-01 18:46:00-04:00,SHORT,19788.75,19797.5,19780.0,8.75,TARGET,1.0,0.9188571428571428,160.79999999999998,2025-05-01,2025
2025-05-01 21:20:00-04:00,2025-05-01 21:20:00-04:00,SHORT,19941.25,19946.25,19936.25,5.0,STOP,-1.0,-1.142,-114.19999999999999,2025-05-01,2025
2025-05-04 20:55:00-04:00,2025-05-04 20:55:00-04:00,SHORT,20108.0,20112.0,20104.0,4.0,TARGET,1.0,0.8225,65.8,2025-05-04,2025
2025-05-04 21:35:00-04:00,2025-05-04 21:36:00-04:00,LONG,20064.0,20058.0,20070.0,6.0,STOP,-1.0,-1.1183333333333334,-134.20000000000002,2025-05-04,2025
2025-05-05 18:35:00-04:00,2025-05-05 18:48:00-04:00,LONG,20030.0,20020.75,20039.25,9.25,STOP,-1.0,-1.0767567567567569,-199.20000000000002,2025-05-05,2025
2025-05-05 19:25:00-04:00,2025-05-05 19:28:00-04:00,SHORT,20030.75,20035.75,20025.75,5.0,TARGET,1.0,0.858,85.8,2025-05-05,2025
2025-05-06 19:25:00-04:00,2025-05-06 19:26:00-04:00,SHORT,20059.25,20061.75,20056.75,2.5,TARGET,1.0,0.716,35.8,2025-05-06,2025
2025-05-06 20:50:00-04:00,2025-05-06 20:56:00-04:00,SHORT,20094.5,20106.0,20083.0,11.5,TARGET,1.0,0.9382608695652174,215.79999999999998,2025-05-06,2025
2025-05-07 18:55:00-04:00,2025-05-07 19:03:00-04:00,LONG,19946.25,19939.0,19953.5,7.25,TARGET,1.0,0.9020689655172414,130.8,2025-05-07,2025
2025-05-07 21:55:00-04:00,2025-05-07 21:56:00-04:00,LONG,20079.75,20074.0,20085.5,5.75,STOP,-1.0,-1.1234782608695653,-129.20000000000002,2025-05-07,2025
2025-05-08 19:25:00-04:00,2025-05-08 19:26:00-04:00,LONG,20154.0,20149.75,20158.25,4.25,STOP,-1.0,-1.1670588235294117,-99.19999999999999,2025-05-08,2025
2025-05-08 21:05:00-04:00,2025-05-08 21:12:00-04:00,SHORT,20120.25,20130.5,20110.0,10.25,STOP,-1.0,-1.069268292682927,-219.20000000000002,2025-05-08,2025
2025-05-11 22:05:00-04:00,2025-05-11 22:06:00-04:00,SHORT,20520.25,20524.75,20515.75,4.5,STOP,-1.0,-1.1577777777777778,-104.2,2025-05-11,2025
2025-05-11 22:55:00-04:00,2025-05-11 22:57:00-04:00,SHORT,20526.5,20530.0,20523.0,3.5,TARGET,1.0,0.7971428571428572,55.8,2025-05-11,2025
2025-05-12 21:50:00-04:00,2025-05-12 21:54:00-04:00,LONG,20879.5,20873.25,20885.75,6.25,STOP,-1.0,-1.1136,-139.2,2025-05-12,2025
2025-05-12 23:35:00-04:00,2025-05-12 23:36:00-04:00,LONG,20855.75,20852.0,20859.5,3.75,STOP,-1.0,-1.1893333333333334,-89.2,2025-05-12,2025
2025-05-13 18:15:00-04:00,2025-05-13 18:16:00-04:00,SHORT,21265.5,21271.25,21259.75,5.75,STOP,-1.0,-1.1234782608695653,-129.20000000000002,2025-05-13,2025
2025-05-13 19:00:00-04:00,2025-05-13 19:00:00-04:00,LONG,21261.25,21258.0,21264.5,3.25,TARGET,1.0,0.7815384615384615,50.8,2025-05-13,2025
2025-05-14 18:55:00-04:00,2025-05-14 19:01:00-04:00,SHORT,21379.0,21387.0,21371.0,8.0,TARGET,1.0,0.91125,145.8,2025-05-14,2025
2025-05-14 20:30:00-04:00,2025-05-14 20:43:00-04:00,LONG,21377.0,21366.75,21387.25,10.25,TARGET,1.0,0.9307317073170732,190.8,2025-05-14,2025
2025-05-15 18:25:00-04:00,2025-05-15 18:27:00-04:00,LONG,21393.5,21387.75,21399.25,5.75,TARGET,1.0,0.8765217391304347,100.8,2025-05-15,2025
2025-05-15 20:00:00-04:00,2025-05-15 20:02:00-04:00,LONG,21415.0,21404.5,21425.5,10.5,TARGET,1.0,0.9323809523809524,195.8,2025-05-15,2025
2025-05-18 19:20:00-04:00,2025-05-18 19:29:00-04:00,LONG,21363.0,21355.25,21370.75,7.75,TARGET,1.0,0.9083870967741936,140.8,2025-05-18,2025
2025-05-18 21:10:00-04:00,2025-05-18 21:10:00-04:00,LONG,21290.0,21287.25,21292.75,2.75,STOP,-1.0,-1.2581818181818183,-69.2,2025-05-18,2025
2025-05-19 18:05:00-04:00,2025-05-19 18:07:00-04:00,LONG,21503.0,21498.0,21508.0,5.0,TARGET,1.0,0.858,85.8,2025-05-19,2025
2025-05-19 20:25:00-04:00,2025-05-19 20:28:00-04:00,LONG,21542.25,21537.5,21547.0,4.75,TARGET,1.0,0.8505263157894737,80.8,2025-05-19,2025
2025-05-20 18:55:00-04:00,2025-05-20 18:56:00-04:00,LONG,21392.0,21383.0,21401.0,9.0,TARGET,1.0,0.9211111111111111,165.8,2025-05-20,2025
2025-05-20 20:05:00-04:00,2025-05-20 20:05:00-04:00,SHORT,21427.75,21435.5,21420.0,7.75,TARGET,1.0,0.9083870967741936,140.8,2025-05-20,2025
2025-05-21 19:40:00-04:00,2025-05-21 19:42:00-04:00,LONG,21146.5,21143.0,21150.0,3.5,TARGET,1.0,0.7971428571428572,55.8,2025-05-21,2025
2025-05-21 21:20:00-04:00,2025-05-21 21:20:00-04:00,LONG,21187.0,21185.5,21188.5,1.5,STOP,-1.0,-1.4733333333333334,-44.2,2025-05-21,2025
2025-05-22 18:40:00-04:00,2025-05-22 18:40:00-04:00,LONG,21186.5,21184.25,21188.75,2.25,TARGET,1.0,0.6844444444444444,30.799999999999997,2025-05-22,2025
2025-05-22 19:45:00-04:00,2025-05-22 19:46:00-04:00,LONG,21158.5,21152.75,21164.25,5.75,TARGET,1.0,0.8765217391304347,100.8,2025-05-22,2025
2025-05-25 23:35:00-04:00,2025-05-25 23:35:00-04:00,LONG,21214.5,21209.0,21220.0,5.5,STOP,-1.0,-1.1290909090909091,-124.2,2025-05-25,2025
2025-05-26 00:20:00-04:00,2025-05-26 00:38:00-04:00,LONG,21211.0,21202.75,21219.25,8.25,TARGET,1.0,0.9139393939393939,150.8,2025-05-25,2025
2025-05-26 21:35:00-04:00,2025-05-26 21:35:00-04:00,SHORT,21191.5,21202.25,21180.75,10.75,TARGET,1.0,0.933953488372093,200.8,2025-05-26,2025
2025-05-26 22:45:00-04:00,2025-05-26 22:46:00-04:00,LONG,21174.5,21170.5,21178.5,4.0,STOP,-1.0,-1.1775,-94.2,2025-05-26,2025
2025-05-27 18:35:00-04:00,2025-05-27 18:36:00-04:00,LONG,21455.75,21453.0,21458.5,2.75,TARGET,1.0,0.7418181818181818,40.8,2025-05-27,2025
2025-05-27 19:55:00-04:00,2025-05-27 19:57:00-04:00,LONG,21474.75,21467.5,21482.0,7.25,TARGET,1.0,0.9020689655172414,130.8,2025-05-27,2025
2025-05-28 18:30:00-04:00,2025-05-28 18:36:00-04:00,LONG,21514.5,21504.0,21525.0,10.5,TARGET,1.0,0.9323809523809524,195.8,2025-05-28,2025
2025-05-28 20:40:00-04:00,2025-05-28 20:40:00-04:00,SHORT,21755.75,21762.5,21749.0,6.75,STOP,-1.0,-1.1051851851851853,-149.20000000000002,2025-05-28,2025
2025-05-29 18:50:00-04:00,2025-05-29 18:51:00-04:00,LONG,21349.0,21339.5,21358.5,9.5,STOP,-1.0,-1.0747368421052632,-204.20000000000002,2025-05-29,2025
2025-05-29 20:10:00-04:00,2025-05-29 20:13:00-04:00,SHORT,21336.0,21344.25,21327.75,8.25,TARGET,1.0,0.9139393939393939,150.8,2025-05-29,2025
2025-06-01 19:05:00-04:00,2025-06-01 19:10:00-04:00,LONG,21309.5,21301.5,21317.5,8.0,STOP,-1.0,-1.08875,-174.20000000000002,2025-06-01,2025
2025-06-01 20:00:00-04:00,2025-06-01 20:03:00-04:00,LONG,21304.75,21293.75,21315.75,11.0,TARGET,1.0,0.9354545454545454,205.79999999999998,2025-06-01,2025
2025-06-02 19:00:00-04:00,2025-06-02 19:00:00-04:00,LONG,21518.75,21517.75,21519.75,1.0,STOP,-1.0,-1.71,-34.2,2025-06-02,2025
2025-06-02 20:15:00-04:00,2025-06-02 20:29:00-04:00,LONG,21491.5,21484.0,21499.0,7.5,STOP,-1.0,-1.0946666666666667,-164.2,2025-06-02,2025
2025-06-03 18:05:00-04:00,2025-06-03 18:10:00-04:00,LONG,21694.25,21683.5,21705.0,10.75,TARGET,1.0,0.933953488372093,200.8,2025-06-03,2025
2025-06-03 18:50:00-04:00,2025-06-03 18:56:00-04:00,LONG,21711.0,21706.5,21715.5,4.5,TARGET,1.0,0.8422222222222222,75.8,2025-06-03,2025
2025-06-04 18:30:00-04:00,2025-06-04 18:32:00-04:00,SHORT,21759.75,21761.25,21758.25,1.5,STOP,-1.0,-1.4733333333333334,-44.2,2025-06-04,2025
2025-06-04 19:15:00-04:00,2025-06-04 19:19:00-04:00,LONG,21747.5,21741.0,21754.0,6.5,STOP,-1.0,-1.1092307692307692,-144.2,2025-06-04,2025
2025-06-05 18:30:00-04:00,2025-06-05 18:30:00-04:00,SHORT,21531.5,21532.75,21530.25,1.25,STOP,-1.0,-1.568,-39.2,2025-06-05,2025
2025-06-05 19:40:00-04:00,2025-06-05 19:41:00-04:00,LONG,21546.0,21539.75,21552.25,6.25,TARGET,1.0,0.8864,110.8,2025-06-05,2025
2025-06-08 19:05:00-04:00,2025-06-08 19:07:00-04:00,SHORT,21741.5,21750.0,21733.0,8.5,STOP,-1.0,-1.0835294117647059,-184.2,2025-06-08,2025
2025-06-08 19:45:00-04:00,2025-06-08 19:45:00-04:00,SHORT,21760.75,21763.25,21758.25,2.5,TARGET,1.0,0.716,35.8,2025-06-08,2025
2025-06-09 18:45:00-04:00,2025-06-09 18:50:00-04:00,LONG,21828.5,21824.75,21832.25,3.75,STOP,-1.0,-1.1893333333333334,-89.2,2025-06-09,2025
2025-06-09 19:35:00-04:00,2025-06-09 19:54:00-04:00,SHORT,21834.5,21838.25,21830.75,3.75,STOP,-1.0,-1.1893333333333334,-89.2,2025-06-09,2025
2025-06-10 18:15:00-04:00,2025-06-10 18:26:00-04:00,SHORT,21952.75,21958.0,21947.5,5.25,STOP,-1.0,-1.1352380952380952,-119.19999999999999,2025-06-10,2025
2025-06-10 21:00:00-04:00,2025-06-10 21:00:00-04:00,LONG,21914.0,21910.5,21917.5,3.5,TARGET,1.0,0.7971428571428572,55.8,2025-06-10,2025
2025-06-11 18:45:00-04:00,2025-06-11 18:48:00-04:00,LONG,21878.25,21871.5,21885.0,6.75,STOP,-1.0,-1.1051851851851853,-149.20000000000002,2025-06-11,2025
2025-06-11 19:55:00-04:00,2025-06-11 19:59:00-04:00,LONG,21845.25,21838.0,21852.5,7.25,STOP,-1.0,-1.0979310344827586,-159.2,2025-06-11,2025
2025-06-12 18:25:00-04:00,2025-06-12 18:26:00-04:00,LONG,21888.0,21883.0,21893.0,5.0,STOP,-1.0,-1.142,-114.19999999999999,2025-06-12,2025
2025-06-12 19:20:00-04:00,2025-06-12 19:36:00-04:00,SHORT,21880.5,21889.5,21871.5,9.0,TARGET,1.0,0.9211111111111111,165.8,2025-06-12,2025
2025-06-15 19:10:00-04:00,2025-06-15 19:10:00-04:00,SHORT,21880.0,21889.0,21871.0,9.0,TARGET,1.0,0.9211111111111111,165.8,2025-06-15,2025
2025-06-15 20:15:00-04:00,2025-06-15 20:15:00-04:00,SHORT,21918.25,21922.0,21914.5,3.75,TARGET,1.0,0.8106666666666666,60.8,2025-06-15,2025
2025-06-16 18:30:00-04:00,2025-06-16 18:30:00-04:00,LONG,22149.5,22147.75,22151.25,1.75,STOP,-1.0,-1.4057142857142857,-49.2,2025-06-16,2025
2025-06-16 21:50:00-04:00,2025-06-16 21:50:00-04:00,SHORT,22081.25,22083.5,22079.0,2.25,STOP,-1.0,-1.3155555555555556,-59.2,2025-06-16,2025
2025-06-17 18:30:00-04:00,2025-06-17 18:30:00-04:00,LONG,21904.0,21899.75,21908.25,4.25,STOP,-1.0,-1.1670588235294117,-99.19999999999999,2025-06-17,2025
2025-06-17 19:35:00-04:00,2025-06-17 19:35:00-04:00,SHORT,21901.25,21905.25,21897.25,4.0,TARGET,1.0,0.8225,65.8,2025-06-17,2025
2025-06-18 18:35:00-04:00,2025-06-18 18:35:00-04:00,LONG,21917.75,21915.0,21920.5,2.75,STOP,-1.0,-1.2581818181818183,-69.2,2025-06-18,2025
2025-06-18 19:20:00-04:00,2025-06-18 19:30:00-04:00,LONG,21934.0,21926.0,21942.0,8.0,STOP,-1.0,-1.08875,-174.20000000000002,2025-06-18,2025
2025-06-19 22:00:00-04:00,2025-06-19 22:03:00-04:00,SHORT,21875.75,21882.75,21868.75,7.0,TARGET,1.0,0.8985714285714286,125.8,2025-06-19,2025
2025-06-19 23:55:00-04:00,2025-06-19 23:57:00-04:00,LONG,21904.75,21901.0,21908.5,3.75,STOP,-1.0,-1.1893333333333334,-89.2,2025-06-19,2025
2025-06-22 20:55:00-04:00,2025-06-22 21:00:00-04:00,SHORT,21733.5,21739.5,21727.5,6.0,TARGET,1.0,0.8816666666666667,105.80000000000001,2025-06-22,2025
2025-06-22 21:45:00-04:00,2025-06-22 21:48:00-04:00,SHORT,21723.25,21729.0,21717.5,5.75,STOP,-1.0,-1.1234782608695653,-129.20000000000002,2025-06-22,2025
2025-06-23 20:00:00-04:00,2025-06-23 20:03:00-04:00,LONG,22237.25,22230.5,22244.0,6.75,STOP,-1.0,-1.1051851851851853,-149.20000000000002,2025-06-23,2025
2025-06-23 21:45:00-04:00,2025-06-23 21:45:00-04:00,SHORT,22249.5,22252.5,22246.5,3.0,STOP,-1.0,-1.2366666666666666,-74.19999999999999,2025-06-23,2025
2025-06-24 18:25:00-04:00,2025-06-24 18:27:00-04:00,SHORT,22394.0,22402.25,22385.75,8.25,STOP,-1.0,-1.086060606060606,-179.2,2025-06-24,2025
2025-06-24 19:50:00-04:00,2025-06-24 19:56:00-04:00,SHORT,22405.25,22409.5,22401.0,4.25,STOP,-1.0,-1.1670588235294117,-99.19999999999999,2025-06-24,2025
2025-06-25 19:45:00-04:00,2025-06-25 19:55:00-04:00,SHORT,22453.5,22464.0,22443.0,10.5,STOP,-1.0,-1.0676190476190477,-224.20000000000002,2025-06-25,2025
2025-06-25 20:35:00-04:00,2025-06-25 20:36:00-04:00,SHORT,22476.0,22478.75,22473.25,2.75,STOP,-1.0,-1.2581818181818183,-69.2,2025-06-25,2025
2025-06-26 18:50:00-04:00,2025-06-26 18:50:00-04:00,LONG,22697.0,22692.75,22701.25,4.25,TARGET,1.0,0.8329411764705883,70.80000000000001,2025-06-26,2025
2025-06-26 19:45:00-04:00,2025-06-26 19:50:00-04:00,LONG,22684.75,22676.75,22692.75,8.0,STOP,-1.0,-1.08875,-174.20000000000002,2025-06-26,2025
2025-06-29 18:50:00-04:00,2025-06-29 18:54:00-04:00,LONG,22813.25,22802.0,22824.5,11.25,TARGET,1.0,0.9368888888888889,210.8,2025-06-29,2025
2025-06-29 19:30:00-04:00,2025-06-29 19:32:00-04:00,LONG,22834.0,22829.75,22838.25,4.25,STOP,-1.0,-1.1670588235294117,-99.19999999999999,2025-06-29,2025
2025-06-30 18:30:00-04:00,2025-06-30 18:40:00-04:00,LONG,22877.25,22867.75,22886.75,9.5,STOP,-1.0,-1.0747368421052632,-204.20000000000002,2025-06-30,2025
2025-06-30 19:35:00-04:00,2025-06-30 19:37:00-04:00,LONG,22856.5,22845.75,22867.25,10.75,TARGET,1.0,0.933953488372093,200.8,2025-06-30,2025
2025-07-01 18:25:00-04:00,2025-07-01 18:36:00-04:00,SHORT,22700.75,22710.5,22691.0,9.75,STOP,-1.0,-1.0728205128205128,-209.2,2025-07-01,2025
2025-07-01 19:10:00-04:00,2025-07-01 19:11:00-04:00,SHORT,22724.25,22729.5,22719.0,5.25,TARGET,1.0,0.8647619047619047,90.8,2025-07-01,2025
2025-07-02 19:05:00-04:00,2025-07-02 20:11:00-04:00,SHORT,22843.75,22850.25,22837.25,6.5,STOP,-1.0,-1.1092307692307692,-144.2,2025-07-02,2025
2025-07-02 20:00:00-04:00,2025-07-02 20:01:00-04:00,SHORT,22848.0,22850.5,22845.5,2.5,TARGET,1.0,0.716,35.8,2025-07-02,2025
2025-07-03 18:35:00-04:00,2025-07-03 18:37:00-04:00,SHORT,23054.5,23059.5,23049.5,5.0,STOP,-1.0,-1.142,-114.19999999999999,2025-07-03,2025
2025-07-03 20:55:00-04:00,2025-07-03 20:57:00-04:00,SHORT,23025.5,23028.5,23022.5,3.0,STOP,-1.0,-1.2366666666666666,-74.19999999999999,2025-07-03,2025
2025-07-06 18:55:00-04:00,2025-07-06 18:57:00-04:00,LONG,22987.25,22981.0,22993.5,6.25,TARGET,1.0,0.8864,110.8,2025-07-06,2025
2025-07-06 19:55:00-04:00,2025-07-06 19:57:00-04:00,LONG,22984.5,22979.5,22989.5,5.0,STOP,-1.0,-1.142,-114.19999999999999,2025-07-06,2025
2025-07-07 18:35:00-04:00,2025-07-07 18:35:00-04:00,SHORT,22837.25,22838.75,22835.75,1.5,STOP,-1.0,-1.4733333333333334,-44.2,2025-07-07,2025
2025-07-07 19:40:00-04:00,2025-07-07 19:54:00-04:00,SHORT,22864.5,22876.5,22852.5,12.0,STOP,-1.0,-1.0591666666666666,-254.2,2025-07-07,2025
2025-07-08 18:30:00-04:00,2025-07-08 18:32:00-04:00,LONG,22910.25,22903.75,22916.75,6.5,STOP,-1.0,-1.1092307692307692,-144.2,2025-07-08,2025
2025-07-08 19:20:00-04:00,2025-07-08 19:21:00-04:00,SHORT,22918.75,22925.0,22912.5,6.25,TARGET,1.0,0.8864,110.8,2025-07-08,2025
2025-07-09 18:30:00-04:00,2025-07-09 19:32:00-04:00,SHORT,23054.0,23065.75,23042.25,11.75,TARGET,1.0,0.9395744680851064,220.79999999999998,2025-07-09,2025
2025-07-09 19:20:00-04:00,2025-07-09 19:32:00-04:00,LONG,23047.5,23042.25,23052.75,5.25,STOP,-1.0,-1.1352380952380952,-119.19999999999999,2025-07-09,2025
2025-07-10 18:40:00-04:00,2025-07-10 18:41:00-04:00,LONG,23024.5,23021.75,23027.25,2.75,TARGET,1.0,0.7418181818181818,40.8,2025-07-10,2025
2025-07-10 19:25:00-04:00,2025-07-10 19:30:00-04:00,LONG,23034.0,23030.25,23037.75,3.75,TARGET,1.0,0.8106666666666666,60.8,2025-07-10,2025
2025-07-13 20:35:00-04:00,2025-07-13 20:38:00-04:00,LONG,22864.25,22860.5,22868.0,3.75,TARGET,1.0,0.8106666666666666,60.8,2025-07-13,2025
2025-07-13 21:15:00-04:00,2025-07-13 21:15:00-04:00,LONG,22847.25,22844.75,22849.75,2.5,TARGET,1.0,0.716,35.8,2025-07-13,2025
2025-07-14 19:15:00-04:00,2025-07-14 19:24:00-04:00,LONG,23001.5,22995.5,23007.5,6.0,TARGET,1.0,0.8816666666666667,105.80000000000001,2025-07-14,2025
2025-07-14 20:30:00-04:00,2025-07-14 20:30:00-04:00,LONG,23011.75,23009.75,23013.75,2.0,STOP,-1.0,-1.355,-54.2,2025-07-14,2025
2025-07-15 19:15:00-04:00,2025-07-15 19:18:00-04:00,SHORT,23007.5,23016.0,22999.0,8.5,TARGET,1.0,0.9164705882352941,155.8,2025-07-15,2025
2025-07-15 20:55:00-04:00,2025-07-15 21:07:00-04:00,LONG,22999.5,22991.5,23007.5,8.0,TARGET,1.0,0.91125,145.8,2025-07-15,2025
2025-07-16 18:45:00-04:00,2025-07-16 18:45:00-04:00,LONG,23038.5,23036.0,23041.0,2.5,TARGET,1.0,0.716,35.8,2025-07-16,2025
2025-07-16 19:25:00-04:00,2025-07-16 19:31:00-04:00,LONG,23036.5,23032.0,23041.0,4.5,STOP,-1.0,-1.1577777777777778,-104.2,2025-07-16,2025
2025-07-17 18:25:00-04:00,2025-07-17 18:30:00-04:00,SHORT,23258.0,23261.5,23254.5,3.5,TARGET,1.0,0.7971428571428572,55.8,2025-07-17,2025
2025-07-17 22:20:00-04:00,2025-07-17 22:24:00-04:00,SHORT,23264.0,23269.5,23258.5,5.5,STOP,-1.0,-1.1290909090909091,-124.2,2025-07-17,2025
2025-07-20 19:05:00-04:00,2025-07-20 19:11:00-04:00,SHORT,23244.0,23249.0,23239.0,5.0,STOP,-1.0,-1.142,-114.19999999999999,2025-07-20,2025
2025-07-20 20:30:00-04:00,2025-07-20 20:31:00-04:00,LONG,23257.5,23254.25,23260.75,3.25,STOP,-1.0,-1.2184615384615385,-79.2,2025-07-20,2025
2025-07-21 18:35:00-04:00,2025-07-21 18:41:00-04:00,SHORT,23346.5,23350.5,23342.5,4.0,TARGET,1.0,0.8225,65.8,2025-07-21,2025
2025-07-21 23:05:00-04:00,2025-07-21 23:13:00-04:00,SHORT,23346.75,23349.75,23343.75,3.0,TARGET,1.0,0.7633333333333333,45.8,2025-07-21,2025
2025-07-22 18:30:00-04:00,2025-07-22 18:31:00-04:00,LONG,23179.0,23176.75,23181.25,2.25,STOP,-1.0,-1.3155555555555556,-59.2,2025-07-22,2025
2025-07-22 21:00:00-04:00,2025-07-22 21:07:00-04:00,LONG,23203.75,23198.0,23209.5,5.75,TARGET,1.0,0.8765217391304347,100.8,2025-07-22,2025
2025-07-23 18:45:00-04:00,2025-07-23 18:46:00-04:00,LONG,23390.75,23383.0,23398.5,7.75,STOP,-1.0,-1.0916129032258064,-169.2,2025-07-23,2025
2025-07-23 19:30:00-04:00,2025-07-23 19:31:00-04:00,LONG,23389.5,23387.5,23391.5,2.0,TARGET,1.0,0.645,25.8,2025-07-23,2025
2025-07-24 18:05:00-04:00,2025-07-24 18:16:00-04:00,LONG,23395.25,23384.5,23406.0,10.75,TARGET,1.0,0.933953488372093,200.8,2025-07-24,2025
2025-07-24 19:05:00-04:00,2025-07-24 19:11:00-04:00,LONG,23401.75,23397.0,23406.5,4.75,STOP,-1.0,-1.1494736842105264,-109.20000000000002,2025-07-24,2025
2025-07-27 19:10:00-04:00,2025-07-27 19:14:00-04:00,SHORT,23514.25,23524.25,23504.25,10.0,STOP,-1.0,-1.071,-214.2,2025-07-27,2025
2025-07-27 20:35:00-04:00,2025-07-27 20:36:00-04:00,LONG,23535.75,23533.25,23538.25,2.5,TARGET,1.0,0.716,35.8,2025-07-27,2025
2025-07-28 18:05:00-04:00,2025-07-28 18:08:00-04:00,LONG,23507.5,23502.5,23512.5,5.0,TARGET,1.0,0.858,85.8,2025-07-28,2025
2025-07-28 19:00:00-04:00,2025-07-28 19:10:00-04:00,SHORT,23526.0,23531.5,23520.5,5.5,TARGET,1.0,0.8709090909090909,95.8,2025-07-28,2025
2025-07-29 18:25:00-04:00,2025-07-29 18:26:00-04:00,LONG,23463.25,23458.0,23468.5,5.25,STOP,-1.0,-1.1352380952380952,-119.19999999999999,2025-07-29,2025
2025-07-29 20:05:00-04:00,2025-07-29 20:12:00-04:00,SHORT,23473.5,23479.5,23467.5,6.0,STOP,-1.0,-1.1183333333333334,-134.20000000000002,2025-07-29,2025
2025-07-30 19:50:00-04:00,2025-07-30 19:50:00-04:00,SHORT,23735.0,23737.0,23733.0,2.0,TARGET,1.0,0.645,25.8,2025-07-30,2025
2025-07-30 20:50:00-04:00,2025-07-30 21:07:00-04:00,SHORT,23750.5,23759.0,23742.0,8.5,STOP,-1.0,-1.0835294117647059,-184.2,2025-07-30,2025
2025-07-31 18:30:00-04:00,2025-07-31 18:35:00-04:00,LONG,23308.0,23296.0,23320.0,12.0,STOP,-1.0,-1.0591666666666666,-254.2,2025-07-31,2025
2025-07-31 20:00:00-04:00,2025-07-31 20:00:00-04:00,SHORT,23297.5,23303.5,23291.5,6.0,STOP,-1.0,-1.1183333333333334,-134.20000000000002,2025-07-31,2025
2025-08-03 19:00:00-04:00,2025-08-03 19:00:00-04:00,SHORT,22909.5,22916.25,22902.75,6.75,TARGET,1.0,0.8948148148148148,120.8,2025-08-03,2025
2025-08-03 20:25:00-04:00,2025-08-03 20:33:00-04:00,SHORT,22933.75,22945.5,22922.0,11.75,TARGET,1.0,0.9395744680851064,220.79999999999998,2025-08-03,2025
2025-08-04 18:25:00-04:00,2025-08-04 18:27:00-04:00,LONG,23334.75,23330.5,23339.0,4.25,STOP,-1.0,-1.1670588235294117,-99.19999999999999,2025-08-04,2025
2025-08-04 19:20:00-04:00,2025-08-04 19:21:00-04:00,SHORT,23338.0,23350.0,23326.0,12.0,TARGET,1.0,0.9408333333333333,225.79999999999998,2025-08-04,2025
2025-08-05 18:50:00-04:00,2025-08-05 18:51:00-04:00,SHORT,23075.0,23080.0,23070.0,5.0,STOP,-1.0,-1.142,-114.19999999999999,2025-08-05,2025
2025-08-05 20:30:00-04:00,2025-08-05 20:30:00-04:00,SHORT,23084.25,23089.5,23079.0,5.25,TARGET,1.0,0.8647619047619047,90.8,2025-08-05,2025
2025-08-06 18:55:00-04:00,2025-08-06 19:00:00-04:00,LONG,23457.5,23450.75,23464.25,6.75,TARGET,1.0,0.8948148148148148,120.8,2025-08-06,2025
2025-08-06 19:40:00-04:00,2025-08-06 19:45:00-04:00,SHORT,23461.0,23469.0,23453.0,8.0,TARGET,1.0,0.91125,145.8,2025-08-06,2025
2025-08-07 18:45:00-04:00,2025-08-07 18:47:00-04:00,LONG,23546.25,23541.5,23551.0,4.75,STOP,-1.0,-1.1494736842105264,-109.20000000000002,2025-08-07,2025
2025-08-07 19:30:00-04:00,2025-08-07 19:36:00-04:00,LONG,23548.75,23543.0,23554.5,5.75,STOP,-1.0,-1.1234782608695653,-129.20000000000002,2025-08-07,2025
2025-08-10 19:00:00-04:00,2025-08-10 19:00:00-04:00,LONG,23731.75,23728.0,23735.5,3.75,TARGET,1.0,0.8106666666666666,60.8,2025-08-10,2025
2025-08-10 19:45:00-04:00,2025-08-10 19:45:00-04:00,LONG,23702.5,23700.5,23704.5,2.0,TARGET,1.0,0.645,25.8,2025-08-10,2025
2025-08-11 18:40:00-04:00,2025-08-11 18:50:00-04:00,SHORT,23620.0,23629.25,23610.75,9.25,STOP,-1.0,-1.0767567567567569,-199.20000000000002,2025-08-11,2025
2025-08-11 19:20:00-04:00,2025-08-11 19:20:00-04:00,SHORT,23643.75,23648.0,23639.5,4.25,TARGET,1.0,0.8329411764705883,70.80000000000001,2025-08-11,2025
2025-08-12 19:30:00-04:00,2025-08-12 19:32:00-04:00,SHORT,23941.75,23943.75,23939.75,2.0,TARGET,1.0,0.645,25.8,2025-08-12,2025
2025-08-12 21:35:00-04:00,2025-08-12 21:40:00-04:00,LONG,23934.75,23929.5,23940.0,5.25,STOP,-1.0,-1.1352380952380952,-119.19999999999999,2025-08-12,2025
2025-08-13 18:55:00-04:00,2025-08-13 19:01:00-04:00,SHORT,23947.0,23952.0,23942.0,5.0,STOP,-1.0,-1.142,-114.19999999999999,2025-08-13,2025
2025-08-13 20:35:00-04:00,2025-08-13 20:35:00-04:00,SHORT,23952.75,23958.5,23947.0,5.75,TARGET,1.0,0.8765217391304347,100.8,2025-08-13,2025
2025-08-14 18:50:00-04:00,2025-08-14 18:56:00-04:00,SHORT,23887.0,23892.75,23881.25,5.75,STOP,-1.0,-1.1234782608695653,-129.20000000000002,2025-08-14,2025
2025-08-14 19:45:00-04:00,2025-08-14 19:45:00-04:00,SHORT,23904.75,23908.75,23900.75,4.0,TARGET,1.0,0.8225,65.8,2025-08-14,2025
2025-08-17 18:40:00-04:00,2025-08-17 18:53:00-04:00,SHORT,23846.25,23850.5,23842.0,4.25,STOP,-1.0,-1.1670588235294117,-99.19999999999999,2025-08-17,2025
2025-08-17 19:30:00-04:00,2025-08-17 19:33:00-04:00,LONG,23845.75,23842.0,23849.5,3.75,TARGET,1.0,0.8106666666666666,60.8,2025-08-17,2025
2025-08-18 19:05:00-04:00,2025-08-18 19:14:00-04:00,LONG,23813.5,23809.5,23817.5,4.0,STOP,-1.0,-1.1775,-94.2,2025-08-18,2025
2025-08-18 21:35:00-04:00,2025-08-18 21:36:00-04:00,LONG,23779.25,23773.0,23785.5,6.25,STOP,-1.0,-1.1136,-139.2,2025-08-18,2025
2025-08-19 18:55:00-04:00,2025-08-19 18:58:00-04:00,SHORT,23466.75,23473.5,23460.0,6.75,TARGET,1.0,0.8948148148148148,120.8,2025-08-19,2025
2025-08-19 19:55:00-04:00,2025-08-19 20:00:00-04:00,LONG,23427.0,23415.25,23438.75,11.75,STOP,-1.0,-1.0604255319148936,-249.20000000000002,2025-08-19,2025
2025-08-20 18:45:00-04:00,2025-08-20 19:00:00-04:00,LONG,23318.25,23312.75,23323.75,5.5,TARGET,1.0,0.8709090909090909,95.8,2025-08-20,2025
2025-08-20 20:00:00-04:00,2025-08-20 20:00:00-04:00,SHORT,23318.5,23324.0,23313.0,5.5,TARGET,1.0,0.8709090909090909,95.8,2025-08-20,2025
2025-08-21 18:20:00-04:00,2025-08-21 18:25:00-04:00,SHORT,23241.25,23246.75,23235.75,5.5,TARGET,1.0,0.8709090909090909,95.8,2025-08-21,2025
2025-08-21 19:55:00-04:00,2025-08-21 19:59:00-04:00,SHORT,23245.5,23251.5,23239.5,6.0,STOP,-1.0,-1.1183333333333334,-134.20000000000002,2025-08-21,2025
2025-08-24 19:05:00-04:00,2025-08-24 19:05:00-04:00,SHORT,23572.75,23578.5,23567.0,5.75,STOP,-1.0,-1.1234782608695653,-129.20000000000002,2025-08-24,2025
2025-08-24 20:55:00-04:00,2025-08-24 21:03:00-04:00,LONG,23556.5,23549.5,23563.5,7.0,STOP,-1.0,-1.1014285714285714,-154.2,2025-08-24,2025
2025-08-25 18:30:00-04:00,2025-08-25 18:32:00-04:00,SHORT,23516.75,23520.75,23512.75,4.0,TARGET,1.0,0.8225,65.8,2025-08-25,2025
2025-08-25 19:10:00-04:00,2025-08-25 19:23:00-04:00,LONG,23511.0,23505.5,23516.5,5.5,STOP,-1.0,-1.1290909090909091,-124.2,2025-08-25,2025
2025-08-26 19:10:00-04:00,2025-08-26 19:12:00-04:00,LONG,23614.75,23611.0,23618.5,3.75,STOP,-1.0,-1.1893333333333334,-89.2,2025-08-26,2025
2025-08-26 19:55:00-04:00,2025-08-26 19:57:00-04:00,LONG,23614.5,23611.5,23617.5,3.0,TARGET,1.0,0.7633333333333333,45.8,2025-08-26,2025
2025-08-27 19:00:00-04:00,2025-08-27 19:00:00-04:00,LONG,23518.25,23512.75,23523.75,5.5,STOP,-1.0,-1.1290909090909091,-124.2,2025-08-27,2025
2025-08-27 19:45:00-04:00,2025-08-27 19:45:00-04:00,SHORT,23513.25,23519.0,23507.5,5.75,TARGET,1.0,0.8765217391304347,100.8,2025-08-27,2025
2025-08-28 18:35:00-04:00,2025-08-28 18:36:00-04:00,LONG,23746.25,23743.75,23748.75,2.5,STOP,-1.0,-1.284,-64.2,2025-08-28,2025
2025-08-28 19:25:00-04:00,2025-08-28 19:29:00-04:00,LONG,23741.25,23738.5,23744.0,2.75,TARGET,1.0,0.7418181818181818,40.8,2025-08-28,2025
2025-08-31 19:20:00-04:00,2025-08-31 19:20:00-04:00,LONG,23533.0,23531.5,23534.5,1.5,TARGET,1.0,0.5266666666666666,15.799999999999999,2025-08-31,2025
2025-08-31 20:05:00-04:00,2025-08-31 20:05:00-04:00,SHORT,23537.0,23541.5,23532.5,4.5,STOP,-1.0,-1.1577777777777778,-104.2,2025-08-31,2025
2025-09-01 18:25:00-04:00,2025-09-01 18:27:00-04:00,LONG,23490.5,23483.0,23498.0,7.5,STOP,-1.0,-1.0946666666666667,-164.2,2025-09-01,2025
2025-09-01 22:50:00-04:00,2025-09-01 22:50:00-04:00,SHORT,23426.25,23429.0,23423.5,2.75,STOP,-1.0,-1.2581818181818183,-69.2,2025-09-01,2025
2025-09-02 18:30:00-04:00,2025-09-02 18:33:00-04:00,LONG,23358.25,23351.75,23364.75,6.5,STOP,-1.0,-1.1092307692307692,-144.2,2025-09-02,2025
2025-09-02 19:25:00-04:00,2025-09-02 19:28:00-04:00,LONG,23331.5,23326.25,23336.75,5.25,TARGET,1.0,0.8647619047619047,90.8,2025-09-02,2025
2025-09-03 18:40:00-04:00,2025-09-03 18:43:00-04:00,LONG,23439.0,23437.5,23440.5,1.5,STOP,-1.0,-1.4733333333333334,-44.2,2025-09-03,2025
2025-09-03 19:20:00-04:00,2025-09-03 19:33:00-04:00,SHORT,23449.0,23457.75,23440.25,8.75,TARGET,1.0,0.9188571428571428,160.79999999999998,2025-09-03,2025
2025-09-04 18:40:00-04:00,2025-09-04 18:48:00-04:00,LONG,23696.75,23691.25,23702.25,5.5,TARGET,1.0,0.8709090909090909,95.8,2025-09-04,2025
2025-09-04 19:30:00-04:00,2025-09-04 19:35:00-04:00,SHORT,23712.75,23716.75,23708.75,4.0,TARGET,1.0,0.8225,65.8,2025-09-04,2025
2025-09-07 19:15:00-04:00,2025-09-07 19:16:00-04:00,SHORT,23751.75,23755.0,23748.5,3.25,TARGET,1.0,0.7815384615384615,50.8,2025-09-07,2025
2025-09-07 20:40:00-04:00,2025-09-07 20:41:00-04:00,LONG,23778.5,23776.0,23781.0,2.5,TARGET,1.0,0.716,35.8,2025-09-07,2025
2025-09-08 18:30:00-04:00,2025-09-08 18:34:00-04:00,SHORT,23815.75,23822.5,23809.0,6.75,STOP,-1.0,-1.1051851851851853,-149.20000000000002,2025-09-08,2025
2025-09-08 19:30:00-04:00,2025-09-08 19:34:00-04:00,LONG,23818.75,23815.25,23822.25,3.5,STOP,-1.0,-1.2028571428571428,-84.2,2025-09-08,2025
2025-09-09 19:10:00-04:00,2025-09-09 19:21:00-04:00,LONG,23893.75,23883.0,23904.5,10.75,STOP,-1.0,-1.066046511627907,-229.2,2025-09-09,2025
2025-09-09 19:50:00-04:00,2025-09-09 19:53:00-04:00,SHORT,23883.25,23889.5,23877.0,6.25,STOP,-1.0,-1.1136,-139.2,2025-09-09,2025
2025-09-10 18:40:00-04:00,2025-09-10 18:40:00-04:00,SHORT,23879.0,23880.5,23877.5,1.5,STOP,-1.0,-1.4733333333333334,-44.2,2025-09-10,2025
2025-09-10 19:20:00-04:00,2025-09-10 19:41:00-04:00,SHORT,23906.25,23915.5,23897.0,9.25,TARGET,1.0,0.9232432432432433,170.8,2025-09-10,2025
2025-09-11 18:40:00-04:00,2025-09-11 18:41:00-04:00,LONG,24006.5,24004.5,24008.5,2.0,STOP,-1.0,-1.355,-54.2,2025-09-11,2025
2025-09-11 19:40:00-04:00,2025-09-11 19:57:00-04:00,SHORT,24018.5,24025.5,24011.5,7.0,STOP,-1.0,-1.1014285714285714,-154.2,2025-09-11,2025
2025-09-14 18:50:00-04:00,2025-09-14 19:00:00-04:00,SHORT,24362.25,24366.25,24358.25,4.0,STOP,-1.0,-1.1775,-94.2,2025-09-14,2025
2025-09-14 19:55:00-04:00,2025-09-14 20:00:00-04:00,SHORT,24341.75,24349.75,24333.75,8.0,STOP,-1.0,-1.08875,-174.20000000000002,2025-09-14,2025
2025-09-15 18:25:00-04:00,2025-09-15 18:33:00-04:00,SHORT,24532.0,24538.0,24526.0,6.0,TARGET,1.0,0.8816666666666667,105.80000000000001,2025-09-15,2025
2025-09-15 19:45:00-04:00,2025-09-15 19:46:00-04:00,LONG,24541.75,24539.5,24544.0,2.25,STOP,-1.0,-1.3155555555555556,-59.2,2025-09-15,2025
2025-09-16 19:00:00-04:00,2025-09-16 19:24:00-04:00,SHORT,24546.0,24550.5,24541.5,4.5,TARGET,1.0,0.8422222222222222,75.8,2025-09-16,2025
2025-09-16 19:45:00-04:00,2025-09-16 19:56:00-04:00,SHORT,24540.5,24544.75,24536.25,4.25,STOP,-1.0,-1.1670588235294117,-99.19999999999999,2025-09-16,2025
2025-09-17 19:10:00-04:00,2025-09-17 19:11:00-04:00,SHORT,24573.5,24577.0,24570.0,3.5,STOP,-1.0,-1.2028571428571428,-84.2,2025-09-17,2025
2025-09-17 20:00:00-04:00,2025-09-17 20:00:00-04:00,SHORT,24584.25,24589.5,24579.0,5.25,TARGET,1.0,0.8647619047619047,90.8,2025-09-17,2025
2025-09-18 18:30:00-04:00,2025-09-18 18:31:00-04:00,SHORT,24740.5,24743.25,24737.75,2.75,TARGET,1.0,0.7418181818181818,40.8,2025-09-18,2025
2025-09-18 19:15:00-04:00,2025-09-18 19:33:00-04:00,SHORT,24733.25,24742.25,24724.25,9.0,STOP,-1.0,-1.0788888888888888,-194.2,2025-09-18,2025
2025-09-21 19:10:00-04:00,2025-09-21 19:14:00-04:00,SHORT,24848.75,24854.75,24842.75,6.0,STOP,-1.0,-1.1183333333333334,-134.20000000000002,2025-09-21,2025
2025-09-21 22:00:00-04:00,2025-09-21 22:01:00-04:00,SHORT,24844.25,24847.5,24841.0,3.25,STOP,-1.0,-1.2184615384615385,-79.2,2025-09-21,2025
2025-09-22 18:05:00-04:00,2025-09-22 18:10:00-04:00,LONG,24995.75,24987.75,25003.75,8.0,STOP,-1.0,-1.08875,-174.20000000000002,2025-09-22,2025
2025-09-22 18:55:00-04:00,2025-09-22 18:58:00-04:00,LONG,24980.75,24973.5,24988.0,7.25,TARGET,1.0,0.9020689655172414,130.8,2025-09-22,2025
2025-09-23 18:25:00-04:00,2025-09-23 18:25:00-04:00,LONG,24850.25,24848.5,24852.0,1.75,STOP,-1.0,-1.4057142857142857,-49.2,2025-09-23,2025
2025-09-23 19:05:00-04:00,2025-09-23 19:12:00-04:00,LONG,24854.5,24847.75,24861.25,6.75,STOP,-1.0,-1.1051851851851853,-149.20000000000002,2025-09-23,2025
2025-09-24 18:05:00-04:00,2025-09-24 18:07:00-04:00,LONG,24747.0,24743.0,24751.0,4.0,STOP,-1.0,-1.1775,-94.2,2025-09-24,2025
2025-09-24 19:35:00-04:00,2025-09-24 19:47:00-04:00,LONG,24744.0,24739.75,24748.25,4.25,TARGET,1.0,0.8329411764705883,70.80000000000001,2025-09-24,2025
2025-09-25 18:05:00-04:00,2025-09-25 18:05:00-04:00,SHORT,24644.25,24647.5,24641.0,3.25,STOP,-1.0,-1.2184615384615385,-79.2,2025-09-25,2025
2025-09-25 18:45:00-04:00,2025-09-25 18:45:00-04:00,SHORT,24661.5,24665.75,24657.25,4.25,TARGET,1.0,0.8329411764705883,70.80000000000001,2025-09-25,2025
2025-09-28 21:35:00-04:00,2025-09-28 21:35:00-04:00,LONG,24785.75,24781.0,24790.5,4.75,TARGET,1.0,0.8505263157894737,80.8,2025-09-28,2025
2025-09-28 22:30:00-04:00,2025-09-28 22:34:00-04:00,SHORT,24803.75,24806.75,24800.75,3.0,STOP,-1.0,-1.2366666666666666,-74.19999999999999,2025-09-28,2025
2025-09-29 18:05:00-04:00,2025-09-29 18:05:00-04:00,SHORT,24820.0,24823.25,24816.75,3.25,STOP,-1.0,-1.2184615384615385,-79.2,2025-09-29,2025
2025-09-29 19:10:00-04:00,2025-09-29 19:33:00-04:00,LONG,24830.5,24825.0,24836.0,5.5,TARGET,1.0,0.8709090909090909,95.8,2025-09-29,2025
2025-09-30 18:25:00-04:00,2025-09-30 18:30:00-04:00,LONG,24864.0,24854.5,24873.5,9.5,TARGET,1.0,0.9252631578947368,175.79999999999998,2025-09-30,2025
2025-09-30 19:50:00-04:00,2025-09-30 19:51:00-04:00,LONG,24838.25,24835.75,24840.75,2.5,STOP,-1.0,-1.284,-64.2,2025-09-30,2025
2025-10-01 18:40:00-04:00,2025-10-01 19:15:00-04:00,LONG,25016.5,25009.5,25023.5,7.0,TARGET,1.0,0.8985714285714286,125.8,2025-10-01,2025
2025-10-01 22:40:00-04:00,2025-10-01 22:41:00-04:00,LONG,25055.25,25051.25,25059.25,4.0,TARGET,1.0,0.8225,65.8,2025-10-01,2025
2025-10-02 18:05:00-04:00,2025-10-02 18:28:00-04:00,LONG,25103.0,25094.5,25111.5,8.5,STOP,-1.0,-1.0835294117647059,-184.2,2025-10-02,2025
2025-10-02 19:05:00-04:00,2025-10-02 19:10:00-04:00,SHORT,25098.25,25106.5,25090.0,8.25,STOP,-1.0,-1.086060606060606,-179.2,2025-10-02,2025
2025-10-05 18:55:00-04:00,2025-10-05 18:57:00-04:00,SHORT,25054.0,25057.5,25050.5,3.5,STOP,-1.0,-1.2028571428571428,-84.2,2025-10-05,2025
2025-10-05 20:20:00-04:00,2025-10-05 20:20:00-04:00,SHORT,25070.5,25075.25,25065.75,4.75,TARGET,1.0,0.8505263157894737,80.8,2025-10-05,2025
2025-10-06 18:05:00-04:00,2025-10-06 18:38:00-04:00,SHORT,25186.75,25197.5,25176.0,10.75,TARGET,1.0,0.933953488372093,200.8,2025-10-06,2025
2025-10-06 19:40:00-04:00,2025-10-06 19:40:00-04:00,SHORT,25150.5,25152.25,25148.75,1.75,TARGET,1.0,0.5942857142857143,20.8,2025-10-06,2025
2025-10-07 18:50:00-04:00,2025-10-07 19:00:00-04:00,SHORT,25079.5,25083.75,25075.25,4.25,TARGET,1.0,0.8329411764705883,70.80000000000001,2025-10-07,2025
2025-10-07 19:50:00-04:00,2025-10-07 19:53:00-04:00,SHORT,25042.25,25046.5,25038.0,4.25,TARGET,1.0,0.8329411764705883,70.80000000000001,2025-10-07,2025
2025-10-08 18:45:00-04:00,2025-10-08 18:45:00-04:00,SHORT,25366.25,25368.25,25364.25,2.0,TARGET,1.0,0.645,25.8,2025-10-08,2025
2025-10-08 19:50:00-04:00,2025-10-08 19:51:00-04:00,LONG,25385.75,25383.0,25388.5,2.75,STOP,-1.0,-1.2581818181818183,-69.2,2025-10-08,2025
2025-10-09 18:40:00-04:00,2025-10-09 18:42:00-04:00,SHORT,25313.25,25318.5,25308.0,5.25,STOP,-1.0,-1.1352380952380952,-119.19999999999999,2025-10-09,2025
2025-10-09 19:35:00-04:00,2025-10-09 19:46:00-04:00,LONG,25317.0,25311.25,25322.75,5.75,TARGET,1.0,0.8765217391304347,100.8,2025-10-09,2025
2025-10-12 20:50:00-04:00,2025-10-12 20:52:00-04:00,SHORT,24810.0,24817.75,24802.25,7.75,STOP,-1.0,-1.0916129032258064,-169.2,2025-10-12,2025
2025-10-12 21:40:00-04:00,2025-10-12 21:40:00-04:00,LONG,24830.5,24826.5,24834.5,4.0,TARGET,1.0,0.8225,65.8,2025-10-12,2025
2025-10-13 19:05:00-04:00,2025-10-13 19:05:00-04:00,SHORT,24929.75,24933.5,24926.0,3.75,TARGET,1.0,0.8106666666666666,60.8,2025-10-13,2025
2025-10-14 08:30:00-04:00,2025-10-14 08:31:00-04:00,SHORT,24652.0,24662.0,24642.0,10.0,TARGET,1.0,0.929,185.8,2025-10-13,2025
2025-10-14 19:00:00-04:00,2025-10-14 19:00:00-04:00,SHORT,24777.75,24782.0,24773.5,4.25,STOP,-1.0,-1.1670588235294117,-99.19999999999999,2025-10-14,2025
2025-10-14 19:45:00-04:00,2025-10-14 19:46:00-04:00,LONG,24790.75,24786.0,24795.5,4.75,TARGET,1.0,0.8505263157894737,80.8,2025-10-14,2025
2025-10-15 20:00:00-04:00,2025-10-15 20:00:00-04:00,SHORT,24943.0,24948.5,24937.5,5.5,STOP,-1.0,-1.1290909090909091,-124.2,2025-10-15,2025
2025-10-15 21:40:00-04:00,2025-10-15 21:40:00-04:00,SHORT,24942.5,24946.75,24938.25,4.25,TARGET,1.0,0.8329411764705883,70.80000000000001,2025-10-15,2025
2025-10-16 20:00:00-04:00,2025-10-16 20:00:00-04:00,SHORT,24759.25,24762.0,24756.5,2.75,TARGET,1.0,0.7418181818181818,40.8,2025-10-16,2025
2025-10-16 20:40:00-04:00,2025-10-16 20:49:00-04:00,SHORT,24781.75,24792.25,24771.25,10.5,TARGET,1.0,0.9323809523809524,195.8,2025-10-16,2025
2025-10-19 18:35:00-04:00,2025-10-19 18:35:00-04:00,LONG,25046.75,25039.25,25054.25,7.5,TARGET,1.0,0.9053333333333333,135.8,2025-10-19,2025
2025-10-19 20:10:00-04:00,2025-10-19 20:12:00-04:00,LONG,25000.75,24994.75,25006.75,6.0,STOP,-1.0,-1.1183333333333334,-134.20000000000002,2025-10-19,2025
2025-10-20 18:05:00-04:00,2025-10-20 19:01:00-04:00,SHORT,25318.75,25330.5,25307.0,11.75,STOP,-1.0,-1.0604255319148936,-249.20000000000002,2025-10-20,2025
2025-10-20 21:00:00-04:00,2025-10-20 21:00:00-04:00,SHORT,25342.0,25343.75,25340.25,1.75,STOP,-1.0,-1.4057142857142857,-49.2,2025-10-20,2025
2025-10-21 18:30:00-04:00,2025-10-21 18:30:00-04:00,SHORT,25275.5,25277.25,25273.75,1.75,STOP,-1.0,-1.4057142857142857,-49.2,2025-10-21,2025
2025-10-21 20:05:00-04:00,2025-10-21 20:05:00-04:00,SHORT,25253.5,25256.25,25250.75,2.75,TARGET,1.0,0.7418181818181818,40.8,2025-10-21,2025
2025-10-22 19:25:00-04:00,2025-10-22 19:35:00-04:00,LONG,25051.75,25041.75,25061.75,10.0,STOP,-1.0,-1.071,-214.2,2025-10-22,2025
2025-10-22 20:45:00-04:00,2025-10-22 20:51:00-04:00,LONG,25023.75,25013.5,25034.0,10.25,TARGET,1.0,0.9307317073170732,190.8,2025-10-22,2025
2025-10-23 18:35:00-04:00,2025-10-23 18:37:00-04:00,SHORT,25297.25,25301.25,25293.25,4.0,STOP,-1.0,-1.1775,-94.2,2025-10-23,2025
2025-10-23 19:15:00-04:00,2025-10-23 19:46:00-04:00,SHORT,25297.75,25302.25,25293.25,4.5,STOP,-1.0,-1.1577777777777778,-104.2,2025-10-23,2025
2025-10-26 19:40:00-04:00,2025-10-26 19:43:00-04:00,SHORT,25730.5,25734.75,25726.25,4.25,TARGET,1.0,0.8329411764705883,70.80000000000001,2025-10-26,2025
2025-10-26 20:45:00-04:00,2025-10-26 20:46:00-04:00,SHORT,25736.75,25744.0,25729.5,7.25,TARGET,1.0,0.9020689655172414,130.8,2025-10-26,2025
2025-10-27 19:10:00-04:00,2025-10-27 19:16:00-04:00,SHORT,25999.75,26006.25,25993.25,6.5,STOP,-1.0,-1.1092307692307692,-144.2,2025-10-27,2025
2025-10-27 20:35:00-04:00,2025-10-27 20:38:00-04:00,LONG,25982.5,25977.0,25988.0,5.5,TARGET,1.0,0.8709090909090909,95.8,2025-10-27,2025
2025-10-28 18:20:00-04:00,2025-10-28 18:31:00-04:00,SHORT,26186.5,26190.75,26182.25,4.25,TARGET,1.0,0.8329411764705883,70.80000000000001,2025-10-28,2025
2025-10-28 19:35:00-04:00,2025-10-28 20:04:00-04:00,LONG,26182.25,26173.5,26191.0,8.75,STOP,-1.0,-1.0811428571428572,-189.20000000000002,2025-10-28,2025
2025-10-29 19:05:00-04:00,2025-10-29 19:12:00-04:00,LONG,26202.25,26191.0,26213.5,11.25,STOP,-1.0,-1.0631111111111111,-239.2,2025-10-29,2025
2025-10-29 21:30:00-04:00,2025-10-29 21:31:00-04:00,LONG,26281.5,26273.25,26289.75,8.25,STOP,-1.0,-1.086060606060606,-179.2,2025-10-29,2025
2025-10-30 18:35:00-04:00,2025-10-30 18:36:00-04:00,LONG,26156.25,26151.25,26161.25,5.0,TARGET,1.0,0.858,85.8,2025-10-30,2025
2025-10-30 19:25:00-04:00,2025-10-30 19:25:00-04:00,LONG,26129.75,26126.75,26132.75,3.0,TARGET,1.0,0.7633333333333333,45.8,2025-10-30,2025
2025-11-02 18:30:00-05:00,2025-11-02 18:31:00-05:00,LONG,26057.5,26049.25,26065.75,8.25,TARGET,1.0,0.9139393939393939,150.8,2025-11-02,2025
2025-11-02 19:10:00-05:00,2025-11-02 19:10:00-05:00,SHORT,26091.5,26097.75,26085.25,6.25,STOP,-1.0,-1.1136,-139.2,2025-11-02,2025
2025-11-03 18:20:00-05:00,2025-11-03 18:21:00-05:00,LONG,26083.0,26078.75,26087.25,4.25,STOP,-1.0,-1.1670588235294117,-99.19999999999999,2025-11-03,2025
2025-11-04 03:45:00-05:00,2025-11-04 03:46:00-05:00,SHORT,25783.5,25791.5,25775.5,8.0,TARGET,1.0,0.91125,145.8,2025-11-03,2025
2025-11-04 19:00:00-05:00,2025-11-04 19:00:00-05:00,LONG,25503.25,25501.25,25505.25,2.0,STOP,-1.0,-1.355,-54.2,2025-11-04,2025
2025-11-04 22:30:00-05:00,2025-11-04 22:30:00-05:00,SHORT,25466.5,25472.5,25460.5,6.0,TARGET,1.0,0.8816666666666667,105.80000000000001,2025-11-04,2025
2025-11-05 21:10:00-05:00,2025-11-05 21:11:00-05:00,LONG,25655.75,25648.25,25663.25,7.5,STOP,-1.0,-1.0946666666666667,-164.2,2025-11-05,2025
2025-11-05 22:05:00-05:00,2025-11-05 22:09:00-05:00,SHORT,25715.75,25721.5,25710.0,5.75,STOP,-1.0,-1.1234782608695653,-129.20000000000002,2025-11-05,2025
2025-11-06 19:45:00-05:00,2025-11-06 19:46:00-05:00,SHORT,25345.0,25348.5,25341.5,3.5,STOP,-1.0,-1.2028571428571428,-84.2,2025-11-06,2025
2025-11-06 23:55:00-05:00,2025-11-06 23:58:00-05:00,SHORT,25243.5,25252.5,25234.5,9.0,STOP,-1.0,-1.0788888888888888,-194.2,2025-11-06,2025
2025-11-09 18:30:00-05:00,2025-11-09 18:30:00-05:00,LONG,25305.5,25299.75,25311.25,5.75,STOP,-1.0,-1.1234782608695653,-129.20000000000002,2025-11-09,2025
2025-11-09 20:25:00-05:00,2025-11-09 20:26:00-05:00,SHORT,25385.75,25389.25,25382.25,3.5,STOP,-1.0,-1.2028571428571428,-84.2,2025-11-09,2025
2025-11-10 20:05:00-05:00,2025-11-10 20:07:00-05:00,SHORT,25740.25,25749.25,25731.25,9.0,STOP,-1.0,-1.0788888888888888,-194.2,2025-11-10,2025
2025-11-10 22:40:00-05:00,2025-11-10 22:55:00-05:00,LONG,25725.5,25716.75,25734.25,8.75,TARGET,1.0,0.9188571428571428,160.79999999999998,2025-11-10,2025
2025-11-11 18:05:00-05:00,2025-11-11 18:06:00-05:00,SHORT,25662.75,25674.0,25651.5,11.25,TARGET,1.0,0.9368888888888889,210.8,2025-11-11,2025
2025-11-11 19:05:00-05:00,2025-11-11 19:05:00-05:00,SHORT,25670.0,25675.5,25664.5,5.5,TARGET,1.0,0.8709090909090909,95.8,2025-11-11,2025
2025-11-12 22:05:00-05:00,2025-11-12 22:08:00-05:00,LONG,25646.0,25639.75,25652.25,6.25,STOP,-1.0,-1.1136,-139.2,2025-11-12,2025
2025-11-12 23:05:00-05:00,2025-11-12 23:45:00-05:00,SHORT,25673.75,25684.0,25663.5,10.25,STOP,-1.0,-1.069268292682927,-219.20000000000002,2025-11-12,2025
2025-11-13 18:35:00-05:00,2025-11-13 18:36:00-05:00,SHORT,25140.25,25152.25,25128.25,12.0,TARGET,1.0,0.9408333333333333,225.79999999999998,2025-11-13,2025
2025-11-13 19:20:00-05:00,2025-11-13 19:20:00-05:00,SHORT,25130.25,25133.25,25127.25,3.0,STOP,-1.0,-1.2366666666666666,-74.19999999999999,2025-11-13,2025
2025-11-16 20:35:00-05:00,2025-11-16 20:37:00-05:00,LONG,25237.25,25229.5,25245.0,7.75,TARGET,1.0,0.9083870967741936,140.8,2025-11-16,2025
2025-11-16 22:20:00-05:00,2025-11-16 22:26:00-05:00,LONG,25253.75,25244.0,25263.5,9.75,STOP,-1.0,-1.0728205128205128,-209.2,2025-11-16,2025
2025-11-17 18:50:00-05:00,2025-11-17 18:50:00-05:00,LONG,24913.5,24909.0,24918.0,4.5,TARGET,1.0,0.8422222222222222,75.8,2025-11-17,2025
2025-11-17 21:05:00-05:00,2025-11-17 21:10:00-05:00,LONG,24933.75,24922.0,24945.5,11.75,TARGET,1.0,0.9395744680851064,220.79999999999998,2025-11-17,2025
2025-11-18 21:30:00-05:00,2025-11-18 21:30:00-05:00,SHORT,24626.0,24634.0,24618.0,8.0,STOP,-1.0,-1.08875,-174.20000000000002,2025-11-18,2025
2025-11-18 22:45:00-05:00,2025-11-18 22:47:00-05:00,LONG,24569.5,24560.75,24578.25,8.75,STOP,-1.0,-1.0811428571428572,-189.20000000000002,2025-11-18,2025
2025-11-19 18:45:00-05:00,2025-11-19 18:46:00-05:00,SHORT,25082.75,25093.5,25072.0,10.75,STOP,-1.0,-1.066046511627907,-229.2,2025-11-19,2025
2025-11-19 19:30:00-05:00,2025-11-19 19:30:00-05:00,SHORT,25144.25,25147.75,25140.75,3.5,STOP,-1.0,-1.2028571428571428,-84.2,2025-11-19,2025
2025-11-20 19:15:00-05:00,2025-11-20 19:15:00-05:00,SHORT,24171.0,24178.75,24163.25,7.75,TARGET,1.0,0.9083870967741936,140.8,2025-11-20,2025
2025-11-21 16:30:00-05:00,2025-11-21 16:32:00-05:00,SHORT,24321.5,24333.0,24310.0,11.5,STOP,-1.0,-1.0617391304347825,-244.2,2025-11-20,2025
2025-11-23 19:00:00-05:00,2025-11-23 19:00:00-05:00,LONG,24470.25,24462.0,24478.5,8.25,STOP,-1.0,-1.086060606060606,-179.2,2025-11-23,2025
2025-11-23 22:25:00-05:00,2025-11-23 22:30:00-05:00,SHORT,24516.0,24523.25,24508.75,7.25,TARGET,1.0,0.9020689655172414,130.8,2025-11-23,2025
2025-11-24 18:50:00-05:00,2025-11-24 18:57:00-05:00,SHORT,24977.5,24987.0,24968.0,9.5,TARGET,1.0,0.9252631578947368,175.79999999999998,2025-11-24,2025
2025-11-24 21:00:00-05:00,2025-11-24 21:01:00-05:00,LONG,24924.25,24918.75,24929.75,5.5,TARGET,1.0,0.8709090909090909,95.8,2025-11-24,2025
2025-11-25 21:00:00-05:00,2025-11-25 21:04:00-05:00,SHORT,25165.25,25171.5,25159.0,6.25,TARGET,1.0,0.8864,110.8,2025-11-25,2025
2025-11-25 23:10:00-05:00,2025-11-25 23:11:00-05:00,SHORT,25183.5,25189.0,25178.0,5.5,TARGET,1.0,0.8709090909090909,95.8,2025-11-25,2025
2025-11-26 18:40:00-05:00,2025-11-26 18:51:00-05:00,SHORT,25324.5,25330.75,25318.25,6.25,STOP,-1.0,-1.1136,-139.2,2025-11-26,2025
2025-11-26 19:50:00-05:00,2025-11-26 19:50:00-05:00,LONG,25318.25,25315.5,25321.0,2.75,TARGET,1.0,0.7418181818181818,40.8,2025-11-26,2025
2025-11-27 19:40:00-05:00,2025-11-27 19:40:00-05:00,LONG,25339.25,25337.5,25341.0,1.75,STOP,-1.0,-1.4057142857142857,-49.2,2025-11-27,2025
2025-11-27 21:35:00-05:00,2025-11-28 08:30:00-05:00,SHORT,25343.25,25351.0,25335.5,7.75,STOP,-1.0,-1.0916129032258064,-169.2,2025-11-27,2025
2025-11-30 19:00:00-05:00,2025-11-30 19:02:00-05:00,SHORT,25467.5,25478.5,25456.5,11.0,TARGET,1.0,0.9354545454545454,205.79999999999998,2025-11-30,2025
2025-11-30 20:40:00-05:00,2025-11-30 20:40:00-05:00,LONG,25300.75,25296.0,25305.5,4.75,TARGET,1.0,0.8505263157894737,80.8,2025-11-30,2025
2025-12-01 19:30:00-05:00,2025-12-01 19:33:00-05:00,LONG,25403.0,25393.5,25412.5,9.5,TARGET,1.0,0.9252631578947368,175.79999999999998,2025-12-01,2025
2025-12-01 20:50:00-05:00,2025-12-01 20:58:00-05:00,LONG,25419.0,25413.25,25424.75,5.75,STOP,-1.0,-1.1234782608695653,-129.20000000000002,2025-12-01,2025
2025-12-02 18:45:00-05:00,2025-12-02 18:48:00-05:00,LONG,25623.75,25618.75,25628.75,5.0,STOP,-1.0,-1.142,-114.19999999999999,2025-12-02,2025
2025-12-02 21:10:00-05:00,2025-12-02 21:11:00-05:00,SHORT,25642.75,25647.25,25638.25,4.5,STOP,-1.0,-1.1577777777777778,-104.2,2025-12-02,2025
2025-12-03 18:05:00-05:00,2025-12-03 18:08:00-05:00,SHORT,25650.0,25659.25,25640.75,9.25,TARGET,1.0,0.9232432432432433,170.8,2025-12-03,2025
2025-12-03 18:55:00-05:00,2025-12-03 19:00:00-05:00,LONG,25645.25,25640.75,25649.75,4.5,TARGET,1.0,0.8422222222222222,75.8,2025-12-03,2025
2025-12-04 19:05:00-05:00,2025-12-04 19:06:00-05:00,SHORT,25624.0,25629.5,25618.5,5.5,TARGET,1.0,0.8709090909090909,95.8,2025-12-04,2025
2025-12-04 20:35:00-05:00,2025-12-04 20:41:00-05:00,SHORT,25668.75,25675.5,25662.0,6.75,STOP,-1.0,-1.1051851851851853,-149.20000000000002,2025-12-04,2025
2025-12-07 19:00:00-05:00,2025-12-07 19:00:00-05:00,SHORT,25746.25,25753.75,25738.75,7.5,TARGET,1.0,0.9053333333333333,135.8,2025-12-07,2025
2025-12-07 19:45:00-05:00,2025-12-07 19:46:00-05:00,SHORT,25736.25,25741.25,25731.25,5.0,STOP,-1.0,-1.142,-114.19999999999999,2025-12-07,2025
2025-12-08 18:30:00-05:00,2025-12-08 18:31:00-05:00,LONG,25698.5,25694.5,25702.5,4.0,STOP,-1.0,-1.1775,-94.2,2025-12-08,2025
2025-12-08 19:20:00-05:00,2025-12-08 19:26:00-05:00,LONG,25718.0,25712.75,25723.25,5.25,TARGET,1.0,0.8647619047619047,90.8,2025-12-08,2025
2025-12-09 18:05:00-05:00,2025-12-09 18:09:00-05:00,SHORT,25684.25,25692.0,25676.5,7.75,TARGET,1.0,0.9083870967741936,140.8,2025-12-09,2025
2025-12-09 18:55:00-05:00,2025-12-09 19:06:00-05:00,SHORT,25673.5,25682.0,25665.0,8.5,STOP,-1.0,-1.0835294117647059,-184.2,2025-12-09,2025
2025-12-10 18:50:00-05:00,2025-12-10 19:00:00-05:00,SHORT,25731.0,25739.5,25722.5,8.5,TARGET,1.0,0.9164705882352941,155.8,2025-12-10,2025
2025-12-10 19:35:00-05:00,2025-12-10 19:37:00-05:00,LONG,25718.25,25714.25,25722.25,4.0,STOP,-1.0,-1.1775,-94.2,2025-12-10,2025
2025-12-11 18:35:00-05:00,2025-12-11 18:38:00-05:00,SHORT,25677.0,25683.0,25671.0,6.0,TARGET,1.0,0.8816666666666667,105.80000000000001,2025-12-11,2025
2025-12-11 20:55:00-05:00,2025-12-11 20:58:00-05:00,LONG,25668.75,25660.5,25677.0,8.25,TARGET,1.0,0.9139393939393939,150.8,2025-12-11,2025
2025-12-14 18:45:00-05:00,2025-12-14 18:46:00-05:00,SHORT,25436.0,25442.75,25429.25,6.75,TARGET,1.0,0.8948148148148148,120.8,2025-12-14,2025
2025-12-14 19:55:00-05:00,2025-12-14 19:55:00-05:00,SHORT,25485.5,25486.5,25484.5,1.0,STOP,-1.0,-1.71,-34.2,2025-12-14,2025
2025-12-15 18:10:00-05:00,2025-12-15 18:10:00-05:00,SHORT,25369.25,25373.75,25364.75,4.5,TARGET,1.0,0.8422222222222222,75.8,2025-12-15,2025
2025-12-16 00:25:00-05:00,2025-12-16 00:30:00-05:00,LONG,25148.5,25137.5,25159.5,11.0,STOP,-1.0,-1.0645454545454545,-234.2,2025-12-15,2025
2025-12-16 21:50:00-05:00,2025-12-16 21:50:00-05:00,SHORT,25371.75,25373.75,25369.75,2.0,TARGET,1.0,0.645,25.8,2025-12-16,2025
2025-12-16 22:35:00-05:00,2025-12-16 22:37:00-05:00,LONG,25371.0,25361.0,25381.0,10.0,STOP,-1.0,-1.071,-214.2,2025-12-16,2025
2025-12-17 22:05:00-05:00,2025-12-17 22:05:00-05:00,LONG,24961.0,24957.25,24964.75,3.75,STOP,-1.0,-1.1893333333333334,-89.2,2025-12-17,2025
2025-12-18 01:00:00-05:00,2025-12-18 01:02:00-05:00,SHORT,24984.75,24992.5,24977.0,7.75,TARGET,1.0,0.9083870967741936,140.8,2025-12-17,2025
2025-12-18 18:45:00-05:00,2025-12-18 18:46:00-05:00,SHORT,25231.0,25239.75,25222.25,8.75,STOP,-1.0,-1.0811428571428572,-189.20000000000002,2025-12-18,2025
2025-12-18 19:25:00-05:00,2025-12-18 19:26:00-05:00,LONG,25227.0,25222.5,25231.5,4.5,TARGET,1.0,0.8422222222222222,75.8,2025-12-18,2025
2025-12-21 19:00:00-05:00,2025-12-21 19:00:00-05:00,LONG,25669.5,25659.5,25679.5,10.0,TARGET,1.0,0.929,185.8,2025-12-21,2025
2025-12-21 20:45:00-05:00,2025-12-21 21:07:00-05:00,SHORT,25689.25,25697.5,25681.0,8.25,TARGET,1.0,0.9139393939393939,150.8,2025-12-21,2025
2025-12-22 18:55:00-05:00,2025-12-22 19:00:00-05:00,LONG,25711.5,25707.5,25715.5,4.0,TARGET,1.0,0.8225,65.8,2025-12-22,2025
2025-12-22 19:40:00-05:00,2025-12-22 19:59:00-05:00,SHORT,25717.75,25723.25,25712.25,5.5,STOP,-1.0,-1.1290909090909091,-124.2,2025-12-22,2025
2025-12-23 18:55:00-05:00,2025-12-23 18:55:00-05:00,LONG,25806.0,25802.75,25809.25,3.25,TARGET,1.0,0.7815384615384615,50.8,2025-12-23,2025
2025-12-23 19:45:00-05:00,2025-12-23 19:45:00-05:00,SHORT,25819.75,25822.25,25817.25,2.5,TARGET,1.0,0.716,35.8,2025-12-23,2025
2025-12-25 18:55:00-05:00,2025-12-25 19:03:00-05:00,LONG,25885.0,25876.75,25893.25,8.25,TARGET,1.0,0.9139393939393939,150.8,2025-12-25,2025
2025-12-25 21:15:00-05:00,2025-12-25 21:15:00-05:00,SHORT,25893.5,25895.0,25892.0,1.5,STOP,-1.0,-1.4733333333333334,-44.2,2025-12-25,2025
2025-12-28 19:00:00-05:00,2025-12-28 19:00:00-05:00,LONG,25870.0,25867.5,25872.5,2.5,STOP,-1.0,-1.284,-64.2,2025-12-28,2025
2025-12-28 21:10:00-05:00,2025-12-28 21:18:00-05:00,SHORT,25845.25,25850.25,25840.25,5.0,TARGET,1.0,0.858,85.8,2025-12-28,2025
2025-12-29 18:40:00-05:00,2025-12-29 18:40:00-05:00,SHORT,25719.25,25726.25,25712.25,7.0,TARGET,1.0,0.8985714285714286,125.8,2025-12-29,2025
2025-12-29 19:20:00-05:00,2025-12-29 19:21:00-05:00,SHORT,25714.25,25717.5,25711.0,3.25,STOP,-1.0,-1.2184615384615385,-79.2,2025-12-29,2025
2025-12-30 18:05:00-05:00,2025-12-30 18:11:00-05:00,SHORT,25682.0,25690.0,25674.0,8.0,TARGET,1.0,0.91125,145.8,2025-12-30,2025
2025-12-30 20:45:00-05:00,2025-12-30 21:03:00-05:00,LONG,25616.25,25607.5,25625.0,8.75,TARGET,1.0,0.9188571428571428,160.79999999999998,2025-12-30,2025
2026-01-01 18:30:00-05:00,2026-01-01 18:32:00-05:00,SHORT,25485.0,25495.25,25474.75,10.25,STOP,-1.0,-1.069268292682927,-219.20000000000002,2026-01-01,2026
2026-01-01 19:45:00-05:00,2026-01-01 19:45:00-05:00,LONG,25499.5,25492.75,25506.25,6.75,TARGET,1.0,0.8948148148148148,120.8,2026-01-01,2026
2026-01-04 19:15:00-05:00,2026-01-04 19:15:00-05:00,LONG,25453.75,25447.75,25459.75,6.0,TARGET,1.0,0.8816666666666667,105.80000000000001,2026-01-04,2026
2026-01-04 20:35:00-05:00,2026-01-04 20:37:00-05:00,SHORT,25466.25,25474.75,25457.75,8.5,STOP,-1.0,-1.0835294117647059,-184.2,2026-01-04,2026
2026-01-05 21:00:00-05:00,2026-01-05 21:01:00-05:00,SHORT,25598.0,25603.25,25592.75,5.25,STOP,-1.0,-1.1352380952380952,-119.19999999999999,2026-01-05,2026
2026-01-05 22:15:00-05:00,2026-01-05 22:49:00-05:00,SHORT,25625.0,25629.75,25620.25,4.75,TARGET,1.0,0.8505263157894737,80.8,2026-01-05,2026
2026-01-06 18:50:00-05:00,2026-01-06 18:53:00-05:00,SHORT,25822.0,25828.0,25816.0,6.0,STOP,-1.0,-1.1183333333333334,-134.20000000000002,2026-01-06,2026
2026-01-07 08:20:00-05:00,2026-01-07 08:20:00-05:00,SHORT,25767.0,25773.75,25760.25,6.75,STOP,-1.0,-1.1051851851851853,-149.20000000000002,2026-01-06,2026
2026-01-07 18:40:00-05:00,2026-01-07 18:41:00-05:00,SHORT,25831.0,25833.75,25828.25,2.75,STOP,-1.0,-1.2581818181818183,-69.2,2026-01-07,2026
2026-01-07 19:20:00-05:00,2026-01-07 19:25:00-05:00,SHORT,25823.0,25828.75,25817.25,5.75,TARGET,1.0,0.8765217391304347,100.8,2026-01-07,2026
2026-01-08 18:20:00-05:00,2026-01-08 18:20:00-05:00,LONG,25707.75,25705.5,25710.0,2.25,TARGET,1.0,0.6844444444444444,30.799999999999997,2026-01-08,2026
2026-01-08 19:00:00-05:00,2026-01-08 19:00:00-05:00,LONG,25675.25,25671.25,25679.25,4.0,TARGET,1.0,0.8225,65.8,2026-01-08,2026
2026-01-11 18:50:00-05:00,2026-01-11 18:59:00-05:00,LONG,25904.75,25894.5,25915.0,10.25,STOP,-1.0,-1.069268292682927,-219.20000000000002,2026-01-11,2026
2026-01-11 21:30:00-05:00,2026-01-11 21:32:00-05:00,LONG,25740.5,25731.0,25750.0,9.5,TARGET,1.0,0.9252631578947368,175.79999999999998,2026-01-11,2026
2026-01-12 18:35:00-05:00,2026-01-12 18:40:00-05:00,LONG,25928.5,25921.5,25935.5,7.0,STOP,-1.0,-1.1014285714285714,-154.2,2026-01-12,2026
2026-01-12 20:00:00-05:00,2026-01-12 20:04:00-05:00,LONG,25875.0,25871.0,25879.0,4.0,TARGET,1.0,0.8225,65.8,2026-01-12,2026
2026-01-13 18:15:00-05:00,2026-01-13 18:27:00-05:00,LONG,25901.25,25890.5,25912.0,10.75,STOP,-1.0,-1.066046511627907,-229.2,2026-01-13,2026
2026-01-13 19:35:00-05:00,2026-01-13 19:42:00-05:00,SHORT,25917.5,25925.25,25909.75,7.75,TARGET,1.0,0.9083870967741936,140.8,2026-01-13,2026
2026-01-14 19:20:00-05:00,2026-01-14 19:20:00-05:00,LONG,25595.75,25592.5,25599.0,3.25,STOP,-1.0,-1.2184615384615385,-79.2,2026-01-14,2026
2026-01-14 21:55:00-05:00,2026-01-14 21:56:00-05:00,SHORT,25612.0,25613.5,25610.5,1.5,STOP,-1.0,-1.4733333333333334,-44.2,2026-01-14,2026
2026-01-15 19:10:00-05:00,2026-01-15 19:12:00-05:00,LONG,25735.75,25730.5,25741.0,5.25,TARGET,1.0,0.8647619047619047,90.8,2026-01-15,2026
2026-01-15 19:50:00-05:00,2026-01-15 19:55:00-05:00,SHORT,25754.5,25761.25,25747.75,6.75,STOP,-1.0,-1.1051851851851853,-149.20000000000002,2026-01-15,2026
2026-01-18 20:50:00-05:00,2026-01-18 20:51:00-05:00,LONG,25410.0,25398.5,25421.5,11.5,STOP,-1.0,-1.0617391304347825,-244.2,2026-01-18,2026
2026-01-18 21:50:00-05:00,2026-01-18 21:50:00-05:00,SHORT,25415.0,25420.0,25410.0,5.0,TARGET,1.0,0.858,85.8,2026-01-18,2026
2026-01-19 20:50:00-05:00,2026-01-19 20:51:00-05:00,SHORT,25426.5,25433.0,25420.0,6.5,TARGET,1.0,0.8907692307692308,115.8,2026-01-19,2026
2026-01-19 22:10:00-05:00,2026-01-19 22:11:00-05:00,LONG,25421.25,25412.5,25430.0,8.75,TARGET,1.0,0.9188571428571428,160.79999999999998,2026-01-19,2026
2026-01-20 19:45:00-05:00,2026-01-20 19:47:00-05:00,SHORT,25173.25,25183.5,25163.0,10.25,STOP,-1.0,-1.069268292682927,-219.20000000000002,2026-01-20,2026
2026-01-20 20:45:00-05:00,2026-01-20 20:47:00-05:00,SHORT,25213.5,25219.25,25207.75,5.75,TARGET,1.0,0.8765217391304347,100.8,2026-01-20,2026
2026-01-21 20:00:00-05:00,2026-01-21 20:15:00-05:00,LONG,25559.5,25551.25,25567.75,8.25,TARGET,1.0,0.9139393939393939,150.8,2026-01-21,2026
2026-01-21 20:40:00-05:00,2026-01-21 20:43:00-05:00,SHORT,25589.5,25599.0,25580.0,9.5,STOP,-1.0,-1.0747368421052632,-204.20000000000002,2026-01-21,2026
2026-01-22 19:50:00-05:00,2026-01-22 19:53:00-05:00,SHORT,25640.5,25649.25,25631.75,8.75,STOP,-1.0,-1.0811428571428572,-189.20000000000002,2026-01-22,2026
2026-01-22 21:15:00-05:00,2026-01-22 21:15:00-05:00,SHORT,25687.25,25689.0,25685.5,1.75,STOP,-1.0,-1.4057142857142857,-49.2,2026-01-22,2026
2026-01-25 20:50:00-05:00,2026-01-25 20:51:00-05:00,SHORT,25653.0,25660.0,25646.0,7.0,TARGET,1.0,0.8985714285714286,125.8,2026-01-25,2026
2026-01-25 21:30:00-05:00,2026-01-25 21:31:00-05:00,LONG,25649.75,25641.0,25658.5,8.75,STOP,-1.0,-1.0811428571428572,-189.20000000000002,2026-01-25,2026
2026-01-26 18:50:00-05:00,2026-01-26 18:52:00-05:00,SHORT,25884.75,25888.0,25881.5,3.25,TARGET,1.0,0.7815384615384615,50.8,2026-01-26,2026
2026-01-26 19:40:00-05:00,2026-01-26 19:41:00-05:00,SHORT,25898.5,25902.5,25894.5,4.0,STOP,-1.0,-1.1775,-94.2,2026-01-26,2026
2026-01-27 18:45:00-05:00,2026-01-27 18:45:00-05:00,SHORT,26139.0,26140.5,26137.5,1.5,STOP,-1.0,-1.4733333333333334,-44.2,2026-01-27,2026
2026-01-27 20:40:00-05:00,2026-01-27 20:43:00-05:00,LONG,26216.5,26212.0,26221.0,4.5,STOP,-1.0,-1.1577777777777778,-104.2,2026-01-27,2026
2026-01-28 20:05:00-05:00,2026-01-28 20:10:00-05:00,SHORT,26160.25,26168.75,26151.75,8.5,TARGET,1.0,0.9164705882352941,155.8,2026-01-28,2026
2026-01-28 22:05:00-05:00,2026-01-28 22:09:00-05:00,SHORT,26173.25,26179.5,26167.0,6.25,TARGET,1.0,0.8864,110.8,2026-01-28,2026
2026-01-29 20:20:00-05:00,2026-01-29 20:22:00-05:00,LONG,25905.75,25894.75,25916.75,11.0,STOP,-1.0,-1.0645454545454545,-234.2,2026-01-29,2026
2026-01-29 22:35:00-05:00,2026-01-29 22:40:00-05:00,SHORT,25868.75,25880.0,25857.5,11.25,TARGET,1.0,0.9368888888888889,210.8,2026-01-29,2026
2026-02-01 20:05:00-05:00,2026-02-01 20:05:00-05:00,SHORT,25629.0,25637.5,25620.5,8.5,TARGET,1.0,0.9164705882352941,155.8,2026-02-01,2026
2026-02-02 03:25:00-05:00,2026-02-02 03:25:00-05:00,SHORT,25393.75,25403.25,25384.25,9.5,TARGET,1.0,0.9252631578947368,175.79999999999998,2026-02-01,2026
2026-02-02 22:40:00-05:00,2026-02-02 22:40:00-05:00,SHORT,25941.75,25947.25,25936.25,5.5,STOP,-1.0,-1.1290909090909091,-124.2,2026-02-02,2026
2026-02-02 23:30:00-05:00,2026-02-02 23:31:00-05:00,LONG,25962.0,25952.5,25971.5,9.5,TARGET,1.0,0.9252631578947368,175.79999999999998,2026-02-02,2026
2026-02-03 18:55:00-05:00,2026-02-03 18:55:00-05:00,SHORT,25419.25,25420.5,25418.0,1.25,STOP,-1.0,-1.568,-39.2,2026-02-03,2026
2026-02-03 19:45:00-05:00,2026-02-03 19:45:00-05:00,LONG,25401.5,25395.0,25408.0,6.5,TARGET,1.0,0.8907692307692308,115.8,2026-02-03,2026
2026-02-04 20:45:00-05:00,2026-02-04 20:46:00-05:00,SHORT,25144.75,25152.75,25136.75,8.0,STOP,-1.0,-1.08875,-174.20000000000002,2026-02-04,2026
2026-02-05 01:10:00-05:00,2026-02-05 01:10:00-05:00,SHORT,25020.75,25026.75,25014.75,6.0,STOP,-1.0,-1.1183333333333334,-134.20000000000002,2026-02-04,2026
2026-02-05 22:35:00-05:00,2026-02-05 22:35:00-05:00,SHORT,24539.75,24549.75,24529.75,10.0,STOP,-1.0,-1.071,-214.2,2026-02-05,2026
2026-02-06 01:25:00-05:00,2026-02-06 01:26:00-05:00,SHORT,24601.0,24612.25,24589.75,11.25,TARGET,1.0,0.9368888888888889,210.8,2026-02-05,2026
2026-02-08 22:20:00-05:00,2026-02-08 22:20:00-05:00,LONG,25221.0,25216.5,25225.5,4.5,STOP,-1.0,-1.1577777777777778,-104.2,2026-02-08,2026
2026-02-08 23:25:00-05:00,2026-02-08 23:31:00-05:00,LONG,25212.75,25205.25,25220.25,7.5,STOP,-1.0,-1.0946666666666667,-164.2,2026-02-08,2026
2026-02-09 19:50:00-05:00,2026-02-09 19:53:00-05:00,LONG,25317.0,25309.5,25324.5,7.5,TARGET,1.0,0.9053333333333333,135.8,2026-02-09,2026
2026-02-09 21:55:00-05:00,2026-02-09 21:57:00-05:00,SHORT,25310.75,25316.0,25305.5,5.25,TARGET,1.0,0.8647619047619047,90.8,2026-02-09,2026
2026-02-10 18:40:00-05:00,2026-02-10 18:44:00-05:00,LONG,25274.5,25267.25,25281.75,7.25,TARGET,1.0,0.9020689655172414,130.8,2026-02-10,2026
2026-02-10 19:20:00-05:00,2026-02-10 19:20:00-05:00,LONG,25273.5,25270.75,25276.25,2.75,STOP,-1.0,-1.2581818181818183,-69.2,2026-02-10,2026
2026-02-11 20:55:00-05:00,2026-02-11 20:56:00-05:00,LONG,25294.0,25289.5,25298.5,4.5,TARGET,1.0,0.8422222222222222,75.8,2026-02-11,2026
2026-02-11 23:05:00-05:00,2026-02-11 23:08:00-05:00,LONG,25313.5,25306.25,25320.75,7.25,STOP,-1.0,-1.0979310344827586,-159.2,2026-02-11,2026
2026-02-12 20:50:00-05:00,2026-02-12 20:50:00-05:00,SHORT,24809.75,24814.25,24805.25,4.5,STOP,-1.0,-1.1577777777777778,-104.2,2026-02-12,2026
2026-02-12 21:50:00-05:00,2026-02-12 22:03:00-05:00,LONG,24805.0,24793.5,24816.5,11.5,TARGET,1.0,0.9382608695652174,215.79999999999998,2026-02-12,2026
2026-02-15 19:40:00-05:00,2026-02-15 19:44:00-05:00,SHORT,24842.0,24849.75,24834.25,7.75,TARGET,1.0,0.9083870967741936,140.8,2026-02-15,2026
2026-02-15 20:45:00-05:00,2026-02-15 20:49:00-05:00,LONG,24836.5,24827.25,24845.75,9.25,TARGET,1.0,0.9232432432432433,170.8,2026-02-15,2026
2026-02-16 23:15:00-05:00,2026-02-16 23:31:00-05:00,SHORT,24619.0,24630.5,24607.5,11.5,TARGET,1.0,0.9382608695652174,215.79999999999998,2026-02-16,2026
2026-02-17 00:10:00-05:00,2026-02-17 00:14:00-05:00,LONG,24611.5,24604.5,24618.5,7.0,STOP,-1.0,-1.1014285714285714,-154.2,2026-02-16,2026
2026-02-17 18:35:00-05:00,2026-02-17 18:35:00-05:00,LONG,24725.0,24720.5,24729.5,4.5,STOP,-1.0,-1.1577777777777778,-104.2,2026-02-17,2026
2026-02-17 20:10:00-05:00,2026-02-17 20:14:00-05:00,LONG,24715.75,24709.0,24722.5,6.75,TARGET,1.0,0.8948148148148148,120.8,2026-02-17,2026
2026-02-18 18:50:00-05:00,2026-02-18 18:57:00-05:00,LONG,24973.75,24966.25,24981.25,7.5,STOP,-1.0,-1.0946666666666667,-164.2,2026-02-18,2026
2026-02-18 21:40:00-05:00,2026-02-18 21:46:00-05:00,LONG,24977.25,24969.5,24985.0,7.75,TARGET,1.0,0.9083870967741936,140.8,2026-02-18,2026
2026-02-19 18:30:00-05:00,2026-02-19 18:33:00-05:00,SHORT,24860.25,24867.75,24852.75,7.5,STOP,-1.0,-1.0946666666666667,-164.2,2026-02-19,2026
2026-02-19 19:10:00-05:00,2026-02-19 19:11:00-05:00,SHORT,24876.5,24888.0,24865.0,11.5,STOP,-1.0,-1.0617391304347825,-244.2,2026-02-19,2026
2026-02-22 19:50:00-05:00,2026-02-22 19:52:00-05:00,LONG,24880.75,24873.0,24888.5,7.75,TARGET,1.0,0.9083870967741936,140.8,2026-02-22,2026
2026-02-22 20:30:00-05:00,2026-02-22 20:31:00-05:00,LONG,24858.75,24852.0,24865.5,6.75,TARGET,1.0,0.8948148148148148,120.8,2026-02-22,2026
2026-02-23 21:50:00-05:00,2026-02-23 22:17:00-05:00,LONG,24867.25,24857.75,24876.75,9.5,TARGET,1.0,0.9252631578947368,175.79999999999998,2026-02-23,2026
2026-02-23 22:40:00-05:00,2026-02-23 22:48:00-05:00,LONG,24876.5,24869.25,24883.75,7.25,STOP,-1.0,-1.0979310344827586,-159.2,2026-02-23,2026
2026-02-24 18:45:00-05:00,2026-02-24 18:56:00-05:00,SHORT,25030.0,25038.5,25021.5,8.5,STOP,-1.0,-1.0835294117647059,-184.2,2026-02-24,2026
2026-02-24 19:25:00-05:00,2026-02-24 19:25:00-05:00,SHORT,25041.0,25044.75,25037.25,3.75,TARGET,1.0,0.8106666666666666,60.8,2026-02-24,2026
2026-02-25 19:35:00-05:00,2026-02-25 19:37:00-05:00,SHORT,25330.75,25342.0,25319.5,11.25,TARGET,1.0,0.9368888888888889,210.8,2026-02-25,2026
2026-02-25 21:05:00-05:00,2026-02-25 21:06:00-05:00,LONG,25308.5,25303.0,25314.0,5.5,STOP,-1.0,-1.1290909090909091,-124.2,2026-02-25,2026
2026-02-26 21:00:00-05:00,2026-02-26 21:01:00-05:00,SHORT,24994.5,25004.0,24985.0,9.5,STOP,-1.0,-1.0747368421052632,-204.20000000000002,2026-02-26,2026
2026-02-26 21:40:00-05:00,2026-02-26 21:48:00-05:00,LONG,25004.5,24993.0,25016.0,11.5,TARGET,1.0,0.9382608695652174,215.79999999999998,2026-02-26,2026
2026-03-01 21:05:00-05:00,2026-03-01 21:05:00-05:00,SHORT,24867.25,24874.25,24860.25,7.0,TARGET,1.0,0.8985714285714286,125.8,2026-03-01,2026
2026-03-01 23:00:00-05:00,2026-03-01 23:11:00-05:00,LONG,24792.75,24786.5,24799.0,6.25,STOP,-1.0,-1.1136,-139.2,2026-03-01,2026
2026-03-02 18:40:00-05:00,2026-03-02 18:40:00-05:00,LONG,24949.0,24943.75,24954.25,5.25,TARGET,1.0,0.8647619047619047,90.8,2026-03-02,2026
2026-03-02 19:45:00-05:00,2026-03-02 19:45:00-05:00,SHORT,24947.25,24948.75,24945.75,1.5,TARGET,1.0,0.5266666666666666,15.799999999999999,2026-03-02,2026
2026-03-03 18:50:00-05:00,2026-03-03 18:50:00-05:00,SHORT,24735.25,24740.5,24730.0,5.25,STOP,-1.0,-1.1352380952380952,-119.19999999999999,2026-03-03,2026
2026-03-03 23:40:00-05:00,2026-03-03 23:40:00-05:00,LONG,24582.5,24572.25,24592.75,10.25,STOP,-1.0,-1.069268292682927,-219.20000000000002,2026-03-03,2026
2026-03-04 20:05:00-05:00,2026-03-04 20:06:00-05:00,LONG,25201.75,25194.75,25208.75,7.0,TARGET,1.0,0.8985714285714286,125.8,2026-03-04,2026
2026-03-04 23:40:00-05:00,2026-03-04 23:49:00-05:00,SHORT,25088.25,25096.25,25080.25,8.0,STOP,-1.0,-1.08875,-174.20000000000002,2026-03-04,2026
2026-03-05 18:15:00-05:00,2026-03-05 18:29:00-05:00,SHORT,25036.5,25046.75,25026.25,10.25,STOP,-1.0,-1.069268292682927,-219.20000000000002,2026-03-05,2026
2026-03-05 18:55:00-05:00,2026-03-05 18:56:00-05:00,SHORT,25058.75,25069.75,25047.75,11.0,STOP,-1.0,-1.0645454545454545,-234.2,2026-03-05,2026
2026-03-08 21:35:00-04:00,2026-03-08 21:35:00-04:00,SHORT,24100.0,24108.5,24091.5,8.5,STOP,-1.0,-1.0835294117647059,-184.2,2026-03-08,2026
2026-03-09 12:25:00-04:00,2026-03-09 12:25:00-04:00,SHORT,24674.25,24682.0,24666.5,7.75,TARGET,1.0,0.9083870967741936,140.8,2026-03-08,2026
2026-03-09 20:05:00-04:00,2026-03-09 20:05:00-04:00,SHORT,24884.5,24893.25,24875.75,8.75,TARGET,1.0,0.9188571428571428,160.79999999999998,2026-03-09,2026
2026-03-09 21:35:00-04:00,2026-03-09 21:35:00-04:00,LONG,24951.25,24942.5,24960.0,8.75,STOP,-1.0,-1.0811428571428572,-189.20000000000002,2026-03-09,2026
2026-03-10 19:05:00-04:00,2026-03-10 19:09:00-04:00,SHORT,24967.25,24975.75,24958.75,8.5,STOP,-1.0,-1.0835294117647059,-184.2,2026-03-10,2026
2026-03-10 20:45:00-04:00,2026-03-10 20:45:00-04:00,LONG,25061.0,25052.5,25069.5,8.5,TARGET,1.0,0.9164705882352941,155.8,2026-03-10,2026
2026-03-11 19:05:00-04:00,2026-03-11 19:06:00-04:00,SHORT,24845.25,24854.25,24836.25,9.0,TARGET,1.0,0.9211111111111111,165.8,2026-03-11,2026
2026-03-11 22:15:00-04:00,2026-03-11 22:15:00-04:00,LONG,24776.25,24773.5,24779.0,2.75,STOP,-1.0,-1.2581818181818183,-69.2,2026-03-11,2026
2026-03-12 22:00:00-04:00,2026-03-12 22:03:00-04:00,LONG,24629.25,24617.75,24640.75,11.5,TARGET,1.0,0.9382608695652174,215.79999999999998,2026-03-12,2026
2026-03-13 08:25:00-04:00,2026-03-13 08:26:00-04:00,LONG,24636.5,24630.0,24643.0,6.5,TARGET,1.0,0.8907692307692308,115.8,2026-03-12,2026
2026-03-15 19:35:00-04:00,2026-03-15 19:37:00-04:00,LONG,24426.0,24419.75,24432.25,6.25,STOP,-1.0,-1.1136,-139.2,2026-03-15,2026
2026-03-15 20:40:00-04:00,2026-03-15 20:40:00-04:00,SHORT,24506.5,24511.25,24501.75,4.75,STOP,-1.0,-1.1494736842105264,-109.20000000000002,2026-03-15,2026
2026-03-16 18:30:00-04:00,2026-03-16 18:32:00-04:00,SHORT,24865.0,24876.0,24854.0,11.0,TARGET,1.0,0.9354545454545454,205.79999999999998,2026-03-16,2026
2026-03-16 19:20:00-04:00,2026-03-16 19:33:00-04:00,LONG,24847.25,24835.75,24858.75,11.5,TARGET,1.0,0.9382608695652174,215.79999999999998,2026-03-16,2026
2026-03-17 18:10:00-04:00,2026-03-17 18:16:00-04:00,LONG,25015.0,25004.25,25025.75,10.75,STOP,-1.0,-1.066046511627907,-229.2,2026-03-17,2026
2026-03-17 19:45:00-04:00,2026-03-17 20:01:00-04:00,LONG,25005.0,24997.25,25012.75,7.75,TARGET,1.0,0.9083870967741936,140.8,2026-03-17,2026
2026-03-18 18:30:00-04:00,2026-03-18 18:30:00-04:00,LONG,24580.25,24576.75,24583.75,3.5,TARGET,1.0,0.7971428571428572,55.8,2026-03-18,2026
2026-03-18 19:15:00-04:00,2026-03-18 19:25:00-04:00,SHORT,24610.5,24619.5,24601.5,9.0,STOP,-1.0,-1.0788888888888888,-194.2,2026-03-18,2026
2026-03-19 18:25:00-04:00,2026-03-19 18:25:00-04:00,SHORT,24636.5,24644.0,24629.0,7.5,STOP,-1.0,-1.0946666666666667,-164.2,2026-03-19,2026
2026-03-19 22:35:00-04:00,2026-03-19 22:37:00-04:00,LONG,24624.5,24617.75,24631.25,6.75,STOP,-1.0,-1.1051851851851853,-149.20000000000002,2026-03-19,2026
2026-03-22 19:05:00-04:00,2026-03-22 19:10:00-04:00,SHORT,24069.5,24079.0,24060.0,9.5,STOP,-1.0,-1.0747368421052632,-204.20000000000002,2026-03-22,2026
2026-03-22 22:10:00-04:00,2026-03-22 22:10:00-04:00,SHORT,24059.25,24063.0,24055.5,3.75,STOP,-1.0,-1.1893333333333334,-89.2,2026-03-22,2026
2026-03-23 18:05:00-04:00,2026-03-23 18:05:00-04:00,LONG,24391.25,24384.75,24397.75,6.5,STOP,-1.0,-1.1092307692307692,-144.2,2026-03-23,2026
2026-03-23 19:15:00-04:00,2026-03-23 19:30:00-04:00,LONG,24471.5,24459.5,24483.5,12.0,STOP,-1.0,-1.0591666666666666,-254.2,2026-03-23,2026
2026-03-24 18:45:00-04:00,2026-03-24 18:45:00-04:00,SHORT,24423.0,24426.5,24419.5,3.5,STOP,-1.0,-1.2028571428571428,-84.2,2026-03-24,2026
2026-03-24 19:30:00-04:00,2026-03-24 19:41:00-04:00,SHORT,24433.0,24444.5,24421.5,11.5,TARGET,1.0,0.9382608695652174,215.79999999999998,2026-03-24,2026
2026-03-25 18:25:00-04:00,2026-03-25 18:25:00-04:00,LONG,24324.75,24320.0,24329.5,4.75,TARGET,1.0,0.8505263157894737,80.8,2026-03-25,2026
2026-03-26 00:45:00-04:00,2026-03-26 00:46:00-04:00,LONG,24353.0,24349.5,24356.5,3.5,STOP,-1.0,-1.2028571428571428,-84.2,2026-03-25,2026
2026-03-26 19:25:00-04:00,2026-03-26 19:25:00-04:00,LONG,23845.75,23842.25,23849.25,3.5,STOP,-1.0,-1.2028571428571428,-84.2,2026-03-26,2026
2026-03-26 21:35:00-04:00,2026-03-26 21:36:00-04:00,SHORT,23865.0,23872.5,23857.5,7.5,STOP,-1.0,-1.0946666666666667,-164.2,2026-03-26,2026
2026-03-29 19:30:00-04:00,2026-03-29 19:32:00-04:00,LONG,23164.0,23156.25,23171.75,7.75,STOP,-1.0,-1.0916129032258064,-169.2,2026-03-29,2026
2026-03-29 22:00:00-04:00,2026-03-29 22:00:00-04:00,SHORT,23201.75,23210.5,23193.0,8.75,STOP,-1.0,-1.0811428571428572,-189.20000000000002,2026-03-29,2026
2026-03-30 18:30:00-04:00,2026-03-30 18:30:00-04:00,SHORT,23122.5,23134.0,23111.0,11.5,TARGET,1.0,0.9382608695652174,215.79999999999998,2026-03-30,2026
2026-03-30 19:45:00-04:00,2026-03-30 19:45:00-04:00,LONG,23042.0,23033.75,23050.25,8.25,STOP,-1.0,-1.086060606060606,-179.2,2026-03-30,2026
2026-03-31 18:45:00-04:00,2026-03-31 18:48:00-04:00,SHORT,23962.0,23974.0,23950.0,12.0,TARGET,1.0,0.9408333333333333,225.79999999999998,2026-03-31,2026
2026-03-31 19:55:00-04:00,2026-03-31 19:58:00-04:00,SHORT,24014.75,24025.25,24004.25,10.5,STOP,-1.0,-1.0676190476190477,-224.20000000000002,2026-03-31,2026
2026-04-01 18:05:00-04:00,2026-04-01 18:05:00-04:00,SHORT,24198.5,24206.5,24190.5,8.0,TARGET,1.0,0.91125,145.8,2026-04-01,2026
2026-04-01 18:45:00-04:00,2026-04-01 18:45:00-04:00,SHORT,24195.75,24202.25,24189.25,6.5,TARGET,1.0,0.8907692307692308,115.8,2026-04-01,2026
2026-04-02 18:50:00-04:00,2026-04-02 19:00:00-04:00,LONG,24206.25,24199.5,24213.0,6.75,STOP,-1.0,-1.1051851851851853,-149.20000000000002,2026-04-02,2026
2026-04-02 21:10:00-04:00,2026-04-02 21:11:00-04:00,SHORT,24226.25,24232.25,24220.25,6.0,TARGET,1.0,0.8816666666666667,105.80000000000001,2026-04-02,2026
2026-04-05 19:55:00-04:00,2026-04-05 19:56:00-04:00,SHORT,24079.75,24087.75,24071.75,8.0,STOP,-1.0,-1.08875,-174.20000000000002,2026-04-05,2026
2026-04-05 23:45:00-04:00,2026-04-05 23:45:00-04:00,SHORT,24196.75,24199.75,24193.75,3.0,TARGET,1.0,0.7633333333333333,45.8,2026-04-05,2026
2026-04-06 19:25:00-04:00,2026-04-06 19:27:00-04:00,LONG,24314.75,24309.25,24320.25,5.5,TARGET,1.0,0.8709090909090909,95.8,2026-04-06,2026
2026-04-07 00:00:00-04:00,2026-04-07 00:03:00-04:00,SHORT,24221.5,24229.25,24213.75,7.75,STOP,-1.0,-1.0916129032258064,-169.2,2026-04-06,2026
2026-04-07 21:50:00-04:00,2026-04-07 21:50:00-04:00,SHORT,25098.25,25103.5,25093.0,5.25,STOP,-1.0,-1.1352380952380952,-119.19999999999999,2026-04-07,2026
2026-04-07 22:30:00-04:00,2026-04-07 22:30:00-04:00,LONG,25098.0,25094.5,25101.5,3.5,TARGET,1.0,0.7971428571428572,55.8,2026-04-07,2026
2026-04-08 18:50:00-04:00,2026-04-08 18:51:00-04:00,LONG,25030.5,25026.0,25035.0,4.5,TARGET,1.0,0.8422222222222222,75.8,2026-04-08,2026
2026-04-08 19:35:00-04:00,2026-04-08 19:47:00-04:00,LONG,25034.0,25026.0,25042.0,8.0,STOP,-1.0,-1.08875,-174.20000000000002,2026-04-08,2026
2026-04-09 18:10:00-04:00,2026-04-09 18:15:00-04:00,SHORT,25250.5,25255.25,25245.75,4.75,TARGET,1.0,0.8505263157894737,80.8,2026-04-09,2026
2026-04-09 19:20:00-04:00,2026-04-09 19:31:00-04:00,SHORT,25209.5,25215.75,25203.25,6.25,STOP,-1.0,-1.1136,-139.2,2026-04-09,2026
2026-04-12 19:40:00-04:00,2026-04-12 19:46:00-04:00,LONG,24934.0,24927.75,24940.25,6.25,STOP,-1.0,-1.1136,-139.2,2026-04-12,2026
2026-04-12 22:30:00-04:00,2026-04-12 22:44:00-04:00,LONG,25062.0,25056.0,25068.0,6.0,TARGET,1.0,0.8816666666666667,105.80000000000001,2026-04-12,2026
2026-04-13 18:40:00-04:00,2026-04-13 19:00:00-04:00,LONG,25587.75,25577.0,25598.5,10.75,TARGET,1.0,0.933953488372093,200.8,2026-04-13,2026
2026-04-13 19:45:00-04:00,2026-04-13 19:45:00-04:00,SHORT,25605.5,25608.0,25603.0,2.5,STOP,-1.0,-1.284,-64.2,2026-04-13,2026
2026-04-14 19:25:00-04:00,2026-04-14 19:26:00-04:00,SHORT,26009.0,26014.5,26003.5,5.5,STOP,-1.0,-1.1290909090909091,-124.2,2026-04-14,2026
2026-04-14 20:20:00-04:00,2026-04-14 20:42:00-04:00,SHORT,26013.25,26023.5,26003.0,10.25,TARGET,1.0,0.9307317073170732,190.8,2026-04-14,2026
2026-04-15 18:25:00-04:00,2026-04-15 18:25:00-04:00,SHORT,26373.0,26377.25,26368.75,4.25,TARGET,1.0,0.8329411764705883,70.80000000000001,2026-04-15,2026
2026-04-15 19:05:00-04:00,2026-04-15 19:05:00-04:00,SHORT,26393.5,26395.75,26391.25,2.25,TARGET,1.0,0.6844444444444444,30.799999999999997,2026-04-15,2026
2026-04-16 18:30:00-04:00,2026-04-16 18:30:00-04:00,SHORT,26482.25,26485.0,26479.5,2.75,STOP,-1.0,-1.2581818181818183,-69.2,2026-04-16,2026
2026-04-16 19:15:00-04:00,2026-04-16 19:17:00-04:00,LONG,26472.75,26469.75,26475.75,3.0,TARGET,1.0,0.7633333333333333,45.8,2026-04-16,2026
2026-04-19 19:45:00-04:00,2026-04-19 19:45:00-04:00,LONG,26656.0,26647.25,26664.75,8.75,STOP,-1.0,-1.0811428571428572,-189.20000000000002,2026-04-19,2026
2026-04-19 20:50:00-04:00,2026-04-19 20:51:00-04:00,SHORT,26662.75,26665.5,26660.0,2.75,TARGET,1.0,0.7418181818181818,40.8,2026-04-19,2026
2026-04-20 18:30:00-04:00,2026-04-20 18:30:00-04:00,LONG,26800.75,26796.0,26805.5,4.75,STOP,-1.0,-1.1494736842105264,-109.20000000000002,2026-04-20,2026
2026-04-20 19:10:00-04:00,2026-04-20 19:12:00-04:00,LONG,26807.0,26802.5,26811.5,4.5,TARGET,1.0,0.8422222222222222,75.8,2026-04-20,2026
2026-04-21 18:10:00-04:00,2026-04-21 18:13:00-04:00,SHORT,26749.0,26758.5,26739.5,9.5,STOP,-1.0,-1.0747368421052632,-204.20000000000002,2026-04-21,2026
2026-04-21 19:00:00-04:00,2026-04-21 19:01:00-04:00,LONG,26740.25,26733.25,26747.25,7.0,TARGET,1.0,0.8985714285714286,125.8,2026-04-21,2026
2026-04-22 18:35:00-04:00,2026-04-22 19:18:00-04:00,LONG,27084.5,27076.5,27092.5,8.0,TARGET,1.0,0.91125,145.8,2026-04-22,2026
2026-04-22 19:15:00-04:00,2026-04-22 19:15:00-04:00,SHORT,27091.75,27092.75,27090.75,1.0,TARGET,1.0,0.29000000000000004,5.800000000000001,2026-04-22,2026
2026-04-23 18:25:00-04:00,2026-04-23 18:41:00-04:00,SHORT,27035.25,27046.75,27023.75,11.5,TARGET,1.0,0.9382608695652174,215.79999999999998,2026-04-23,2026
2026-04-23 19:20:00-04:00,2026-04-23 19:21:00-04:00,LONG,27037.75,27033.0,27042.5,4.75,TARGET,1.0,0.8505263157894737,80.8,2026-04-23,2026
2026-04-26 22:25:00-04:00,2026-04-26 22:38:00-04:00,LONG,27521.0,27510.5,27531.5,10.5,TARGET,1.0,0.9323809523809524,195.8,2026-04-26,2026
2026-04-26 23:30:00-04:00,2026-04-26 23:30:00-04:00,SHORT,27528.25,27530.0,27526.5,1.75,STOP,-1.0,-1.4057142857142857,-49.2,2026-04-26,2026
2026-04-27 18:55:00-04:00,2026-04-27 18:55:00-04:00,LONG,27485.5,27481.5,27489.5,4.0,STOP,-1.0,-1.1775,-94.2,2026-04-27,2026
2026-04-27 19:35:00-04:00,2026-04-27 19:37:00-04:00,SHORT,27492.75,27499.0,27486.5,6.25,STOP,-1.0,-1.1136,-139.2,2026-04-27,2026
2026-04-28 18:30:00-04:00,2026-04-28 18:30:00-04:00,LONG,27215.0,27208.75,27221.25,6.25,TARGET,1.0,0.8864,110.8,2026-04-28,2026
2026-04-28 19:15:00-04:00,2026-04-28 19:30:00-04:00,LONG,27220.25,27213.25,27227.25,7.0,TARGET,1.0,0.8985714285714286,125.8,2026-04-28,2026
2026-04-29 18:40:00-04:00,2026-04-29 18:40:00-04:00,LONG,27459.0,27456.5,27461.5,2.5,STOP,-1.0,-1.284,-64.2,2026-04-29,2026
2026-04-29 20:55:00-04:00,2026-04-29 20:55:00-04:00,LONG,27598.25,27594.0,27602.5,4.25,TARGET,1.0,0.8329411764705883,70.80000000000001,2026-04-29,2026
2026-04-30 18:35:00-04:00,2026-04-30 18:36:00-04:00,LONG,27617.5,27611.0,27624.0,6.5,STOP,-1.0,-1.1092307692307692,-144.2,2026-04-30,2026
2026-04-30 19:20:00-04:00,2026-04-30 19:29:00-04:00,SHORT,27594.5,27604.75,27584.25,10.25,STOP,-1.0,-1.069268292682927,-219.20000000000002,2026-04-30,2026
2026-05-03 18:45:00-04:00,2026-05-03 18:45:00-04:00,SHORT,27854.75,27861.25,27848.25,6.5,STOP,-1.0,-1.1092307692307692,-144.2,2026-05-03,2026
2026-05-03 21:55:00-04:00,2026-05-03 21:56:00-04:00,SHORT,27912.75,27920.5,27905.0,7.75,STOP,-1.0,-1.0916129032258064,-169.2,2026-05-03,2026
2026-05-04 18:30:00-04:00,2026-05-04 18:30:00-04:00,SHORT,27778.0,27781.75,27774.25,3.75,TARGET,1.0,0.8106666666666666,60.8,2026-05-04,2026
2026-05-04 19:35:00-04:00,2026-05-04 19:45:00-04:00,LONG,27753.0,27744.25,27761.75,8.75,STOP,-1.0,-1.0811428571428572,-189.20000000000002,2026-05-04,2026
2026-05-05 21:50:00-04:00,2026-05-05 21:51:00-04:00,SHORT,28291.0,28299.0,28283.0,8.0,TARGET,1.0,0.91125,145.8,2026-05-05,2026
2026-05-05 22:55:00-04:00,2026-05-05 22:55:00-04:00,SHORT,28278.5,28283.5,28273.5,5.0,STOP,-1.0,-1.142,-114.19999999999999,2026-05-05,2026
2026-05-06 18:55:00-04:00,2026-05-06 19:09:00-04:00,SHORT,28675.25,28682.0,28668.5,6.75,STOP,-1.0,-1.1051851851851853,-149.20000000000002,2026-05-06,2026
2026-05-06 23:00:00-04:00,2026-05-06 23:00:00-04:00,SHORT,28686.5,28691.5,28681.5,5.0,TARGET,1.0,0.858,85.8,2026-05-06,2026
2026-05-07 19:05:00-04:00,2026-05-07 19:09:00-04:00,SHORT,28620.5,28629.5,28611.5,9.0,STOP,-1.0,-1.0788888888888888,-194.2,2026-05-07,2026
2026-05-07 20:35:00-04:00,2026-05-07 20:35:00-04:00,SHORT,28724.0,28727.5,28720.5,3.5,STOP,-1.0,-1.2028571428571428,-84.2,2026-05-07,2026
2026-05-10 18:55:00-04:00,2026-05-10 18:58:00-04:00,SHORT,29279.25,29290.25,29268.25,11.0,STOP,-1.0,-1.0645454545454545,-234.2,2026-05-10,2026
2026-05-10 19:50:00-04:00,2026-05-10 19:54:00-04:00,SHORT,29311.0,29317.75,29304.25,6.75,TARGET,1.0,0.8948148148148148,120.8,2026-05-10,2026
2026-05-11 18:50:00-04:00,2026-05-11 18:58:00-04:00,SHORT,29450.0,29456.25,29443.75,6.25,TARGET,1.0,0.8864,110.8,2026-05-11,2026
2026-05-11 21:15:00-04:00,2026-05-11 21:15:00-04:00,LONG,29366.5,29365.0,29368.0,1.5,STOP,-1.0,-1.4733333333333334,-44.2,2026-05-11,2026
2026-05-12 18:10:00-04:00,2026-05-12 18:10:00-04:00,SHORT,29166.75,29170.5,29163.0,3.75,TARGET,1.0,0.8106666666666666,60.8,2026-05-12,2026
2026-05-12 18:55:00-04:00,2026-05-12 18:56:00-04:00,LONG,29168.0,29159.25,29176.75,8.75,STOP,-1.0,-1.0811428571428572,-189.20000000000002,2026-05-12,2026
2026-05-13 18:10:00-04:00,2026-05-13 18:15:00-04:00,SHORT,29551.5,29562.25,29540.75,10.75,STOP,-1.0,-1.066046511627907,-229.2,2026-05-13,2026
2026-05-13 22:25:00-04:00,2026-05-13 22:26:00-04:00,SHORT,29622.5,29631.0,29614.0,8.5,STOP,-1.0,-1.0835294117647059,-184.2,2026-05-13,2026
2026-05-14 18:50:00-04:00,2026-05-14 18:56:00-04:00,SHORT,29710.0,29718.25,29701.75,8.25,STOP,-1.0,-1.086060606060606,-179.2,2026-05-14,2026
2026-05-14 19:40:00-04:00,2026-05-14 19:40:00-04:00,SHORT,29726.5,29734.5,29718.5,8.0,TARGET,1.0,0.91125,145.8,2026-05-14,2026
2026-05-17 22:40:00-04:00,2026-05-17 22:40:00-04:00,LONG,29044.25,29037.5,29051.0,6.75,STOP,-1.0,-1.1051851851851853,-149.20000000000002,2026-05-17,2026
2026-05-18 00:05:00-04:00,2026-05-18 00:05:00-04:00,SHORT,29064.5,29070.5,29058.5,6.0,STOP,-1.0,-1.1183333333333334,-134.20000000000002,2026-05-17,2026
2026-05-18 19:20:00-04:00,2026-05-18 19:22:00-04:00,LONG,29151.5,29143.5,29159.5,8.0,TARGET,1.0,0.91125,145.8,2026-05-18,2026
2026-05-18 23:55:00-04:00,2026-05-18 23:56:00-04:00,LONG,28999.75,28988.5,29011.0,11.25,STOP,-1.0,-1.0631111111111111,-239.2,2026-05-18,2026
2026-05-19 23:55:00-04:00,2026-05-19 23:57:00-04:00,LONG,28886.0,28879.0,28893.0,7.0,TARGET,1.0,0.8985714285714286,125.8,2026-05-19,2026
2026-05-20 03:30:00-04:00,2026-05-20 03:31:00-04:00,SHORT,29054.0,29065.5,29042.5,11.5,TARGET,1.0,0.9382608695652174,215.79999999999998,2026-05-19,2026
2026-05-20 18:45:00-04:00,2026-05-20 18:45:00-04:00,SHORT,29183.5,29189.75,29177.25,6.25,TARGET,1.0,0.8864,110.8,2026-05-20,2026
2026-05-20 20:05:00-04:00,2026-05-20 20:06:00-04:00,SHORT,29201.25,29211.25,29191.25,10.0,TARGET,1.0,0.929,185.8,2026-05-20,2026
2026-05-21 18:45:00-04:00,2026-05-21 18:45:00-04:00,SHORT,29513.5,29516.5,29510.5,3.0,STOP,-1.0,-1.2366666666666666,-74.19999999999999,2026-05-21,2026
2026-05-21 19:25:00-04:00,2026-05-21 19:37:00-04:00,LONG,29540.75,29534.5,29547.0,6.25,STOP,-1.0,-1.1136,-139.2,2026-05-21,2026
2026-05-24 19:10:00-04:00,2026-05-24 19:23:00-04:00,SHORT,29821.5,29832.25,29810.75,10.75,TARGET,1.0,0.933953488372093,200.8,2026-05-24,2026
2026-05-24 20:30:00-04:00,2026-05-24 20:30:00-04:00,SHORT,29884.5,29892.5,29876.5,8.0,STOP,-1.0,-1.08875,-174.20000000000002,2026-05-24,2026
2026-05-25 22:10:00-04:00,2026-05-25 22:10:00-04:00,SHORT,29820.75,29826.25,29815.25,5.5,STOP,-1.0,-1.1290909090909091,-124.2,2026-05-25,2026
2026-05-25 23:05:00-04:00,2026-05-25 23:05:00-04:00,SHORT,29815.0,29820.5,29809.5,5.5,STOP,-1.0,-1.1290909090909091,-124.2,2026-05-25,2026
2026-05-26 19:05:00-04:00,2026-05-26 19:06:00-04:00,SHORT,30048.25,30053.0,30043.5,4.75,TARGET,1.0,0.8505263157894737,80.8,2026-05-26,2026
2026-05-26 20:05:00-04:00,2026-05-26 20:06:00-04:00,SHORT,30099.5,30106.5,30092.5,7.0,STOP,-1.0,-1.1014285714285714,-154.2,2026-05-26,2026
2026-05-27 19:10:00-04:00,2026-05-27 19:16:00-04:00,LONG,30056.25,30044.75,30067.75,11.5,STOP,-1.0,-1.0617391304347825,-244.2,2026-05-27,2026
2026-05-28 02:20:00-04:00,2026-05-28 02:20:00-04:00,SHORT,29933.0,29934.5,29931.5,1.5,STOP,-1.0,-1.4733333333333334,-44.2,2026-05-27,2026
2026-05-28 18:45:00-04:00,2026-05-28 18:45:00-04:00,SHORT,30308.25,30313.5,30303.0,5.25,STOP,-1.0,-1.1352380952380952,-119.19999999999999,2026-05-28,2026
2026-05-28 23:05:00-04:00,2026-05-28 23:05:00-04:00,SHORT,30250.25,30253.5,30247.0,3.25,STOP,-1.0,-1.2184615384615385,-79.2,2026-05-28,2026
2026-05-31 20:55:00-04:00,2026-05-31 20:55:00-04:00,SHORT,30546.75,30554.5,30539.0,7.75,STOP,-1.0,-1.0916129032258064,-169.2,2026-05-31,2026
2026-05-31 22:25:00-04:00,2026-05-31 22:27:00-04:00,SHORT,30564.0,30569.25,30558.75,5.25,TARGET,1.0,0.8647619047619047,90.8,2026-05-31,2026
2026-06-02 00:25:00-04:00,2026-06-02 00:26:00-04:00,SHORT,30386.5,30393.25,30379.75,6.75,STOP,-1.0,-1.1051851851851853,-149.20000000000002,2026-06-01,2026
2026-06-02 02:20:00-04:00,2026-06-02 02:20:00-04:00,SHORT,30490.75,30494.25,30487.25,3.5,STOP,-1.0,-1.2028571428571428,-84.2,2026-06-01,2026
2026-06-02 20:50:00-04:00,2026-06-02 20:51:00-04:00,SHORT,30713.0,30719.0,30707.0,6.0,STOP,-1.0,-1.1183333333333334,-134.20000000000002,2026-06-02,2026
2026-06-02 22:20:00-04:00,2026-06-02 22:20:00-04:00,SHORT,30687.0,30696.75,30677.25,9.75,TARGET,1.0,0.9271794871794872,180.8,2026-06-02,2026
2026-06-03 20:55:00-04:00,2026-06-03 20:55:00-04:00,SHORT,30500.25,30503.25,30497.25,3.0,TARGET,1.0,0.7633333333333333,45.8,2026-06-03,2026
2026-06-03 23:45:00-04:00,2026-06-03 23:45:00-04:00,LONG,30454.5,30449.5,30459.5,5.0,TARGET,1.0,0.858,85.8,2026-06-03,2026
2026-06-04 18:50:00-04:00,2026-06-04 18:58:00-04:00,SHORT,30352.5,30361.25,30343.75,8.75,STOP,-1.0,-1.0811428571428572,-189.20000000000002,2026-06-04,2026
2026-06-04 23:05:00-04:00,2026-06-04 23:06:00-04:00,LONG,30209.75,30201.75,30217.75,8.0,STOP,-1.0,-1.08875,-174.20000000000002,2026-06-04,2026
2026-06-07 19:25:00-04:00,2026-06-07 19:25:00-04:00,LONG,28948.75,28938.0,28959.5,10.75,TARGET,1.0,0.933953488372093,200.8,2026-06-07,2026
2026-06-07 20:10:00-04:00,2026-06-07 20:10:00-04:00,SHORT,29136.5,29142.5,29130.5,6.0,TARGET,1.0,0.8816666666666667,105.80000000000001,2026-06-07,2026
2026-06-08 18:40:00-04:00,2026-06-08 18:43:00-04:00,SHORT,29367.5,29375.0,29360.0,7.5,STOP,-1.0,-1.0946666666666667,-164.2,2026-06-08,2026
2026-06-08 22:20:00-04:00,2026-06-08 22:20:00-04:00,LONG,29482.75,29477.75,29487.75,5.0,STOP,-1.0,-1.142,-114.19999999999999,2026-06-08,2026
2026-06-09 19:30:00-04:00,2026-06-09 19:30:00-04:00,LONG,29005.5,28997.25,29013.75,8.25,STOP,-1.0,-1.086060606060606,-179.2,2026-06-09,2026
2026-06-10 00:05:00-04:00,2026-06-10 00:05:00-04:00,LONG,28978.75,28971.25,28986.25,7.5,STOP,-1.0,-1.0946666666666667,-164.2,2026-06-09,2026
2026-06-10 22:55:00-04:00,2026-06-10 22:55:00-04:00,SHORT,28593.25,28604.5,28582.0,11.25,STOP,-1.0,-1.0631111111111111,-239.2,2026-06-10,2026
2026-06-11 01:40:00-04:00,2026-06-11 01:40:00-04:00,SHORT,28739.75,28748.25,28731.25,8.5,STOP,-1.0,-1.0835294117647059,-184.2,2026-06-10,2026
2026-06-11 18:45:00-04:00,2026-06-11 18:45:00-04:00,SHORT,29550.75,29557.75,29543.75,7.0,STOP,-1.0,-1.1014285714285714,-154.2,2026-06-11,2026
2026-06-11 22:45:00-04:00,2026-06-11 22:45:00-04:00,SHORT,29545.5,29551.25,29539.75,5.75,STOP,-1.0,-1.1234782608695653,-129.20000000000002,2026-06-11,2026
2026-06-14 20:40:00-04:00,2026-06-14 20:40:00-04:00,LONG,30440.0,30435.5,30444.5,4.5,STOP,-1.0,-1.1577777777777778,-104.2,2026-06-14,2026
2026-06-14 22:20:00-04:00,2026-06-14 22:21:00-04:00,SHORT,30487.5,30491.0,30484.0,3.5,STOP,-1.0,-1.2028571428571428,-84.2,2026-06-14,2026
2026-06-15 21:40:00-04:00,2026-06-15 21:41:00-04:00,SHORT,30793.5,30798.5,30788.5,5.0,TARGET,1.0,0.858,85.8,2026-06-15,2026
2026-06-15 23:10:00-04:00,2026-06-15 23:13:00-04:00,SHORT,30793.75,30799.25,30788.25,5.5,TARGET,1.0,0.8709090909090909,95.8,2026-06-15,2026
2026-06-16 18:25:00-04:00,2026-06-16 18:31:00-04:00,SHORT,30371.0,30377.5,30364.5,6.5,STOP,-1.0,-1.1092307692307692,-144.2,2026-06-16,2026
2026-06-16 20:55:00-04:00,2026-06-16 20:58:00-04:00,LONG,30376.75,30366.75,30386.75,10.0,TARGET,1.0,0.929,185.8,2026-06-16,2026
2026-06-17 19:30:00-04:00,2026-06-17 19:31:00-04:00,SHORT,30291.0,30300.5,30281.5,9.5,STOP,-1.0,-1.0747368421052632,-204.20000000000002,2026-06-17,2026
2026-06-17 20:45:00-04:00,2026-06-17 20:45:00-04:00,SHORT,30409.5,30416.25,30402.75,6.75,TARGET,1.0,0.8948148148148148,120.8,2026-06-17,2026
2026-06-18 18:55:00-04:00,2026-06-18 18:55:00-04:00,SHORT,30673.25,30680.0,30666.5,6.75,TARGET,1.0,0.8948148148148148,120.8,2026-06-18,2026
2026-06-18 21:00:00-04:00,2026-06-18 21:00:00-04:00,LONG,30644.0,30638.0,30650.0,6.0,TARGET,1.0,0.8816666666666667,105.80000000000001,2026-06-18,2026
2026-06-21 21:30:00-04:00,2026-06-21 21:30:00-04:00,SHORT,30650.0,30659.25,30640.75,9.25,TARGET,1.0,0.9232432432432433,170.8,2026-06-21,2026
2026-06-21 22:35:00-04:00,2026-06-21 22:41:00-04:00,LONG,30589.25,30582.25,30596.25,7.0,TARGET,1.0,0.8985714285714286,125.8,2026-06-21,2026
2026-06-22 19:35:00-04:00,2026-06-22 19:35:00-04:00,SHORT,30567.0,30575.5,30558.5,8.5,STOP,-1.0,-1.0835294117647059,-184.2,2026-06-22,2026
2026-06-23 00:40:00-04:00,2026-06-23 00:40:00-04:00,LONG,30309.75,30302.0,30317.5,7.75,STOP,-1.0,-1.0916129032258064,-169.2,2026-06-22,2026
2026-06-23 19:00:00-04:00,2026-06-23 19:00:00-04:00,SHORT,29680.0,29689.25,29670.75,9.25,TARGET,1.0,0.9232432432432433,170.8,2026-06-23,2026
2026-06-24 01:00:00-04:00,2026-06-24 01:00:00-04:00,SHORT,29784.5,29790.5,29778.5,6.0,STOP,-1.0,-1.1183333333333334,-134.20000000000002,2026-06-23,2026
2026-06-24 18:30:00-04:00,2026-06-24 18:30:00-04:00,LONG,30059.25,30051.75,30066.75,7.5,TARGET,1.0,0.9053333333333333,135.8,2026-06-24,2026
2026-06-24 19:10:00-04:00,2026-06-24 19:11:00-04:00,SHORT,30065.5,30075.25,30055.75,9.75,STOP,-1.0,-1.0728205128205128,-209.2,2026-06-24,2026
2026-06-25 18:45:00-04:00,2026-06-25 18:45:00-04:00,SHORT,29661.75,29668.25,29655.25,6.5,TARGET,1.0,0.8907692307692308,115.8,2026-06-25,2026
2026-06-26 05:15:00-04:00,2026-06-26 05:15:00-04:00,SHORT,29397.5,29409.25,29385.75,11.75,STOP,-1.0,-1.0604255319148936,-249.20000000000002,2026-06-25,2026
2026-06-28 23:10:00-04:00,2026-06-28 23:11:00-04:00,SHORT,29568.5,29579.5,29557.5,11.0,TARGET,1.0,0.9354545454545454,205.79999999999998,2026-06-28,2026
2026-06-29 00:35:00-04:00,2026-06-29 00:35:00-04:00,LONG,29526.5,29519.75,29533.25,6.75,TARGET,1.0,0.8948148148148148,120.8,2026-06-28,2026
2026-06-29 19:50:00-04:00,2026-06-29 19:52:00-04:00,LONG,30032.0,30021.75,30042.25,10.25,STOP,-1.0,-1.069268292682927,-219.20000000000002,2026-06-29,2026
2026-06-29 22:45:00-04:00,2026-06-29 22:48:00-04:00,LONG,30023.25,30016.25,30030.25,7.0,TARGET,1.0,0.8985714285714286,125.8,2026-06-29,2026
2026-06-30 18:35:00-04:00,2026-06-30 18:35:00-04:00,LONG,30514.5,30511.5,30517.5,3.0,STOP,-1.0,-1.2366666666666666,-74.19999999999999,2026-06-30,2026
2026-06-30 23:05:00-04:00,2026-06-30 23:06:00-04:00,SHORT,30439.75,30448.75,30430.75,9.0,STOP,-1.0,-1.0788888888888888,-194.2,2026-06-30,2026
2026-07-01 19:00:00-04:00,2026-07-01 19:00:00-04:00,SHORT,30108.25,30118.5,30098.0,10.25,TARGET,1.0,0.9307317073170732,190.8,2026-07-01,2026
2026-07-01 21:30:00-04:00,2026-07-01 21:30:00-04:00,SHORT,30195.25,30205.75,30184.75,10.5,STOP,-1.0,-1.0676190476190477,-224.20000000000002,2026-07-01,2026
2026-07-02 18:10:00-04:00,2026-07-02 18:13:00-04:00,SHORT,29584.75,29592.0,29577.5,7.25,TARGET,1.0,0.9020689655172414,130.8,2026-07-02,2026
2026-07-02 19:00:00-04:00,2026-07-02 19:02:00-04:00,SHORT,29615.75,29622.75,29608.75,7.0,TARGET,1.0,0.8985714285714286,125.8,2026-07-02,2026
2026-07-05 23:00:00-04:00,2026-07-05 23:00:00-04:00,SHORT,29726.5,29732.5,29720.5,6.0,TARGET,1.0,0.8816666666666667,105.80000000000001,2026-07-05,2026
2026-07-06 01:00:00-04:00,2026-07-06 01:01:00-04:00,SHORT,29829.5,29841.0,29818.0,11.5,TARGET,1.0,0.9382608695652174,215.79999999999998,2026-07-05,2026
2026-07-06 18:20:00-04:00,2026-07-06 18:21:00-04:00,SHORT,29969.25,29972.5,29966.0,3.25,STOP,-1.0,-1.2184615384615385,-79.2,2026-07-06,2026
2026-07-07 02:40:00-04:00,2026-07-07 02:53:00-04:00,SHORT,29673.75,29684.5,29663.0,10.75,STOP,-1.0,-1.066046511627907,-229.2,2026-07-06,2026
2026-07-07 19:05:00-04:00,2026-07-07 19:05:00-04:00,LONG,29371.5,29363.5,29379.5,8.0,TARGET,1.0,0.91125,145.8,2026-07-07,2026
2026-07-07 23:10:00-04:00,2026-07-07 23:10:00-04:00,SHORT,29483.75,29487.0,29480.5,3.25,STOP,-1.0,-1.2184615384615385,-79.2,2026-07-07,2026
2026-07-08 18:55:00-04:00,2026-07-08 18:56:00-04:00,LONG,29411.5,29405.0,29418.0,6.5,TARGET,1.0,0.8907692307692308,115.8,2026-07-08,2026
2026-07-08 23:50:00-04:00,2026-07-08 23:51:00-04:00,SHORT,29510.5,29517.25,29503.75,6.75,TARGET,1.0,0.8948148148148148,120.8,2026-07-08,2026
2026-07-09 18:50:00-04:00,2026-07-09 19:00:00-04:00,SHORT,29919.5,29928.0,29911.0,8.5,STOP,-1.0,-1.0835294117647059,-184.2,2026-07-09,2026
2026-07-09 23:35:00-04:00,2026-07-09 23:37:00-04:00,LONG,29929.25,29917.5,29941.0,11.75,STOP,-1.0,-1.0604255319148936,-249.20000000000002,2026-07-09,2026
2026-07-12 19:45:00-04:00,2026-07-12 19:45:00-04:00,SHORT,29889.25,29898.75,29879.75,9.5,TARGET,1.0,0.9252631578947368,175.79999999999998,2026-07-12,2026
2026-07-13 00:35:00-04:00,2026-07-13 00:35:00-04:00,LONG,29641.5,29637.75,29645.25,3.75,STOP,-1.0,-1.1893333333333334,-89.2,2026-07-12,2026
2026-07-13 18:40:00-04:00,2026-07-13 18:44:00-04:00,LONG,29434.75,29425.75,29443.75,9.0,TARGET,1.0,0.9211111111111111,165.8,2026-07-13,2026
2026-07-14 00:55:00-04:00,2026-07-14 00:55:00-04:00,SHORT,29498.0,29503.75,29492.25,5.75,STOP,-1.0,-1.1234782608695653,-129.20000000000002,2026-07-13,2026
2026-07-14 19:00:00-04:00,2026-07-14 19:01:00-04:00,LONG,29772.75,29763.75,29781.75,9.0,STOP,-1.0,-1.0788888888888888,-194.2,2026-07-14,2026
2026-07-14 22:20:00-04:00,2026-07-14 22:20:00-04:00,SHORT,29972.25,29982.25,29962.25,10.0,TARGET,1.0,0.929,185.8,2026-07-14,2026
2026-07-15 18:10:00-04:00,2026-07-15 18:14:00-04:00,SHORT,29738.0,29749.5,29726.5,11.5,TARGET,1.0,0.9382608695652174,215.79999999999998,2026-07-15,2026
2026-07-15 19:00:00-04:00,2026-07-15 19:00:00-04:00,SHORT,29716.0,29722.75,29709.25,6.75,STOP,-1.0,-1.1051851851851853,-149.20000000000002,2026-07-15,2026
2026-07-17 01:20:00-04:00,2026-07-17 01:20:00-04:00,SHORT,28811.75,28823.5,28800.0,11.75,TARGET,1.0,0.9395744680851064,220.79999999999998,2026-07-16,2026
2026-07-17 06:55:00-04:00,2026-07-17 06:55:00-04:00,LONG,28793.75,28787.5,28800.0,6.25,STOP,-1.0,-1.1136,-139.2,2026-07-16,2026
2026-07-19 19:00:00-04:00,2026-07-19 19:00:00-04:00,LONG,28818.0,28809.5,28826.5,8.5,STOP,-1.0,-1.0835294117647059,-184.2,2026-07-19,2026
2026-07-19 23:45:00-04:00,2026-07-19 23:45:00-04:00,SHORT,28900.0,28903.75,28896.25,3.75,TARGET,1.0,0.8106666666666666,60.8,2026-07-19,2026
2026-07-20 18:30:00-04:00,2026-07-20 18:32:00-04:00,LONG,28721.5,28709.5,28733.5,12.0,TARGET,1.0,0.9408333333333333,225.79999999999998,2026-07-20,2026
2026-07-20 21:35:00-04:00,2026-07-20 21:36:00-04:00,SHORT,28911.25,28917.25,28905.25,6.0,STOP,-1.0,-1.1183333333333334,-134.20000000000002,2026-07-20,2026
2026-07-21 19:40:00-04:00,2026-07-21 19:41:00-04:00,LONG,29287.0,29282.0,29292.0,5.0,STOP,-1.0,-1.142,-114.19999999999999,2026-07-21,2026
2026-07-22 00:30:00-04:00,2026-07-22 00:30:00-04:00,SHORT,29231.75,29239.0,29224.5,7.25,TARGET,1.0,0.9020689655172414,130.8,2026-07-21,2026
2026-07-22 23:00:00-04:00,2026-07-22 23:00:00-04:00,SHORT,29093.5,29097.25,29089.75,3.75,TARGET,1.0,0.8106666666666666,60.8,2026-07-22,2026
2026-07-23 06:20:00-04:00,2026-07-23 06:20:00-04:00,LONG,29040.0,29035.5,29044.5,4.5,TARGET,1.0,0.8422222222222222,75.8,2026-07-22,2026
2026-07-23 18:55:00-04:00,2026-07-23 18:55:00-04:00,SHORT,28707.0,28709.5,28704.5,2.5,STOP,-1.0,-1.284,-64.2,2026-07-23,2026
2026-07-23 23:15:00-04:00,2026-07-23 23:16:00-04:00,SHORT,28539.5,28547.0,28532.0,7.5,STOP,-1.0,-1.0946666666666667,-164.2,2026-07-23,2026
2026-07-26 18:50:00-04:00,2026-07-26 18:50:00-04:00,LONG,28620.75,28615.5,28626.0,5.25,TARGET,1.0,0.8647619047619047,90.8,2026-07-26,2026
2026-07-26 22:20:00-04:00,2026-07-26 22:20:00-04:00,SHORT,28624.5,28630.5,28618.5,6.0,STOP,-1.0,-1.1183333333333334,-134.20000000000002,2026-07-26,2026
2026-07-27 18:45:00-04:00,2026-07-27 18:51:00-04:00,LONG,28134.75,28124.0,28145.5,10.75,TARGET,1.0,0.933953488372093,200.8,2026-07-27,2026
2026-07-28 00:55:00-04:00,2026-07-28 00:58:00-04:00,LONG,27962.25,27953.25,27971.25,9.0,STOP,-1.0,-1.0788888888888888,-194.2,2026-07-27,2026
2026-07-29 04:10:00-04:00,2026-07-29 04:12:00-04:00,LONG,27893.25,27881.25,27905.25,12.0,STOP,-1.0,-1.0591666666666666,-254.2,2026-07-28,2026
2026-07-29 05:05:00-04:00,2026-07-29 05:06:00-04:00,SHORT,27937.5,27946.5,27928.5,9.0,STOP,-1.0,-1.0788888888888888,-194.2,2026-07-28,2026
2026-07-29 19:05:00-04:00,2026-07-29 19:07:00-04:00,SHORT,27477.75,27485.5,27470.0,7.75,TARGET,1.0,0.9083870967741936,140.8,2026-07-29,2026
2026-07-29 22:00:00-04:00,2026-07-29 22:00:00-04:00,LONG,27652.0,27647.75,27656.25,4.25,TARGET,1.0,0.8329411764705883,70.80000000000001,2026-07-29,2026
2026-07-30 21:30:00-04:00,2026-07-30 21:30:00-04:00,LONG,28549.0,28543.25,28554.75,5.75,STOP,-1.0,-1.1234782608695653,-129.20000000000002,2026-07-30,2026
2026-07-31 01:15:00-04:00,2026-07-31 01:20:00-04:00,SHORT,28558.5,28570.5,28546.5,12.0,STOP,-1.0,-1.0591666666666666,-254.2,2026-07-30,2026
2026-08-02 19:15:00-04:00,2026-08-02 19:22:00-04:00,LONG,28556.25,28544.5,28568.0,11.75,TARGET,1.0,0.9395744680851064,220.79999999999998,2026-08-02,2026
2026-08-02 23:00:00-04:00,2026-08-02 23:01:00-04:00,SHORT,28662.5,28667.0,28658.0,4.5,STOP,-1.0,-1.1577777777777778,-104.2,2026-08-02,2026
2026-08-03 18:10:00-04:00,2026-08-03 18:10:00-04:00,SHORT,28940.25,28945.5,28935.0,5.25,STOP,-1.0,-1.1352380952380952,-119.19999999999999,2026-08-03,2026
2026-08-03 19:10:00-04:00,2026-08-03 19:16:00-04:00,LONG,28938.0,28929.75,28946.25,8.25,TARGET,1.0,0.9139393939393939,150.8,2026-08-03,2026
2026-08-04 22:20:00-04:00,2026-08-04 22:26:00-04:00,LONG,29873.25,29861.75,29884.75,11.5,STOP,-1.0,-1.0617391304347825,-244.2,2026-08-04,2026
2026-08-04 23:10:00-04:00,2026-08-04 23:12:00-04:00,SHORT,29876.75,29882.25,29871.25,5.5,STOP,-1.0,-1.1290909090909091,-124.2,2026-08-04,2026
2026-08-05 18:20:00-04:00,2026-08-05 18:20:00-04:00,SHORT,29595.5,29597.75,29593.25,2.25,STOP,-1.0,-1.3155555555555556,-59.2,2026-08-05,2026
2026-08-05 19:15:00-04:00,2026-08-05 19:15:00-04:00,SHORT,29631.0,29636.5,29625.5,5.5,TARGET,1.0,0.8709090909090909,95.8,2026-08-05,2026
2026-08-06 19:05:00-04:00,2026-08-06 19:06:00-04:00,SHORT,29564.75,29572.75,29556.75,8.0,TARGET,1.0,0.91125,145.8,2026-08-06,2026
2026-08-06 23:55:00-04:00,2026-08-06 23:55:00-04:00,LONG,29494.0,29490.0,29498.0,4.0,STOP,-1.0,-1.1775,-94.2,2026-08-06,2026
2026-08-09 23:15:00-04:00,2026-08-09 23:17:00-04:00,LONG,29876.0,29868.75,29883.25,7.25,TARGET,1.0,0.9020689655172414,130.8,2026-08-09,2026
2026-08-10 00:15:00-04:00,2026-08-10 00:17:00-04:00,SHORT,29894.25,29898.25,29890.25,4.0,STOP,-1.0,-1.1775,-94.2,2026-08-09,2026
2026-08-10 18:55:00-04:00,2026-08-10 18:57:00-04:00,SHORT,29729.25,29736.0,29722.5,6.75,STOP,-1.0,-1.1051851851851853,-149.20000000000002,2026-08-10,2026
2026-08-10 22:50:00-04:00,2026-08-10 22:54:00-04:00,SHORT,29833.25,29845.0,29821.5,11.75,TARGET,1.0,0.9395744680851064,220.79999999999998,2026-08-10,2026
2026-08-11 19:05:00-04:00,2026-08-11 19:05:00-04:00,SHORT,29648.0,29654.75,29641.25,6.75,TARGET,1.0,0.8948148148148148,120.8,2026-08-11,2026
2026-08-11 21:20:00-04:00,2026-08-11 21:21:00-04:00,LONG,29663.0,29653.0,29673.0,10.0,STOP,-1.0,-1.071,-214.2,2026-08-11,2026
2026-08-12 19:05:00-04:00,2026-08-12 19:10:00-04:00,SHORT,29803.0,29809.0,29797.0,6.0,STOP,-1.0,-1.1183333333333334,-134.20000000000002,2026-08-12,2026
2026-08-12 22:25:00-04:00,2026-08-12 22:30:00-04:00,LONG,29863.75,29856.25,29871.25,7.5,STOP,-1.0,-1.0946666666666667,-164.2,2026-08-12,2026
2026-08-13 18:40:00-04:00,2026-08-13 18:44:00-04:00,SHORT,30203.0,30209.75,30196.25,6.75,STOP,-1.0,-1.1051851851851853,-149.20000000000002,2026-08-13,2026
2026-08-13 19:45:00-04:00,2026-08-13 19:45:00-04:00,LONG,30196.75,30193.0,30200.5,3.75,STOP,-1.0,-1.1893333333333334,-89.2,2026-08-13,2026
2026-08-16 18:35:00-04:00,2026-08-16 18:46:00-04:00,LONG,30194.25,30188.0,30200.5,6.25,STOP,-1.0,-1.1136,-139.2,2026-08-16,2026
2026-08-16 19:25:00-04:00,2026-08-16 19:45:00-04:00,LONG,30200.75,30191.0,30210.5,9.75,TARGET,1.0,0.9271794871794872,180.8,2026-08-16,2026
2026-08-17 18:45:00-04:00,2026-08-17 18:51:00-04:00,LONG,30071.75,30066.5,30077.0,5.25,TARGET,1.0,0.8647619047619047,90.8,2026-08-17,2026
2026-08-18 01:30:00-04:00,2026-08-18 01:30:00-04:00,LONG,29876.5,29872.75,29880.25,3.75,STOP,-1.0,-1.1893333333333334,-89.2,2026-08-17,2026
2026-08-18 19:00:00-04:00,2026-08-18 19:00:00-04:00,LONG,29520.0,29516.25,29523.75,3.75,STOP,-1.0,-1.1893333333333334,-89.2,2026-08-18,2026
2026-08-18 19:55:00-04:00,2026-08-18 19:57:00-04:00,SHORT,29542.25,29553.25,29531.25,11.0,TARGET,1.0,0.9354545454545454,205.79999999999998,2026-08-18,2026
2026-08-19 18:55:00-04:00,2026-08-19 18:55:00-04:00,SHORT,29636.25,29640.0,29632.5,3.75,STOP,-1.0,-1.1893333333333334,-89.2,2026-08-19,2026
2026-08-19 19:55:00-04:00,2026-08-19 19:56:00-04:00,LONG,29644.5,29639.25,29649.75,5.25,STOP,-1.0,-1.1352380952380952,-119.19999999999999,2026-08-19,2026
2026-08-20 18:40:00-04:00,2026-08-20 18:40:00-04:00,SHORT,29299.5,29309.5,29289.5,10.0,TARGET,1.0,0.929,185.8,2026-08-20,2026
2026-08-20 19:20:00-04:00,2026-08-20 19:27:00-04:00,SHORT,29320.75,29329.0,29312.5,8.25,TARGET,1.0,0.9139393939393939,150.8,2026-08-20,2026
